document_id,selected_occupation,source_type,source_name,source_reference,document_text
RAG_DOC_0001,Software Developer,Occupation Profile,O*NET,15-1252.00,"Occupation: Software Developer. O*NET occupation: Software Developers (15-1252.00). Job Zone: 4. The O*NET profile contains 10 skill records, 33 knowledge records, 52 ability records, 17 task records, 12 education records, and 29 training records."
RAG_DOC_0002,Information Technology (IT) Analyst,Occupation Profile,O*NET,15-1211.00,"Occupation: Information Technology (IT) Analyst. O*NET occupation: Computer Systems Analysts (15-1211.00). Job Zone: 4. The O*NET profile contains 10 skill records, 33 knowledge records, 52 ability records, 22 task records, 12 education records, and 29 training records."
RAG_DOC_0003,Information Technology (IT) Analyst,Occupation Profile,O*NET,15-1211.01,"Occupation: Information Technology (IT) Analyst. O*NET occupation: Health Informatics Specialists (15-1211.01). Job Zone: 5. The O*NET profile contains 10 skill records, 33 knowledge records, 52 ability records, 17 task records, 12 education records, and 29 training records."
RAG_DOC_0004,Information Technology (IT) Analyst,Occupation Profile,O*NET,15-1212.00,"Occupation: Information Technology (IT) Analyst. O*NET occupation: Information Security Analysts (15-1212.00). Job Zone: 4. The O*NET profile contains 10 skill records, 33 knowledge records, 52 ability records, 11 task records, 12 education records, and 29 training records."
RAG_DOC_0005,Information Technology (IT) Analyst,Occupation Profile,O*NET,15-1253.00,"Occupation: Information Technology (IT) Analyst. O*NET occupation: Software Quality Assurance Analysts and Testers (15-1253.00). Job Zone: 4. The O*NET profile contains 10 skill records, 33 knowledge records, 52 ability records, 30 task records, 12 education records, and 29 training records."
RAG_DOC_0006,Administrative Assistant,Occupation Profile,O*NET,43-6014.00,"Occupation: Administrative Assistant. O*NET occupation: Secretaries and Administrative Assistants, Except Legal, Medical, and Executive (43-6014.00). Job Zone: 2. The O*NET profile contains 10 skill records, 33 knowledge records, 52 ability records, 31 task records, 12 education records, and 29 training records."
RAG_DOC_0007,Bookkeeper,Occupation Profile,O*NET,43-3031.00,"Occupation: Bookkeeper. O*NET occupation: Bookkeeping, Accounting, and Auditing Clerks (43-3031.00). Job Zone: 3. The O*NET profile contains 10 skill records, 33 knowledge records, 52 ability records, 28 task records, 12 education records, and 29 training records."
RAG_DOC_0008,Office Administrator,Occupation Profile,O*NET,43-1011.00,"Occupation: Office Administrator. O*NET occupation: First-Line Supervisors of Office and Administrative Support Workers (43-1011.00). Job Zone: 3. The O*NET profile contains 10 skill records, 33 knowledge records, 52 ability records, 28 task records, 48 education records, and 58 training records."
RAG_DOC_0009,Office Administrator,Occupation Profile,O*NET,43-6011.00,"Occupation: Office Administrator. O*NET occupation: Executive Secretaries and Executive Administrative Assistants (43-6011.00). Job Zone: 3. The O*NET profile contains 10 skill records, 33 knowledge records, 52 ability records, 22 task records, 12 education records, and 29 training records."
RAG_DOC_0010,Office Manager,Occupation Profile,O*NET,43-1011.00,"Occupation: Office Manager. O*NET occupation: First-Line Supervisors of Office and Administrative Support Workers (43-1011.00). Job Zone: 3. The O*NET profile contains 10 skill records, 33 knowledge records, 52 ability records, 28 task records, 48 education records, and 58 training records."
RAG_DOC_0011,Restaurant Manager,Occupation Profile,O*NET,11-9051.00,"Occupation: Restaurant Manager. O*NET occupation: Food Service Managers (11-9051.00). Job Zone: 2. The O*NET profile contains 10 skill records, 33 knowledge records, 52 ability records, 28 task records, 12 education records, and 29 training records."
RAG_DOC_0012,Food Service Supervisor,Occupation Profile,O*NET,35-1012.00,"Occupation: Food Service Supervisor. O*NET occupation: First-Line Supervisors of Food Preparation and Serving Workers (35-1012.00). Job Zone: 2. The O*NET profile contains 10 skill records, 33 knowledge records, 52 ability records, 26 task records, 12 education records, and 29 training records."
RAG_DOC_0013,Retail Sales Associate,Occupation Profile,O*NET,41-2031.00,"Occupation: Retail Sales Associate. O*NET occupation: Retail Salespersons (41-2031.00). Job Zone: 2. The O*NET profile contains 10 skill records, 33 knowledge records, 52 ability records, 24 task records, 48 education records, and 58 training records."
RAG_DOC_0014,Inside Sales Representative,Occupation Profile,O*NET,41-2031.00,"Occupation: Inside Sales Representative. O*NET occupation: Retail Salespersons (41-2031.00). Job Zone: 2. The O*NET profile contains 10 skill records, 33 knowledge records, 52 ability records, 24 task records, 48 education records, and 58 training records."
RAG_DOC_0015,"Driver, Truck",Occupation Profile,O*NET,53-3032.00,"Occupation: Driver, Truck. O*NET occupation: Heavy and Tractor-Trailer Truck Drivers (53-3032.00). Job Zone: 2. The O*NET profile contains 10 skill records, 33 knowledge records, 52 ability records, 29 task records, 12 education records, and 29 training records."
RAG_DOC_0016,Delivery Driver,Occupation Profile,O*NET,53-3033.00,"Occupation: Delivery Driver. O*NET occupation: Light Truck Drivers (53-3033.00). Job Zone: 2. The O*NET profile contains 10 skill records, 33 knowledge records, 52 ability records, 13 task records, 12 education records, and 29 training records."
RAG_DOC_0017,Secondary School Teacher,Occupation Profile,O*NET,25-2031.00,"Occupation: Secondary School Teacher. O*NET occupation: Secondary School Teachers, Except Special and Career/Technical Education (25-2031.00). Job Zone: 4. The O*NET profile contains 10 skill records, 33 knowledge records, 52 ability records, 32 task records, 12 education records, and 29 training records."
RAG_DOC_0018,Continuing Care Assistant,Occupation Profile,O*NET,31-1131.00,"Occupation: Continuing Care Assistant. O*NET occupation: Nursing Assistants (31-1131.00). Job Zone: 3. The O*NET profile contains 10 skill records, 33 knowledge records, 52 ability records, 33 task records, 12 education records, and 29 training records."
RAG_DOC_0019,Continuing Care Assistant,Occupation Profile,O*NET,31-1132.00,"Occupation: Continuing Care Assistant. O*NET occupation: Orderlies (31-1132.00). Job Zone: 2. The O*NET profile contains 10 skill records, 33 knowledge records, 52 ability records, 22 task records, 12 education records, and 29 training records."
RAG_DOC_0020,Licensed Practical Nurse (L.P.N.),Occupation Profile,O*NET,29-2061.00,"Occupation: Licensed Practical Nurse (L.P.N.). O*NET occupation: Licensed Practical and Licensed Vocational Nurses (29-2061.00). Job Zone: 3. The O*NET profile contains 10 skill records, 33 knowledge records, 52 ability records, 22 task records, 12 education records, and 29 training records."
RAG_DOC_0021,Administrative Assistant,O*NET Skill,O*NET,43-6014.00,"For Administrative Assistant, O*NET identifies Active Learning as a relevant skill. The skill importance score is 2.88 and the required level is 3.00. O*NET occupation: Secretaries and Administrative Assistants, Except Legal, Medical, and Executive (43-6014.00)."
RAG_DOC_0022,Administrative Assistant,O*NET Skill,O*NET,43-6014.00,"For Administrative Assistant, O*NET identifies Active Listening as a relevant skill. The skill importance score is 4.00 and the required level is 3.75. O*NET occupation: Secretaries and Administrative Assistants, Except Legal, Medical, and Executive (43-6014.00)."
RAG_DOC_0023,Administrative Assistant,O*NET Skill,O*NET,43-6014.00,"For Administrative Assistant, O*NET identifies Critical Thinking as a relevant skill. The skill importance score is 3.00 and the required level is 3.62. O*NET occupation: Secretaries and Administrative Assistants, Except Legal, Medical, and Executive (43-6014.00)."
RAG_DOC_0024,Administrative Assistant,O*NET Skill,O*NET,43-6014.00,"For Administrative Assistant, O*NET identifies Learning Strategies as a relevant skill. The skill importance score is 2.12 and the required level is 1.88. O*NET occupation: Secretaries and Administrative Assistants, Except Legal, Medical, and Executive (43-6014.00)."
RAG_DOC_0025,Administrative Assistant,O*NET Skill,O*NET,43-6014.00,"For Administrative Assistant, O*NET identifies Mathematics as a relevant skill. The skill importance score is 2.00 and the required level is 1.62. O*NET occupation: Secretaries and Administrative Assistants, Except Legal, Medical, and Executive (43-6014.00)."
RAG_DOC_0026,Administrative Assistant,O*NET Skill,O*NET,43-6014.00,"For Administrative Assistant, O*NET identifies Monitoring as a relevant skill. The skill importance score is 3.12 and the required level is 3.25. O*NET occupation: Secretaries and Administrative Assistants, Except Legal, Medical, and Executive (43-6014.00)."
RAG_DOC_0027,Administrative Assistant,O*NET Skill,O*NET,43-6014.00,"For Administrative Assistant, O*NET identifies Reading Comprehension as a relevant skill. The skill importance score is 3.88 and the required level is 3.88. O*NET occupation: Secretaries and Administrative Assistants, Except Legal, Medical, and Executive (43-6014.00)."
RAG_DOC_0028,Administrative Assistant,O*NET Skill,O*NET,43-6014.00,"For Administrative Assistant, O*NET identifies Science as a relevant skill. The skill importance score is 1.00 and the required level is 0.00. O*NET occupation: Secretaries and Administrative Assistants, Except Legal, Medical, and Executive (43-6014.00)."
RAG_DOC_0029,Administrative Assistant,O*NET Skill,O*NET,43-6014.00,"For Administrative Assistant, O*NET identifies Speaking as a relevant skill. The skill importance score is 4.00 and the required level is 3.62. O*NET occupation: Secretaries and Administrative Assistants, Except Legal, Medical, and Executive (43-6014.00)."
RAG_DOC_0030,Administrative Assistant,O*NET Skill,O*NET,43-6014.00,"For Administrative Assistant, O*NET identifies Writing as a relevant skill. The skill importance score is 3.75 and the required level is 3.50. O*NET occupation: Secretaries and Administrative Assistants, Except Legal, Medical, and Executive (43-6014.00)."
RAG_DOC_0031,Bookkeeper,O*NET Skill,O*NET,43-3031.00,"For Bookkeeper, O*NET identifies Active Learning as a relevant skill. The skill importance score is 2.75 and the required level is 3.12. O*NET occupation: Bookkeeping, Accounting, and Auditing Clerks (43-3031.00)."
RAG_DOC_0032,Bookkeeper,O*NET Skill,O*NET,43-3031.00,"For Bookkeeper, O*NET identifies Active Listening as a relevant skill. The skill importance score is 3.25 and the required level is 3.75. O*NET occupation: Bookkeeping, Accounting, and Auditing Clerks (43-3031.00)."
RAG_DOC_0033,Bookkeeper,O*NET Skill,O*NET,43-3031.00,"For Bookkeeper, O*NET identifies Critical Thinking as a relevant skill. The skill importance score is 3.25 and the required level is 3.25. O*NET occupation: Bookkeeping, Accounting, and Auditing Clerks (43-3031.00)."
RAG_DOC_0034,Bookkeeper,O*NET Skill,O*NET,43-3031.00,"For Bookkeeper, O*NET identifies Learning Strategies as a relevant skill. The skill importance score is 2.00 and the required level is 1.88. O*NET occupation: Bookkeeping, Accounting, and Auditing Clerks (43-3031.00)."
RAG_DOC_0035,Bookkeeper,O*NET Skill,O*NET,43-3031.00,"For Bookkeeper, O*NET identifies Mathematics as a relevant skill. The skill importance score is 3.38 and the required level is 3.38. O*NET occupation: Bookkeeping, Accounting, and Auditing Clerks (43-3031.00)."
RAG_DOC_0036,Bookkeeper,O*NET Skill,O*NET,43-3031.00,"For Bookkeeper, O*NET identifies Monitoring as a relevant skill. The skill importance score is 3.00 and the required level is 2.88. O*NET occupation: Bookkeeping, Accounting, and Auditing Clerks (43-3031.00)."
RAG_DOC_0037,Bookkeeper,O*NET Skill,O*NET,43-3031.00,"For Bookkeeper, O*NET identifies Reading Comprehension as a relevant skill. The skill importance score is 3.25 and the required level is 3.75. O*NET occupation: Bookkeeping, Accounting, and Auditing Clerks (43-3031.00)."
RAG_DOC_0038,Bookkeeper,O*NET Skill,O*NET,43-3031.00,"For Bookkeeper, O*NET identifies Science as a relevant skill. The skill importance score is 1.12 and the required level is 0.12. O*NET occupation: Bookkeeping, Accounting, and Auditing Clerks (43-3031.00)."
RAG_DOC_0039,Bookkeeper,O*NET Skill,O*NET,43-3031.00,"For Bookkeeper, O*NET identifies Speaking as a relevant skill. The skill importance score is 3.12 and the required level is 3.12. O*NET occupation: Bookkeeping, Accounting, and Auditing Clerks (43-3031.00)."
RAG_DOC_0040,Bookkeeper,O*NET Skill,O*NET,43-3031.00,"For Bookkeeper, O*NET identifies Writing as a relevant skill. The skill importance score is 3.12 and the required level is 3.12. O*NET occupation: Bookkeeping, Accounting, and Auditing Clerks (43-3031.00)."
RAG_DOC_0041,Continuing Care Assistant,O*NET Skill,O*NET,31-1131.00,"For Continuing Care Assistant, O*NET identifies Active Learning as a relevant skill. The skill importance score is 2.88 and the required level is 2.75. O*NET occupation: Nursing Assistants (31-1131.00)."
RAG_DOC_0042,Continuing Care Assistant,O*NET Skill,O*NET,31-1131.00,"For Continuing Care Assistant, O*NET identifies Active Listening as a relevant skill. The skill importance score is 3.62 and the required level is 3.00. O*NET occupation: Nursing Assistants (31-1131.00)."
RAG_DOC_0043,Continuing Care Assistant,O*NET Skill,O*NET,31-1131.00,"For Continuing Care Assistant, O*NET identifies Critical Thinking as a relevant skill. The skill importance score is 3.12 and the required level is 3.12. O*NET occupation: Nursing Assistants (31-1131.00)."
RAG_DOC_0044,Continuing Care Assistant,O*NET Skill,O*NET,31-1131.00,"For Continuing Care Assistant, O*NET identifies Learning Strategies as a relevant skill. The skill importance score is 2.38 and the required level is 2.12. O*NET occupation: Nursing Assistants (31-1131.00)."
RAG_DOC_0045,Continuing Care Assistant,O*NET Skill,O*NET,31-1131.00,"For Continuing Care Assistant, O*NET identifies Mathematics as a relevant skill. The skill importance score is 2.12 and the required level is 1.88. O*NET occupation: Nursing Assistants (31-1131.00)."
RAG_DOC_0046,Continuing Care Assistant,O*NET Skill,O*NET,31-1131.00,"For Continuing Care Assistant, O*NET identifies Monitoring as a relevant skill. The skill importance score is 3.25 and the required level is 3.00. O*NET occupation: Nursing Assistants (31-1131.00)."
RAG_DOC_0047,Continuing Care Assistant,O*NET Skill,O*NET,31-1131.00,"For Continuing Care Assistant, O*NET identifies Reading Comprehension as a relevant skill. The skill importance score is 3.12 and the required level is 3.00. O*NET occupation: Nursing Assistants (31-1131.00)."
RAG_DOC_0048,Continuing Care Assistant,O*NET Skill,O*NET,31-1131.00,"For Continuing Care Assistant, O*NET identifies Science as a relevant skill. The skill importance score is 1.75 and the required level is 0.88. O*NET occupation: Nursing Assistants (31-1131.00)."
RAG_DOC_0049,Continuing Care Assistant,O*NET Skill,O*NET,31-1131.00,"For Continuing Care Assistant, O*NET identifies Speaking as a relevant skill. The skill importance score is 3.12 and the required level is 3.00. O*NET occupation: Nursing Assistants (31-1131.00)."
RAG_DOC_0050,Continuing Care Assistant,O*NET Skill,O*NET,31-1131.00,"For Continuing Care Assistant, O*NET identifies Writing as a relevant skill. The skill importance score is 2.75 and the required level is 2.75. O*NET occupation: Nursing Assistants (31-1131.00)."
RAG_DOC_0051,Delivery Driver,O*NET Skill,O*NET,53-3033.00,"For Delivery Driver, O*NET identifies Active Learning as a relevant skill. The skill importance score is 2.12 and the required level is 2.00. O*NET occupation: Light Truck Drivers (53-3033.00)."
RAG_DOC_0052,Delivery Driver,O*NET Skill,O*NET,53-3033.00,"For Delivery Driver, O*NET identifies Active Listening as a relevant skill. The skill importance score is 3.12 and the required level is 2.88. O*NET occupation: Light Truck Drivers (53-3033.00)."
RAG_DOC_0053,Delivery Driver,O*NET Skill,O*NET,53-3033.00,"For Delivery Driver, O*NET identifies Critical Thinking as a relevant skill. The skill importance score is 3.00 and the required level is 2.75. O*NET occupation: Light Truck Drivers (53-3033.00)."
RAG_DOC_0054,Delivery Driver,O*NET Skill,O*NET,53-3033.00,"For Delivery Driver, O*NET identifies Learning Strategies as a relevant skill. The skill importance score is 2.00 and the required level is 1.62. O*NET occupation: Light Truck Drivers (53-3033.00)."
RAG_DOC_0055,Delivery Driver,O*NET Skill,O*NET,53-3033.00,"For Delivery Driver, O*NET identifies Mathematics as a relevant skill. The skill importance score is 2.25 and the required level is 2.12. O*NET occupation: Light Truck Drivers (53-3033.00)."
RAG_DOC_0056,Delivery Driver,O*NET Skill,O*NET,53-3033.00,"For Delivery Driver, O*NET identifies Monitoring as a relevant skill. The skill importance score is 3.12 and the required level is 2.75. O*NET occupation: Light Truck Drivers (53-3033.00)."
RAG_DOC_0057,Delivery Driver,O*NET Skill,O*NET,53-3033.00,"For Delivery Driver, O*NET identifies Reading Comprehension as a relevant skill. The skill importance score is 3.12 and the required level is 3.00. O*NET occupation: Light Truck Drivers (53-3033.00)."
RAG_DOC_0058,Delivery Driver,O*NET Skill,O*NET,53-3033.00,"For Delivery Driver, O*NET identifies Science as a relevant skill. The skill importance score is 1.12 and the required level is 0.12. O*NET occupation: Light Truck Drivers (53-3033.00)."
RAG_DOC_0059,Delivery Driver,O*NET Skill,O*NET,53-3033.00,"For Delivery Driver, O*NET identifies Speaking as a relevant skill. The skill importance score is 3.12 and the required level is 2.88. O*NET occupation: Light Truck Drivers (53-3033.00)."
RAG_DOC_0060,Delivery Driver,O*NET Skill,O*NET,53-3033.00,"For Delivery Driver, O*NET identifies Writing as a relevant skill. The skill importance score is 2.75 and the required level is 2.50. O*NET occupation: Light Truck Drivers (53-3033.00)."
RAG_DOC_0061,"Driver, Truck",O*NET Skill,O*NET,53-3032.00,"For Driver, Truck, O*NET identifies Active Learning as a relevant skill. The skill importance score is 2.50 and the required level is 2.12. O*NET occupation: Heavy and Tractor-Trailer Truck Drivers (53-3032.00)."
RAG_DOC_0062,"Driver, Truck",O*NET Skill,O*NET,53-3032.00,"For Driver, Truck, O*NET identifies Active Listening as a relevant skill. The skill importance score is 2.88 and the required level is 3.00. O*NET occupation: Heavy and Tractor-Trailer Truck Drivers (53-3032.00)."
RAG_DOC_0063,"Driver, Truck",O*NET Skill,O*NET,53-3032.00,"For Driver, Truck, O*NET identifies Critical Thinking as a relevant skill. The skill importance score is 3.00 and the required level is 2.88. O*NET occupation: Heavy and Tractor-Trailer Truck Drivers (53-3032.00)."
RAG_DOC_0064,"Driver, Truck",O*NET Skill,O*NET,53-3032.00,"For Driver, Truck, O*NET identifies Learning Strategies as a relevant skill. The skill importance score is 2.00 and the required level is 1.75. O*NET occupation: Heavy and Tractor-Trailer Truck Drivers (53-3032.00)."
RAG_DOC_0065,"Driver, Truck",O*NET Skill,O*NET,53-3032.00,"For Driver, Truck, O*NET identifies Mathematics as a relevant skill. The skill importance score is 2.00 and the required level is 1.88. O*NET occupation: Heavy and Tractor-Trailer Truck Drivers (53-3032.00)."
RAG_DOC_0066,"Driver, Truck",O*NET Skill,O*NET,53-3032.00,"For Driver, Truck, O*NET identifies Monitoring as a relevant skill. The skill importance score is 3.12 and the required level is 3.00. O*NET occupation: Heavy and Tractor-Trailer Truck Drivers (53-3032.00)."
RAG_DOC_0067,"Driver, Truck",O*NET Skill,O*NET,53-3032.00,"For Driver, Truck, O*NET identifies Reading Comprehension as a relevant skill. The skill importance score is 3.00 and the required level is 3.00. O*NET occupation: Heavy and Tractor-Trailer Truck Drivers (53-3032.00)."
RAG_DOC_0068,"Driver, Truck",O*NET Skill,O*NET,53-3032.00,"For Driver, Truck, O*NET identifies Science as a relevant skill. The skill importance score is 1.00 and the required level is 0.00. O*NET occupation: Heavy and Tractor-Trailer Truck Drivers (53-3032.00)."
RAG_DOC_0069,"Driver, Truck",O*NET Skill,O*NET,53-3032.00,"For Driver, Truck, O*NET identifies Speaking as a relevant skill. The skill importance score is 3.00 and the required level is 2.88. O*NET occupation: Heavy and Tractor-Trailer Truck Drivers (53-3032.00)."
RAG_DOC_0070,"Driver, Truck",O*NET Skill,O*NET,53-3032.00,"For Driver, Truck, O*NET identifies Writing as a relevant skill. The skill importance score is 2.75 and the required level is 2.62. O*NET occupation: Heavy and Tractor-Trailer Truck Drivers (53-3032.00)."
RAG_DOC_0071,Food Service Supervisor,O*NET Skill,O*NET,35-1012.00,"For Food Service Supervisor, O*NET identifies Active Learning as a relevant skill. The skill importance score is 3.00 and the required level is 3.12. O*NET occupation: First-Line Supervisors of Food Preparation and Serving Workers (35-1012.00)."
RAG_DOC_0072,Food Service Supervisor,O*NET Skill,O*NET,35-1012.00,"For Food Service Supervisor, O*NET identifies Active Listening as a relevant skill. The skill importance score is 3.75 and the required level is 3.00. O*NET occupation: First-Line Supervisors of Food Preparation and Serving Workers (35-1012.00)."
RAG_DOC_0073,Food Service Supervisor,O*NET Skill,O*NET,35-1012.00,"For Food Service Supervisor, O*NET identifies Critical Thinking as a relevant skill. The skill importance score is 3.12 and the required level is 3.75. O*NET occupation: First-Line Supervisors of Food Preparation and Serving Workers (35-1012.00)."
RAG_DOC_0074,Food Service Supervisor,O*NET Skill,O*NET,35-1012.00,"For Food Service Supervisor, O*NET identifies Learning Strategies as a relevant skill. The skill importance score is 3.12 and the required level is 3.12. O*NET occupation: First-Line Supervisors of Food Preparation and Serving Workers (35-1012.00)."
RAG_DOC_0075,Food Service Supervisor,O*NET Skill,O*NET,35-1012.00,"For Food Service Supervisor, O*NET identifies Mathematics as a relevant skill. The skill importance score is 3.00 and the required level is 3.00. O*NET occupation: First-Line Supervisors of Food Preparation and Serving Workers (35-1012.00)."
RAG_DOC_0076,Food Service Supervisor,O*NET Skill,O*NET,35-1012.00,"For Food Service Supervisor, O*NET identifies Monitoring as a relevant skill. The skill importance score is 3.88 and the required level is 4.00. O*NET occupation: First-Line Supervisors of Food Preparation and Serving Workers (35-1012.00)."
RAG_DOC_0077,Food Service Supervisor,O*NET Skill,O*NET,35-1012.00,"For Food Service Supervisor, O*NET identifies Reading Comprehension as a relevant skill. The skill importance score is 3.25 and the required level is 3.62. O*NET occupation: First-Line Supervisors of Food Preparation and Serving Workers (35-1012.00)."
RAG_DOC_0078,Food Service Supervisor,O*NET Skill,O*NET,35-1012.00,"For Food Service Supervisor, O*NET identifies Science as a relevant skill. The skill importance score is 1.00 and the required level is 0.00. O*NET occupation: First-Line Supervisors of Food Preparation and Serving Workers (35-1012.00)."
RAG_DOC_0079,Food Service Supervisor,O*NET Skill,O*NET,35-1012.00,"For Food Service Supervisor, O*NET identifies Speaking as a relevant skill. The skill importance score is 3.88 and the required level is 4.00. O*NET occupation: First-Line Supervisors of Food Preparation and Serving Workers (35-1012.00)."
RAG_DOC_0080,Food Service Supervisor,O*NET Skill,O*NET,35-1012.00,"For Food Service Supervisor, O*NET identifies Writing as a relevant skill. The skill importance score is 3.00 and the required level is 3.12. O*NET occupation: First-Line Supervisors of Food Preparation and Serving Workers (35-1012.00)."
RAG_DOC_0081,Information Technology (IT) Analyst,O*NET Skill,O*NET,15-1211.00,"For Information Technology (IT) Analyst, O*NET identifies Active Learning as a relevant skill. The skill importance score is 3.75 and the required level is 4.75. O*NET occupation: Computer Systems Analysts (15-1211.00)."
RAG_DOC_0082,Information Technology (IT) Analyst,O*NET Skill,O*NET,15-1211.00,"For Information Technology (IT) Analyst, O*NET identifies Active Listening as a relevant skill. The skill importance score is 4.00 and the required level is 4.12. O*NET occupation: Computer Systems Analysts (15-1211.00)."
RAG_DOC_0083,Information Technology (IT) Analyst,O*NET Skill,O*NET,15-1211.00,"For Information Technology (IT) Analyst, O*NET identifies Critical Thinking as a relevant skill. The skill importance score is 4.00 and the required level is 4.12. O*NET occupation: Computer Systems Analysts (15-1211.00)."
RAG_DOC_0084,Information Technology (IT) Analyst,O*NET Skill,O*NET,15-1211.00,"For Information Technology (IT) Analyst, O*NET identifies Learning Strategies as a relevant skill. The skill importance score is 3.75 and the required level is 4.00. O*NET occupation: Computer Systems Analysts (15-1211.00)."
RAG_DOC_0085,Information Technology (IT) Analyst,O*NET Skill,O*NET,15-1211.00,"For Information Technology (IT) Analyst, O*NET identifies Mathematics as a relevant skill. The skill importance score is 3.00 and the required level is 3.38. O*NET occupation: Computer Systems Analysts (15-1211.00)."
RAG_DOC_0086,Information Technology (IT) Analyst,O*NET Skill,O*NET,15-1211.00,"For Information Technology (IT) Analyst, O*NET identifies Monitoring as a relevant skill. The skill importance score is 3.62 and the required level is 4.00. O*NET occupation: Computer Systems Analysts (15-1211.00)."
RAG_DOC_0087,Information Technology (IT) Analyst,O*NET Skill,O*NET,15-1211.00,"For Information Technology (IT) Analyst, O*NET identifies Reading Comprehension as a relevant skill. The skill importance score is 4.38 and the required level is 4.88. O*NET occupation: Computer Systems Analysts (15-1211.00)."
RAG_DOC_0088,Information Technology (IT) Analyst,O*NET Skill,O*NET,15-1211.00,"For Information Technology (IT) Analyst, O*NET identifies Science as a relevant skill. The skill importance score is 2.75 and the required level is 3.12. O*NET occupation: Computer Systems Analysts (15-1211.00)."
RAG_DOC_0089,Information Technology (IT) Analyst,O*NET Skill,O*NET,15-1211.00,"For Information Technology (IT) Analyst, O*NET identifies Speaking as a relevant skill. The skill importance score is 4.00 and the required level is 4.00. O*NET occupation: Computer Systems Analysts (15-1211.00)."
RAG_DOC_0090,Information Technology (IT) Analyst,O*NET Skill,O*NET,15-1211.00,"For Information Technology (IT) Analyst, O*NET identifies Writing as a relevant skill. The skill importance score is 4.00 and the required level is 4.00. O*NET occupation: Computer Systems Analysts (15-1211.00)."
RAG_DOC_0091,Inside Sales Representative,O*NET Skill,O*NET,41-2031.00,"For Inside Sales Representative, O*NET identifies Active Learning as a relevant skill. The skill importance score is 3.00 and the required level is 2.88. O*NET occupation: Retail Salespersons (41-2031.00)."
RAG_DOC_0092,Inside Sales Representative,O*NET Skill,O*NET,41-2031.00,"For Inside Sales Representative, O*NET identifies Active Listening as a relevant skill. The skill importance score is 3.75 and the required level is 3.75. O*NET occupation: Retail Salespersons (41-2031.00)."
RAG_DOC_0093,Inside Sales Representative,O*NET Skill,O*NET,41-2031.00,"For Inside Sales Representative, O*NET identifies Critical Thinking as a relevant skill. The skill importance score is 3.12 and the required level is 3.12. O*NET occupation: Retail Salespersons (41-2031.00)."
RAG_DOC_0094,Inside Sales Representative,O*NET Skill,O*NET,41-2031.00,"For Inside Sales Representative, O*NET identifies Learning Strategies as a relevant skill. The skill importance score is 2.62 and the required level is 2.25. O*NET occupation: Retail Salespersons (41-2031.00)."
RAG_DOC_0095,Inside Sales Representative,O*NET Skill,O*NET,41-2031.00,"For Inside Sales Representative, O*NET identifies Mathematics as a relevant skill. The skill importance score is 2.62 and the required level is 2.00. O*NET occupation: Retail Salespersons (41-2031.00)."
RAG_DOC_0096,Inside Sales Representative,O*NET Skill,O*NET,41-2031.00,"For Inside Sales Representative, O*NET identifies Monitoring as a relevant skill. The skill importance score is 3.00 and the required level is 3.12. O*NET occupation: Retail Salespersons (41-2031.00)."
RAG_DOC_0097,Inside Sales Representative,O*NET Skill,O*NET,41-2031.00,"For Inside Sales Representative, O*NET identifies Reading Comprehension as a relevant skill. The skill importance score is 3.00 and the required level is 3.12. O*NET occupation: Retail Salespersons (41-2031.00)."
RAG_DOC_0098,Inside Sales Representative,O*NET Skill,O*NET,41-2031.00,"For Inside Sales Representative, O*NET identifies Science as a relevant skill. The skill importance score is 1.00 and the required level is 0.00. O*NET occupation: Retail Salespersons (41-2031.00)."
RAG_DOC_0099,Inside Sales Representative,O*NET Skill,O*NET,41-2031.00,"For Inside Sales Representative, O*NET identifies Speaking as a relevant skill. The skill importance score is 3.75 and the required level is 3.12. O*NET occupation: Retail Salespersons (41-2031.00)."
RAG_DOC_0100,Inside Sales Representative,O*NET Skill,O*NET,41-2031.00,"For Inside Sales Representative, O*NET identifies Writing as a relevant skill. The skill importance score is 3.00 and the required level is 3.00. O*NET occupation: Retail Salespersons (41-2031.00)."
RAG_DOC_0101,Licensed Practical Nurse (L.P.N.),O*NET Skill,O*NET,29-2061.00,"For Licensed Practical Nurse (L.P.N.), O*NET identifies Active Learning as a relevant skill. The skill importance score is 3.38 and the required level is 3.25. O*NET occupation: Licensed Practical and Licensed Vocational Nurses (29-2061.00)."
RAG_DOC_0102,Licensed Practical Nurse (L.P.N.),O*NET Skill,O*NET,29-2061.00,"For Licensed Practical Nurse (L.P.N.), O*NET identifies Active Listening as a relevant skill. The skill importance score is 3.88 and the required level is 4.00. O*NET occupation: Licensed Practical and Licensed Vocational Nurses (29-2061.00)."
RAG_DOC_0103,Licensed Practical Nurse (L.P.N.),O*NET Skill,O*NET,29-2061.00,"For Licensed Practical Nurse (L.P.N.), O*NET identifies Critical Thinking as a relevant skill. The skill importance score is 3.75 and the required level is 4.00. O*NET occupation: Licensed Practical and Licensed Vocational Nurses (29-2061.00)."
RAG_DOC_0104,Licensed Practical Nurse (L.P.N.),O*NET Skill,O*NET,29-2061.00,"For Licensed Practical Nurse (L.P.N.), O*NET identifies Learning Strategies as a relevant skill. The skill importance score is 3.12 and the required level is 3.12. O*NET occupation: Licensed Practical and Licensed Vocational Nurses (29-2061.00)."
RAG_DOC_0105,Licensed Practical Nurse (L.P.N.),O*NET Skill,O*NET,29-2061.00,"For Licensed Practical Nurse (L.P.N.), O*NET identifies Mathematics as a relevant skill. The skill importance score is 2.88 and the required level is 2.88. O*NET occupation: Licensed Practical and Licensed Vocational Nurses (29-2061.00)."
RAG_DOC_0106,Licensed Practical Nurse (L.P.N.),O*NET Skill,O*NET,29-2061.00,"For Licensed Practical Nurse (L.P.N.), O*NET identifies Monitoring as a relevant skill. The skill importance score is 3.88 and the required level is 4.00. O*NET occupation: Licensed Practical and Licensed Vocational Nurses (29-2061.00)."
RAG_DOC_0107,Licensed Practical Nurse (L.P.N.),O*NET Skill,O*NET,29-2061.00,"For Licensed Practical Nurse (L.P.N.), O*NET identifies Reading Comprehension as a relevant skill. The skill importance score is 3.75 and the required level is 4.12. O*NET occupation: Licensed Practical and Licensed Vocational Nurses (29-2061.00)."
RAG_DOC_0108,Licensed Practical Nurse (L.P.N.),O*NET Skill,O*NET,29-2061.00,"For Licensed Practical Nurse (L.P.N.), O*NET identifies Science as a relevant skill. The skill importance score is 2.62 and the required level is 2.62. O*NET occupation: Licensed Practical and Licensed Vocational Nurses (29-2061.00)."
RAG_DOC_0109,Licensed Practical Nurse (L.P.N.),O*NET Skill,O*NET,29-2061.00,"For Licensed Practical Nurse (L.P.N.), O*NET identifies Speaking as a relevant skill. The skill importance score is 3.88 and the required level is 4.00. O*NET occupation: Licensed Practical and Licensed Vocational Nurses (29-2061.00)."
RAG_DOC_0110,Licensed Practical Nurse (L.P.N.),O*NET Skill,O*NET,29-2061.00,"For Licensed Practical Nurse (L.P.N.), O*NET identifies Writing as a relevant skill. The skill importance score is 3.25 and the required level is 3.12. O*NET occupation: Licensed Practical and Licensed Vocational Nurses (29-2061.00)."
RAG_DOC_0111,Office Administrator,O*NET Skill,O*NET,43-1011.00,"For Office Administrator, O*NET identifies Active Learning as a relevant skill. The skill importance score is 3.75 and the required level is 3.75. O*NET occupation: First-Line Supervisors of Office and Administrative Support Workers (43-1011.00)."
RAG_DOC_0112,Office Administrator,O*NET Skill,O*NET,43-1011.00,"For Office Administrator, O*NET identifies Active Listening as a relevant skill. The skill importance score is 4.00 and the required level is 4.00. O*NET occupation: First-Line Supervisors of Office and Administrative Support Workers (43-1011.00)."
RAG_DOC_0113,Office Administrator,O*NET Skill,O*NET,43-1011.00,"For Office Administrator, O*NET identifies Critical Thinking as a relevant skill. The skill importance score is 3.88 and the required level is 3.88. O*NET occupation: First-Line Supervisors of Office and Administrative Support Workers (43-1011.00)."
RAG_DOC_0114,Office Administrator,O*NET Skill,O*NET,43-1011.00,"For Office Administrator, O*NET identifies Learning Strategies as a relevant skill. The skill importance score is 3.62 and the required level is 3.75. O*NET occupation: First-Line Supervisors of Office and Administrative Support Workers (43-1011.00)."
RAG_DOC_0115,Office Administrator,O*NET Skill,O*NET,43-1011.00,"For Office Administrator, O*NET identifies Mathematics as a relevant skill. The skill importance score is 2.75 and the required level is 2.75. O*NET occupation: First-Line Supervisors of Office and Administrative Support Workers (43-1011.00)."
RAG_DOC_0116,Office Administrator,O*NET Skill,O*NET,43-1011.00,"For Office Administrator, O*NET identifies Monitoring as a relevant skill. The skill importance score is 4.00 and the required level is 4.00. O*NET occupation: First-Line Supervisors of Office and Administrative Support Workers (43-1011.00)."
RAG_DOC_0117,Office Administrator,O*NET Skill,O*NET,43-1011.00,"For Office Administrator, O*NET identifies Reading Comprehension as a relevant skill. The skill importance score is 4.00 and the required level is 4.00. O*NET occupation: First-Line Supervisors of Office and Administrative Support Workers (43-1011.00)."
RAG_DOC_0118,Office Administrator,O*NET Skill,O*NET,43-1011.00,"For Office Administrator, O*NET identifies Science as a relevant skill. The skill importance score is 1.38 and the required level is 0.38. O*NET occupation: First-Line Supervisors of Office and Administrative Support Workers (43-1011.00)."
RAG_DOC_0119,Office Administrator,O*NET Skill,O*NET,43-1011.00,"For Office Administrator, O*NET identifies Speaking as a relevant skill. The skill importance score is 4.00 and the required level is 4.00. O*NET occupation: First-Line Supervisors of Office and Administrative Support Workers (43-1011.00)."
RAG_DOC_0120,Office Administrator,O*NET Skill,O*NET,43-1011.00,"For Office Administrator, O*NET identifies Writing as a relevant skill. The skill importance score is 3.75 and the required level is 3.75. O*NET occupation: First-Line Supervisors of Office and Administrative Support Workers (43-1011.00)."
RAG_DOC_0121,Office Manager,O*NET Skill,O*NET,43-1011.00,"For Office Manager, O*NET identifies Active Learning as a relevant skill. The skill importance score is 3.75 and the required level is 3.75. O*NET occupation: First-Line Supervisors of Office and Administrative Support Workers (43-1011.00)."
RAG_DOC_0122,Office Manager,O*NET Skill,O*NET,43-1011.00,"For Office Manager, O*NET identifies Active Listening as a relevant skill. The skill importance score is 4.00 and the required level is 3.88. O*NET occupation: First-Line Supervisors of Office and Administrative Support Workers (43-1011.00)."
RAG_DOC_0123,Office Manager,O*NET Skill,O*NET,43-1011.00,"For Office Manager, O*NET identifies Critical Thinking as a relevant skill. The skill importance score is 3.88 and the required level is 3.88. O*NET occupation: First-Line Supervisors of Office and Administrative Support Workers (43-1011.00)."
RAG_DOC_0124,Office Manager,O*NET Skill,O*NET,43-1011.00,"For Office Manager, O*NET identifies Learning Strategies as a relevant skill. The skill importance score is 3.62 and the required level is 3.75. O*NET occupation: First-Line Supervisors of Office and Administrative Support Workers (43-1011.00)."
RAG_DOC_0125,Office Manager,O*NET Skill,O*NET,43-1011.00,"For Office Manager, O*NET identifies Mathematics as a relevant skill. The skill importance score is 2.75 and the required level is 2.75. O*NET occupation: First-Line Supervisors of Office and Administrative Support Workers (43-1011.00)."
RAG_DOC_0126,Office Manager,O*NET Skill,O*NET,43-1011.00,"For Office Manager, O*NET identifies Monitoring as a relevant skill. The skill importance score is 4.00 and the required level is 4.00. O*NET occupation: First-Line Supervisors of Office and Administrative Support Workers (43-1011.00)."
RAG_DOC_0127,Office Manager,O*NET Skill,O*NET,43-1011.00,"For Office Manager, O*NET identifies Reading Comprehension as a relevant skill. The skill importance score is 4.00 and the required level is 3.75. O*NET occupation: First-Line Supervisors of Office and Administrative Support Workers (43-1011.00)."
RAG_DOC_0128,Office Manager,O*NET Skill,O*NET,43-1011.00,"For Office Manager, O*NET identifies Science as a relevant skill. The skill importance score is 1.00 and the required level is 0.00. O*NET occupation: First-Line Supervisors of Office and Administrative Support Workers (43-1011.00)."
RAG_DOC_0129,Office Manager,O*NET Skill,O*NET,43-1011.00,"For Office Manager, O*NET identifies Speaking as a relevant skill. The skill importance score is 4.00 and the required level is 4.00. O*NET occupation: First-Line Supervisors of Office and Administrative Support Workers (43-1011.00)."
RAG_DOC_0130,Office Manager,O*NET Skill,O*NET,43-1011.00,"For Office Manager, O*NET identifies Writing as a relevant skill. The skill importance score is 3.75 and the required level is 3.75. O*NET occupation: First-Line Supervisors of Office and Administrative Support Workers (43-1011.00)."
RAG_DOC_0131,Restaurant Manager,O*NET Skill,O*NET,11-9051.00,"For Restaurant Manager, O*NET identifies Active Learning as a relevant skill. The skill importance score is 3.12 and the required level is 3.75. O*NET occupation: Food Service Managers (11-9051.00)."
RAG_DOC_0132,Restaurant Manager,O*NET Skill,O*NET,11-9051.00,"For Restaurant Manager, O*NET identifies Active Listening as a relevant skill. The skill importance score is 3.88 and the required level is 3.50. O*NET occupation: Food Service Managers (11-9051.00)."
RAG_DOC_0133,Restaurant Manager,O*NET Skill,O*NET,11-9051.00,"For Restaurant Manager, O*NET identifies Critical Thinking as a relevant skill. The skill importance score is 3.62 and the required level is 3.75. O*NET occupation: Food Service Managers (11-9051.00)."
RAG_DOC_0134,Restaurant Manager,O*NET Skill,O*NET,11-9051.00,"For Restaurant Manager, O*NET identifies Learning Strategies as a relevant skill. The skill importance score is 3.12 and the required level is 3.12. O*NET occupation: Food Service Managers (11-9051.00)."
RAG_DOC_0135,Restaurant Manager,O*NET Skill,O*NET,11-9051.00,"For Restaurant Manager, O*NET identifies Mathematics as a relevant skill. The skill importance score is 2.88 and the required level is 2.88. O*NET occupation: Food Service Managers (11-9051.00)."
RAG_DOC_0136,Restaurant Manager,O*NET Skill,O*NET,11-9051.00,"For Restaurant Manager, O*NET identifies Monitoring as a relevant skill. The skill importance score is 3.88 and the required level is 3.88. O*NET occupation: Food Service Managers (11-9051.00)."
RAG_DOC_0137,Restaurant Manager,O*NET Skill,O*NET,11-9051.00,"For Restaurant Manager, O*NET identifies Reading Comprehension as a relevant skill. The skill importance score is 3.75 and the required level is 3.88. O*NET occupation: Food Service Managers (11-9051.00)."
RAG_DOC_0138,Restaurant Manager,O*NET Skill,O*NET,11-9051.00,"For Restaurant Manager, O*NET identifies Science as a relevant skill. The skill importance score is 1.62 and the required level is 0.62. O*NET occupation: Food Service Managers (11-9051.00)."
RAG_DOC_0139,Restaurant Manager,O*NET Skill,O*NET,11-9051.00,"For Restaurant Manager, O*NET identifies Speaking as a relevant skill. The skill importance score is 3.88 and the required level is 4.00. O*NET occupation: Food Service Managers (11-9051.00)."
RAG_DOC_0140,Restaurant Manager,O*NET Skill,O*NET,11-9051.00,"For Restaurant Manager, O*NET identifies Writing as a relevant skill. The skill importance score is 3.00 and the required level is 3.12. O*NET occupation: Food Service Managers (11-9051.00)."
RAG_DOC_0141,Retail Sales Associate,O*NET Skill,O*NET,41-2031.00,"For Retail Sales Associate, O*NET identifies Active Learning as a relevant skill. The skill importance score is 3.00 and the required level is 2.88. O*NET occupation: Retail Salespersons (41-2031.00)."
RAG_DOC_0142,Retail Sales Associate,O*NET Skill,O*NET,41-2031.00,"For Retail Sales Associate, O*NET identifies Active Listening as a relevant skill. The skill importance score is 3.75 and the required level is 3.75. O*NET occupation: Retail Salespersons (41-2031.00)."
RAG_DOC_0143,Retail Sales Associate,O*NET Skill,O*NET,41-2031.00,"For Retail Sales Associate, O*NET identifies Critical Thinking as a relevant skill. The skill importance score is 3.12 and the required level is 3.12. O*NET occupation: Retail Salespersons (41-2031.00)."
RAG_DOC_0144,Retail Sales Associate,O*NET Skill,O*NET,41-2031.00,"For Retail Sales Associate, O*NET identifies Learning Strategies as a relevant skill. The skill importance score is 2.62 and the required level is 2.25. O*NET occupation: Retail Salespersons (41-2031.00)."
RAG_DOC_0145,Retail Sales Associate,O*NET Skill,O*NET,41-2031.00,"For Retail Sales Associate, O*NET identifies Mathematics as a relevant skill. The skill importance score is 2.62 and the required level is 2.00. O*NET occupation: Retail Salespersons (41-2031.00)."
RAG_DOC_0146,Retail Sales Associate,O*NET Skill,O*NET,41-2031.00,"For Retail Sales Associate, O*NET identifies Monitoring as a relevant skill. The skill importance score is 3.00 and the required level is 3.12. O*NET occupation: Retail Salespersons (41-2031.00)."
RAG_DOC_0147,Retail Sales Associate,O*NET Skill,O*NET,41-2031.00,"For Retail Sales Associate, O*NET identifies Reading Comprehension as a relevant skill. The skill importance score is 3.00 and the required level is 3.12. O*NET occupation: Retail Salespersons (41-2031.00)."
RAG_DOC_0148,Retail Sales Associate,O*NET Skill,O*NET,41-2031.00,"For Retail Sales Associate, O*NET identifies Science as a relevant skill. The skill importance score is 1.00 and the required level is 0.00. O*NET occupation: Retail Salespersons (41-2031.00)."
RAG_DOC_0149,Retail Sales Associate,O*NET Skill,O*NET,41-2031.00,"For Retail Sales Associate, O*NET identifies Speaking as a relevant skill. The skill importance score is 3.75 and the required level is 3.12. O*NET occupation: Retail Salespersons (41-2031.00)."
RAG_DOC_0150,Retail Sales Associate,O*NET Skill,O*NET,41-2031.00,"For Retail Sales Associate, O*NET identifies Writing as a relevant skill. The skill importance score is 3.00 and the required level is 3.00. O*NET occupation: Retail Salespersons (41-2031.00)."
RAG_DOC_0151,Secondary School Teacher,O*NET Skill,O*NET,25-2031.00,"For Secondary School Teacher, O*NET identifies Active Learning as a relevant skill. The skill importance score is 3.75 and the required level is 3.88. O*NET occupation: Secondary School Teachers, Except Special and Career/Technical Education (25-2031.00)."
RAG_DOC_0152,Secondary School Teacher,O*NET Skill,O*NET,25-2031.00,"For Secondary School Teacher, O*NET identifies Active Listening as a relevant skill. The skill importance score is 4.00 and the required level is 4.00. O*NET occupation: Secondary School Teachers, Except Special and Career/Technical Education (25-2031.00)."
RAG_DOC_0153,Secondary School Teacher,O*NET Skill,O*NET,25-2031.00,"For Secondary School Teacher, O*NET identifies Critical Thinking as a relevant skill. The skill importance score is 3.88 and the required level is 4.00. O*NET occupation: Secondary School Teachers, Except Special and Career/Technical Education (25-2031.00)."
RAG_DOC_0154,Secondary School Teacher,O*NET Skill,O*NET,25-2031.00,"For Secondary School Teacher, O*NET identifies Learning Strategies as a relevant skill. The skill importance score is 4.00 and the required level is 4.25. O*NET occupation: Secondary School Teachers, Except Special and Career/Technical Education (25-2031.00)."
RAG_DOC_0155,Secondary School Teacher,O*NET Skill,O*NET,25-2031.00,"For Secondary School Teacher, O*NET identifies Mathematics as a relevant skill. The skill importance score is 2.75 and the required level is 3.00. O*NET occupation: Secondary School Teachers, Except Special and Career/Technical Education (25-2031.00)."
RAG_DOC_0156,Secondary School Teacher,O*NET Skill,O*NET,25-2031.00,"For Secondary School Teacher, O*NET identifies Monitoring as a relevant skill. The skill importance score is 3.88 and the required level is 4.00. O*NET occupation: Secondary School Teachers, Except Special and Career/Technical Education (25-2031.00)."
RAG_DOC_0157,Secondary School Teacher,O*NET Skill,O*NET,25-2031.00,"For Secondary School Teacher, O*NET identifies Reading Comprehension as a relevant skill. The skill importance score is 4.00 and the required level is 4.00. O*NET occupation: Secondary School Teachers, Except Special and Career/Technical Education (25-2031.00)."
RAG_DOC_0158,Secondary School Teacher,O*NET Skill,O*NET,25-2031.00,"For Secondary School Teacher, O*NET identifies Science as a relevant skill. The skill importance score is 2.00 and the required level is 1.88. O*NET occupation: Secondary School Teachers, Except Special and Career/Technical Education (25-2031.00)."
RAG_DOC_0159,Secondary School Teacher,O*NET Skill,O*NET,25-2031.00,"For Secondary School Teacher, O*NET identifies Speaking as a relevant skill. The skill importance score is 4.00 and the required level is 4.12. O*NET occupation: Secondary School Teachers, Except Special and Career/Technical Education (25-2031.00)."
RAG_DOC_0160,Secondary School Teacher,O*NET Skill,O*NET,25-2031.00,"For Secondary School Teacher, O*NET identifies Writing as a relevant skill. The skill importance score is 3.62 and the required level is 3.75. O*NET occupation: Secondary School Teachers, Except Special and Career/Technical Education (25-2031.00)."
RAG_DOC_0161,Software Developer,O*NET Skill,O*NET,15-1252.00,"For Software Developer, O*NET identifies Active Learning as a relevant skill. The skill importance score is 3.50 and the required level is 3.62. O*NET occupation: Software Developers (15-1252.00)."
RAG_DOC_0162,Software Developer,O*NET Skill,O*NET,15-1252.00,"For Software Developer, O*NET identifies Active Listening as a relevant skill. The skill importance score is 3.38 and the required level is 3.88. O*NET occupation: Software Developers (15-1252.00)."
RAG_DOC_0163,Software Developer,O*NET Skill,O*NET,15-1252.00,"For Software Developer, O*NET identifies Critical Thinking as a relevant skill. The skill importance score is 3.88 and the required level is 4.12. O*NET occupation: Software Developers (15-1252.00)."
RAG_DOC_0164,Software Developer,O*NET Skill,O*NET,15-1252.00,"For Software Developer, O*NET identifies Learning Strategies as a relevant skill. The skill importance score is 2.62 and the required level is 3.12. O*NET occupation: Software Developers (15-1252.00)."
RAG_DOC_0165,Software Developer,O*NET Skill,O*NET,15-1252.00,"For Software Developer, O*NET identifies Mathematics as a relevant skill. The skill importance score is 2.75 and the required level is 3.25. O*NET occupation: Software Developers (15-1252.00)."
RAG_DOC_0166,Software Developer,O*NET Skill,O*NET,15-1252.00,"For Software Developer, O*NET identifies Monitoring as a relevant skill. The skill importance score is 3.00 and the required level is 3.50. O*NET occupation: Software Developers (15-1252.00)."
RAG_DOC_0167,Software Developer,O*NET Skill,O*NET,15-1252.00,"For Software Developer, O*NET identifies Reading Comprehension as a relevant skill. The skill importance score is 3.50 and the required level is 4.25. O*NET occupation: Software Developers (15-1252.00)."
RAG_DOC_0168,Software Developer,O*NET Skill,O*NET,15-1252.00,"For Software Developer, O*NET identifies Science as a relevant skill. The skill importance score is 2.12 and the required level is 1.88. O*NET occupation: Software Developers (15-1252.00)."
RAG_DOC_0169,Software Developer,O*NET Skill,O*NET,15-1252.00,"For Software Developer, O*NET identifies Speaking as a relevant skill. The skill importance score is 3.12 and the required level is 3.62. O*NET occupation: Software Developers (15-1252.00)."
RAG_DOC_0170,Software Developer,O*NET Skill,O*NET,15-1252.00,"For Software Developer, O*NET identifies Writing as a relevant skill. The skill importance score is 3.25 and the required level is 3.62. O*NET occupation: Software Developers (15-1252.00)."
RAG_DOC_0171,Restaurant Manager,O*NET Task,O*NET,11-9051.00,"For Restaurant Manager, O*NET lists the following occupational task: Count money and make bank deposits.. O*NET occupation: Food Service Managers (11-9051.00)."
RAG_DOC_0172,Restaurant Manager,O*NET Task,O*NET,11-9051.00,"For Restaurant Manager, O*NET lists the following occupational task: Establish standards for personnel performance and customer service.. O*NET occupation: Food Service Managers (11-9051.00)."
RAG_DOC_0173,Restaurant Manager,O*NET Task,O*NET,11-9051.00,"For Restaurant Manager, O*NET lists the following occupational task: Keep records required by government agencies regarding sanitation or food subsidies.. O*NET occupation: Food Service Managers (11-9051.00)."
RAG_DOC_0174,Restaurant Manager,O*NET Task,O*NET,11-9051.00,"For Restaurant Manager, O*NET lists the following occupational task: Schedule staff hours and assign duties.. O*NET occupation: Food Service Managers (11-9051.00)."
RAG_DOC_0175,Restaurant Manager,O*NET Task,O*NET,11-9051.00,"For Restaurant Manager, O*NET lists the following occupational task: Investigate and resolve complaints regarding food quality, service, or accommodations.. O*NET occupation: Food Service Managers (11-9051.00)."
RAG_DOC_0176,Restaurant Manager,O*NET Task,O*NET,11-9051.00,"For Restaurant Manager, O*NET lists the following occupational task: Maintain food and equipment inventories, and keep inventory records.. O*NET occupation: Food Service Managers (11-9051.00)."
RAG_DOC_0177,Restaurant Manager,O*NET Task,O*NET,11-9051.00,"For Restaurant Manager, O*NET lists the following occupational task: Perform some food preparation or service tasks, such as cooking, clearing tables, and serving food and drinks when necessary.. O*NET occupation: Food Service Managers (11-9051.00)."
RAG_DOC_0178,Restaurant Manager,O*NET Task,O*NET,11-9051.00,"For Restaurant Manager, O*NET lists the following occupational task: Monitor budgets and payroll records, and review financial transactions to ensure that expenditures are authorized and budgeted.. O*NET occupation: Food Service Managers (11-9051.00)."
RAG_DOC_0179,Restaurant Manager,O*NET Task,O*NET,11-9051.00,"For Restaurant Manager, O*NET lists the following occupational task: Schedule and receive food and beverage deliveries, checking delivery contents to verify product quality and quantity.. O*NET occupation: Food Service Managers (11-9051.00)."
RAG_DOC_0180,Restaurant Manager,O*NET Task,O*NET,11-9051.00,"For Restaurant Manager, O*NET lists the following occupational task: Coordinate assignments of cooking personnel to ensure economical use of food and timely preparation.. O*NET occupation: Food Service Managers (11-9051.00)."
RAG_DOC_0181,Restaurant Manager,O*NET Task,O*NET,11-9051.00,"For Restaurant Manager, O*NET lists the following occupational task: Organize and direct worker training programs, resolve personnel problems, hire new staff, and evaluate employee performance in dining and lodging facilities.. O*NET occupation: Food Service Managers (11-9051.00)."
RAG_DOC_0182,Restaurant Manager,O*NET Task,O*NET,11-9051.00,"For Restaurant Manager, O*NET lists the following occupational task: Assess staffing needs and recruit staff, using methods such as newspaper advertisements or attendance at job fairs.. O*NET occupation: Food Service Managers (11-9051.00)."
RAG_DOC_0183,Restaurant Manager,O*NET Task,O*NET,11-9051.00,"For Restaurant Manager, O*NET lists the following occupational task: Estimate food, liquor, wine, and other beverage consumption to anticipate amounts to be purchased or requisitioned.. O*NET occupation: Food Service Managers (11-9051.00)."
RAG_DOC_0184,Restaurant Manager,O*NET Task,O*NET,11-9051.00,"For Restaurant Manager, O*NET lists the following occupational task: Monitor food preparation methods, portion sizes, and garnishing and presentation of food to ensure that food is prepared and presented in an acceptable manner.. O*NET occupation: Food Service Managers (11-9051.00)."
RAG_DOC_0185,Restaurant Manager,O*NET Task,O*NET,11-9051.00,"For Restaurant Manager, O*NET lists the following occupational task: Monitor compliance with health and fire regulations regarding food preparation and serving, and building maintenance in lodging and dining facilities.. O*NET occupation: Food Service Managers (11-9051.00)."
RAG_DOC_0186,Restaurant Manager,O*NET Task,O*NET,11-9051.00,"For Restaurant Manager, O*NET lists the following occupational task: Test cooked food by tasting and smelling it to ensure palatability and flavor conformity.. O*NET occupation: Food Service Managers (11-9051.00)."
RAG_DOC_0187,Restaurant Manager,O*NET Task,O*NET,11-9051.00,"For Restaurant Manager, O*NET lists the following occupational task: Order and purchase equipment and supplies.. O*NET occupation: Food Service Managers (11-9051.00)."
RAG_DOC_0188,Restaurant Manager,O*NET Task,O*NET,11-9051.00,"For Restaurant Manager, O*NET lists the following occupational task: Review work procedures and operational problems to determine ways to improve service, performance, or safety.. O*NET occupation: Food Service Managers (11-9051.00)."
RAG_DOC_0189,Restaurant Manager,O*NET Task,O*NET,11-9051.00,"For Restaurant Manager, O*NET lists the following occupational task: Arrange for equipment maintenance and repairs, and coordinate a variety of services, such as waste removal and pest control.. O*NET occupation: Food Service Managers (11-9051.00)."
RAG_DOC_0190,Restaurant Manager,O*NET Task,O*NET,11-9051.00,"For Restaurant Manager, O*NET lists the following occupational task: Monitor employee and patron activities to ensure liquor regulations are obeyed.. O*NET occupation: Food Service Managers (11-9051.00)."
RAG_DOC_0191,Restaurant Manager,O*NET Task,O*NET,11-9051.00,"For Restaurant Manager, O*NET lists the following occupational task: Greet guests, escort them to their seats, and present them with menus and wine lists.. O*NET occupation: Food Service Managers (11-9051.00)."
RAG_DOC_0192,Restaurant Manager,O*NET Task,O*NET,11-9051.00,"For Restaurant Manager, O*NET lists the following occupational task: Record the number, type, and cost of items sold to determine which items may be unpopular or less profitable.. O*NET occupation: Food Service Managers (11-9051.00)."
RAG_DOC_0193,Restaurant Manager,O*NET Task,O*NET,11-9051.00,"For Restaurant Manager, O*NET lists the following occupational task: Plan menus and food utilization, based on anticipated number of guests, nutritional value, palatability, popularity, and costs.. O*NET occupation: Food Service Managers (11-9051.00)."
RAG_DOC_0194,Restaurant Manager,O*NET Task,O*NET,11-9051.00,"For Restaurant Manager, O*NET lists the following occupational task: Review menus and analyze recipes to determine labor and overhead costs, and assign prices to menu items.. O*NET occupation: Food Service Managers (11-9051.00)."
RAG_DOC_0195,Restaurant Manager,O*NET Task,O*NET,11-9051.00,"For Restaurant Manager, O*NET lists the following occupational task: Take dining reservations.. O*NET occupation: Food Service Managers (11-9051.00)."
RAG_DOC_0196,Restaurant Manager,O*NET Task,O*NET,11-9051.00,"For Restaurant Manager, O*NET lists the following occupational task: Create specialty dishes and develop recipes to be used in dining facilities.. O*NET occupation: Food Service Managers (11-9051.00)."
RAG_DOC_0197,Restaurant Manager,O*NET Task,O*NET,11-9051.00,"For Restaurant Manager, O*NET lists the following occupational task: Schedule use of facilities or catering services for events such as banquets or receptions, and negotiate details of arrangements with clients.. O*NET occupation: Food Service Managers (11-9051.00)."
RAG_DOC_0198,Restaurant Manager,O*NET Task,O*NET,11-9051.00,"For Restaurant Manager, O*NET lists the following occupational task: Establish and enforce nutritional standards for dining establishments, based on accepted industry standards.. O*NET occupation: Food Service Managers (11-9051.00)."
RAG_DOC_0199,Information Technology (IT) Analyst,O*NET Task,O*NET,15-1211.00,"For Information Technology (IT) Analyst, O*NET lists the following occupational task: Troubleshoot program and system malfunctions to restore normal functioning.. O*NET occupation: Computer Systems Analysts (15-1211.00)."
RAG_DOC_0200,Information Technology (IT) Analyst,O*NET Task,O*NET,15-1211.00,"For Information Technology (IT) Analyst, O*NET lists the following occupational task: Provide staff and users with assistance solving computer-related problems, such as malfunctions and program problems.. O*NET occupation: Computer Systems Analysts (15-1211.00)."
RAG_DOC_0201,Information Technology (IT) Analyst,O*NET Task,O*NET,15-1211.00,"For Information Technology (IT) Analyst, O*NET lists the following occupational task: Test, maintain, and monitor computer programs and systems, including coordinating the installation of computer programs and systems.. O*NET occupation: Computer Systems Analysts (15-1211.00)."
RAG_DOC_0202,Information Technology (IT) Analyst,O*NET Task,O*NET,15-1211.00,"For Information Technology (IT) Analyst, O*NET lists the following occupational task: Use the computer in the analysis and solution of business problems, such as development of integrated production and inventory control and cost analysis systems.. O*NET occupation: Computer Systems Analysts (15-1211.00)."
RAG_DOC_0203,Information Technology (IT) Analyst,O*NET Task,O*NET,15-1211.00,"For Information Technology (IT) Analyst, O*NET lists the following occupational task: Coordinate and link the computer systems within an organization to increase compatibility so that information can be shared.. O*NET occupation: Computer Systems Analysts (15-1211.00)."
RAG_DOC_0204,Information Technology (IT) Analyst,O*NET Task,O*NET,15-1211.00,"For Information Technology (IT) Analyst, O*NET lists the following occupational task: Use object-oriented programming languages, as well as client and server applications development processes and multimedia and Internet technology.. O*NET occupation: Computer Systems Analysts (15-1211.00)."
RAG_DOC_0205,Information Technology (IT) Analyst,O*NET Task,O*NET,15-1211.00,"For Information Technology (IT) Analyst, O*NET lists the following occupational task: Analyze information processing or computation needs and plan and design computer systems, using techniques such as structured analysis, data modeling, and information engineering.. O*NET occupation: Computer Systems Analysts (15-1211.00)."
RAG_DOC_0206,Information Technology (IT) Analyst,O*NET Task,O*NET,15-1211.00,"For Information Technology (IT) Analyst, O*NET lists the following occupational task: Consult with management to ensure agreement on system principles.. O*NET occupation: Computer Systems Analysts (15-1211.00)."
RAG_DOC_0207,Information Technology (IT) Analyst,O*NET Task,O*NET,15-1211.00,"For Information Technology (IT) Analyst, O*NET lists the following occupational task: Specify inputs accessed by the system and plan the distribution and use of the results.. O*NET occupation: Computer Systems Analysts (15-1211.00)."
RAG_DOC_0208,Information Technology (IT) Analyst,O*NET Task,O*NET,15-1211.00,"For Information Technology (IT) Analyst, O*NET lists the following occupational task: Expand or modify system to serve new purposes or improve work flow.. O*NET occupation: Computer Systems Analysts (15-1211.00)."
RAG_DOC_0209,Information Technology (IT) Analyst,O*NET Task,O*NET,15-1211.00,"For Information Technology (IT) Analyst, O*NET lists the following occupational task: Train staff and users to work with computer systems and programs.. O*NET occupation: Computer Systems Analysts (15-1211.00)."
RAG_DOC_0210,Information Technology (IT) Analyst,O*NET Task,O*NET,15-1211.00,"For Information Technology (IT) Analyst, O*NET lists the following occupational task: Assess the usefulness of pre-developed application packages and adapt them to a user environment.. O*NET occupation: Computer Systems Analysts (15-1211.00)."
RAG_DOC_0211,Information Technology (IT) Analyst,O*NET Task,O*NET,15-1211.00,"For Information Technology (IT) Analyst, O*NET lists the following occupational task: Determine computer software or hardware needed to set up or alter systems.. O*NET occupation: Computer Systems Analysts (15-1211.00)."
RAG_DOC_0212,Information Technology (IT) Analyst,O*NET Task,O*NET,15-1211.00,"For Information Technology (IT) Analyst, O*NET lists the following occupational task: Read manuals, periodicals, and technical reports to learn how to develop programs that meet staff and user requirements.. O*NET occupation: Computer Systems Analysts (15-1211.00)."
RAG_DOC_0213,Information Technology (IT) Analyst,O*NET Task,O*NET,15-1211.00,"For Information Technology (IT) Analyst, O*NET lists the following occupational task: Develop, document, and revise system design procedures, test procedures, and quality standards.. O*NET occupation: Computer Systems Analysts (15-1211.00)."
RAG_DOC_0214,Information Technology (IT) Analyst,O*NET Task,O*NET,15-1211.00,"For Information Technology (IT) Analyst, O*NET lists the following occupational task: Recommend new equipment or software packages.. O*NET occupation: Computer Systems Analysts (15-1211.00)."
RAG_DOC_0215,Information Technology (IT) Analyst,O*NET Task,O*NET,15-1211.00,"For Information Technology (IT) Analyst, O*NET lists the following occupational task: Define the goals of the system and devise flow charts and diagrams describing logical operational steps of programs.. O*NET occupation: Computer Systems Analysts (15-1211.00)."
RAG_DOC_0216,Information Technology (IT) Analyst,O*NET Task,O*NET,15-1211.00,"For Information Technology (IT) Analyst, O*NET lists the following occupational task: Confer with clients regarding the nature of the information processing or computation needs a computer program is to address.. O*NET occupation: Computer Systems Analysts (15-1211.00)."
RAG_DOC_0217,Information Technology (IT) Analyst,O*NET Task,O*NET,15-1211.00,"For Information Technology (IT) Analyst, O*NET lists the following occupational task: Review and analyze computer printouts and performance indicators to locate code problems, and correct errors by correcting codes.. O*NET occupation: Computer Systems Analysts (15-1211.00)."
RAG_DOC_0218,Information Technology (IT) Analyst,O*NET Task,O*NET,15-1211.00,"For Information Technology (IT) Analyst, O*NET lists the following occupational task: Interview or survey workers, observe job performance, or perform the job to determine what information is processed and how it is processed.. O*NET occupation: Computer Systems Analysts (15-1211.00)."
RAG_DOC_0219,Information Technology (IT) Analyst,O*NET Task,O*NET,15-1211.00,"For Information Technology (IT) Analyst, O*NET lists the following occupational task: Supervise computer programmers or other systems analysts or serve as project leaders for particular systems projects.. O*NET occupation: Computer Systems Analysts (15-1211.00)."
RAG_DOC_0220,Information Technology (IT) Analyst,O*NET Task,O*NET,15-1211.00,"For Information Technology (IT) Analyst, O*NET lists the following occupational task: Prepare cost-benefit and return-on-investment analyses to aid in decisions on system implementation.. O*NET occupation: Computer Systems Analysts (15-1211.00)."
RAG_DOC_0221,Information Technology (IT) Analyst,O*NET Task,O*NET,15-1211.01,"For Information Technology (IT) Analyst, O*NET lists the following occupational task: Translate nursing practice information between nurses and systems engineers, analysts, or designers, using object-oriented models or other techniques.. O*NET occupation: Health Informatics Specialists (15-1211.01)."
RAG_DOC_0222,Information Technology (IT) Analyst,O*NET Task,O*NET,15-1211.01,"For Information Technology (IT) Analyst, O*NET lists the following occupational task: Use informatics science to design or implement health information technology applications for resolution of clinical or health care administrative problems.. O*NET occupation: Health Informatics Specialists (15-1211.01)."
RAG_DOC_0223,Information Technology (IT) Analyst,O*NET Task,O*NET,15-1211.01,"For Information Technology (IT) Analyst, O*NET lists the following occupational task: Develop or implement policies or practices to ensure the privacy, confidentiality, or security of patient information.. O*NET occupation: Health Informatics Specialists (15-1211.01)."
RAG_DOC_0224,Information Technology (IT) Analyst,O*NET Task,O*NET,15-1211.01,"For Information Technology (IT) Analyst, O*NET lists the following occupational task: Analyze and interpret patient, nursing, or information systems data to improve nursing services.. O*NET occupation: Health Informatics Specialists (15-1211.01)."
RAG_DOC_0225,Information Technology (IT) Analyst,O*NET Task,O*NET,15-1211.01,"For Information Technology (IT) Analyst, O*NET lists the following occupational task: Identify, collect, record, or analyze data relevant to the nursing care of patients.. O*NET occupation: Health Informatics Specialists (15-1211.01)."
RAG_DOC_0226,Information Technology (IT) Analyst,O*NET Task,O*NET,15-1211.01,"For Information Technology (IT) Analyst, O*NET lists the following occupational task: Apply knowledge of computer science, information science, nursing, and informatics theory to nursing practice, education, administration, or research, in collaboration with other health informatics specialists.. O*NET occupation: Health Informatics Specialists (15-1211.01)."
RAG_DOC_0227,Information Technology (IT) Analyst,O*NET Task,O*NET,15-1211.01,"For Information Technology (IT) Analyst, O*NET lists the following occupational task: Develop, implement, or evaluate health information technology applications, tools, processes, or structures to assist nurses with data management.. O*NET occupation: Health Informatics Specialists (15-1211.01)."
RAG_DOC_0228,Information Technology (IT) Analyst,O*NET Task,O*NET,15-1211.01,"For Information Technology (IT) Analyst, O*NET lists the following occupational task: Design, develop, select, test, implement, and evaluate new or modified informatics solutions, data structures, and decision-support mechanisms to support patients, health care professionals, and their information management and human-computer and human-technology interactions within health care contexts.. O*NET occupation: Health Informatics Specialists (15-1211.01)."
RAG_DOC_0229,Information Technology (IT) Analyst,O*NET Task,O*NET,15-1211.01,"For Information Technology (IT) Analyst, O*NET lists the following occupational task: Disseminate information about nursing informatics science and practice to the profession, other health care professions, nursing students, and the public.. O*NET occupation: Health Informatics Specialists (15-1211.01)."
RAG_DOC_0230,Information Technology (IT) Analyst,O*NET Task,O*NET,15-1211.01,"For Information Technology (IT) Analyst, O*NET lists the following occupational task: Analyze computer and information technologies to determine applicability to nursing practice, education, administration, and research.. O*NET occupation: Health Informatics Specialists (15-1211.01)."
RAG_DOC_0231,Information Technology (IT) Analyst,O*NET Task,O*NET,15-1211.01,"For Information Technology (IT) Analyst, O*NET lists the following occupational task: Develop strategies, policies or procedures for introducing, evaluating, or modifying information technology applied to nursing practice, administration, education, or research.. O*NET occupation: Health Informatics Specialists (15-1211.01)."
RAG_DOC_0232,Information Technology (IT) Analyst,O*NET Task,O*NET,15-1211.01,"For Information Technology (IT) Analyst, O*NET lists the following occupational task: Read current literature, talk with colleagues, and participate in professional organizations or conferences to keep abreast of developments in informatics.. O*NET occupation: Health Informatics Specialists (15-1211.01)."
RAG_DOC_0233,Information Technology (IT) Analyst,O*NET Task,O*NET,15-1211.01,"For Information Technology (IT) Analyst, O*NET lists the following occupational task: Develop or deliver training programs for health information technology, creating operating manuals as needed.. O*NET occupation: Health Informatics Specialists (15-1211.01)."
RAG_DOC_0234,Information Technology (IT) Analyst,O*NET Task,O*NET,15-1211.01,"For Information Technology (IT) Analyst, O*NET lists the following occupational task: Design, conduct, or provide support to nursing informatics research.. O*NET occupation: Health Informatics Specialists (15-1211.01)."
RAG_DOC_0235,Information Technology (IT) Analyst,O*NET Task,O*NET,15-1211.01,"For Information Technology (IT) Analyst, O*NET lists the following occupational task: Inform local, state, national, and international health policies related to information management and communication, confidentiality and security, patient safety, infrastructure development, and economics.. O*NET occupation: Health Informatics Specialists (15-1211.01)."
RAG_DOC_0236,Information Technology (IT) Analyst,O*NET Task,O*NET,15-1211.01,"For Information Technology (IT) Analyst, O*NET lists the following occupational task: Provide consultation to nurses regarding hardware or software configuration.. O*NET occupation: Health Informatics Specialists (15-1211.01)."
RAG_DOC_0237,Information Technology (IT) Analyst,O*NET Task,O*NET,15-1211.01,"For Information Technology (IT) Analyst, O*NET lists the following occupational task: Plan, install, repair, or troubleshoot telehealth technology applications or systems in homes.. O*NET occupation: Health Informatics Specialists (15-1211.01)."
RAG_DOC_0238,Information Technology (IT) Analyst,O*NET Task,O*NET,15-1212.00,"For Information Technology (IT) Analyst, O*NET lists the following occupational task: Develop plans to safeguard computer files against accidental or unauthorized modification, destruction, or disclosure and to meet emergency data processing needs.. O*NET occupation: Information Security Analysts (15-1212.00)."
RAG_DOC_0239,Information Technology (IT) Analyst,O*NET Task,O*NET,15-1212.00,"For Information Technology (IT) Analyst, O*NET lists the following occupational task: Monitor current reports of computer viruses to determine when to update virus protection systems.. O*NET occupation: Information Security Analysts (15-1212.00)."
RAG_DOC_0240,Information Technology (IT) Analyst,O*NET Task,O*NET,15-1212.00,"For Information Technology (IT) Analyst, O*NET lists the following occupational task: Encrypt data transmissions and erect firewalls to conceal confidential information as it is being transmitted and to keep out tainted digital transfers.. O*NET occupation: Information Security Analysts (15-1212.00)."
RAG_DOC_0241,Information Technology (IT) Analyst,O*NET Task,O*NET,15-1212.00,"For Information Technology (IT) Analyst, O*NET lists the following occupational task: Perform risk assessments and execute tests of data processing system to ensure functioning of data processing activities and security measures.. O*NET occupation: Information Security Analysts (15-1212.00)."
RAG_DOC_0242,Information Technology (IT) Analyst,O*NET Task,O*NET,15-1212.00,"For Information Technology (IT) Analyst, O*NET lists the following occupational task: Modify computer security files to incorporate new software, correct errors, or change individual access status.. O*NET occupation: Information Security Analysts (15-1212.00)."
RAG_DOC_0243,Information Technology (IT) Analyst,O*NET Task,O*NET,15-1212.00,"For Information Technology (IT) Analyst, O*NET lists the following occupational task: Review violations of computer security procedures and discuss procedures with violators to ensure violations are not repeated.. O*NET occupation: Information Security Analysts (15-1212.00)."
RAG_DOC_0244,Information Technology (IT) Analyst,O*NET Task,O*NET,15-1212.00,"For Information Technology (IT) Analyst, O*NET lists the following occupational task: Document computer security and emergency measures policies, procedures, and tests.. O*NET occupation: Information Security Analysts (15-1212.00)."
RAG_DOC_0245,Information Technology (IT) Analyst,O*NET Task,O*NET,15-1212.00,"For Information Technology (IT) Analyst, O*NET lists the following occupational task: Confer with users to discuss issues such as computer data access needs, security violations, and programming changes.. O*NET occupation: Information Security Analysts (15-1212.00)."
RAG_DOC_0246,Information Technology (IT) Analyst,O*NET Task,O*NET,15-1212.00,"For Information Technology (IT) Analyst, O*NET lists the following occupational task: Monitor use of data files and regulate access to safeguard information in computer files.. O*NET occupation: Information Security Analysts (15-1212.00)."
RAG_DOC_0247,Information Technology (IT) Analyst,O*NET Task,O*NET,15-1212.00,"For Information Technology (IT) Analyst, O*NET lists the following occupational task: Coordinate implementation of computer system plan with establishment personnel and outside vendors.. O*NET occupation: Information Security Analysts (15-1212.00)."
RAG_DOC_0248,Information Technology (IT) Analyst,O*NET Task,O*NET,15-1212.00,"For Information Technology (IT) Analyst, O*NET lists the following occupational task: Train users and promote security awareness to ensure system security and to improve server and network efficiency.. O*NET occupation: Information Security Analysts (15-1212.00)."
RAG_DOC_0249,Software Developer,O*NET Task,O*NET,15-1252.00,"For Software Developer, O*NET lists the following occupational task: Analyze user needs and software requirements to determine feasibility of design within time and cost constraints.. O*NET occupation: Software Developers (15-1252.00)."
RAG_DOC_0250,Software Developer,O*NET Task,O*NET,15-1252.00,"For Software Developer, O*NET lists the following occupational task: Develop or direct software system testing or validation procedures, programming, or documentation.. O*NET occupation: Software Developers (15-1252.00)."
RAG_DOC_0251,Software Developer,O*NET Task,O*NET,15-1252.00,"For Software Developer, O*NET lists the following occupational task: Confer with systems analysts, engineers, programmers and others to design systems and to obtain information on project limitations and capabilities, performance requirements and interfaces.. O*NET occupation: Software Developers (15-1252.00)."
RAG_DOC_0252,Software Developer,O*NET Task,O*NET,15-1252.00,"For Software Developer, O*NET lists the following occupational task: Modify existing software to correct errors, adapt it to new hardware, or upgrade interfaces and improve performance.. O*NET occupation: Software Developers (15-1252.00)."
RAG_DOC_0253,Software Developer,O*NET Task,O*NET,15-1252.00,"For Software Developer, O*NET lists the following occupational task: Prepare reports or correspondence concerning project specifications, activities, or status.. O*NET occupation: Software Developers (15-1252.00)."
RAG_DOC_0254,Software Developer,O*NET Task,O*NET,15-1252.00,"For Software Developer, O*NET lists the following occupational task: Analyze information to determine, recommend, and plan installation of a new system or modification of an existing system.. O*NET occupation: Software Developers (15-1252.00)."
RAG_DOC_0255,Software Developer,O*NET Task,O*NET,15-1252.00,"For Software Developer, O*NET lists the following occupational task: Store, retrieve, and manipulate data for analysis of system capabilities and requirements.. O*NET occupation: Software Developers (15-1252.00)."
RAG_DOC_0256,Software Developer,O*NET Task,O*NET,15-1252.00,"For Software Developer, O*NET lists the following occupational task: Design, develop and modify software systems, using scientific analysis and mathematical models to predict and measure outcomes and consequences of design.. O*NET occupation: Software Developers (15-1252.00)."
RAG_DOC_0257,Software Developer,O*NET Task,O*NET,15-1252.00,"For Software Developer, O*NET lists the following occupational task: Determine system performance standards.. O*NET occupation: Software Developers (15-1252.00)."
RAG_DOC_0258,Software Developer,O*NET Task,O*NET,15-1252.00,"For Software Developer, O*NET lists the following occupational task: Consult with customers or other departments on project status, proposals, or technical issues, such as software system design or maintenance.. O*NET occupation: Software Developers (15-1252.00)."
RAG_DOC_0259,Software Developer,O*NET Task,O*NET,15-1252.00,"For Software Developer, O*NET lists the following occupational task: Confer with data processing or project managers to obtain information on limitations or capabilities for data processing projects.. O*NET occupation: Software Developers (15-1252.00)."
RAG_DOC_0260,Software Developer,O*NET Task,O*NET,15-1252.00,"For Software Developer, O*NET lists the following occupational task: Monitor functioning of equipment to ensure system operates in conformance with specifications.. O*NET occupation: Software Developers (15-1252.00)."
RAG_DOC_0261,Software Developer,O*NET Task,O*NET,15-1252.00,"For Software Developer, O*NET lists the following occupational task: Coordinate installation of software system.. O*NET occupation: Software Developers (15-1252.00)."
RAG_DOC_0262,Software Developer,O*NET Task,O*NET,15-1252.00,"For Software Developer, O*NET lists the following occupational task: Supervise the work of programmers, technologists and technicians and other engineering and scientific personnel.. O*NET occupation: Software Developers (15-1252.00)."
RAG_DOC_0263,Software Developer,O*NET Task,O*NET,15-1252.00,"For Software Developer, O*NET lists the following occupational task: Supervise and assign work to programmers, designers, technologists, technicians, or other engineering or scientific personnel.. O*NET occupation: Software Developers (15-1252.00)."
RAG_DOC_0264,Software Developer,O*NET Task,O*NET,15-1252.00,"For Software Developer, O*NET lists the following occupational task: Obtain and evaluate information on factors such as reporting formats required, costs, or security needs to determine hardware configuration.. O*NET occupation: Software Developers (15-1252.00)."
RAG_DOC_0265,Software Developer,O*NET Task,O*NET,15-1252.00,"For Software Developer, O*NET lists the following occupational task: Train users to use new or modified equipment.. O*NET occupation: Software Developers (15-1252.00)."
RAG_DOC_0266,Information Technology (IT) Analyst,O*NET Task,O*NET,15-1253.00,"For Information Technology (IT) Analyst, O*NET lists the following occupational task: Identify, analyze, and document problems with program function, output, online screen, or content.. O*NET occupation: Software Quality Assurance Analysts and Testers (15-1253.00)."
RAG_DOC_0267,Information Technology (IT) Analyst,O*NET Task,O*NET,15-1253.00,"For Information Technology (IT) Analyst, O*NET lists the following occupational task: Document software defects, using a bug tracking system, and report defects to software developers.. O*NET occupation: Software Quality Assurance Analysts and Testers (15-1253.00)."
RAG_DOC_0268,Information Technology (IT) Analyst,O*NET Task,O*NET,15-1253.00,"For Information Technology (IT) Analyst, O*NET lists the following occupational task: Develop testing programs that address areas such as database impacts, software scenarios, regression testing, negative testing, error or bug retests, or usability.. O*NET occupation: Software Quality Assurance Analysts and Testers (15-1253.00)."
RAG_DOC_0269,Information Technology (IT) Analyst,O*NET Task,O*NET,15-1253.00,"For Information Technology (IT) Analyst, O*NET lists the following occupational task: Design test plans, scenarios, scripts, or procedures.. O*NET occupation: Software Quality Assurance Analysts and Testers (15-1253.00)."
RAG_DOC_0270,Information Technology (IT) Analyst,O*NET Task,O*NET,15-1253.00,"For Information Technology (IT) Analyst, O*NET lists the following occupational task: Document test procedures to ensure replicability and compliance with standards.. O*NET occupation: Software Quality Assurance Analysts and Testers (15-1253.00)."
RAG_DOC_0271,Information Technology (IT) Analyst,O*NET Task,O*NET,15-1253.00,"For Information Technology (IT) Analyst, O*NET lists the following occupational task: Provide feedback and recommendations to developers on software usability and functionality.. O*NET occupation: Software Quality Assurance Analysts and Testers (15-1253.00)."
RAG_DOC_0272,Information Technology (IT) Analyst,O*NET Task,O*NET,15-1253.00,"For Information Technology (IT) Analyst, O*NET lists the following occupational task: Install, maintain, or use software testing programs.. O*NET occupation: Software Quality Assurance Analysts and Testers (15-1253.00)."
RAG_DOC_0273,Information Technology (IT) Analyst,O*NET Task,O*NET,15-1253.00,"For Information Technology (IT) Analyst, O*NET lists the following occupational task: Test system modifications to prepare for implementation.. O*NET occupation: Software Quality Assurance Analysts and Testers (15-1253.00)."
RAG_DOC_0274,Information Technology (IT) Analyst,O*NET Task,O*NET,15-1253.00,"For Information Technology (IT) Analyst, O*NET lists the following occupational task: Create or maintain databases of known test defects.. O*NET occupation: Software Quality Assurance Analysts and Testers (15-1253.00)."
RAG_DOC_0275,Information Technology (IT) Analyst,O*NET Task,O*NET,15-1253.00,"For Information Technology (IT) Analyst, O*NET lists the following occupational task: Develop or specify standards, methods, or procedures to determine product quality or release readiness.. O*NET occupation: Software Quality Assurance Analysts and Testers (15-1253.00)."
RAG_DOC_0276,Information Technology (IT) Analyst,O*NET Task,O*NET,15-1253.00,"For Information Technology (IT) Analyst, O*NET lists the following occupational task: Monitor bug resolution efforts and track successes.. O*NET occupation: Software Quality Assurance Analysts and Testers (15-1253.00)."
RAG_DOC_0277,Information Technology (IT) Analyst,O*NET Task,O*NET,15-1253.00,"For Information Technology (IT) Analyst, O*NET lists the following occupational task: Update automated test scripts to ensure currency.. O*NET occupation: Software Quality Assurance Analysts and Testers (15-1253.00)."
RAG_DOC_0278,Information Technology (IT) Analyst,O*NET Task,O*NET,15-1253.00,"For Information Technology (IT) Analyst, O*NET lists the following occupational task: Participate in product design reviews to provide input on functional requirements, product designs, schedules, or potential problems.. O*NET occupation: Software Quality Assurance Analysts and Testers (15-1253.00)."
RAG_DOC_0279,Information Technology (IT) Analyst,O*NET Task,O*NET,15-1253.00,"For Information Technology (IT) Analyst, O*NET lists the following occupational task: Plan test schedules or strategies in accordance with project scope or delivery dates.. O*NET occupation: Software Quality Assurance Analysts and Testers (15-1253.00)."
RAG_DOC_0280,Information Technology (IT) Analyst,O*NET Task,O*NET,15-1253.00,"For Information Technology (IT) Analyst, O*NET lists the following occupational task: Monitor program performance to ensure efficient and problem-free operations.. O*NET occupation: Software Quality Assurance Analysts and Testers (15-1253.00)."
RAG_DOC_0281,Information Technology (IT) Analyst,O*NET Task,O*NET,15-1253.00,"For Information Technology (IT) Analyst, O*NET lists the following occupational task: Conduct software compatibility tests with programs, hardware, operating systems, or network environments.. O*NET occupation: Software Quality Assurance Analysts and Testers (15-1253.00)."
RAG_DOC_0282,Information Technology (IT) Analyst,O*NET Task,O*NET,15-1253.00,"For Information Technology (IT) Analyst, O*NET lists the following occupational task: Investigate customer problems referred by technical support.. O*NET occupation: Software Quality Assurance Analysts and Testers (15-1253.00)."
RAG_DOC_0283,Information Technology (IT) Analyst,O*NET Task,O*NET,15-1253.00,"For Information Technology (IT) Analyst, O*NET lists the following occupational task: Review software documentation to ensure technical accuracy, compliance, or completeness, or to mitigate risks.. O*NET occupation: Software Quality Assurance Analysts and Testers (15-1253.00)."
RAG_DOC_0284,Information Technology (IT) Analyst,O*NET Task,O*NET,15-1253.00,"For Information Technology (IT) Analyst, O*NET lists the following occupational task: Identify program deviance from standards, and suggest modifications to ensure compliance.. O*NET occupation: Software Quality Assurance Analysts and Testers (15-1253.00)."
RAG_DOC_0285,Information Technology (IT) Analyst,O*NET Task,O*NET,15-1253.00,"For Information Technology (IT) Analyst, O*NET lists the following occupational task: Perform initial debugging procedures by reviewing configuration files, logs, or code pieces to determine breakdown source.. O*NET occupation: Software Quality Assurance Analysts and Testers (15-1253.00)."
RAG_DOC_0286,Information Technology (IT) Analyst,O*NET Task,O*NET,15-1253.00,"For Information Technology (IT) Analyst, O*NET lists the following occupational task: Design or develop automated testing tools.. O*NET occupation: Software Quality Assurance Analysts and Testers (15-1253.00)."
RAG_DOC_0287,Information Technology (IT) Analyst,O*NET Task,O*NET,15-1253.00,"For Information Technology (IT) Analyst, O*NET lists the following occupational task: Install and configure recreations of software production environments to allow testing of software performance.. O*NET occupation: Software Quality Assurance Analysts and Testers (15-1253.00)."
RAG_DOC_0288,Information Technology (IT) Analyst,O*NET Task,O*NET,15-1253.00,"For Information Technology (IT) Analyst, O*NET lists the following occupational task: Collaborate with field staff or customers to evaluate or diagnose problems and recommend possible solutions.. O*NET occupation: Software Quality Assurance Analysts and Testers (15-1253.00)."
RAG_DOC_0289,Information Technology (IT) Analyst,O*NET Task,O*NET,15-1253.00,"For Information Technology (IT) Analyst, O*NET lists the following occupational task: Coordinate user or third-party testing.. O*NET occupation: Software Quality Assurance Analysts and Testers (15-1253.00)."
RAG_DOC_0290,Information Technology (IT) Analyst,O*NET Task,O*NET,15-1253.00,"For Information Technology (IT) Analyst, O*NET lists the following occupational task: Visit beta testing sites to evaluate software performance.. O*NET occupation: Software Quality Assurance Analysts and Testers (15-1253.00)."
RAG_DOC_0291,Information Technology (IT) Analyst,O*NET Task,O*NET,15-1253.00,"For Information Technology (IT) Analyst, O*NET lists the following occupational task: Conduct historical analyses of test results.. O*NET occupation: Software Quality Assurance Analysts and Testers (15-1253.00)."
RAG_DOC_0292,Information Technology (IT) Analyst,O*NET Task,O*NET,15-1253.00,"For Information Technology (IT) Analyst, O*NET lists the following occupational task: Evaluate or recommend software for testing or bug tracking.. O*NET occupation: Software Quality Assurance Analysts and Testers (15-1253.00)."
RAG_DOC_0293,Information Technology (IT) Analyst,O*NET Task,O*NET,15-1253.00,"For Information Technology (IT) Analyst, O*NET lists the following occupational task: Modify existing software to correct errors, allow it to adapt to new hardware, or to improve its performance.. O*NET occupation: Software Quality Assurance Analysts and Testers (15-1253.00)."
RAG_DOC_0294,Information Technology (IT) Analyst,O*NET Task,O*NET,15-1253.00,"For Information Technology (IT) Analyst, O*NET lists the following occupational task: Recommend purchase of equipment to control dust, temperature, or humidity in area of system installation.. O*NET occupation: Software Quality Assurance Analysts and Testers (15-1253.00)."
RAG_DOC_0295,Information Technology (IT) Analyst,O*NET Task,O*NET,15-1253.00,"For Information Technology (IT) Analyst, O*NET lists the following occupational task: Store, retrieve, and manipulate data for analysis of system capabilities and requirements.. O*NET occupation: Software Quality Assurance Analysts and Testers (15-1253.00)."
RAG_DOC_0296,Secondary School Teacher,O*NET Task,O*NET,25-2031.00,"For Secondary School Teacher, O*NET lists the following occupational task: Prepare students for later grades by encouraging them to explore learning opportunities and to persevere with challenging tasks.. O*NET occupation: Secondary School Teachers, Except Special and Career/Technical Education (25-2031.00)."
RAG_DOC_0297,Secondary School Teacher,O*NET Task,O*NET,25-2031.00,"For Secondary School Teacher, O*NET lists the following occupational task: Instruct through lectures, discussions, and demonstrations in one or more subjects, such as English, mathematics, or social studies.. O*NET occupation: Secondary School Teachers, Except Special and Career/Technical Education (25-2031.00)."
RAG_DOC_0298,Secondary School Teacher,O*NET Task,O*NET,25-2031.00,"For Secondary School Teacher, O*NET lists the following occupational task: Establish and enforce rules for behavior and procedures for maintaining order among students.. O*NET occupation: Secondary School Teachers, Except Special and Career/Technical Education (25-2031.00)."
RAG_DOC_0299,Secondary School Teacher,O*NET Task,O*NET,25-2031.00,"For Secondary School Teacher, O*NET lists the following occupational task: Prepare materials and classrooms for class activities.. O*NET occupation: Secondary School Teachers, Except Special and Career/Technical Education (25-2031.00)."
RAG_DOC_0300,Secondary School Teacher,O*NET Task,O*NET,25-2031.00,"For Secondary School Teacher, O*NET lists the following occupational task: Adapt teaching methods and instructional materials to meet students' varying needs and interests.. O*NET occupation: Secondary School Teachers, Except Special and Career/Technical Education (25-2031.00)."
RAG_DOC_0301,Secondary School Teacher,O*NET Task,O*NET,25-2031.00,"For Secondary School Teacher, O*NET lists the following occupational task: Prepare, administer, and grade tests and assignments to evaluate students' progress.. O*NET occupation: Secondary School Teachers, Except Special and Career/Technical Education (25-2031.00)."
RAG_DOC_0302,Secondary School Teacher,O*NET Task,O*NET,25-2031.00,"For Secondary School Teacher, O*NET lists the following occupational task: Establish clear objectives for all lessons, units, and projects, and communicate those objectives to students.. O*NET occupation: Secondary School Teachers, Except Special and Career/Technical Education (25-2031.00)."
RAG_DOC_0303,Secondary School Teacher,O*NET Task,O*NET,25-2031.00,"For Secondary School Teacher, O*NET lists the following occupational task: Observe and evaluate students' performance, behavior, social development, and physical health.. O*NET occupation: Secondary School Teachers, Except Special and Career/Technical Education (25-2031.00)."
RAG_DOC_0304,Secondary School Teacher,O*NET Task,O*NET,25-2031.00,"For Secondary School Teacher, O*NET lists the following occupational task: Plan and conduct activities for a balanced program of instruction, demonstration, and work time that provides students with opportunities to observe, question, and investigate.. O*NET occupation: Secondary School Teachers, Except Special and Career/Technical Education (25-2031.00)."
RAG_DOC_0305,Secondary School Teacher,O*NET Task,O*NET,25-2031.00,"For Secondary School Teacher, O*NET lists the following occupational task: Guide and counsel students with adjustments, academic problems, or special academic interests.. O*NET occupation: Secondary School Teachers, Except Special and Career/Technical Education (25-2031.00)."
RAG_DOC_0306,Secondary School Teacher,O*NET Task,O*NET,25-2031.00,"For Secondary School Teacher, O*NET lists the following occupational task: Use computers, audio-visual aids, and other equipment and materials to supplement presentations.. O*NET occupation: Secondary School Teachers, Except Special and Career/Technical Education (25-2031.00)."
RAG_DOC_0307,Secondary School Teacher,O*NET Task,O*NET,25-2031.00,"For Secondary School Teacher, O*NET lists the following occupational task: Prepare objectives and outlines for courses of study, following curriculum guidelines or requirements of states and schools.. O*NET occupation: Secondary School Teachers, Except Special and Career/Technical Education (25-2031.00)."
RAG_DOC_0308,Secondary School Teacher,O*NET Task,O*NET,25-2031.00,"For Secondary School Teacher, O*NET lists the following occupational task: Assign and grade class work and homework.. O*NET occupation: Secondary School Teachers, Except Special and Career/Technical Education (25-2031.00)."
RAG_DOC_0309,Secondary School Teacher,O*NET Task,O*NET,25-2031.00,"For Secondary School Teacher, O*NET lists the following occupational task: Maintain accurate and complete student records as required by laws, district policies, and administrative regulations.. O*NET occupation: Secondary School Teachers, Except Special and Career/Technical Education (25-2031.00)."
RAG_DOC_0310,Secondary School Teacher,O*NET Task,O*NET,25-2031.00,"For Secondary School Teacher, O*NET lists the following occupational task: Enforce all administration policies and rules governing students.. O*NET occupation: Secondary School Teachers, Except Special and Career/Technical Education (25-2031.00)."
RAG_DOC_0311,Secondary School Teacher,O*NET Task,O*NET,25-2031.00,"For Secondary School Teacher, O*NET lists the following occupational task: Confer with parents or guardians, other teachers, counselors, and administrators to resolve students' behavioral and academic problems.. O*NET occupation: Secondary School Teachers, Except Special and Career/Technical Education (25-2031.00)."
RAG_DOC_0312,Secondary School Teacher,O*NET Task,O*NET,25-2031.00,"For Secondary School Teacher, O*NET lists the following occupational task: Confer with other staff members to plan and schedule lessons promoting learning, following approved curricula.. O*NET occupation: Secondary School Teachers, Except Special and Career/Technical Education (25-2031.00)."
RAG_DOC_0313,Secondary School Teacher,O*NET Task,O*NET,25-2031.00,"For Secondary School Teacher, O*NET lists the following occupational task: Prepare and implement remedial programs for students requiring extra help.. O*NET occupation: Secondary School Teachers, Except Special and Career/Technical Education (25-2031.00)."
RAG_DOC_0314,Secondary School Teacher,O*NET Task,O*NET,25-2031.00,"For Secondary School Teacher, O*NET lists the following occupational task: Provide students with disabilities with assistive devices, supportive technology, and assistance accessing facilities such as restrooms.. O*NET occupation: Secondary School Teachers, Except Special and Career/Technical Education (25-2031.00)."
RAG_DOC_0315,Secondary School Teacher,O*NET Task,O*NET,25-2031.00,"For Secondary School Teacher, O*NET lists the following occupational task: Meet with other professionals to discuss individual students' needs and progress.. O*NET occupation: Secondary School Teachers, Except Special and Career/Technical Education (25-2031.00)."
RAG_DOC_0316,Secondary School Teacher,O*NET Task,O*NET,25-2031.00,"For Secondary School Teacher, O*NET lists the following occupational task: Meet with parents and guardians to discuss their children's progress and to determine priorities for their children and their resource needs.. O*NET occupation: Secondary School Teachers, Except Special and Career/Technical Education (25-2031.00)."
RAG_DOC_0317,Secondary School Teacher,O*NET Task,O*NET,25-2031.00,"For Secondary School Teacher, O*NET lists the following occupational task: Prepare reports on students and activities as required by administration.. O*NET occupation: Secondary School Teachers, Except Special and Career/Technical Education (25-2031.00)."
RAG_DOC_0318,Secondary School Teacher,O*NET Task,O*NET,25-2031.00,"For Secondary School Teacher, O*NET lists the following occupational task: Instruct and monitor students in the use of equipment and materials to prevent injuries and damage.. O*NET occupation: Secondary School Teachers, Except Special and Career/Technical Education (25-2031.00)."
RAG_DOC_0319,Secondary School Teacher,O*NET Task,O*NET,25-2031.00,"For Secondary School Teacher, O*NET lists the following occupational task: Collaborate with other teachers and administrators in the development, evaluation, and revision of secondary school programs.. O*NET occupation: Secondary School Teachers, Except Special and Career/Technical Education (25-2031.00)."
RAG_DOC_0320,Secondary School Teacher,O*NET Task,O*NET,25-2031.00,"For Secondary School Teacher, O*NET lists the following occupational task: Prepare for assigned classes, and show written evidence of preparation upon request of immediate supervisors.. O*NET occupation: Secondary School Teachers, Except Special and Career/Technical Education (25-2031.00)."
RAG_DOC_0321,Secondary School Teacher,O*NET Task,O*NET,25-2031.00,"For Secondary School Teacher, O*NET lists the following occupational task: Attend professional meetings, educational conferences, and teacher training workshops to maintain and improve professional competence.. O*NET occupation: Secondary School Teachers, Except Special and Career/Technical Education (25-2031.00)."
RAG_DOC_0322,Secondary School Teacher,O*NET Task,O*NET,25-2031.00,"For Secondary School Teacher, O*NET lists the following occupational task: Plan and supervise class projects, field trips, visits by guest speakers, or other experiential activities, and guide students in learning from those activities.. O*NET occupation: Secondary School Teachers, Except Special and Career/Technical Education (25-2031.00)."
RAG_DOC_0323,Secondary School Teacher,O*NET Task,O*NET,25-2031.00,"For Secondary School Teacher, O*NET lists the following occupational task: Attend staff meetings and serve on committees, as required.. O*NET occupation: Secondary School Teachers, Except Special and Career/Technical Education (25-2031.00)."
RAG_DOC_0324,Secondary School Teacher,O*NET Task,O*NET,25-2031.00,"For Secondary School Teacher, O*NET lists the following occupational task: Sponsor extracurricular activities, such as clubs, student organizations, and academic contests.. O*NET occupation: Secondary School Teachers, Except Special and Career/Technical Education (25-2031.00)."
RAG_DOC_0325,Secondary School Teacher,O*NET Task,O*NET,25-2031.00,"For Secondary School Teacher, O*NET lists the following occupational task: Administer standardized ability and achievement tests, and interpret results to determine students' strengths and needs.. O*NET occupation: Secondary School Teachers, Except Special and Career/Technical Education (25-2031.00)."
RAG_DOC_0326,Secondary School Teacher,O*NET Task,O*NET,25-2031.00,"For Secondary School Teacher, O*NET lists the following occupational task: Select, store, order, issue, and inventory classroom equipment, materials, and supplies.. O*NET occupation: Secondary School Teachers, Except Special and Career/Technical Education (25-2031.00)."
RAG_DOC_0327,Secondary School Teacher,O*NET Task,O*NET,25-2031.00,"For Secondary School Teacher, O*NET lists the following occupational task: Perform administrative duties, such as school library assistance, hall and cafeteria monitoring, and bus loading and unloading.. O*NET occupation: Secondary School Teachers, Except Special and Career/Technical Education (25-2031.00)."
RAG_DOC_0328,Licensed Practical Nurse (L.P.N.),O*NET Task,O*NET,29-2061.00,"For Licensed Practical Nurse (L.P.N.), O*NET lists the following occupational task: Observe patients, charting and reporting changes in patients' conditions, such as adverse reactions to medication or treatment, and taking any necessary action.. O*NET occupation: Licensed Practical and Licensed Vocational Nurses (29-2061.00)."
RAG_DOC_0329,Licensed Practical Nurse (L.P.N.),O*NET Task,O*NET,29-2061.00,"For Licensed Practical Nurse (L.P.N.), O*NET lists the following occupational task: Measure and record patients' vital signs, such as height, weight, temperature, blood pressure, pulse, or respiration.. O*NET occupation: Licensed Practical and Licensed Vocational Nurses (29-2061.00)."
RAG_DOC_0330,Licensed Practical Nurse (L.P.N.),O*NET Task,O*NET,29-2061.00,"For Licensed Practical Nurse (L.P.N.), O*NET lists the following occupational task: Administer prescribed medications or start intravenous fluids, noting times and amounts on patients' charts.. O*NET occupation: Licensed Practical and Licensed Vocational Nurses (29-2061.00)."
RAG_DOC_0331,Licensed Practical Nurse (L.P.N.),O*NET Task,O*NET,29-2061.00,"For Licensed Practical Nurse (L.P.N.), O*NET lists the following occupational task: Provide basic patient care or treatments, such as taking temperatures or blood pressures, dressing wounds, treating bedsores, giving enemas or douches, rubbing with alcohol, massaging, or performing catheterizations.. O*NET occupation: Licensed Practical and Licensed Vocational Nurses (29-2061.00)."
RAG_DOC_0332,Licensed Practical Nurse (L.P.N.),O*NET Task,O*NET,29-2061.00,"For Licensed Practical Nurse (L.P.N.), O*NET lists the following occupational task: Answer patients' calls and determine how to assist them.. O*NET occupation: Licensed Practical and Licensed Vocational Nurses (29-2061.00)."
RAG_DOC_0333,Licensed Practical Nurse (L.P.N.),O*NET Task,O*NET,29-2061.00,"For Licensed Practical Nurse (L.P.N.), O*NET lists the following occupational task: Supervise nurses' aides or assistants.. O*NET occupation: Licensed Practical and Licensed Vocational Nurses (29-2061.00)."
RAG_DOC_0334,Licensed Practical Nurse (L.P.N.),O*NET Task,O*NET,29-2061.00,"For Licensed Practical Nurse (L.P.N.), O*NET lists the following occupational task: Evaluate nursing intervention outcomes, conferring with other healthcare team members as necessary.. O*NET occupation: Licensed Practical and Licensed Vocational Nurses (29-2061.00)."
RAG_DOC_0335,Licensed Practical Nurse (L.P.N.),O*NET Task,O*NET,29-2061.00,"For Licensed Practical Nurse (L.P.N.), O*NET lists the following occupational task: Work as part of a healthcare team to assess patient needs, plan and modify care, and implement interventions.. O*NET occupation: Licensed Practical and Licensed Vocational Nurses (29-2061.00)."
RAG_DOC_0336,Licensed Practical Nurse (L.P.N.),O*NET Task,O*NET,29-2061.00,"For Licensed Practical Nurse (L.P.N.), O*NET lists the following occupational task: Record food and fluid intake and output.. O*NET occupation: Licensed Practical and Licensed Vocational Nurses (29-2061.00)."
RAG_DOC_0337,Licensed Practical Nurse (L.P.N.),O*NET Task,O*NET,29-2061.00,"For Licensed Practical Nurse (L.P.N.), O*NET lists the following occupational task: Assemble and use equipment, such as catheters, tracheotomy tubes, or oxygen suppliers.. O*NET occupation: Licensed Practical and Licensed Vocational Nurses (29-2061.00)."
RAG_DOC_0338,Licensed Practical Nurse (L.P.N.),O*NET Task,O*NET,29-2061.00,"For Licensed Practical Nurse (L.P.N.), O*NET lists the following occupational task: Collect samples, such as blood, urine, or sputum from patients, and perform routine laboratory tests on samples.. O*NET occupation: Licensed Practical and Licensed Vocational Nurses (29-2061.00)."
RAG_DOC_0339,Licensed Practical Nurse (L.P.N.),O*NET Task,O*NET,29-2061.00,"For Licensed Practical Nurse (L.P.N.), O*NET lists the following occupational task: Prepare or examine food trays for conformance to prescribed diet.. O*NET occupation: Licensed Practical and Licensed Vocational Nurses (29-2061.00)."
RAG_DOC_0340,Licensed Practical Nurse (L.P.N.),O*NET Task,O*NET,29-2061.00,"For Licensed Practical Nurse (L.P.N.), O*NET lists the following occupational task: Help patients with bathing, dressing, maintaining personal hygiene, moving in bed, or standing and walking.. O*NET occupation: Licensed Practical and Licensed Vocational Nurses (29-2061.00)."
RAG_DOC_0341,Licensed Practical Nurse (L.P.N.),O*NET Task,O*NET,29-2061.00,"For Licensed Practical Nurse (L.P.N.), O*NET lists the following occupational task: Prepare patients for examinations, tests, or treatments and explain procedures.. O*NET occupation: Licensed Practical and Licensed Vocational Nurses (29-2061.00)."
RAG_DOC_0342,Licensed Practical Nurse (L.P.N.),O*NET Task,O*NET,29-2061.00,"For Licensed Practical Nurse (L.P.N.), O*NET lists the following occupational task: Apply compresses, ice bags, or hot water bottles.. O*NET occupation: Licensed Practical and Licensed Vocational Nurses (29-2061.00)."
RAG_DOC_0343,Licensed Practical Nurse (L.P.N.),O*NET Task,O*NET,29-2061.00,"For Licensed Practical Nurse (L.P.N.), O*NET lists the following occupational task: Provide medical treatment or personal care to patients in private home settings, such as cooking, keeping rooms orderly, seeing that patients are comfortable and in good spirits, or instructing family members in simple nursing tasks.. O*NET occupation: Licensed Practical and Licensed Vocational Nurses (29-2061.00)."
RAG_DOC_0344,Licensed Practical Nurse (L.P.N.),O*NET Task,O*NET,29-2061.00,"For Licensed Practical Nurse (L.P.N.), O*NET lists the following occupational task: Sterilize equipment and supplies, using germicides, sterilizer, or autoclave.. O*NET occupation: Licensed Practical and Licensed Vocational Nurses (29-2061.00)."
RAG_DOC_0345,Licensed Practical Nurse (L.P.N.),O*NET Task,O*NET,29-2061.00,"For Licensed Practical Nurse (L.P.N.), O*NET lists the following occupational task: Make appointments, keep records, or perform other clerical duties in doctors' offices or clinics.. O*NET occupation: Licensed Practical and Licensed Vocational Nurses (29-2061.00)."
RAG_DOC_0346,Licensed Practical Nurse (L.P.N.),O*NET Task,O*NET,29-2061.00,"For Licensed Practical Nurse (L.P.N.), O*NET lists the following occupational task: Set up equipment and prepare medical treatment rooms.. O*NET occupation: Licensed Practical and Licensed Vocational Nurses (29-2061.00)."
RAG_DOC_0347,Licensed Practical Nurse (L.P.N.),O*NET Task,O*NET,29-2061.00,"For Licensed Practical Nurse (L.P.N.), O*NET lists the following occupational task: Wash and dress bodies of deceased persons.. O*NET occupation: Licensed Practical and Licensed Vocational Nurses (29-2061.00)."
RAG_DOC_0348,Licensed Practical Nurse (L.P.N.),O*NET Task,O*NET,29-2061.00,"For Licensed Practical Nurse (L.P.N.), O*NET lists the following occupational task: Clean rooms and make beds.. O*NET occupation: Licensed Practical and Licensed Vocational Nurses (29-2061.00)."
RAG_DOC_0349,Licensed Practical Nurse (L.P.N.),O*NET Task,O*NET,29-2061.00,"For Licensed Practical Nurse (L.P.N.), O*NET lists the following occupational task: Inventory and requisition supplies and instruments.. O*NET occupation: Licensed Practical and Licensed Vocational Nurses (29-2061.00)."
RAG_DOC_0350,Continuing Care Assistant,O*NET Task,O*NET,31-1131.00,"For Continuing Care Assistant, O*NET lists the following occupational task: Turn or reposition bedridden patients.. O*NET occupation: Nursing Assistants (31-1131.00)."
RAG_DOC_0351,Continuing Care Assistant,O*NET Task,O*NET,31-1131.00,"For Continuing Care Assistant, O*NET lists the following occupational task: Answer patient call signals, signal lights, bells, or intercom systems to determine patients' needs.. O*NET occupation: Nursing Assistants (31-1131.00)."
RAG_DOC_0352,Continuing Care Assistant,O*NET Task,O*NET,31-1131.00,"For Continuing Care Assistant, O*NET lists the following occupational task: Feed patients or assist patients to eat or drink.. O*NET occupation: Nursing Assistants (31-1131.00)."
RAG_DOC_0353,Continuing Care Assistant,O*NET Task,O*NET,31-1131.00,"For Continuing Care Assistant, O*NET lists the following occupational task: Measure and record food and liquid intake or urinary and fecal output, reporting changes to medical or nursing staff.. O*NET occupation: Nursing Assistants (31-1131.00)."
RAG_DOC_0354,Continuing Care Assistant,O*NET Task,O*NET,31-1131.00,"For Continuing Care Assistant, O*NET lists the following occupational task: Provide physical support to assist patients to perform daily living activities, such as getting out of bed, bathing, dressing, using the toilet, standing, walking, or exercising.. O*NET occupation: Nursing Assistants (31-1131.00)."
RAG_DOC_0355,Continuing Care Assistant,O*NET Task,O*NET,31-1131.00,"For Continuing Care Assistant, O*NET lists the following occupational task: Document or otherwise report observations of patient behavior, complaints, or physical symptoms to nurses.. O*NET occupation: Nursing Assistants (31-1131.00)."
RAG_DOC_0356,Continuing Care Assistant,O*NET Task,O*NET,31-1131.00,"For Continuing Care Assistant, O*NET lists the following occupational task: Remind patients to take medications or nutritional supplements.. O*NET occupation: Nursing Assistants (31-1131.00)."
RAG_DOC_0357,Continuing Care Assistant,O*NET Task,O*NET,31-1131.00,"For Continuing Care Assistant, O*NET lists the following occupational task: Review patients' dietary restrictions, food allergies, and preferences to ensure patient receives appropriate diet.. O*NET occupation: Nursing Assistants (31-1131.00)."
RAG_DOC_0358,Continuing Care Assistant,O*NET Task,O*NET,31-1131.00,"For Continuing Care Assistant, O*NET lists the following occupational task: Undress, wash, and dress patients who are unable to do so for themselves.. O*NET occupation: Nursing Assistants (31-1131.00)."
RAG_DOC_0359,Continuing Care Assistant,O*NET Task,O*NET,31-1131.00,"For Continuing Care Assistant, O*NET lists the following occupational task: Observe or examine patients to detect symptoms that may require medical attention, such as bruises, open wounds, or blood in urine.. O*NET occupation: Nursing Assistants (31-1131.00)."
RAG_DOC_0360,Continuing Care Assistant,O*NET Task,O*NET,31-1131.00,"For Continuing Care Assistant, O*NET lists the following occupational task: Lift or assist others to lift patients to move them on or off beds, examination tables, surgical tables, or stretchers.. O*NET occupation: Nursing Assistants (31-1131.00)."
RAG_DOC_0361,Continuing Care Assistant,O*NET Task,O*NET,31-1131.00,"For Continuing Care Assistant, O*NET lists the following occupational task: Supply, collect, or empty bedpans.. O*NET occupation: Nursing Assistants (31-1131.00)."
RAG_DOC_0362,Continuing Care Assistant,O*NET Task,O*NET,31-1131.00,"For Continuing Care Assistant, O*NET lists the following occupational task: Communicate with patients to ascertain feelings or need for assistance or social and emotional support.. O*NET occupation: Nursing Assistants (31-1131.00)."
RAG_DOC_0363,Continuing Care Assistant,O*NET Task,O*NET,31-1131.00,"For Continuing Care Assistant, O*NET lists the following occupational task: Record vital signs, such as temperature, blood pressure, pulse, or respiration rate, as directed by medical or nursing staff.. O*NET occupation: Nursing Assistants (31-1131.00)."
RAG_DOC_0364,Continuing Care Assistant,O*NET Task,O*NET,31-1131.00,"For Continuing Care Assistant, O*NET lists the following occupational task: Gather information from caregivers, nurses, or physicians about patient condition, treatment plans, or appropriate activities.. O*NET occupation: Nursing Assistants (31-1131.00)."
RAG_DOC_0365,Continuing Care Assistant,O*NET Task,O*NET,31-1131.00,"For Continuing Care Assistant, O*NET lists the following occupational task: Wash, groom, shave, or drape patients to prepare them for surgery, treatment, or examination.. O*NET occupation: Nursing Assistants (31-1131.00)."
RAG_DOC_0366,Continuing Care Assistant,O*NET Task,O*NET,31-1131.00,"For Continuing Care Assistant, O*NET lists the following occupational task: Prepare or serve food trays.. O*NET occupation: Nursing Assistants (31-1131.00)."
RAG_DOC_0367,Continuing Care Assistant,O*NET Task,O*NET,31-1131.00,"For Continuing Care Assistant, O*NET lists the following occupational task: Change bed linens or make beds.. O*NET occupation: Nursing Assistants (31-1131.00)."
RAG_DOC_0368,Continuing Care Assistant,O*NET Task,O*NET,31-1131.00,"For Continuing Care Assistant, O*NET lists the following occupational task: Exercise patients who are comatose, paralyzed, or have restricted mobility.. O*NET occupation: Nursing Assistants (31-1131.00)."
RAG_DOC_0369,Continuing Care Assistant,O*NET Task,O*NET,31-1131.00,"For Continuing Care Assistant, O*NET lists the following occupational task: Restock patient rooms with personal hygiene items, such as towels, washcloths, soap, or toilet paper.. O*NET occupation: Nursing Assistants (31-1131.00)."
RAG_DOC_0370,Continuing Care Assistant,O*NET Task,O*NET,31-1131.00,"For Continuing Care Assistant, O*NET lists the following occupational task: Clean and sanitize patient rooms, bathrooms, examination rooms, or other patient areas.. O*NET occupation: Nursing Assistants (31-1131.00)."
RAG_DOC_0371,Continuing Care Assistant,O*NET Task,O*NET,31-1131.00,"For Continuing Care Assistant, O*NET lists the following occupational task: Assist nurses or physicians in the operation of medical equipment or provision of patient care.. O*NET occupation: Nursing Assistants (31-1131.00)."
RAG_DOC_0372,Continuing Care Assistant,O*NET Task,O*NET,31-1131.00,"For Continuing Care Assistant, O*NET lists the following occupational task: Record height or weight of patients.. O*NET occupation: Nursing Assistants (31-1131.00)."
RAG_DOC_0373,Continuing Care Assistant,O*NET Task,O*NET,31-1131.00,"For Continuing Care Assistant, O*NET lists the following occupational task: Transport patients to treatment units, testing units, operating rooms, or other areas, using wheelchairs, stretchers, or moveable beds.. O*NET occupation: Nursing Assistants (31-1131.00)."
RAG_DOC_0374,Continuing Care Assistant,O*NET Task,O*NET,31-1131.00,"For Continuing Care Assistant, O*NET lists the following occupational task: Collect specimens, such as urine, feces, or sputum.. O*NET occupation: Nursing Assistants (31-1131.00)."
RAG_DOC_0375,Continuing Care Assistant,O*NET Task,O*NET,31-1131.00,"For Continuing Care Assistant, O*NET lists the following occupational task: Provide information, such as directions, visiting hours, or patient status information to visitors or callers.. O*NET occupation: Nursing Assistants (31-1131.00)."
RAG_DOC_0376,Continuing Care Assistant,O*NET Task,O*NET,31-1131.00,"For Continuing Care Assistant, O*NET lists the following occupational task: Position or hold patients in position for surgical preparation.. O*NET occupation: Nursing Assistants (31-1131.00)."
RAG_DOC_0377,Continuing Care Assistant,O*NET Task,O*NET,31-1131.00,"For Continuing Care Assistant, O*NET lists the following occupational task: Set up treating or testing equipment, such as oxygen tents, portable radiograph (x-ray) equipment, or overhead irrigation bottles, as directed by a physician or nurse.. O*NET occupation: Nursing Assistants (31-1131.00)."
RAG_DOC_0378,Continuing Care Assistant,O*NET Task,O*NET,31-1131.00,"For Continuing Care Assistant, O*NET lists the following occupational task: Administer medications or treatments, such as catheterizations, suppositories, irrigations, enemas, massages, or douches, as directed by a physician or nurse.. O*NET occupation: Nursing Assistants (31-1131.00)."
RAG_DOC_0379,Continuing Care Assistant,O*NET Task,O*NET,31-1131.00,"For Continuing Care Assistant, O*NET lists the following occupational task: Apply clean dressings, slings, stockings, or support bandages, under direction of nurse or physician.. O*NET occupation: Nursing Assistants (31-1131.00)."
RAG_DOC_0380,Continuing Care Assistant,O*NET Task,O*NET,31-1131.00,"For Continuing Care Assistant, O*NET lists the following occupational task: Stock or issue medical supplies, such as dressing packs or treatment trays.. O*NET occupation: Nursing Assistants (31-1131.00)."
RAG_DOC_0381,Continuing Care Assistant,O*NET Task,O*NET,31-1131.00,"For Continuing Care Assistant, O*NET lists the following occupational task: Explain medical instructions to patients or family members.. O*NET occupation: Nursing Assistants (31-1131.00)."
RAG_DOC_0382,Continuing Care Assistant,O*NET Task,O*NET,31-1131.00,"For Continuing Care Assistant, O*NET lists the following occupational task: Transport specimens, laboratory items, or pharmacy items, ensuring proper documentation and delivery to authorized personnel.. O*NET occupation: Nursing Assistants (31-1131.00)."
RAG_DOC_0383,Continuing Care Assistant,O*NET Task,O*NET,31-1132.00,"For Continuing Care Assistant, O*NET lists the following occupational task: Lift or assist others to lift patients to move them on or off beds, examination tables, surgical tables, or stretchers.. O*NET occupation: Orderlies (31-1132.00)."
RAG_DOC_0384,Continuing Care Assistant,O*NET Task,O*NET,31-1132.00,"For Continuing Care Assistant, O*NET lists the following occupational task: Transport patients to treatment units, testing units, operating rooms, or other areas, using wheelchairs, stretchers, or moveable beds.. O*NET occupation: Orderlies (31-1132.00)."
RAG_DOC_0385,Continuing Care Assistant,O*NET Task,O*NET,31-1132.00,"For Continuing Care Assistant, O*NET lists the following occupational task: Disinfect or sterilize equipment or supplies, using germicides or sterilizing equipment.. O*NET occupation: Orderlies (31-1132.00)."
RAG_DOC_0386,Continuing Care Assistant,O*NET Task,O*NET,31-1132.00,"For Continuing Care Assistant, O*NET lists the following occupational task: Clean equipment, such as wheelchairs, hospital beds, or portable medical equipment, documenting needed repairs or maintenance.. O*NET occupation: Orderlies (31-1132.00)."
RAG_DOC_0387,Continuing Care Assistant,O*NET Task,O*NET,31-1132.00,"For Continuing Care Assistant, O*NET lists the following occupational task: Respond to emergency situations, such as emergency medical calls, security calls, or fire alarms.. O*NET occupation: Orderlies (31-1132.00)."
RAG_DOC_0388,Continuing Care Assistant,O*NET Task,O*NET,31-1132.00,"For Continuing Care Assistant, O*NET lists the following occupational task: Change soiled linens, such as bed linens, drapes, or cubicle curtains.. O*NET occupation: Orderlies (31-1132.00)."
RAG_DOC_0389,Continuing Care Assistant,O*NET Task,O*NET,31-1132.00,"For Continuing Care Assistant, O*NET lists the following occupational task: Carry messages or documents between departments.. O*NET occupation: Orderlies (31-1132.00)."
RAG_DOC_0390,Continuing Care Assistant,O*NET Task,O*NET,31-1132.00,"For Continuing Care Assistant, O*NET lists the following occupational task: Transport portable medical equipment or medical supplies between rooms or departments.. O*NET occupation: Orderlies (31-1132.00)."
RAG_DOC_0391,Continuing Care Assistant,O*NET Task,O*NET,31-1132.00,"For Continuing Care Assistant, O*NET lists the following occupational task: Clean and sanitize patient rooms, bathrooms, examination rooms, or other patient areas.. O*NET occupation: Orderlies (31-1132.00)."
RAG_DOC_0392,Continuing Care Assistant,O*NET Task,O*NET,31-1132.00,"For Continuing Care Assistant, O*NET lists the following occupational task: Collect and transport infectious or hazardous waste in closed containers for sterilization or disposal, in accordance with applicable law, standards, or policies.. O*NET occupation: Orderlies (31-1132.00)."
RAG_DOC_0393,Continuing Care Assistant,O*NET Task,O*NET,31-1132.00,"For Continuing Care Assistant, O*NET lists the following occupational task: Transport specimens, laboratory items, or pharmacy items, ensuring proper documentation and delivery to authorized personnel.. O*NET occupation: Orderlies (31-1132.00)."
RAG_DOC_0394,Continuing Care Assistant,O*NET Task,O*NET,31-1132.00,"For Continuing Care Assistant, O*NET lists the following occupational task: Collect soiled linen or trash.. O*NET occupation: Orderlies (31-1132.00)."
RAG_DOC_0395,Continuing Care Assistant,O*NET Task,O*NET,31-1132.00,"For Continuing Care Assistant, O*NET lists the following occupational task: Provide physical support to patients to assist them to perform daily living activities, such as getting out of bed, bathing, dressing, using the toilet, standing, walking, or exercising.. O*NET occupation: Orderlies (31-1132.00)."
RAG_DOC_0396,Continuing Care Assistant,O*NET Task,O*NET,31-1132.00,"For Continuing Care Assistant, O*NET lists the following occupational task: Separate collected materials for disposal, recycling, or reuse, in accordance with environmental policies.. O*NET occupation: Orderlies (31-1132.00)."
RAG_DOC_0397,Continuing Care Assistant,O*NET Task,O*NET,31-1132.00,"For Continuing Care Assistant, O*NET lists the following occupational task: Restrain patients to prevent violence or injury or to assist physicians or nurses to administer treatments.. O*NET occupation: Orderlies (31-1132.00)."
RAG_DOC_0398,Continuing Care Assistant,O*NET Task,O*NET,31-1132.00,"For Continuing Care Assistant, O*NET lists the following occupational task: Turn or reposition bedridden patients, alone or with assistance, to prevent bedsores.. O*NET occupation: Orderlies (31-1132.00)."
RAG_DOC_0399,Continuing Care Assistant,O*NET Task,O*NET,31-1132.00,"For Continuing Care Assistant, O*NET lists the following occupational task: Position or hold patients in position for surgical preparation.. O*NET occupation: Orderlies (31-1132.00)."
RAG_DOC_0400,Continuing Care Assistant,O*NET Task,O*NET,31-1132.00,"For Continuing Care Assistant, O*NET lists the following occupational task: Stock utility rooms, nonmedical storage rooms, or cleaning carts with supplies.. O*NET occupation: Orderlies (31-1132.00)."
RAG_DOC_0401,Continuing Care Assistant,O*NET Task,O*NET,31-1132.00,"For Continuing Care Assistant, O*NET lists the following occupational task: Answer patient call signals, signal lights, bells, or intercom systems to determine patients' needs.. O*NET occupation: Orderlies (31-1132.00)."
RAG_DOC_0402,Continuing Care Assistant,O*NET Task,O*NET,31-1132.00,"For Continuing Care Assistant, O*NET lists the following occupational task: Stock or issue medical supplies, such as dressing packs or treatment trays.. O*NET occupation: Orderlies (31-1132.00)."
RAG_DOC_0403,Continuing Care Assistant,O*NET Task,O*NET,31-1132.00,"For Continuing Care Assistant, O*NET lists the following occupational task: Transport bodies to the morgue.. O*NET occupation: Orderlies (31-1132.00)."
RAG_DOC_0404,Continuing Care Assistant,O*NET Task,O*NET,31-1132.00,"For Continuing Care Assistant, O*NET lists the following occupational task: Serve or collect food trays.. O*NET occupation: Orderlies (31-1132.00)."
RAG_DOC_0405,Food Service Supervisor,O*NET Task,O*NET,35-1012.00,"For Food Service Supervisor, O*NET lists the following occupational task: Resolve customer complaints regarding food service.. O*NET occupation: First-Line Supervisors of Food Preparation and Serving Workers (35-1012.00)."
RAG_DOC_0406,Food Service Supervisor,O*NET Task,O*NET,35-1012.00,"For Food Service Supervisor, O*NET lists the following occupational task: Train workers in food preparation, and in service, sanitation, and safety procedures.. O*NET occupation: First-Line Supervisors of Food Preparation and Serving Workers (35-1012.00)."
RAG_DOC_0407,Food Service Supervisor,O*NET Task,O*NET,35-1012.00,"For Food Service Supervisor, O*NET lists the following occupational task: Assign duties, responsibilities, and work stations to employees in accordance with work requirements.. O*NET occupation: First-Line Supervisors of Food Preparation and Serving Workers (35-1012.00)."
RAG_DOC_0408,Food Service Supervisor,O*NET Task,O*NET,35-1012.00,"For Food Service Supervisor, O*NET lists the following occupational task: Present bills and accept payments.. O*NET occupation: First-Line Supervisors of Food Preparation and Serving Workers (35-1012.00)."
RAG_DOC_0409,Food Service Supervisor,O*NET Task,O*NET,35-1012.00,"For Food Service Supervisor, O*NET lists the following occupational task: Perform various financial activities, such as cash handling, deposit preparation, and payroll.. O*NET occupation: First-Line Supervisors of Food Preparation and Serving Workers (35-1012.00)."
RAG_DOC_0410,Food Service Supervisor,O*NET Task,O*NET,35-1012.00,"For Food Service Supervisor, O*NET lists the following occupational task: Supervise and participate in kitchen and dining area cleaning activities.. O*NET occupation: First-Line Supervisors of Food Preparation and Serving Workers (35-1012.00)."
RAG_DOC_0411,Food Service Supervisor,O*NET Task,O*NET,35-1012.00,"For Food Service Supervisor, O*NET lists the following occupational task: Recommend measures for improving work procedures and worker performance to increase service quality and enhance job safety.. O*NET occupation: First-Line Supervisors of Food Preparation and Serving Workers (35-1012.00)."
RAG_DOC_0412,Food Service Supervisor,O*NET Task,O*NET,35-1012.00,"For Food Service Supervisor, O*NET lists the following occupational task: Specify food portions and courses, production and time sequences, and workstation and equipment arrangements.. O*NET occupation: First-Line Supervisors of Food Preparation and Serving Workers (35-1012.00)."
RAG_DOC_0413,Food Service Supervisor,O*NET Task,O*NET,35-1012.00,"For Food Service Supervisor, O*NET lists the following occupational task: Control inventories of food, equipment, smallware, and liquor, and report shortages to designated personnel.. O*NET occupation: First-Line Supervisors of Food Preparation and Serving Workers (35-1012.00)."
RAG_DOC_0414,Food Service Supervisor,O*NET Task,O*NET,35-1012.00,"For Food Service Supervisor, O*NET lists the following occupational task: Observe and evaluate workers and work procedures to ensure quality standards and service, and complete disciplinary write-ups.. O*NET occupation: First-Line Supervisors of Food Preparation and Serving Workers (35-1012.00)."
RAG_DOC_0415,Food Service Supervisor,O*NET Task,O*NET,35-1012.00,"For Food Service Supervisor, O*NET lists the following occupational task: Analyze operational problems, such as theft and wastage, and establish procedures to alleviate these problems.. O*NET occupation: First-Line Supervisors of Food Preparation and Serving Workers (35-1012.00)."
RAG_DOC_0416,Food Service Supervisor,O*NET Task,O*NET,35-1012.00,"For Food Service Supervisor, O*NET lists the following occupational task: Inspect supplies, equipment, and work areas to ensure efficient service and conformance to standards.. O*NET occupation: First-Line Supervisors of Food Preparation and Serving Workers (35-1012.00)."
RAG_DOC_0417,Food Service Supervisor,O*NET Task,O*NET,35-1012.00,"For Food Service Supervisor, O*NET lists the following occupational task: Greet and seat guests, and present menus and wine lists.. O*NET occupation: First-Line Supervisors of Food Preparation and Serving Workers (35-1012.00)."
RAG_DOC_0418,Food Service Supervisor,O*NET Task,O*NET,35-1012.00,"For Food Service Supervisor, O*NET lists the following occupational task: Evaluate new products for usefulness and suitability.. O*NET occupation: First-Line Supervisors of Food Preparation and Serving Workers (35-1012.00)."
RAG_DOC_0419,Food Service Supervisor,O*NET Task,O*NET,35-1012.00,"For Food Service Supervisor, O*NET lists the following occupational task: Compile and balance cash receipts at the end of the day or shift.. O*NET occupation: First-Line Supervisors of Food Preparation and Serving Workers (35-1012.00)."
RAG_DOC_0420,Food Service Supervisor,O*NET Task,O*NET,35-1012.00,"For Food Service Supervisor, O*NET lists the following occupational task: Forecast staff, equipment, and supply requirements, based on a master menu.. O*NET occupation: First-Line Supervisors of Food Preparation and Serving Workers (35-1012.00)."
RAG_DOC_0421,Food Service Supervisor,O*NET Task,O*NET,35-1012.00,"For Food Service Supervisor, O*NET lists the following occupational task: Assess nutritional needs of patients, plan special menus, supervise the assembly of regular and special diet trays, and oversee the delivery of food trolleys to hospital patients.. O*NET occupation: First-Line Supervisors of Food Preparation and Serving Workers (35-1012.00)."
RAG_DOC_0422,Food Service Supervisor,O*NET Task,O*NET,35-1012.00,"For Food Service Supervisor, O*NET lists the following occupational task: Record production, operational, and personnel data on specified forms.. O*NET occupation: First-Line Supervisors of Food Preparation and Serving Workers (35-1012.00)."
RAG_DOC_0423,Food Service Supervisor,O*NET Task,O*NET,35-1012.00,"For Food Service Supervisor, O*NET lists the following occupational task: Perform personnel actions, such as hiring and firing staff, providing employee orientation and training, and conducting supervisory activities, such as creating work schedules or organizing employee time sheets.. O*NET occupation: First-Line Supervisors of Food Preparation and Serving Workers (35-1012.00)."
RAG_DOC_0424,Food Service Supervisor,O*NET Task,O*NET,35-1012.00,"For Food Service Supervisor, O*NET lists the following occupational task: Estimate ingredients and supplies required to prepare a recipe.. O*NET occupation: First-Line Supervisors of Food Preparation and Serving Workers (35-1012.00)."
RAG_DOC_0425,Food Service Supervisor,O*NET Task,O*NET,35-1012.00,"For Food Service Supervisor, O*NET lists the following occupational task: Purchase or requisition supplies and equipment needed to ensure quality and timely delivery of services.. O*NET occupation: First-Line Supervisors of Food Preparation and Serving Workers (35-1012.00)."
RAG_DOC_0426,Food Service Supervisor,O*NET Task,O*NET,35-1012.00,"For Food Service Supervisor, O*NET lists the following occupational task: Perform food preparation and serving duties, such as carving meat, preparing flambe dishes, or serving wine and liquor.. O*NET occupation: First-Line Supervisors of Food Preparation and Serving Workers (35-1012.00)."
RAG_DOC_0427,Food Service Supervisor,O*NET Task,O*NET,35-1012.00,"For Food Service Supervisor, O*NET lists the following occupational task: Schedule parties and take reservations.. O*NET occupation: First-Line Supervisors of Food Preparation and Serving Workers (35-1012.00)."
RAG_DOC_0428,Food Service Supervisor,O*NET Task,O*NET,35-1012.00,"For Food Service Supervisor, O*NET lists the following occupational task: Develop departmental objectives, budgets, policies, procedures, and strategies.. O*NET occupation: First-Line Supervisors of Food Preparation and Serving Workers (35-1012.00)."
RAG_DOC_0429,Food Service Supervisor,O*NET Task,O*NET,35-1012.00,"For Food Service Supervisor, O*NET lists the following occupational task: Conduct meetings and collaborate with other personnel for menu planning, serving arrangements, and related details.. O*NET occupation: First-Line Supervisors of Food Preparation and Serving Workers (35-1012.00)."
RAG_DOC_0430,Food Service Supervisor,O*NET Task,O*NET,35-1012.00,"For Food Service Supervisor, O*NET lists the following occupational task: Develop equipment maintenance schedules and arrange for repairs.. O*NET occupation: First-Line Supervisors of Food Preparation and Serving Workers (35-1012.00)."
RAG_DOC_0431,Retail Sales Associate,O*NET Task,O*NET,41-2031.00,"For Retail Sales Associate, O*NET lists the following occupational task: Greet customers and ascertain what each customer wants or needs.. O*NET occupation: Retail Salespersons (41-2031.00)."
RAG_DOC_0432,Inside Sales Representative,O*NET Task,O*NET,41-2031.00,"For Inside Sales Representative, O*NET lists the following occupational task: Greet customers and ascertain what each customer wants or needs.. O*NET occupation: Retail Salespersons (41-2031.00)."
RAG_DOC_0433,Retail Sales Associate,O*NET Task,O*NET,41-2031.00,"For Retail Sales Associate, O*NET lists the following occupational task: Recommend, select, and help locate or obtain merchandise based on customer needs and desires.. O*NET occupation: Retail Salespersons (41-2031.00)."
RAG_DOC_0434,Inside Sales Representative,O*NET Task,O*NET,41-2031.00,"For Inside Sales Representative, O*NET lists the following occupational task: Recommend, select, and help locate or obtain merchandise based on customer needs and desires.. O*NET occupation: Retail Salespersons (41-2031.00)."
RAG_DOC_0435,Retail Sales Associate,O*NET Task,O*NET,41-2031.00,"For Retail Sales Associate, O*NET lists the following occupational task: Compute sales prices, total purchases, and receive and process cash or credit payment.. O*NET occupation: Retail Salespersons (41-2031.00)."
RAG_DOC_0436,Inside Sales Representative,O*NET Task,O*NET,41-2031.00,"For Inside Sales Representative, O*NET lists the following occupational task: Compute sales prices, total purchases, and receive and process cash or credit payment.. O*NET occupation: Retail Salespersons (41-2031.00)."
RAG_DOC_0437,Retail Sales Associate,O*NET Task,O*NET,41-2031.00,"For Retail Sales Associate, O*NET lists the following occupational task: Prepare merchandise for purchase or rental.. O*NET occupation: Retail Salespersons (41-2031.00)."
RAG_DOC_0438,Inside Sales Representative,O*NET Task,O*NET,41-2031.00,"For Inside Sales Representative, O*NET lists the following occupational task: Prepare merchandise for purchase or rental.. O*NET occupation: Retail Salespersons (41-2031.00)."
RAG_DOC_0439,Retail Sales Associate,O*NET Task,O*NET,41-2031.00,"For Retail Sales Associate, O*NET lists the following occupational task: Answer questions regarding the store and its merchandise.. O*NET occupation: Retail Salespersons (41-2031.00)."
RAG_DOC_0440,Inside Sales Representative,O*NET Task,O*NET,41-2031.00,"For Inside Sales Representative, O*NET lists the following occupational task: Answer questions regarding the store and its merchandise.. O*NET occupation: Retail Salespersons (41-2031.00)."
RAG_DOC_0441,Retail Sales Associate,O*NET Task,O*NET,41-2031.00,"For Retail Sales Associate, O*NET lists the following occupational task: Maintain knowledge of current sales and promotions, policies regarding payment and exchanges, and security practices.. O*NET occupation: Retail Salespersons (41-2031.00)."
RAG_DOC_0442,Inside Sales Representative,O*NET Task,O*NET,41-2031.00,"For Inside Sales Representative, O*NET lists the following occupational task: Maintain knowledge of current sales and promotions, policies regarding payment and exchanges, and security practices.. O*NET occupation: Retail Salespersons (41-2031.00)."
RAG_DOC_0443,Retail Sales Associate,O*NET Task,O*NET,41-2031.00,"For Retail Sales Associate, O*NET lists the following occupational task: Demonstrate use or operation of merchandise.. O*NET occupation: Retail Salespersons (41-2031.00)."
RAG_DOC_0444,Inside Sales Representative,O*NET Task,O*NET,41-2031.00,"For Inside Sales Representative, O*NET lists the following occupational task: Demonstrate use or operation of merchandise.. O*NET occupation: Retail Salespersons (41-2031.00)."
RAG_DOC_0445,Retail Sales Associate,O*NET Task,O*NET,41-2031.00,"For Retail Sales Associate, O*NET lists the following occupational task: Describe merchandise and explain use, operation, and care of merchandise to customers.. O*NET occupation: Retail Salespersons (41-2031.00)."
RAG_DOC_0446,Inside Sales Representative,O*NET Task,O*NET,41-2031.00,"For Inside Sales Representative, O*NET lists the following occupational task: Describe merchandise and explain use, operation, and care of merchandise to customers.. O*NET occupation: Retail Salespersons (41-2031.00)."
RAG_DOC_0447,Retail Sales Associate,O*NET Task,O*NET,41-2031.00,"For Retail Sales Associate, O*NET lists the following occupational task: Ticket, arrange, and display merchandise to promote sales.. O*NET occupation: Retail Salespersons (41-2031.00)."
RAG_DOC_0448,Inside Sales Representative,O*NET Task,O*NET,41-2031.00,"For Inside Sales Representative, O*NET lists the following occupational task: Ticket, arrange, and display merchandise to promote sales.. O*NET occupation: Retail Salespersons (41-2031.00)."
RAG_DOC_0449,Retail Sales Associate,O*NET Task,O*NET,41-2031.00,"For Retail Sales Associate, O*NET lists the following occupational task: Inventory stock and requisition new stock.. O*NET occupation: Retail Salespersons (41-2031.00)."
RAG_DOC_0450,Inside Sales Representative,O*NET Task,O*NET,41-2031.00,"For Inside Sales Representative, O*NET lists the following occupational task: Inventory stock and requisition new stock.. O*NET occupation: Retail Salespersons (41-2031.00)."
RAG_DOC_0451,Retail Sales Associate,O*NET Task,O*NET,41-2031.00,"For Retail Sales Associate, O*NET lists the following occupational task: Exchange merchandise for customers and accept returns.. O*NET occupation: Retail Salespersons (41-2031.00)."
RAG_DOC_0452,Inside Sales Representative,O*NET Task,O*NET,41-2031.00,"For Inside Sales Representative, O*NET lists the following occupational task: Exchange merchandise for customers and accept returns.. O*NET occupation: Retail Salespersons (41-2031.00)."
RAG_DOC_0453,Retail Sales Associate,O*NET Task,O*NET,41-2031.00,"For Retail Sales Associate, O*NET lists the following occupational task: Watch for and recognize security risks and thefts and know how to prevent or handle these situations.. O*NET occupation: Retail Salespersons (41-2031.00)."
RAG_DOC_0454,Inside Sales Representative,O*NET Task,O*NET,41-2031.00,"For Inside Sales Representative, O*NET lists the following occupational task: Watch for and recognize security risks and thefts and know how to prevent or handle these situations.. O*NET occupation: Retail Salespersons (41-2031.00)."
RAG_DOC_0455,Retail Sales Associate,O*NET Task,O*NET,41-2031.00,"For Retail Sales Associate, O*NET lists the following occupational task: Place special orders or call other stores to find desired items.. O*NET occupation: Retail Salespersons (41-2031.00)."
RAG_DOC_0456,Inside Sales Representative,O*NET Task,O*NET,41-2031.00,"For Inside Sales Representative, O*NET lists the following occupational task: Place special orders or call other stores to find desired items.. O*NET occupation: Retail Salespersons (41-2031.00)."
RAG_DOC_0457,Retail Sales Associate,O*NET Task,O*NET,41-2031.00,"For Retail Sales Associate, O*NET lists the following occupational task: Clean shelves, counters, and tables.. O*NET occupation: Retail Salespersons (41-2031.00)."
RAG_DOC_0458,Inside Sales Representative,O*NET Task,O*NET,41-2031.00,"For Inside Sales Representative, O*NET lists the following occupational task: Clean shelves, counters, and tables.. O*NET occupation: Retail Salespersons (41-2031.00)."
RAG_DOC_0459,Retail Sales Associate,O*NET Task,O*NET,41-2031.00,"For Retail Sales Associate, O*NET lists the following occupational task: Maintain records related to sales.. O*NET occupation: Retail Salespersons (41-2031.00)."
RAG_DOC_0460,Inside Sales Representative,O*NET Task,O*NET,41-2031.00,"For Inside Sales Representative, O*NET lists the following occupational task: Maintain records related to sales.. O*NET occupation: Retail Salespersons (41-2031.00)."
RAG_DOC_0461,Retail Sales Associate,O*NET Task,O*NET,41-2031.00,"For Retail Sales Associate, O*NET lists the following occupational task: Open and close cash registers, performing tasks such as counting money, separating charge slips, coupons, and vouchers, balancing cash drawers, and making deposits.. O*NET occupation: Retail Salespersons (41-2031.00)."
RAG_DOC_0462,Inside Sales Representative,O*NET Task,O*NET,41-2031.00,"For Inside Sales Representative, O*NET lists the following occupational task: Open and close cash registers, performing tasks such as counting money, separating charge slips, coupons, and vouchers, balancing cash drawers, and making deposits.. O*NET occupation: Retail Salespersons (41-2031.00)."
RAG_DOC_0463,Retail Sales Associate,O*NET Task,O*NET,41-2031.00,"For Retail Sales Associate, O*NET lists the following occupational task: Prepare sales slips or sales contracts.. O*NET occupation: Retail Salespersons (41-2031.00)."
RAG_DOC_0464,Inside Sales Representative,O*NET Task,O*NET,41-2031.00,"For Inside Sales Representative, O*NET lists the following occupational task: Prepare sales slips or sales contracts.. O*NET occupation: Retail Salespersons (41-2031.00)."
RAG_DOC_0465,Retail Sales Associate,O*NET Task,O*NET,41-2031.00,"For Retail Sales Associate, O*NET lists the following occupational task: Estimate and quote trade-in allowances.. O*NET occupation: Retail Salespersons (41-2031.00)."
RAG_DOC_0466,Inside Sales Representative,O*NET Task,O*NET,41-2031.00,"For Inside Sales Representative, O*NET lists the following occupational task: Estimate and quote trade-in allowances.. O*NET occupation: Retail Salespersons (41-2031.00)."
RAG_DOC_0467,Retail Sales Associate,O*NET Task,O*NET,41-2031.00,"For Retail Sales Associate, O*NET lists the following occupational task: Bag or package purchases and wrap gifts.. O*NET occupation: Retail Salespersons (41-2031.00)."
RAG_DOC_0468,Inside Sales Representative,O*NET Task,O*NET,41-2031.00,"For Inside Sales Representative, O*NET lists the following occupational task: Bag or package purchases and wrap gifts.. O*NET occupation: Retail Salespersons (41-2031.00)."
RAG_DOC_0469,Retail Sales Associate,O*NET Task,O*NET,41-2031.00,"For Retail Sales Associate, O*NET lists the following occupational task: Help customers try on or fit merchandise.. O*NET occupation: Retail Salespersons (41-2031.00)."
RAG_DOC_0470,Inside Sales Representative,O*NET Task,O*NET,41-2031.00,"For Inside Sales Representative, O*NET lists the following occupational task: Help customers try on or fit merchandise.. O*NET occupation: Retail Salespersons (41-2031.00)."
RAG_DOC_0471,Retail Sales Associate,O*NET Task,O*NET,41-2031.00,"For Retail Sales Associate, O*NET lists the following occupational task: Sell or arrange for delivery, insurance, financing, or service contracts for merchandise.. O*NET occupation: Retail Salespersons (41-2031.00)."
RAG_DOC_0472,Inside Sales Representative,O*NET Task,O*NET,41-2031.00,"For Inside Sales Representative, O*NET lists the following occupational task: Sell or arrange for delivery, insurance, financing, or service contracts for merchandise.. O*NET occupation: Retail Salespersons (41-2031.00)."
RAG_DOC_0473,Retail Sales Associate,O*NET Task,O*NET,41-2031.00,"For Retail Sales Associate, O*NET lists the following occupational task: Estimate quantity and cost of merchandise required, such as paint or floor covering.. O*NET occupation: Retail Salespersons (41-2031.00)."
RAG_DOC_0474,Inside Sales Representative,O*NET Task,O*NET,41-2031.00,"For Inside Sales Representative, O*NET lists the following occupational task: Estimate quantity and cost of merchandise required, such as paint or floor covering.. O*NET occupation: Retail Salespersons (41-2031.00)."
RAG_DOC_0475,Retail Sales Associate,O*NET Task,O*NET,41-2031.00,"For Retail Sales Associate, O*NET lists the following occupational task: Rent merchandise to customers.. O*NET occupation: Retail Salespersons (41-2031.00)."
RAG_DOC_0476,Inside Sales Representative,O*NET Task,O*NET,41-2031.00,"For Inside Sales Representative, O*NET lists the following occupational task: Rent merchandise to customers.. O*NET occupation: Retail Salespersons (41-2031.00)."
RAG_DOC_0477,Retail Sales Associate,O*NET Task,O*NET,41-2031.00,"For Retail Sales Associate, O*NET lists the following occupational task: Estimate cost of repair or alteration of merchandise.. O*NET occupation: Retail Salespersons (41-2031.00)."
RAG_DOC_0478,Inside Sales Representative,O*NET Task,O*NET,41-2031.00,"For Inside Sales Representative, O*NET lists the following occupational task: Estimate cost of repair or alteration of merchandise.. O*NET occupation: Retail Salespersons (41-2031.00)."
RAG_DOC_0479,Office Administrator,O*NET Task,O*NET,43-1011.00,"For Office Administrator, O*NET lists the following occupational task: Supervise the work of office, administrative, or customer service employees to ensure adherence to quality standards, deadlines, and proper procedures, correcting errors or problems.. O*NET occupation: First-Line Supervisors of Office and Administrative Support Workers (43-1011.00)."
RAG_DOC_0480,Office Manager,O*NET Task,O*NET,43-1011.00,"For Office Manager, O*NET lists the following occupational task: Supervise the work of office, administrative, or customer service employees to ensure adherence to quality standards, deadlines, and proper procedures, correcting errors or problems.. O*NET occupation: First-Line Supervisors of Office and Administrative Support Workers (43-1011.00)."
RAG_DOC_0481,Office Administrator,O*NET Task,O*NET,43-1011.00,"For Office Administrator, O*NET lists the following occupational task: Resolve customer complaints or answer customers' questions regarding policies and procedures.. O*NET occupation: First-Line Supervisors of Office and Administrative Support Workers (43-1011.00)."
RAG_DOC_0482,Office Manager,O*NET Task,O*NET,43-1011.00,"For Office Manager, O*NET lists the following occupational task: Resolve customer complaints or answer customers' questions regarding policies and procedures.. O*NET occupation: First-Line Supervisors of Office and Administrative Support Workers (43-1011.00)."
RAG_DOC_0483,Office Administrator,O*NET Task,O*NET,43-1011.00,"For Office Administrator, O*NET lists the following occupational task: Provide employees with guidance in handling difficult or complex problems or in resolving escalated complaints or disputes.. O*NET occupation: First-Line Supervisors of Office and Administrative Support Workers (43-1011.00)."
RAG_DOC_0484,Office Manager,O*NET Task,O*NET,43-1011.00,"For Office Manager, O*NET lists the following occupational task: Provide employees with guidance in handling difficult or complex problems or in resolving escalated complaints or disputes.. O*NET occupation: First-Line Supervisors of Office and Administrative Support Workers (43-1011.00)."
RAG_DOC_0485,Office Administrator,O*NET Task,O*NET,43-1011.00,"For Office Administrator, O*NET lists the following occupational task: Review records or reports pertaining to activities such as production, payroll, or shipping to verify details, monitor work activities, or evaluate performance.. O*NET occupation: First-Line Supervisors of Office and Administrative Support Workers (43-1011.00)."
RAG_DOC_0486,Office Manager,O*NET Task,O*NET,43-1011.00,"For Office Manager, O*NET lists the following occupational task: Review records or reports pertaining to activities such as production, payroll, or shipping to verify details, monitor work activities, or evaluate performance.. O*NET occupation: First-Line Supervisors of Office and Administrative Support Workers (43-1011.00)."
RAG_DOC_0487,Office Administrator,O*NET Task,O*NET,43-1011.00,"For Office Administrator, O*NET lists the following occupational task: Discuss job performance problems with employees to identify causes and issues and to work on resolving problems.. O*NET occupation: First-Line Supervisors of Office and Administrative Support Workers (43-1011.00)."
RAG_DOC_0488,Office Manager,O*NET Task,O*NET,43-1011.00,"For Office Manager, O*NET lists the following occupational task: Discuss job performance problems with employees to identify causes and issues and to work on resolving problems.. O*NET occupation: First-Line Supervisors of Office and Administrative Support Workers (43-1011.00)."
RAG_DOC_0489,Office Administrator,O*NET Task,O*NET,43-1011.00,"For Office Administrator, O*NET lists the following occupational task: Prepare and issue work schedules, deadlines, and duty assignments for office or administrative staff.. O*NET occupation: First-Line Supervisors of Office and Administrative Support Workers (43-1011.00)."
RAG_DOC_0490,Office Manager,O*NET Task,O*NET,43-1011.00,"For Office Manager, O*NET lists the following occupational task: Prepare and issue work schedules, deadlines, and duty assignments for office or administrative staff.. O*NET occupation: First-Line Supervisors of Office and Administrative Support Workers (43-1011.00)."
RAG_DOC_0491,Office Administrator,O*NET Task,O*NET,43-1011.00,"For Office Administrator, O*NET lists the following occupational task: Recruit, interview, and select employees.. O*NET occupation: First-Line Supervisors of Office and Administrative Support Workers (43-1011.00)."
RAG_DOC_0492,Office Manager,O*NET Task,O*NET,43-1011.00,"For Office Manager, O*NET lists the following occupational task: Recruit, interview, and select employees.. O*NET occupation: First-Line Supervisors of Office and Administrative Support Workers (43-1011.00)."
RAG_DOC_0493,Office Administrator,O*NET Task,O*NET,43-1011.00,"For Office Administrator, O*NET lists the following occupational task: Interpret and communicate work procedures and company policies to staff.. O*NET occupation: First-Line Supervisors of Office and Administrative Support Workers (43-1011.00)."
RAG_DOC_0494,Office Manager,O*NET Task,O*NET,43-1011.00,"For Office Manager, O*NET lists the following occupational task: Interpret and communicate work procedures and company policies to staff.. O*NET occupation: First-Line Supervisors of Office and Administrative Support Workers (43-1011.00)."
RAG_DOC_0495,Office Administrator,O*NET Task,O*NET,43-1011.00,"For Office Administrator, O*NET lists the following occupational task: Evaluate employees' job performance and conformance to regulations and recommend appropriate personnel action.. O*NET occupation: First-Line Supervisors of Office and Administrative Support Workers (43-1011.00)."
RAG_DOC_0496,Office Manager,O*NET Task,O*NET,43-1011.00,"For Office Manager, O*NET lists the following occupational task: Evaluate employees' job performance and conformance to regulations and recommend appropriate personnel action.. O*NET occupation: First-Line Supervisors of Office and Administrative Support Workers (43-1011.00)."
RAG_DOC_0497,Office Administrator,O*NET Task,O*NET,43-1011.00,"For Office Administrator, O*NET lists the following occupational task: Train or instruct employees in job duties or company policies or arrange for training to be provided.. O*NET occupation: First-Line Supervisors of Office and Administrative Support Workers (43-1011.00)."
RAG_DOC_0498,Office Manager,O*NET Task,O*NET,43-1011.00,"For Office Manager, O*NET lists the following occupational task: Train or instruct employees in job duties or company policies or arrange for training to be provided.. O*NET occupation: First-Line Supervisors of Office and Administrative Support Workers (43-1011.00)."
RAG_DOC_0499,Office Administrator,O*NET Task,O*NET,43-1011.00,"For Office Administrator, O*NET lists the following occupational task: Research, compile, and prepare reports, manuals, correspondence, or other information required by management or governmental agencies.. O*NET occupation: First-Line Supervisors of Office and Administrative Support Workers (43-1011.00)."
RAG_DOC_0500,Office Manager,O*NET Task,O*NET,43-1011.00,"For Office Manager, O*NET lists the following occupational task: Research, compile, and prepare reports, manuals, correspondence, or other information required by management or governmental agencies.. O*NET occupation: First-Line Supervisors of Office and Administrative Support Workers (43-1011.00)."
RAG_DOC_0501,Office Administrator,O*NET Task,O*NET,43-1011.00,"For Office Administrator, O*NET lists the following occupational task: Implement corporate or departmental policies, procedures, and service standards in conjunction with management.. O*NET occupation: First-Line Supervisors of Office and Administrative Support Workers (43-1011.00)."
RAG_DOC_0502,Office Manager,O*NET Task,O*NET,43-1011.00,"For Office Manager, O*NET lists the following occupational task: Implement corporate or departmental policies, procedures, and service standards in conjunction with management.. O*NET occupation: First-Line Supervisors of Office and Administrative Support Workers (43-1011.00)."
RAG_DOC_0503,Office Administrator,O*NET Task,O*NET,43-1011.00,"For Office Administrator, O*NET lists the following occupational task: Compute figures such as balances, totals, or commissions.. O*NET occupation: First-Line Supervisors of Office and Administrative Support Workers (43-1011.00)."
RAG_DOC_0504,Office Manager,O*NET Task,O*NET,43-1011.00,"For Office Manager, O*NET lists the following occupational task: Compute figures such as balances, totals, or commissions.. O*NET occupation: First-Line Supervisors of Office and Administrative Support Workers (43-1011.00)."
RAG_DOC_0505,Office Administrator,O*NET Task,O*NET,43-1011.00,"For Office Administrator, O*NET lists the following occupational task: Coordinate activities with other supervisory personnel or with other work units or departments.. O*NET occupation: First-Line Supervisors of Office and Administrative Support Workers (43-1011.00)."
RAG_DOC_0506,Office Manager,O*NET Task,O*NET,43-1011.00,"For Office Manager, O*NET lists the following occupational task: Coordinate activities with other supervisory personnel or with other work units or departments.. O*NET occupation: First-Line Supervisors of Office and Administrative Support Workers (43-1011.00)."
RAG_DOC_0507,Office Administrator,O*NET Task,O*NET,43-1011.00,"For Office Administrator, O*NET lists the following occupational task: Participate in the work of subordinates to facilitate productivity or to overcome difficult aspects of work.. O*NET occupation: First-Line Supervisors of Office and Administrative Support Workers (43-1011.00)."
RAG_DOC_0508,Office Manager,O*NET Task,O*NET,43-1011.00,"For Office Manager, O*NET lists the following occupational task: Participate in the work of subordinates to facilitate productivity or to overcome difficult aspects of work.. O*NET occupation: First-Line Supervisors of Office and Administrative Support Workers (43-1011.00)."
RAG_DOC_0509,Office Administrator,O*NET Task,O*NET,43-1011.00,"For Office Administrator, O*NET lists the following occupational task: Make recommendations to management concerning such issues as staffing decisions or procedural changes.. O*NET occupation: First-Line Supervisors of Office and Administrative Support Workers (43-1011.00)."
RAG_DOC_0510,Office Manager,O*NET Task,O*NET,43-1011.00,"For Office Manager, O*NET lists the following occupational task: Make recommendations to management concerning such issues as staffing decisions or procedural changes.. O*NET occupation: First-Line Supervisors of Office and Administrative Support Workers (43-1011.00)."
RAG_DOC_0511,Office Administrator,O*NET Task,O*NET,43-1011.00,"For Office Administrator, O*NET lists the following occupational task: Develop or update procedures, policies, or standards.. O*NET occupation: First-Line Supervisors of Office and Administrative Support Workers (43-1011.00)."
RAG_DOC_0512,Office Manager,O*NET Task,O*NET,43-1011.00,"For Office Manager, O*NET lists the following occupational task: Develop or update procedures, policies, or standards.. O*NET occupation: First-Line Supervisors of Office and Administrative Support Workers (43-1011.00)."
RAG_DOC_0513,Office Administrator,O*NET Task,O*NET,43-1011.00,"For Office Administrator, O*NET lists the following occupational task: Maintain records pertaining to inventory, personnel, orders, supplies, or machine maintenance.. O*NET occupation: First-Line Supervisors of Office and Administrative Support Workers (43-1011.00)."
RAG_DOC_0514,Office Manager,O*NET Task,O*NET,43-1011.00,"For Office Manager, O*NET lists the following occupational task: Maintain records pertaining to inventory, personnel, orders, supplies, or machine maintenance.. O*NET occupation: First-Line Supervisors of Office and Administrative Support Workers (43-1011.00)."
RAG_DOC_0515,Office Administrator,O*NET Task,O*NET,43-1011.00,"For Office Administrator, O*NET lists the following occupational task: Consult with managers or other personnel to resolve problems in areas such as equipment performance, output quality, or work schedules.. O*NET occupation: First-Line Supervisors of Office and Administrative Support Workers (43-1011.00)."
RAG_DOC_0516,Office Manager,O*NET Task,O*NET,43-1011.00,"For Office Manager, O*NET lists the following occupational task: Consult with managers or other personnel to resolve problems in areas such as equipment performance, output quality, or work schedules.. O*NET occupation: First-Line Supervisors of Office and Administrative Support Workers (43-1011.00)."
RAG_DOC_0517,Office Administrator,O*NET Task,O*NET,43-1011.00,"For Office Administrator, O*NET lists the following occupational task: Develop work schedules according to budgets and workloads.. O*NET occupation: First-Line Supervisors of Office and Administrative Support Workers (43-1011.00)."
RAG_DOC_0518,Office Manager,O*NET Task,O*NET,43-1011.00,"For Office Manager, O*NET lists the following occupational task: Develop work schedules according to budgets and workloads.. O*NET occupation: First-Line Supervisors of Office and Administrative Support Workers (43-1011.00)."
RAG_DOC_0519,Office Administrator,O*NET Task,O*NET,43-1011.00,"For Office Administrator, O*NET lists the following occupational task: Analyze financial activities of establishments or departments and provide input into budget planning and preparation processes.. O*NET occupation: First-Line Supervisors of Office and Administrative Support Workers (43-1011.00)."
RAG_DOC_0520,Office Manager,O*NET Task,O*NET,43-1011.00,"For Office Manager, O*NET lists the following occupational task: Analyze financial activities of establishments or departments and provide input into budget planning and preparation processes.. O*NET occupation: First-Line Supervisors of Office and Administrative Support Workers (43-1011.00)."
RAG_DOC_0521,Office Administrator,O*NET Task,O*NET,43-1011.00,"For Office Administrator, O*NET lists the following occupational task: Design, implement, or evaluate staff training and development programs, customer service initiatives, or performance measurement criteria.. O*NET occupation: First-Line Supervisors of Office and Administrative Support Workers (43-1011.00)."
RAG_DOC_0522,Office Manager,O*NET Task,O*NET,43-1011.00,"For Office Manager, O*NET lists the following occupational task: Design, implement, or evaluate staff training and development programs, customer service initiatives, or performance measurement criteria.. O*NET occupation: First-Line Supervisors of Office and Administrative Support Workers (43-1011.00)."
RAG_DOC_0523,Office Administrator,O*NET Task,O*NET,43-1011.00,"For Office Administrator, O*NET lists the following occupational task: Keep informed of provisions of labor-management agreements and their effects on departmental operations.. O*NET occupation: First-Line Supervisors of Office and Administrative Support Workers (43-1011.00)."
RAG_DOC_0524,Office Manager,O*NET Task,O*NET,43-1011.00,"For Office Manager, O*NET lists the following occupational task: Keep informed of provisions of labor-management agreements and their effects on departmental operations.. O*NET occupation: First-Line Supervisors of Office and Administrative Support Workers (43-1011.00)."
RAG_DOC_0525,Office Administrator,O*NET Task,O*NET,43-1011.00,"For Office Administrator, O*NET lists the following occupational task: Coordinate or perform activities associated with shipping, receiving, distribution, or transportation.. O*NET occupation: First-Line Supervisors of Office and Administrative Support Workers (43-1011.00)."
RAG_DOC_0526,Office Manager,O*NET Task,O*NET,43-1011.00,"For Office Manager, O*NET lists the following occupational task: Coordinate or perform activities associated with shipping, receiving, distribution, or transportation.. O*NET occupation: First-Line Supervisors of Office and Administrative Support Workers (43-1011.00)."
RAG_DOC_0527,Office Administrator,O*NET Task,O*NET,43-1011.00,"For Office Administrator, O*NET lists the following occupational task: Monitor inventory levels and requisition or purchase supplies as needed.. O*NET occupation: First-Line Supervisors of Office and Administrative Support Workers (43-1011.00)."
RAG_DOC_0528,Office Manager,O*NET Task,O*NET,43-1011.00,"For Office Manager, O*NET lists the following occupational task: Monitor inventory levels and requisition or purchase supplies as needed.. O*NET occupation: First-Line Supervisors of Office and Administrative Support Workers (43-1011.00)."
RAG_DOC_0529,Office Administrator,O*NET Task,O*NET,43-1011.00,"For Office Administrator, O*NET lists the following occupational task: Plan for or coordinate office services, such as equipment or supply acquisition or organization, disposal of assets, relocation, parking, maintenance, or security services.. O*NET occupation: First-Line Supervisors of Office and Administrative Support Workers (43-1011.00)."
RAG_DOC_0530,Office Manager,O*NET Task,O*NET,43-1011.00,"For Office Manager, O*NET lists the following occupational task: Plan for or coordinate office services, such as equipment or supply acquisition or organization, disposal of assets, relocation, parking, maintenance, or security services.. O*NET occupation: First-Line Supervisors of Office and Administrative Support Workers (43-1011.00)."
RAG_DOC_0531,Office Administrator,O*NET Task,O*NET,43-1011.00,"For Office Administrator, O*NET lists the following occupational task: Arrange for necessary maintenance or repair work.. O*NET occupation: First-Line Supervisors of Office and Administrative Support Workers (43-1011.00)."
RAG_DOC_0532,Office Manager,O*NET Task,O*NET,43-1011.00,"For Office Manager, O*NET lists the following occupational task: Arrange for necessary maintenance or repair work.. O*NET occupation: First-Line Supervisors of Office and Administrative Support Workers (43-1011.00)."
RAG_DOC_0533,Office Administrator,O*NET Task,O*NET,43-1011.00,"For Office Administrator, O*NET lists the following occupational task: Plan layouts of stockrooms, warehouses, or other storage areas, considering turnover, size, weight, or related factors pertaining to items stored.. O*NET occupation: First-Line Supervisors of Office and Administrative Support Workers (43-1011.00)."
RAG_DOC_0534,Office Manager,O*NET Task,O*NET,43-1011.00,"For Office Manager, O*NET lists the following occupational task: Plan layouts of stockrooms, warehouses, or other storage areas, considering turnover, size, weight, or related factors pertaining to items stored.. O*NET occupation: First-Line Supervisors of Office and Administrative Support Workers (43-1011.00)."
RAG_DOC_0535,Bookkeeper,O*NET Task,O*NET,43-3031.00,"For Bookkeeper, O*NET lists the following occupational task: Operate computers programmed with accounting software to record, store, and analyze information.. O*NET occupation: Bookkeeping, Accounting, and Auditing Clerks (43-3031.00)."
RAG_DOC_0536,Bookkeeper,O*NET Task,O*NET,43-3031.00,"For Bookkeeper, O*NET lists the following occupational task: Check figures, postings, and documents for correct entry, mathematical accuracy, and proper codes.. O*NET occupation: Bookkeeping, Accounting, and Auditing Clerks (43-3031.00)."
RAG_DOC_0537,Bookkeeper,O*NET Task,O*NET,43-3031.00,"For Bookkeeper, O*NET lists the following occupational task: Comply with federal, state, and company policies, procedures, and regulations.. O*NET occupation: Bookkeeping, Accounting, and Auditing Clerks (43-3031.00)."
RAG_DOC_0538,Bookkeeper,O*NET Task,O*NET,43-3031.00,"For Bookkeeper, O*NET lists the following occupational task: Operate 10-key calculators, typewriters, and copy machines to perform calculations and produce documents.. O*NET occupation: Bookkeeping, Accounting, and Auditing Clerks (43-3031.00)."
RAG_DOC_0539,Bookkeeper,O*NET Task,O*NET,43-3031.00,"For Bookkeeper, O*NET lists the following occupational task: Receive, record, and bank cash, checks, and vouchers.. O*NET occupation: Bookkeeping, Accounting, and Auditing Clerks (43-3031.00)."
RAG_DOC_0540,Bookkeeper,O*NET Task,O*NET,43-3031.00,"For Bookkeeper, O*NET lists the following occupational task: Code documents according to company procedures.. O*NET occupation: Bookkeeping, Accounting, and Auditing Clerks (43-3031.00)."
RAG_DOC_0541,Bookkeeper,O*NET Task,O*NET,43-3031.00,"For Bookkeeper, O*NET lists the following occupational task: Perform financial calculations, such as amounts due, interest charges, balances, discounts, equity, and principal.. O*NET occupation: Bookkeeping, Accounting, and Auditing Clerks (43-3031.00)."
RAG_DOC_0542,Bookkeeper,O*NET Task,O*NET,43-3031.00,"For Bookkeeper, O*NET lists the following occupational task: Reconcile or note and report discrepancies found in records.. O*NET occupation: Bookkeeping, Accounting, and Auditing Clerks (43-3031.00)."
RAG_DOC_0543,Bookkeeper,O*NET Task,O*NET,43-3031.00,"For Bookkeeper, O*NET lists the following occupational task: Perform general office duties, such as filing, answering telephones, and handling routine correspondence.. O*NET occupation: Bookkeeping, Accounting, and Auditing Clerks (43-3031.00)."
RAG_DOC_0544,Bookkeeper,O*NET Task,O*NET,43-3031.00,"For Bookkeeper, O*NET lists the following occupational task: Access computerized financial information to answer general questions as well as those related to specific accounts.. O*NET occupation: Bookkeeping, Accounting, and Auditing Clerks (43-3031.00)."
RAG_DOC_0545,Bookkeeper,O*NET Task,O*NET,43-3031.00,"For Bookkeeper, O*NET lists the following occupational task: Classify, record, and summarize numerical and financial data to compile and keep financial records, using journals and ledgers or computers.. O*NET occupation: Bookkeeping, Accounting, and Auditing Clerks (43-3031.00)."
RAG_DOC_0546,Bookkeeper,O*NET Task,O*NET,43-3031.00,"For Bookkeeper, O*NET lists the following occupational task: Debit, credit, and total accounts on computer spreadsheets and databases, using specialized accounting software.. O*NET occupation: Bookkeeping, Accounting, and Auditing Clerks (43-3031.00)."
RAG_DOC_0547,Bookkeeper,O*NET Task,O*NET,43-3031.00,"For Bookkeeper, O*NET lists the following occupational task: Match order forms with invoices, and record the necessary information.. O*NET occupation: Bookkeeping, Accounting, and Auditing Clerks (43-3031.00)."
RAG_DOC_0548,Bookkeeper,O*NET Task,O*NET,43-3031.00,"For Bookkeeper, O*NET lists the following occupational task: Prepare and process payroll information.. O*NET occupation: Bookkeeping, Accounting, and Auditing Clerks (43-3031.00)."
RAG_DOC_0549,Bookkeeper,O*NET Task,O*NET,43-3031.00,"For Bookkeeper, O*NET lists the following occupational task: Prepare bank deposits by compiling data from cashiers, verifying and balancing receipts, and sending cash, checks, or other forms of payment to banks.. O*NET occupation: Bookkeeping, Accounting, and Auditing Clerks (43-3031.00)."
RAG_DOC_0550,Bookkeeper,O*NET Task,O*NET,43-3031.00,"For Bookkeeper, O*NET lists the following occupational task: Calculate and prepare checks for utilities, taxes, and other payments.. O*NET occupation: Bookkeeping, Accounting, and Auditing Clerks (43-3031.00)."
RAG_DOC_0551,Bookkeeper,O*NET Task,O*NET,43-3031.00,"For Bookkeeper, O*NET lists the following occupational task: Monitor status of loans and accounts to ensure that payments are up to date.. O*NET occupation: Bookkeeping, Accounting, and Auditing Clerks (43-3031.00)."
RAG_DOC_0552,Bookkeeper,O*NET Task,O*NET,43-3031.00,"For Bookkeeper, O*NET lists the following occupational task: Reconcile records of bank transactions.. O*NET occupation: Bookkeeping, Accounting, and Auditing Clerks (43-3031.00)."
RAG_DOC_0553,Bookkeeper,O*NET Task,O*NET,43-3031.00,"For Bookkeeper, O*NET lists the following occupational task: Compile budget data and documents, based on estimated revenues and expenses and previous budgets.. O*NET occupation: Bookkeeping, Accounting, and Auditing Clerks (43-3031.00)."
RAG_DOC_0554,Bookkeeper,O*NET Task,O*NET,43-3031.00,"For Bookkeeper, O*NET lists the following occupational task: Compare computer printouts to manually maintained journals to determine if they match.. O*NET occupation: Bookkeeping, Accounting, and Auditing Clerks (43-3031.00)."
RAG_DOC_0555,Bookkeeper,O*NET Task,O*NET,43-3031.00,"For Bookkeeper, O*NET lists the following occupational task: Transfer details from separate journals to general ledgers or data processing sheets.. O*NET occupation: Bookkeeping, Accounting, and Auditing Clerks (43-3031.00)."
RAG_DOC_0556,Bookkeeper,O*NET Task,O*NET,43-3031.00,"For Bookkeeper, O*NET lists the following occupational task: Complete and submit tax forms and returns, workers' compensation forms, pension contribution forms, and other government documents.. O*NET occupation: Bookkeeping, Accounting, and Auditing Clerks (43-3031.00)."
RAG_DOC_0557,Bookkeeper,O*NET Task,O*NET,43-3031.00,"For Bookkeeper, O*NET lists the following occupational task: Calculate, prepare, and issue bills, invoices, account statements, and other financial statements according to established procedures.. O*NET occupation: Bookkeeping, Accounting, and Auditing Clerks (43-3031.00)."
RAG_DOC_0558,Bookkeeper,O*NET Task,O*NET,43-3031.00,"For Bookkeeper, O*NET lists the following occupational task: Calculate costs of materials, overhead, and other expenses, based on estimates, quotations and price lists.. O*NET occupation: Bookkeeping, Accounting, and Auditing Clerks (43-3031.00)."
RAG_DOC_0559,Bookkeeper,O*NET Task,O*NET,43-3031.00,"For Bookkeeper, O*NET lists the following occupational task: Prepare purchase orders and expense reports.. O*NET occupation: Bookkeeping, Accounting, and Auditing Clerks (43-3031.00)."
RAG_DOC_0560,Bookkeeper,O*NET Task,O*NET,43-3031.00,"For Bookkeeper, O*NET lists the following occupational task: Prepare trial balances of books.. O*NET occupation: Bookkeeping, Accounting, and Auditing Clerks (43-3031.00)."
RAG_DOC_0561,Bookkeeper,O*NET Task,O*NET,43-3031.00,"For Bookkeeper, O*NET lists the following occupational task: Compile statistical, financial, accounting, or auditing reports and tables pertaining to such matters as cash receipts, expenditures, accounts payable and receivable, and profits and losses.. O*NET occupation: Bookkeeping, Accounting, and Auditing Clerks (43-3031.00)."
RAG_DOC_0562,Bookkeeper,O*NET Task,O*NET,43-3031.00,"For Bookkeeper, O*NET lists the following occupational task: Maintain inventory records.. O*NET occupation: Bookkeeping, Accounting, and Auditing Clerks (43-3031.00)."
RAG_DOC_0563,Office Administrator,O*NET Task,O*NET,43-6011.00,"For Office Administrator, O*NET lists the following occupational task: Manage and maintain executives' schedules.. O*NET occupation: Executive Secretaries and Executive Administrative Assistants (43-6011.00)."
RAG_DOC_0564,Office Administrator,O*NET Task,O*NET,43-6011.00,"For Office Administrator, O*NET lists the following occupational task: Make travel arrangements for executives.. O*NET occupation: Executive Secretaries and Executive Administrative Assistants (43-6011.00)."
RAG_DOC_0565,Office Administrator,O*NET Task,O*NET,43-6011.00,"For Office Administrator, O*NET lists the following occupational task: Prepare invoices, reports, memos, letters, financial statements, and other documents, using word processing, spreadsheet, database, or presentation software.. O*NET occupation: Executive Secretaries and Executive Administrative Assistants (43-6011.00)."
RAG_DOC_0566,Office Administrator,O*NET Task,O*NET,43-6011.00,"For Office Administrator, O*NET lists the following occupational task: Coordinate and direct office services, such as records, departmental finances, budget preparation, personnel issues, and housekeeping, to aid executives.. O*NET occupation: Executive Secretaries and Executive Administrative Assistants (43-6011.00)."
RAG_DOC_0567,Office Administrator,O*NET Task,O*NET,43-6011.00,"For Office Administrator, O*NET lists the following occupational task: Answer phone calls and direct calls to appropriate parties or take messages.. O*NET occupation: Executive Secretaries and Executive Administrative Assistants (43-6011.00)."
RAG_DOC_0568,Office Administrator,O*NET Task,O*NET,43-6011.00,"For Office Administrator, O*NET lists the following occupational task: Prepare responses to correspondence containing routine inquiries.. O*NET occupation: Executive Secretaries and Executive Administrative Assistants (43-6011.00)."
RAG_DOC_0569,Office Administrator,O*NET Task,O*NET,43-6011.00,"For Office Administrator, O*NET lists the following occupational task: Open, sort, and distribute incoming correspondence, including faxes and email.. O*NET occupation: Executive Secretaries and Executive Administrative Assistants (43-6011.00)."
RAG_DOC_0570,Office Administrator,O*NET Task,O*NET,43-6011.00,"For Office Administrator, O*NET lists the following occupational task: Greet visitors and determine whether they should be given access to specific individuals.. O*NET occupation: Executive Secretaries and Executive Administrative Assistants (43-6011.00)."
RAG_DOC_0571,Office Administrator,O*NET Task,O*NET,43-6011.00,"For Office Administrator, O*NET lists the following occupational task: Prepare agendas and make arrangements, such as coordinating catering for luncheons, for committee, board, and other meetings.. O*NET occupation: Executive Secretaries and Executive Administrative Assistants (43-6011.00)."
RAG_DOC_0572,Office Administrator,O*NET Task,O*NET,43-6011.00,"For Office Administrator, O*NET lists the following occupational task: Conduct research, compile data, and prepare papers for consideration and presentation by executives, committees, and boards of directors.. O*NET occupation: Executive Secretaries and Executive Administrative Assistants (43-6011.00)."
RAG_DOC_0573,Office Administrator,O*NET Task,O*NET,43-6011.00,"For Office Administrator, O*NET lists the following occupational task: Perform general office duties, such as ordering supplies, maintaining records management database systems, and performing basic bookkeeping work.. O*NET occupation: Executive Secretaries and Executive Administrative Assistants (43-6011.00)."
RAG_DOC_0574,Office Administrator,O*NET Task,O*NET,43-6011.00,"For Office Administrator, O*NET lists the following occupational task: File and retrieve corporate documents, records, and reports.. O*NET occupation: Executive Secretaries and Executive Administrative Assistants (43-6011.00)."
RAG_DOC_0575,Office Administrator,O*NET Task,O*NET,43-6011.00,"For Office Administrator, O*NET lists the following occupational task: Read and analyze incoming memos, submissions, and reports to determine their significance and plan their distribution.. O*NET occupation: Executive Secretaries and Executive Administrative Assistants (43-6011.00)."
RAG_DOC_0576,Office Administrator,O*NET Task,O*NET,43-6011.00,"For Office Administrator, O*NET lists the following occupational task: Provide clerical support to other departments.. O*NET occupation: Executive Secretaries and Executive Administrative Assistants (43-6011.00)."
RAG_DOC_0577,Office Administrator,O*NET Task,O*NET,43-6011.00,"For Office Administrator, O*NET lists the following occupational task: Attend meetings to record minutes.. O*NET occupation: Executive Secretaries and Executive Administrative Assistants (43-6011.00)."
RAG_DOC_0578,Office Administrator,O*NET Task,O*NET,43-6011.00,"For Office Administrator, O*NET lists the following occupational task: Process payroll information.. O*NET occupation: Executive Secretaries and Executive Administrative Assistants (43-6011.00)."
RAG_DOC_0579,Office Administrator,O*NET Task,O*NET,43-6011.00,"For Office Administrator, O*NET lists the following occupational task: Interpret administrative and operating policies and procedures for employees.. O*NET occupation: Executive Secretaries and Executive Administrative Assistants (43-6011.00)."
RAG_DOC_0580,Office Administrator,O*NET Task,O*NET,43-6011.00,"For Office Administrator, O*NET lists the following occupational task: Set up and oversee administrative policies and procedures for offices or organizations.. O*NET occupation: Executive Secretaries and Executive Administrative Assistants (43-6011.00)."
RAG_DOC_0581,Office Administrator,O*NET Task,O*NET,43-6011.00,"For Office Administrator, O*NET lists the following occupational task: Meet with individuals, special interest groups, and others on behalf of executives, committees, and boards of directors.. O*NET occupation: Executive Secretaries and Executive Administrative Assistants (43-6011.00)."
RAG_DOC_0582,Office Administrator,O*NET Task,O*NET,43-6011.00,"For Office Administrator, O*NET lists the following occupational task: Compile, transcribe, and distribute minutes of meetings.. O*NET occupation: Executive Secretaries and Executive Administrative Assistants (43-6011.00)."
RAG_DOC_0583,Office Administrator,O*NET Task,O*NET,43-6011.00,"For Office Administrator, O*NET lists the following occupational task: Supervise and train other clerical staff and arrange for employee training by scheduling training or organizing training material.. O*NET occupation: Executive Secretaries and Executive Administrative Assistants (43-6011.00)."
RAG_DOC_0584,Office Administrator,O*NET Task,O*NET,43-6011.00,"For Office Administrator, O*NET lists the following occupational task: Review operating practices and procedures to determine whether improvements can be made in areas such as workflow, reporting procedures, or expenditures.. O*NET occupation: Executive Secretaries and Executive Administrative Assistants (43-6011.00)."
RAG_DOC_0585,Administrative Assistant,O*NET Task,O*NET,43-6014.00,"For Administrative Assistant, O*NET lists the following occupational task: Answer telephones and give information to callers, take messages, or transfer calls to appropriate individuals.. O*NET occupation: Secretaries and Administrative Assistants, Except Legal, Medical, and Executive (43-6014.00)."
RAG_DOC_0586,Administrative Assistant,O*NET Task,O*NET,43-6014.00,"For Administrative Assistant, O*NET lists the following occupational task: Greet visitors or callers and handle their inquiries or direct them to the appropriate persons according to their needs.. O*NET occupation: Secretaries and Administrative Assistants, Except Legal, Medical, and Executive (43-6014.00)."
RAG_DOC_0587,Administrative Assistant,O*NET Task,O*NET,43-6014.00,"For Administrative Assistant, O*NET lists the following occupational task: Create, maintain, and enter information into databases.. O*NET occupation: Secretaries and Administrative Assistants, Except Legal, Medical, and Executive (43-6014.00)."
RAG_DOC_0588,Administrative Assistant,O*NET Task,O*NET,43-6014.00,"For Administrative Assistant, O*NET lists the following occupational task: Use computers for various applications, such as database management or word processing.. O*NET occupation: Secretaries and Administrative Assistants, Except Legal, Medical, and Executive (43-6014.00)."
RAG_DOC_0589,Administrative Assistant,O*NET Task,O*NET,43-6014.00,"For Administrative Assistant, O*NET lists the following occupational task: Operate office equipment, such as fax machines, copiers, or phone systems and arrange for repairs when equipment malfunctions.. O*NET occupation: Secretaries and Administrative Assistants, Except Legal, Medical, and Executive (43-6014.00)."
RAG_DOC_0590,Administrative Assistant,O*NET Task,O*NET,43-6014.00,"For Administrative Assistant, O*NET lists the following occupational task: Set up and manage paper or electronic filing systems, recording information, updating paperwork, or maintaining documents, such as attendance records, correspondence, or other material.. O*NET occupation: Secretaries and Administrative Assistants, Except Legal, Medical, and Executive (43-6014.00)."
RAG_DOC_0591,Administrative Assistant,O*NET Task,O*NET,43-6014.00,"For Administrative Assistant, O*NET lists the following occupational task: Operate electronic mail systems and coordinate the flow of information, internally or with other organizations.. O*NET occupation: Secretaries and Administrative Assistants, Except Legal, Medical, and Executive (43-6014.00)."
RAG_DOC_0592,Administrative Assistant,O*NET Task,O*NET,43-6014.00,"For Administrative Assistant, O*NET lists the following occupational task: Schedule and confirm appointments for clients, customers, or supervisors.. O*NET occupation: Secretaries and Administrative Assistants, Except Legal, Medical, and Executive (43-6014.00)."
RAG_DOC_0593,Administrative Assistant,O*NET Task,O*NET,43-6014.00,"For Administrative Assistant, O*NET lists the following occupational task: Maintain scheduling and event calendars.. O*NET occupation: Secretaries and Administrative Assistants, Except Legal, Medical, and Executive (43-6014.00)."
RAG_DOC_0594,Administrative Assistant,O*NET Task,O*NET,43-6014.00,"For Administrative Assistant, O*NET lists the following occupational task: Compose, type, and distribute meeting notes, routine correspondence, or reports, such as presentations or expense, statistical, or monthly reports.. O*NET occupation: Secretaries and Administrative Assistants, Except Legal, Medical, and Executive (43-6014.00)."
RAG_DOC_0595,Administrative Assistant,O*NET Task,O*NET,43-6014.00,"For Administrative Assistant, O*NET lists the following occupational task: Complete forms in accordance with company procedures.. O*NET occupation: Secretaries and Administrative Assistants, Except Legal, Medical, and Executive (43-6014.00)."
RAG_DOC_0596,Administrative Assistant,O*NET Task,O*NET,43-6014.00,"For Administrative Assistant, O*NET lists the following occupational task: Locate and attach appropriate files to incoming correspondence requiring replies.. O*NET occupation: Secretaries and Administrative Assistants, Except Legal, Medical, and Executive (43-6014.00)."
RAG_DOC_0597,Administrative Assistant,O*NET Task,O*NET,43-6014.00,"For Administrative Assistant, O*NET lists the following occupational task: Conduct searches to find needed information, using such sources as the Internet.. O*NET occupation: Secretaries and Administrative Assistants, Except Legal, Medical, and Executive (43-6014.00)."
RAG_DOC_0598,Administrative Assistant,O*NET Task,O*NET,43-6014.00,"For Administrative Assistant, O*NET lists the following occupational task: Open, read, route, and distribute incoming mail or other materials and answer routine letters.. O*NET occupation: Secretaries and Administrative Assistants, Except Legal, Medical, and Executive (43-6014.00)."
RAG_DOC_0599,Administrative Assistant,O*NET Task,O*NET,43-6014.00,"For Administrative Assistant, O*NET lists the following occupational task: Review work done by others to check for correct spelling and grammar, ensure that company format policies are followed, and recommend revisions.. O*NET occupation: Secretaries and Administrative Assistants, Except Legal, Medical, and Executive (43-6014.00)."
RAG_DOC_0600,Administrative Assistant,O*NET Task,O*NET,43-6014.00,"For Administrative Assistant, O*NET lists the following occupational task: Make copies of correspondence or other printed material.. O*NET occupation: Secretaries and Administrative Assistants, Except Legal, Medical, and Executive (43-6014.00)."
RAG_DOC_0601,Administrative Assistant,O*NET Task,O*NET,43-6014.00,"For Administrative Assistant, O*NET lists the following occupational task: Learn to operate new office technologies as they are developed and implemented.. O*NET occupation: Secretaries and Administrative Assistants, Except Legal, Medical, and Executive (43-6014.00)."
RAG_DOC_0602,Administrative Assistant,O*NET Task,O*NET,43-6014.00,"For Administrative Assistant, O*NET lists the following occupational task: Train and assist staff with computer usage.. O*NET occupation: Secretaries and Administrative Assistants, Except Legal, Medical, and Executive (43-6014.00)."
RAG_DOC_0603,Administrative Assistant,O*NET Task,O*NET,43-6014.00,"For Administrative Assistant, O*NET lists the following occupational task: Order and dispense supplies.. O*NET occupation: Secretaries and Administrative Assistants, Except Legal, Medical, and Executive (43-6014.00)."
RAG_DOC_0604,Administrative Assistant,O*NET Task,O*NET,43-6014.00,"For Administrative Assistant, O*NET lists the following occupational task: Prepare conference or event materials, such as flyers or invitations.. O*NET occupation: Secretaries and Administrative Assistants, Except Legal, Medical, and Executive (43-6014.00)."
RAG_DOC_0605,Administrative Assistant,O*NET Task,O*NET,43-6014.00,"For Administrative Assistant, O*NET lists the following occupational task: Perform payroll functions, such as maintaining timekeeping information and processing and submitting payroll.. O*NET occupation: Secretaries and Administrative Assistants, Except Legal, Medical, and Executive (43-6014.00)."
RAG_DOC_0606,Administrative Assistant,O*NET Task,O*NET,43-6014.00,"For Administrative Assistant, O*NET lists the following occupational task: Collect and deposit money into accounts, disburse funds from cash accounts to pay bills or invoices, keep records of collections and disbursements, and ensure accounts are balanced.. O*NET occupation: Secretaries and Administrative Assistants, Except Legal, Medical, and Executive (43-6014.00)."
RAG_DOC_0607,Administrative Assistant,O*NET Task,O*NET,43-6014.00,"For Administrative Assistant, O*NET lists the following occupational task: Establish work procedures or schedules and keep track of the daily work of clerical staff.. O*NET occupation: Secretaries and Administrative Assistants, Except Legal, Medical, and Executive (43-6014.00)."
RAG_DOC_0608,Administrative Assistant,O*NET Task,O*NET,43-6014.00,"For Administrative Assistant, O*NET lists the following occupational task: Provide services to customers, such as order placement or account information.. O*NET occupation: Secretaries and Administrative Assistants, Except Legal, Medical, and Executive (43-6014.00)."
RAG_DOC_0609,Administrative Assistant,O*NET Task,O*NET,43-6014.00,"For Administrative Assistant, O*NET lists the following occupational task: Prepare and mail checks.. O*NET occupation: Secretaries and Administrative Assistants, Except Legal, Medical, and Executive (43-6014.00)."
RAG_DOC_0610,Administrative Assistant,O*NET Task,O*NET,43-6014.00,"For Administrative Assistant, O*NET lists the following occupational task: Arrange conference, meeting, or travel reservations for office personnel.. O*NET occupation: Secretaries and Administrative Assistants, Except Legal, Medical, and Executive (43-6014.00)."
RAG_DOC_0611,Administrative Assistant,O*NET Task,O*NET,43-6014.00,"For Administrative Assistant, O*NET lists the following occupational task: Supervise other clerical staff and provide training and orientation to new staff.. O*NET occupation: Secretaries and Administrative Assistants, Except Legal, Medical, and Executive (43-6014.00)."
RAG_DOC_0612,Administrative Assistant,O*NET Task,O*NET,43-6014.00,"For Administrative Assistant, O*NET lists the following occupational task: Manage projects or contribute to committee or team work.. O*NET occupation: Secretaries and Administrative Assistants, Except Legal, Medical, and Executive (43-6014.00)."
RAG_DOC_0613,Administrative Assistant,O*NET Task,O*NET,43-6014.00,"For Administrative Assistant, O*NET lists the following occupational task: Coordinate conferences, meetings, or special events, such as luncheons or graduation ceremonies.. O*NET occupation: Secretaries and Administrative Assistants, Except Legal, Medical, and Executive (43-6014.00)."
RAG_DOC_0614,Administrative Assistant,O*NET Task,O*NET,43-6014.00,"For Administrative Assistant, O*NET lists the following occupational task: Mail newsletters, promotional material, or other information.. O*NET occupation: Secretaries and Administrative Assistants, Except Legal, Medical, and Executive (43-6014.00)."
RAG_DOC_0615,Administrative Assistant,O*NET Task,O*NET,43-6014.00,"For Administrative Assistant, O*NET lists the following occupational task: Develop or maintain internal or external company Web sites.. O*NET occupation: Secretaries and Administrative Assistants, Except Legal, Medical, and Executive (43-6014.00)."
RAG_DOC_0616,"Driver, Truck",O*NET Task,O*NET,53-3032.00,"For Driver, Truck, O*NET lists the following occupational task: Check all load-related documentation for completeness and accuracy.. O*NET occupation: Heavy and Tractor-Trailer Truck Drivers (53-3032.00)."
RAG_DOC_0617,"Driver, Truck",O*NET Task,O*NET,53-3032.00,"For Driver, Truck, O*NET lists the following occupational task: Inspect loads to ensure that cargo is secure.. O*NET occupation: Heavy and Tractor-Trailer Truck Drivers (53-3032.00)."
RAG_DOC_0618,"Driver, Truck",O*NET Task,O*NET,53-3032.00,"For Driver, Truck, O*NET lists the following occupational task: Check vehicles to ensure that mechanical, safety, and emergency equipment is in good working order.. O*NET occupation: Heavy and Tractor-Trailer Truck Drivers (53-3032.00)."
RAG_DOC_0619,"Driver, Truck",O*NET Task,O*NET,53-3032.00,"For Driver, Truck, O*NET lists the following occupational task: Crank trailer landing gear up or down to safely secure vehicles.. O*NET occupation: Heavy and Tractor-Trailer Truck Drivers (53-3032.00)."
RAG_DOC_0620,"Driver, Truck",O*NET Task,O*NET,53-3032.00,"For Driver, Truck, O*NET lists the following occupational task: Obtain receipts or signatures for delivered goods and collect payment for services when required.. O*NET occupation: Heavy and Tractor-Trailer Truck Drivers (53-3032.00)."
RAG_DOC_0621,"Driver, Truck",O*NET Task,O*NET,53-3032.00,"For Driver, Truck, O*NET lists the following occupational task: Maintain logs of working hours or of vehicle service or repair status, following applicable state and federal regulations.. O*NET occupation: Heavy and Tractor-Trailer Truck Drivers (53-3032.00)."
RAG_DOC_0622,"Driver, Truck",O*NET Task,O*NET,53-3032.00,"For Driver, Truck, O*NET lists the following occupational task: Read bills of lading to determine assignment details.. O*NET occupation: Heavy and Tractor-Trailer Truck Drivers (53-3032.00)."
RAG_DOC_0623,"Driver, Truck",O*NET Task,O*NET,53-3032.00,"For Driver, Truck, O*NET lists the following occupational task: Report vehicle defects, accidents, traffic violations, or damage to the vehicles.. O*NET occupation: Heavy and Tractor-Trailer Truck Drivers (53-3032.00)."
RAG_DOC_0624,"Driver, Truck",O*NET Task,O*NET,53-3032.00,"For Driver, Truck, O*NET lists the following occupational task: Perform basic vehicle maintenance tasks, such as adding oil, fuel, or radiator fluid, performing minor repairs, or washing trucks.. O*NET occupation: Heavy and Tractor-Trailer Truck Drivers (53-3032.00)."
RAG_DOC_0625,"Driver, Truck",O*NET Task,O*NET,53-3032.00,"For Driver, Truck, O*NET lists the following occupational task: Couple or uncouple trailers by changing trailer jack positions, connecting or disconnecting air or electrical lines, or manipulating fifth-wheel locks.. O*NET occupation: Heavy and Tractor-Trailer Truck Drivers (53-3032.00)."
RAG_DOC_0626,"Driver, Truck",O*NET Task,O*NET,53-3032.00,"For Driver, Truck, O*NET lists the following occupational task: Maneuver trucks into loading or unloading positions, following signals from loading crew and checking that vehicle and loading equipment are properly positioned.. O*NET occupation: Heavy and Tractor-Trailer Truck Drivers (53-3032.00)."
RAG_DOC_0627,"Driver, Truck",O*NET Task,O*NET,53-3032.00,"For Driver, Truck, O*NET lists the following occupational task: Collect delivery instructions from appropriate sources, verifying instructions and routes.. O*NET occupation: Heavy and Tractor-Trailer Truck Drivers (53-3032.00)."
RAG_DOC_0628,"Driver, Truck",O*NET Task,O*NET,53-3032.00,"For Driver, Truck, O*NET lists the following occupational task: Drive trucks with capacities greater than 13 tons, including tractor-trailer combinations, to transport and deliver products, livestock, or other materials.. O*NET occupation: Heavy and Tractor-Trailer Truck Drivers (53-3032.00)."
RAG_DOC_0629,"Driver, Truck",O*NET Task,O*NET,53-3032.00,"For Driver, Truck, O*NET lists the following occupational task: Read and interpret maps to determine vehicle routes.. O*NET occupation: Heavy and Tractor-Trailer Truck Drivers (53-3032.00)."
RAG_DOC_0630,"Driver, Truck",O*NET Task,O*NET,53-3032.00,"For Driver, Truck, O*NET lists the following occupational task: Check conditions of trailers after contents have been unloaded to ensure that there has been no damage.. O*NET occupation: Heavy and Tractor-Trailer Truck Drivers (53-3032.00)."
RAG_DOC_0631,"Driver, Truck",O*NET Task,O*NET,53-3032.00,"For Driver, Truck, O*NET lists the following occupational task: Operate equipment, such as truck cab computers, CB radios, phones, or global positioning systems (GPS) equipment to exchange necessary information with bases, supervisors, or other drivers.. O*NET occupation: Heavy and Tractor-Trailer Truck Drivers (53-3032.00)."
RAG_DOC_0632,"Driver, Truck",O*NET Task,O*NET,53-3032.00,"For Driver, Truck, O*NET lists the following occupational task: Drive trucks to weigh stations before and after loading and along routes in compliance with state regulations.. O*NET occupation: Heavy and Tractor-Trailer Truck Drivers (53-3032.00)."
RAG_DOC_0633,"Driver, Truck",O*NET Task,O*NET,53-3032.00,"For Driver, Truck, O*NET lists the following occupational task: Load or unload trucks or help others with loading or unloading, using special loading-related equipment or other equipment as necessary.. O*NET occupation: Heavy and Tractor-Trailer Truck Drivers (53-3032.00)."
RAG_DOC_0634,"Driver, Truck",O*NET Task,O*NET,53-3032.00,"For Driver, Truck, O*NET lists the following occupational task: Plan or adjust routes based on changing conditions, using computer equipment, global positioning systems (GPS) equipment, or other navigation devices, to minimize fuel consumption and carbon emissions.. O*NET occupation: Heavy and Tractor-Trailer Truck Drivers (53-3032.00)."
RAG_DOC_0635,"Driver, Truck",O*NET Task,O*NET,53-3032.00,"For Driver, Truck, O*NET lists the following occupational task: Perform emergency roadside repairs, such as changing tires or installing light bulbs, tire chains, or spark plugs.. O*NET occupation: Heavy and Tractor-Trailer Truck Drivers (53-3032.00)."
RAG_DOC_0636,"Driver, Truck",O*NET Task,O*NET,53-3032.00,"For Driver, Truck, O*NET lists the following occupational task: Remove debris from loaded trailers.. O*NET occupation: Heavy and Tractor-Trailer Truck Drivers (53-3032.00)."
RAG_DOC_0637,"Driver, Truck",O*NET Task,O*NET,53-3032.00,"For Driver, Truck, O*NET lists the following occupational task: Secure cargo for transport, using ropes, blocks, chain, binders, or covers.. O*NET occupation: Heavy and Tractor-Trailer Truck Drivers (53-3032.00)."
RAG_DOC_0638,"Driver, Truck",O*NET Task,O*NET,53-3032.00,"For Driver, Truck, O*NET lists the following occupational task: Follow appropriate safety procedures for transporting dangerous goods.. O*NET occupation: Heavy and Tractor-Trailer Truck Drivers (53-3032.00)."
RAG_DOC_0639,"Driver, Truck",O*NET Task,O*NET,53-3032.00,"For Driver, Truck, O*NET lists the following occupational task: Inventory and inspect goods to be moved to determine quantities and conditions.. O*NET occupation: Heavy and Tractor-Trailer Truck Drivers (53-3032.00)."
RAG_DOC_0640,"Driver, Truck",O*NET Task,O*NET,53-3032.00,"For Driver, Truck, O*NET lists the following occupational task: Follow special cargo-related procedures, such as checking refrigeration systems for frozen foods or providing food or water for livestock.. O*NET occupation: Heavy and Tractor-Trailer Truck Drivers (53-3032.00)."
RAG_DOC_0641,"Driver, Truck",O*NET Task,O*NET,53-3032.00,"For Driver, Truck, O*NET lists the following occupational task: Install or remove special equipment, such as tire chains, grader blades, plow blades, or sanders.. O*NET occupation: Heavy and Tractor-Trailer Truck Drivers (53-3032.00)."
RAG_DOC_0642,"Driver, Truck",O*NET Task,O*NET,53-3032.00,"For Driver, Truck, O*NET lists the following occupational task: Wrap and secure goods using pads, packing paper, containers, or straps.. O*NET occupation: Heavy and Tractor-Trailer Truck Drivers (53-3032.00)."
RAG_DOC_0643,"Driver, Truck",O*NET Task,O*NET,53-3032.00,"For Driver, Truck, O*NET lists the following occupational task: Operate idle reduction systems or auxiliary power systems to generate power from alternative sources, such as fuel cells, to reduce idling time, to heat or cool truck cabins, or to provide power for other equipment.. O*NET occupation: Heavy and Tractor-Trailer Truck Drivers (53-3032.00)."
RAG_DOC_0644,"Driver, Truck",O*NET Task,O*NET,53-3032.00,"For Driver, Truck, O*NET lists the following occupational task: Give directions to laborers who are packing goods and moving them onto trailers.. O*NET occupation: Heavy and Tractor-Trailer Truck Drivers (53-3032.00)."
RAG_DOC_0645,Delivery Driver,O*NET Task,O*NET,53-3033.00,"For Delivery Driver, O*NET lists the following occupational task: Obey traffic laws and follow established traffic and transportation procedures.. O*NET occupation: Light Truck Drivers (53-3033.00)."
RAG_DOC_0646,Delivery Driver,O*NET Task,O*NET,53-3033.00,"For Delivery Driver, O*NET lists the following occupational task: Report any mechanical problems encountered with vehicles.. O*NET occupation: Light Truck Drivers (53-3033.00)."
RAG_DOC_0647,Delivery Driver,O*NET Task,O*NET,53-3033.00,"For Delivery Driver, O*NET lists the following occupational task: Verify the contents of inventory loads against shipping papers.. O*NET occupation: Light Truck Drivers (53-3033.00)."
RAG_DOC_0648,Delivery Driver,O*NET Task,O*NET,53-3033.00,"For Delivery Driver, O*NET lists the following occupational task: Inspect and maintain vehicle supplies and equipment, such as gas, oil, water, tires, lights, or brakes, to ensure that vehicles are in proper working condition.. O*NET occupation: Light Truck Drivers (53-3033.00)."
RAG_DOC_0649,Delivery Driver,O*NET Task,O*NET,53-3033.00,"For Delivery Driver, O*NET lists the following occupational task: Read maps and follow written or verbal geographic directions.. O*NET occupation: Light Truck Drivers (53-3033.00)."
RAG_DOC_0650,Delivery Driver,O*NET Task,O*NET,53-3033.00,"For Delivery Driver, O*NET lists the following occupational task: Load and unload trucks, vans, or automobiles.. O*NET occupation: Light Truck Drivers (53-3033.00)."
RAG_DOC_0651,Delivery Driver,O*NET Task,O*NET,53-3033.00,"For Delivery Driver, O*NET lists the following occupational task: Present bills and receipts and collect payments for goods delivered or loaded.. O*NET occupation: Light Truck Drivers (53-3033.00)."
RAG_DOC_0652,Delivery Driver,O*NET Task,O*NET,53-3033.00,"For Delivery Driver, O*NET lists the following occupational task: Maintain records, such as vehicle logs, records of cargo, or billing statements, in accordance with regulations.. O*NET occupation: Light Truck Drivers (53-3033.00)."
RAG_DOC_0653,Delivery Driver,O*NET Task,O*NET,53-3033.00,"For Delivery Driver, O*NET lists the following occupational task: Drive vehicles with capacities under three tons to transport materials to and from specified destinations, such as railroad stations, plants, residences, offices, or within industrial yards.. O*NET occupation: Light Truck Drivers (53-3033.00)."
RAG_DOC_0654,Delivery Driver,O*NET Task,O*NET,53-3033.00,"For Delivery Driver, O*NET lists the following occupational task: Turn in receipts and money received from deliveries.. O*NET occupation: Light Truck Drivers (53-3033.00)."
RAG_DOC_0655,Delivery Driver,O*NET Task,O*NET,53-3033.00,"For Delivery Driver, O*NET lists the following occupational task: Use and maintain the tools or equipment found on commercial vehicles, such as weighing or measuring devices.. O*NET occupation: Light Truck Drivers (53-3033.00)."
RAG_DOC_0656,Delivery Driver,O*NET Task,O*NET,53-3033.00,"For Delivery Driver, O*NET lists the following occupational task: Report delays, accidents, or other traffic and transportation situations to bases or other vehicles, using telephones or mobile two-way radios.. O*NET occupation: Light Truck Drivers (53-3033.00)."
RAG_DOC_0657,Delivery Driver,O*NET Task,O*NET,53-3033.00,"For Delivery Driver, O*NET lists the following occupational task: Perform emergency repairs, such as changing tires or installing light bulbs, fuses, tire chains, or spark plugs.. O*NET occupation: Light Truck Drivers (53-3033.00)."
RAG_DOC_0658,"Driver, Truck",Canadian Labour Demand,Government of Canada Job Bank,73300,"For Driver, Truck in the Canadian labour-market dataset, there are 1423 job postings and 3705 total vacancies across 12 provinces or territories represented in the dataset. The project-derived Canadian labour-demand score is 88.80%."
RAG_DOC_0659,Retail Sales Associate,Canadian Labour Demand,Government of Canada Job Bank,64100,"For Retail Sales Associate in the Canadian labour-market dataset, there are 1876 job postings and 2449 total vacancies across 13 provinces or territories represented in the dataset. The project-derived Canadian labour-demand score is 86.44%."
RAG_DOC_0660,Inside Sales Representative,Canadian Labour Demand,Government of Canada Job Bank,64100,"For Inside Sales Representative in the Canadian labour-market dataset, there are 1876 job postings and 2449 total vacancies across 13 provinces or territories represented in the dataset. The project-derived Canadian labour-demand score is 86.44%."
RAG_DOC_0661,Food Service Supervisor,Canadian Labour Demand,Government of Canada Job Bank,62020,"For Food Service Supervisor in the Canadian labour-market dataset, there are 1061 job postings and 2524 total vacancies across 12 provinces or territories represented in the dataset. The project-derived Canadian labour-demand score is 68.33%."
RAG_DOC_0662,Restaurant Manager,Canadian Labour Demand,Government of Canada Job Bank,60030,"For Restaurant Manager in the Canadian labour-market dataset, there are 1139 job postings and 1473 total vacancies across 12 provinces or territories represented in the dataset. The project-derived Canadian labour-demand score is 58.65%."
RAG_DOC_0663,Office Administrator,Canadian Labour Demand,Government of Canada Job Bank,13100,"For Office Administrator in the Canadian labour-market dataset, there are 676 job postings and 1709 total vacancies across 13 provinces or territories represented in the dataset. The project-derived Canadian labour-demand score is 52.86%."
RAG_DOC_0664,Office Manager,Canadian Labour Demand,Government of Canada Job Bank,13100,"For Office Manager in the Canadian labour-market dataset, there are 676 job postings and 1709 total vacancies across 13 provinces or territories represented in the dataset. The project-derived Canadian labour-demand score is 52.86%."
RAG_DOC_0665,Continuing Care Assistant,Canadian Labour Demand,Government of Canada Job Bank,33102,"For Continuing Care Assistant in the Canadian labour-market dataset, there are 819 job postings and 1172 total vacancies across 9 provinces or territories represented in the dataset. The project-derived Canadian labour-demand score is 43.96%."
RAG_DOC_0666,Administrative Assistant,Canadian Labour Demand,Government of Canada Job Bank,13110,"For Administrative Assistant in the Canadian labour-market dataset, there are 812 job postings and 890 total vacancies across 11 provinces or territories represented in the dataset. The project-derived Canadian labour-demand score is 43.85%."
RAG_DOC_0667,Delivery Driver,Canadian Labour Demand,Government of Canada Job Bank,75201,"For Delivery Driver in the Canadian labour-market dataset, there are 557 job postings and 622 total vacancies across 12 provinces or territories represented in the dataset. The project-derived Canadian labour-demand score is 37.05%."
RAG_DOC_0668,Secondary School Teacher,Canadian Labour Demand,Government of Canada Job Bank,41220,"For Secondary School Teacher in the Canadian labour-market dataset, there are 681 job postings and 740 total vacancies across 9 provinces or territories represented in the dataset. The project-derived Canadian labour-demand score is 36.36%."
RAG_DOC_0669,Licensed Practical Nurse (L.P.N.),Canadian Labour Demand,Government of Canada Job Bank,32101,"For Licensed Practical Nurse (L.P.N.) in the Canadian labour-market dataset, there are 437 job postings and 527 total vacancies across 10 provinces or territories represented in the dataset. The project-derived Canadian labour-demand score is 30.39%."
RAG_DOC_0670,Bookkeeper,Canadian Labour Demand,Government of Canada Job Bank,12200,"For Bookkeeper in the Canadian labour-market dataset, there are 396 job postings and 422 total vacancies across 11 provinces or territories represented in the dataset. The project-derived Canadian labour-demand score is 29.92%."
RAG_DOC_0671,Information Technology (IT) Analyst,Canadian Labour Demand,Government of Canada Job Bank,21222,"For Information Technology (IT) Analyst in the Canadian labour-market dataset, there are 347 job postings and 357 total vacancies across 10 provinces or territories represented in the dataset. The project-derived Canadian labour-demand score is 26.64%."
RAG_DOC_0672,Software Developer,Canadian Labour Demand,Government of Canada Job Bank,21232,"For Software Developer in the Canadian labour-market dataset, there are 323 job postings and 344 total vacancies across 8 provinces or territories represented in the dataset. The project-derived Canadian labour-demand score is 22.91%."
RAG_DOC_0673,Software Developer,CIP Education Pathway,CIP / Project Crosswalk,CIP2020,"For Software Developer, the project crosswalk identifies 20 mapped CIP education program pathways. Status: CIP pathway available."
RAG_DOC_0674,Information Technology (IT) Analyst,CIP Education Pathway,CIP / Project Crosswalk,CIP2020,"For Information Technology (IT) Analyst, the project crosswalk identifies 22 mapped CIP education program pathways. Status: CIP pathway available."
RAG_DOC_0675,Secondary School Teacher,CIP Education Pathway,CIP / Project Crosswalk,CIP2020,"For Secondary School Teacher, the project crosswalk identifies 92 mapped CIP education program pathways. Status: CIP pathway available."
RAG_DOC_0676,Bookkeeper,CIP Education Pathway,CIP / Project Crosswalk,CIP2020,"For Bookkeeper, the project crosswalk identifies 1 mapped CIP education program pathways. Status: CIP pathway available."
RAG_DOC_0677,Licensed Practical Nurse (L.P.N.),CIP Education Pathway,CIP / Project Crosswalk,CIP2020,"For Licensed Practical Nurse (L.P.N.), the project crosswalk identifies 2 mapped CIP education program pathways. Status: CIP pathway available."
RAG_DOC_0678,Office Manager,CIP Education Pathway,CIP / Project Crosswalk,CIP2020,"For Office Manager, the project crosswalk identifies 13 mapped CIP education program pathways. Status: CIP pathway available."
RAG_DOC_0679,Office Administrator,CIP Education Pathway,CIP / Project Crosswalk,CIP2020,"For Office Administrator, the project crosswalk identifies 13 mapped CIP education program pathways. Status: CIP pathway available."
RAG_DOC_0680,Administrative Assistant,CIP Education Pathway,CIP / Project Crosswalk,CIP2020,"For Administrative Assistant, the project crosswalk identifies 2 mapped CIP education program pathways. Status: CIP pathway available."
RAG_DOC_0681,"Driver, Truck",CIP Education Pathway,CIP / Project Crosswalk,CIP2020,"For Driver, Truck, the project crosswalk identifies 1 mapped CIP education program pathways. Status: CIP pathway available."
RAG_DOC_0682,Inside Sales Representative,CIP Education Pathway,CIP / Project Crosswalk,CIP2020,"For Inside Sales Representative, no mapped CIP education pathway is available in the current project crosswalk. Status: No CIP pathway in crosswalk."
RAG_DOC_0683,Retail Sales Associate,CIP Education Pathway,CIP / Project Crosswalk,CIP2020,"For Retail Sales Associate, no mapped CIP education pathway is available in the current project crosswalk. Status: No CIP pathway in crosswalk."
RAG_DOC_0684,Food Service Supervisor,CIP Education Pathway,CIP / Project Crosswalk,CIP2020,"For Food Service Supervisor, the project crosswalk identifies 5 mapped CIP education program pathways. Status: CIP pathway available."
RAG_DOC_0685,Continuing Care Assistant,CIP Education Pathway,CIP / Project Crosswalk,CIP2020,"For Continuing Care Assistant, the project crosswalk identifies 3 mapped CIP education program pathways. Status: CIP pathway available."
RAG_DOC_0686,Delivery Driver,CIP Education Pathway,CIP / Project Crosswalk,CIP2020,"For Delivery Driver, the project crosswalk identifies 1 mapped CIP education program pathways. Status: CIP pathway available."
RAG_DOC_0687,Restaurant Manager,CIP Education Pathway,CIP / Project Crosswalk,CIP2020,"For Restaurant Manager, the project crosswalk identifies 10 mapped CIP education program pathways. Status: CIP pathway available."
RAG_DOC_0688,Administrative Assistant,Integrated Occupation Profile,Integrated O*NET-CIP Profile,43-6014.00,"Integrated profile for Administrative Assistant: O*NET occupation Secretaries and Administrative Assistants, Except Legal, Medical, and Executive (43-6014.00); Job Zone 2; 12 O*NET education records; 29 training records; 2 mapped CIP programs; and 2 CIP-SOC mapping records."
RAG_DOC_0689,Bookkeeper,Integrated Occupation Profile,Integrated O*NET-CIP Profile,43-3031.00,"Integrated profile for Bookkeeper: O*NET occupation Bookkeeping, Accounting, and Auditing Clerks (43-3031.00); Job Zone 3; 12 O*NET education records; 29 training records; 1 mapped CIP programs; and 1 CIP-SOC mapping records."
RAG_DOC_0690,Continuing Care Assistant,Integrated Occupation Profile,Integrated O*NET-CIP Profile,31-1131.00,Integrated profile for Continuing Care Assistant: O*NET occupation Nursing Assistants (31-1131.00); Job Zone 3; 12 O*NET education records; 29 training records; 3 mapped CIP programs; and 3 CIP-SOC mapping records.
RAG_DOC_0691,Continuing Care Assistant,Integrated Occupation Profile,Integrated O*NET-CIP Profile,31-1132.00,Integrated profile for Continuing Care Assistant: O*NET occupation Orderlies (31-1132.00); Job Zone 2; 12 O*NET education records; 29 training records; 1 mapped CIP programs; and 1 CIP-SOC mapping records.
RAG_DOC_0692,Delivery Driver,Integrated Occupation Profile,Integrated O*NET-CIP Profile,53-3033.00,Integrated profile for Delivery Driver: O*NET occupation Light Truck Drivers (53-3033.00); Job Zone 2; 12 O*NET education records; 29 training records; 1 mapped CIP programs; and 1 CIP-SOC mapping records.
RAG_DOC_0693,"Driver, Truck",Integrated Occupation Profile,Integrated O*NET-CIP Profile,53-3032.00,"Integrated profile for Driver, Truck: O*NET occupation Heavy and Tractor-Trailer Truck Drivers (53-3032.00); Job Zone 2; 12 O*NET education records; 29 training records; 1 mapped CIP programs; and 1 CIP-SOC mapping records."
RAG_DOC_0694,Food Service Supervisor,Integrated Occupation Profile,Integrated O*NET-CIP Profile,35-1012.00,Integrated profile for Food Service Supervisor: O*NET occupation First-Line Supervisors of Food Preparation and Serving Workers (35-1012.00); Job Zone 2; 12 O*NET education records; 29 training records; 5 mapped CIP programs; and 5 CIP-SOC mapping records.
RAG_DOC_0695,Information Technology (IT) Analyst,Integrated Occupation Profile,Integrated O*NET-CIP Profile,15-1211.00,Integrated profile for Information Technology (IT) Analyst: O*NET occupation Computer Systems Analysts (15-1211.00); Job Zone 4; 12 O*NET education records; 29 training records; 4 mapped CIP programs; and 4 CIP-SOC mapping records.
RAG_DOC_0696,Information Technology (IT) Analyst,Integrated Occupation Profile,Integrated O*NET-CIP Profile,15-1211.01,Integrated profile for Information Technology (IT) Analyst: O*NET occupation Health Informatics Specialists (15-1211.01); Job Zone 5; 12 O*NET education records; 29 training records; 4 mapped CIP programs; and 4 CIP-SOC mapping records.
RAG_DOC_0697,Information Technology (IT) Analyst,Integrated Occupation Profile,Integrated O*NET-CIP Profile,15-1212.00,Integrated profile for Information Technology (IT) Analyst: O*NET occupation Information Security Analysts (15-1212.00); Job Zone 4; 12 O*NET education records; 29 training records; 9 mapped CIP programs; and 9 CIP-SOC mapping records.
RAG_DOC_0698,Information Technology (IT) Analyst,Integrated Occupation Profile,Integrated O*NET-CIP Profile,15-1253.00,Integrated profile for Information Technology (IT) Analyst: O*NET occupation Software Quality Assurance Analysts and Testers (15-1253.00); Job Zone 4; 12 O*NET education records; 29 training records; 15 mapped CIP programs; and 15 CIP-SOC mapping records.
RAG_DOC_0699,Inside Sales Representative,Integrated Occupation Profile,Integrated O*NET-CIP Profile,41-2031.00,Integrated profile for Inside Sales Representative: O*NET occupation Retail Salespersons (41-2031.00); Job Zone 2; 48 O*NET education records; 58 training records; 1 mapped CIP programs; and 2 CIP-SOC mapping records.
RAG_DOC_0700,Licensed Practical Nurse (L.P.N.),Integrated Occupation Profile,Integrated O*NET-CIP Profile,29-2061.00,Integrated profile for Licensed Practical Nurse (L.P.N.): O*NET occupation Licensed Practical and Licensed Vocational Nurses (29-2061.00); Job Zone 3; 12 O*NET education records; 29 training records; 2 mapped CIP programs; and 2 CIP-SOC mapping records.
RAG_DOC_0701,Office Administrator,Integrated Occupation Profile,Integrated O*NET-CIP Profile,43-1011.00,Integrated profile for Office Administrator: O*NET occupation First-Line Supervisors of Office and Administrative Support Workers (43-1011.00); Job Zone 3; 48 O*NET education records; 58 training records; 13 mapped CIP programs; and 26 CIP-SOC mapping records.
RAG_DOC_0702,Office Administrator,Integrated Occupation Profile,Integrated O*NET-CIP Profile,43-6011.00,Integrated profile for Office Administrator: O*NET occupation Executive Secretaries and Executive Administrative Assistants (43-6011.00); Job Zone 3; 12 O*NET education records; 29 training records; 2 mapped CIP programs; and 2 CIP-SOC mapping records.
RAG_DOC_0703,Office Manager,Integrated Occupation Profile,Integrated O*NET-CIP Profile,43-1011.00,Integrated profile for Office Manager: O*NET occupation First-Line Supervisors of Office and Administrative Support Workers (43-1011.00); Job Zone 3; 48 O*NET education records; 58 training records; 13 mapped CIP programs; and 26 CIP-SOC mapping records.
RAG_DOC_0704,Restaurant Manager,Integrated Occupation Profile,Integrated O*NET-CIP Profile,11-9051.00,Integrated profile for Restaurant Manager: O*NET occupation Food Service Managers (11-9051.00); Job Zone 2; 12 O*NET education records; 29 training records; 10 mapped CIP programs; and 10 CIP-SOC mapping records.
RAG_DOC_0705,Retail Sales Associate,Integrated Occupation Profile,Integrated O*NET-CIP Profile,41-2031.00,Integrated profile for Retail Sales Associate: O*NET occupation Retail Salespersons (41-2031.00); Job Zone 2; 48 O*NET education records; 58 training records; 1 mapped CIP programs; and 2 CIP-SOC mapping records.
RAG_DOC_0706,Secondary School Teacher,Integrated Occupation Profile,Integrated O*NET-CIP Profile,25-2031.00,"Integrated profile for Secondary School Teacher: O*NET occupation Secondary School Teachers, Except Special and Career/Technical Education (25-2031.00); Job Zone 4; 12 O*NET education records; 29 training records; 92 mapped CIP programs; and 92 CIP-SOC mapping records."
RAG_DOC_0707,Software Developer,Integrated Occupation Profile,Integrated O*NET-CIP Profile,15-1252.00,Integrated profile for Software Developer: O*NET occupation Software Developers (15-1252.00); Job Zone 4; 12 O*NET education records; 29 training records; 20 mapped CIP programs; and 20 CIP-SOC mapping records.
