candidate_id,selected_occupation,skill_normalized_score,semantic_normalized_score,demand_score,education_score,candidate_match_score,final_hybrid_score,final_hybrid_rank,onet_only_score,onet_only_normalized,onet_jobbank_score,onet_jobbank_normalized,onet_cip_score,onet_cip_normalized,all_datasets_score,all_datasets_normalized,onet_only_rank,onet_jobbank_rank,onet_cip_rank,all_datasets_rank,onet_formula_difference,all_formula_difference
Candidate_001,Software Developer,1.0,1.0,0.2290858604605659,1.0,0.7,0.8458171720921132,1,0.7,1.0,0.7458171720921132,0.8286857467690146,0.7999999999999999,0.9999999999999999,0.8458171720921132,0.8458171720921132,1,1,1,1,0.0,0.0
Candidate_001,Information Technology (IT) Analyst,0.6967755018332572,0.7309810620709092,0.266375870790639,1.0,0.4997147973664582,0.6529899715245859,2,0.4997147973664582,0.7138782819520831,0.552989971524586,0.6144333016939844,0.5997147973664582,0.7496434967080726,0.6529899715245859,0.6529899715245859,2,2,2,2,0.0,0.0
Candidate_001,Bookkeeper,0.6127816609934615,0.65460003104619,0.2992257912289334,1.0,0.443583592213878,0.6034287504596646,3,0.443583592213878,0.6336908460198257,0.5034287504596646,0.5593652782885162,0.543583592213878,0.6794794902673474,0.6034287504596646,0.6034287504596646,3,3,3,3,0.0,0.0
Candidate_001,Secondary School Teacher,0.622928673032444,0.5749917263631265,0.3635561348837076,1.0,0.4192721397884497,0.5919833667651913,4,0.4192721397884497,0.5989601996977852,0.4919833667651912,0.5466481852946569,0.5192721397884497,0.6490901747355621,0.5919833667651913,0.5919833667651913,4,4,4,4,0.0,0.0
Candidate_001,Office Administrator,0.4361596511409003,0.592569595414838,0.5286438829565303,0.0,0.3600552362945084,0.4657840128858145,5,0.3600552362945084,0.5143646232778692,0.4657840128858145,0.5175377920953494,0.3600552362945084,0.4500690453681355,0.4657840128858145,0.4657840128858145,5,5,5,5,0.0,0.0
Candidate_001,Office Manager,0.415371643129516,0.5381829884154277,0.5286438829565303,0.0,0.3337441210407302,0.4394728976320363,6,0.33374412104073026,0.47677731577247184,0.43947289763203634,0.48830321959115147,0.33374412104073026,0.4171801513009128,0.43947289763203634,0.43947289763203634,6,6,7,6,5.551115123125783e-17,5.551115123125783e-17
Candidate_001,Licensed Practical Nurse (L.P.N.),0.515402242745367,0.1977128977669694,0.3039192124973743,1.0,0.2495902991793177,0.4103741416787926,7,0.24959029917931772,0.3565575702561682,0.31037414167879257,0.3448601574208806,0.3495902991793177,0.4369878739741471,0.4103741416787926,0.4103741416787926,9,14,6,7,2.7755575615628914e-17,0.0
Candidate_001,Restaurant Manager,0.2680081625644394,0.46768765361139,0.5865008675534992,0.0,0.2574935356615403,0.3747937091722401,8,0.25749353566154026,0.3678479080879147,0.3747937091722401,0.4164374546358223,0.25749353566154026,0.3218669195769253,0.3747937091722401,0.3747937091722401,7,7,8,8,5.551115123125783e-17,0.0
Candidate_001,"Driver, Truck",0.2531815289951885,0.230135929498989,0.8880268984746598,0.0,0.1691611104729621,0.346766490167894,9,0.16916111047296212,0.24165872924708875,0.34676649016789407,0.385296100186549,0.16916111047296212,0.21145138809120265,0.34676649016789407,0.34676649016789407,12,8,12,9,2.7755575615628914e-17,5.551115123125783e-17
Candidate_001,Food Service Supervisor,0.0363615854538611,0.5581697752754362,0.6833380235893983,0.0,0.208085976255254,0.3447535809731337,10,0.20808597625525405,0.2972656803646487,0.3447535809731337,0.38305953441459295,0.20808597625525405,0.26010747031906756,0.3447535809731337,0.3447535809731337,11,9,11,10,5.551115123125783e-17,0.0
Candidate_001,Continuing Care Assistant,0.1943017329544611,0.5333148076259117,0.4396201180333152,0.0,0.2546657892031304,0.3425898128097935,11,0.25466578920313043,0.36380827029018636,0.3425898128097935,0.3806553475664372,0.25466578920313043,0.318332236503913,0.3425898128097935,0.3425898128097935,8,10,9,11,5.551115123125783e-17,0.0
Candidate_001,Administrative Assistant,0.0,0.7107274951524262,0.4384514673595585,0.0,0.2487546233033491,0.3364449167752608,12,0.24875462330334913,0.3553637475762131,0.33644491677526084,0.37382768530584537,0.24875462330334913,0.3109432791291864,0.33644491677526084,0.33644491677526084,10,11,10,12,2.7755575615628914e-17,5.551115123125783e-17
Candidate_001,Inside Sales Representative,0.1453206504113498,0.2671946657808549,0.8643994601889338,0.0,0.1443803606672716,0.3172602527050584,13,0.14438036066727164,0.20625765809610236,0.3172602527050584,0.35251139189450936,0.14438036066727164,0.18047545083408953,0.3172602527050584,0.3172602527050584,13,12,13,13,2.7755575615628914e-17,0.0
Candidate_001,Retail Sales Associate,0.1453206504113498,0.2481678922672529,0.8643994601889338,0.0,0.1377209899375109,0.3106008819752977,14,0.13772098993751095,0.19674427133930136,0.31060088197529767,0.3451120910836641,0.13772098993751095,0.17215123742188868,0.31060088197529767,0.31060088197529767,14,13,14,14,5.551115123125783e-17,5.551115123125783e-17
Candidate_001,Delivery Driver,0.1439520461002038,0.0,0.3705312074675783,0.0,0.0503832161350713,0.124489457628587,15,0.050383216135071324,0.0719760230501019,0.12448945762858699,0.13832161958731887,0.050383216135071324,0.06297902016883915,0.12448945762858699,0.12448945762858699,15,15,15,15,2.0816681711721685e-17,1.3877787807814457e-17
Candidate_002,Software Developer,0.8189766486101043,1.0,0.2290858604605659,1.0,0.6366418270135366,0.7824589991056498,1,0.6366418270135366,0.9094883243050523,0.6824589991056498,0.7582877767840552,0.7366418270135365,0.9208022837669206,0.7824589991056498,0.7824589991056498,1,1,1,1,0.0,0.0
Candidate_002,Office Manager,1.0,0.3300940384850886,0.5286438829565303,1.0,0.465532913469781,0.671261690061087,2,0.465532913469781,0.6650470192425443,0.5712616900610871,0.6347352111789856,0.565532913469781,0.7069161418372262,0.671261690061087,0.671261690061087,3,2,3,2,0.0,0.0
Candidate_002,Information Technology (IT) Analyst,0.6155276558846338,0.7584146258296381,0.266375870790639,1.0,0.4808797985999951,0.6341549727581229,3,0.48087979859999513,0.686971140857136,0.534154972758123,0.5935055252868032,0.5808797985999952,0.7260997482499939,0.6341549727581229,0.6341549727581229,2,3,2,3,5.551115123125783e-17,0.0
Candidate_002,Office Administrator,0.8197929865595287,0.3699071347960727,0.5286438829565303,1.0,0.4163950424744604,0.6221238190657665,4,0.41639504247446046,0.5948500606778007,0.5221238190657665,0.5801375767397406,0.5163950424744604,0.6454938030930755,0.6221238190657665,0.6221238190657665,5,4,5,4,5.551115123125783e-17,0.0
Candidate_002,Secondary School Teacher,0.7822669230071398,0.4672995540798286,0.3635561348837076,1.0,0.4373482669804389,0.6100594939571804,5,0.43734826698043894,0.6247832385434843,0.5100594939571804,0.5667327710635338,0.5373482669804389,0.6716853337255486,0.6100594939571804,0.6100594939571804,4,5,4,5,5.551115123125783e-17,0.0
Candidate_002,Administrative Assistant,0.5458349538247957,0.4584755631199599,0.4384514673595585,0.0,0.3515086809306644,0.4391989744025761,6,0.35150868093066445,0.5021552584723779,0.43919897440257616,0.48799886044730684,0.35150868093066445,0.43938585116333057,0.43919897440257616,0.43919897440257616,6,6,6,6,5.551115123125783e-17,5.551115123125783e-17
Candidate_002,"Driver, Truck",0.5325467782620326,0.1466654616091404,0.8880268984746598,0.0,0.2377242839549105,0.4153296636498425,7,0.23772428395491052,0.3396061199355865,0.4153296636498425,0.4614774040553805,0.23772428395491052,0.29715535494363815,0.4153296636498425,0.4153296636498425,7,7,7,7,2.7755575615628914e-17,0.0
Candidate_002,Inside Sales Representative,0.2349803824001659,0.2172451065009309,0.8643994601889338,0.0,0.1582789211153838,0.3311588131531706,8,0.15827892111538389,0.22611274445054844,0.33115881315317064,0.36795423683685624,0.15827892111538389,0.19784865139422986,0.33115881315317064,0.33115881315317064,10,8,10,8,8.326672684688674e-17,5.551115123125783e-17
Candidate_002,Retail Sales Associate,0.2349803824001659,0.187551010231745,0.8643994601889338,0.0,0.1478859874211688,0.3207658794589555,9,0.14788598742116882,0.21126569631595546,0.32076587945895557,0.3564065327321729,0.14788598742116882,0.184857484276461,0.32076587945895557,0.32076587945895557,11,9,11,9,2.7755575615628914e-17,5.551115123125783e-17
Candidate_002,Food Service Supervisor,0.0,0.3723407765801347,0.6833380235893983,0.0,0.1303192718030471,0.2669868765209268,10,0.13031927180304714,0.18617038829006735,0.2669868765209268,0.29665208502325197,0.13031927180304714,0.16289908975380893,0.2669868765209268,0.2669868765209268,12,10,12,10,5.551115123125783e-17,0.0
Candidate_002,Continuing Care Assistant,0.1621720488441621,0.3221769571979699,0.4396201180333152,0.0,0.1695221521147462,0.2574461757214092,11,0.1695221521147462,0.242174503021066,0.25744617572140926,0.2860513063571214,0.1695221521147462,0.21190269014343274,0.25744617572140926,0.25744617572140926,9,11,9,11,0.0,5.551115123125783e-17
Candidate_002,Bookkeeper,0.1948654268762536,0.2984486289842978,0.2992257912289334,0.0,0.172659919551193,0.2325050777969796,12,0.17265991955119298,0.2466570279302757,0.23250507779697965,0.2583389753299774,0.17265991955119298,0.21582489943899122,0.23250507779697965,0.23250507779697965,8,12,8,12,2.7755575615628914e-17,5.551115123125783e-17
Candidate_002,Restaurant Manager,0.1592465966027531,0.1380224126033862,0.5865008675534992,0.0,0.1040441532221487,0.2213443267328486,13,0.10404415322214874,0.14863450460306965,0.2213443267328486,0.2459381408142762,0.10404415322214874,0.1300551915276859,0.2213443267328486,0.2213443267328486,14,13,14,13,4.163336342344337e-17,0.0
Candidate_002,Licensed Practical Nurse (L.P.N.),0.0408171563248927,0.2612640491252822,0.3039192124973743,0.0,0.1057284219075612,0.1665122644070361,14,0.10572842190756121,0.15104060272508746,0.16651226440703606,0.18501362711892896,0.10572842190756121,0.1321605273844515,0.16651226440703606,0.16651226440703606,13,14,13,14,1.3877787807814457e-17,2.7755575615628914e-17
Candidate_002,Delivery Driver,0.114197589773341,0.0,0.3705312074675783,0.0,0.0399691564206693,0.114075397914185,15,0.03996915642066935,0.05709879488667051,0.11407539791418501,0.12675044212687223,0.03996915642066935,0.04996144552583669,0.11407539791418501,0.11407539791418501,15,15,15,15,5.551115123125783e-17,1.3877787807814457e-17
Candidate_003,Administrative Assistant,1.0,0.5875608276251357,0.4384514673595585,1.0,0.5556462896687975,0.7433365831407092,1,0.5556462896687975,0.7937804138125679,0.6433365831407092,0.7148184257118991,0.6556462896687975,0.8195578620859968,0.7433365831407092,0.7433365831407092,1,1,1,1,0.0,0.0
Candidate_003,Office Manager,0.8802953501891214,0.456589852149889,0.5286438829565303,1.0,0.4679098208186536,0.6736385974099597,2,0.4679098208186536,0.6684426011695053,0.5736385974099597,0.6373762193443997,0.5679098208186536,0.7098872760233169,0.6736385974099597,0.6736385974099597,2,2,2,2,0.0,0.0
Candidate_003,Office Administrator,0.7125966158149186,0.5595053180176909,0.5286438829565303,1.0,0.4452356768414133,0.6509644534327194,3,0.4452356768414133,0.6360509669163048,0.5509644534327194,0.6121827260363548,0.5452356768414133,0.6815445960517665,0.6509644534327194,0.6509644534327194,3,3,3,3,0.0,0.0
Candidate_003,"Driver, Truck",0.6958608440448676,0.1369002232246121,0.8880268984746598,1.0,0.2914663735443178,0.5690717532392499,4,0.29146637354431787,0.4163805336347398,0.4690717532392498,0.5211908369324998,0.3914663735443179,0.48933296693039735,0.5690717532392499,0.5690717532392499,10,7,5,4,5.551115123125783e-17,0.0
Candidate_003,Inside Sales Representative,0.5838070595741572,0.3556006013452054,0.8643994601889338,0.0,0.3287926813217768,0.5016725733595636,5,0.32879268132177686,0.4697038304596813,0.5016725733595636,0.5574139703995151,0.32879268132177686,0.41099085165222105,0.5016725733595636,0.5016725733595636,6,4,7,5,5.551115123125783e-17,0.0
Candidate_003,Retail Sales Associate,0.5838070595741572,0.3241832432103207,0.8643994601889338,0.0,0.3177966059745672,0.490676498012354,6,0.31779660597456727,0.453995151392239,0.490676498012354,0.5451961089026156,0.31779660597456727,0.39724575746820906,0.490676498012354,0.490676498012354,8,5,9,6,5.551115123125783e-17,0.0
Candidate_003,Information Technology (IT) Analyst,0.247659540769698,1.0,0.266375870790639,0.0,0.4366808392693942,0.4899560134275221,7,0.43668083926939427,0.623829770384849,0.4899560134275221,0.5443955704750245,0.43668083926939427,0.5458510490867428,0.4899560134275221,0.4899560134275221,4,6,4,7,5.551115123125783e-17,0.0
Candidate_003,Food Service Supervisor,0.5228975964527075,0.3461071484794799,0.6833380235893983,0.0,0.3041516607262656,0.4408192654441453,8,0.30415166072626554,0.43450237246609363,0.4408192654441452,0.48979918382682797,0.30415166072626554,0.3801895759078319,0.4408192654441452,0.4408192654441452,9,8,10,8,5.551115123125783e-17,1.1102230246251565e-16
Candidate_003,Software Developer,0.0582030277465284,0.9688617142332232,0.2290858604605659,0.0,0.3594726596929131,0.4052898317850262,9,0.35947265969291303,0.5135323709898758,0.4052898317850262,0.4503220353166958,0.35947265969291303,0.4493408246161413,0.4052898317850262,0.4052898317850262,5,9,6,9,5.551115123125783e-17,0.0
Candidate_003,Secondary School Teacher,0.4661455372750658,0.4568724191630358,0.3635561348837076,0.0,0.3230562847533355,0.395767511730077,10,0.32305628475333553,0.4615089782190508,0.39576751173007707,0.4397416797000856,0.32305628475333553,0.4038203559416694,0.39576751173007707,0.39576751173007707,7,10,8,10,5.551115123125783e-17,5.551115123125783e-17
Candidate_003,Continuing Care Assistant,0.4689994972688815,0.3405072294221155,0.4396201180333152,0.0,0.2833273543418489,0.371251377948512,11,0.2833273543418489,0.4047533633454985,0.37125137794851193,0.41250153105390214,0.2833273543418489,0.35415919292731113,0.37125137794851193,0.37125137794851193,11,11,11,11,0.0,5.551115123125783e-17
Candidate_003,Restaurant Manager,0.3812096689165674,0.1775041711084714,0.5865008675534992,0.0,0.1955498440087635,0.3128500175194634,12,0.19554984400876355,0.2793569200125194,0.3128500175194634,0.34761113057718157,0.19554984400876355,0.24443730501095443,0.3128500175194634,0.3128500175194634,12,12,12,12,5.551115123125783e-17,0.0
Candidate_003,Delivery Driver,0.4891493364278887,0.0,0.3705312074675783,0.0,0.171202267749761,0.2453085092432767,13,0.17120226774976105,0.24457466821394439,0.2453085092432767,0.27256501027030744,0.17120226774976105,0.2140028346872013,0.2453085092432767,0.2453085092432767,13,13,13,13,5.551115123125783e-17,0.0
Candidate_003,Bookkeeper,0.0098455164014726,0.3131939158562696,0.2992257912289334,0.0,0.1130638012902097,0.1729089595359964,14,0.11306380129020976,0.16151971612887112,0.17290895953599644,0.19212106615110716,0.11306380129020976,0.1413297516127622,0.17290895953599644,0.17290895953599644,14,14,14,14,6.938893903907228e-17,5.551115123125783e-17
Candidate_003,Licensed Practical Nurse (L.P.N.),0.0,0.2157449068876791,0.3039192124973743,0.0,0.0755107174106876,0.1362945599101625,15,0.07551071741068768,0.10787245344383956,0.13629455991016254,0.1514383999001806,0.07551071741068768,0.0943883967633596,0.13629455991016254,0.13629455991016254,15,15,15,15,8.326672684688674e-17,2.7755575615628914e-17
Candidate_004,Software Developer,1.0,1.0,0.2290858604605659,1.0,0.7,0.8458171720921132,1,0.7,1.0,0.7458171720921132,0.8286857467690146,0.7999999999999999,0.9999999999999999,0.8458171720921132,0.8458171720921132,1,1,1,1,0.0,0.0
Candidate_004,Information Technology (IT) Analyst,0.7423628368355979,0.8176381009208855,0.266375870790639,1.0,0.5460003282147692,0.6992755023728969,2,0.5460003282147692,0.7800004688782417,0.599275502372897,0.6658616693032188,0.6460003282147692,0.8075004102684614,0.6992755023728969,0.6992755023728969,2,2,2,2,0.0,0.0
Candidate_004,Secondary School Teacher,0.7652088874501872,0.3747650720817884,0.3635561348837076,1.0,0.3989908858361914,0.571702112812933,3,0.39899088583619147,0.5699869797659879,0.471702112812933,0.5241134586810366,0.49899088583619144,0.6237386072952392,0.571702112812933,0.571702112812933,3,3,3,3,5.551115123125783e-17,0.0
Candidate_004,Bookkeeper,0.721884610788012,0.4023904414251709,0.2992257912289334,1.0,0.393496268274614,0.5533414265204007,4,0.39349626827461404,0.5621375261065915,0.4533414265204007,0.5037126961337786,0.493496268274614,0.6168703353432675,0.5533414265204007,0.5533414265204007,4,6,4,4,5.551115123125783e-17,0.0
Candidate_004,Licensed Practical Nurse (L.P.N.),0.7205451712511525,0.1370740585333478,0.3039192124973743,1.0,0.300166730424575,0.4609505729240499,5,0.30016673042457503,0.42880961489225006,0.3609505729240499,0.4010561921378332,0.40016673042457507,0.5002084130307188,0.46095057292404995,0.46095057292404995,8,10,5,5,5.551115123125783e-17,5.551115123125783e-17
Candidate_004,Office Manager,0.6444469323344962,0.3702852878485229,0.5286438829565303,0.0,0.3551562770640567,0.4608850536553628,6,0.35515627706405667,0.5073661100915096,0.46088505365536275,0.5120945040615141,0.35515627706405667,0.4439453463300708,0.46088505365536275,0.46088505365536275,5,4,6,6,5.551115123125783e-17,5.551115123125783e-17
Candidate_004,Food Service Supervisor,0.3793976676232576,0.5308050728475976,0.6833380235893983,0.0,0.3185709591647992,0.4552385638826789,7,0.31857095916479927,0.45510137023542757,0.4552385638826789,0.5058206265363099,0.31857095916479927,0.39821369895599906,0.4552385638826789,0.4552385638826789,6,5,7,7,5.551115123125783e-17,0.0
Candidate_004,"Driver, Truck",0.6002177736888549,0.1128178506927382,0.8880268984746598,0.0,0.2495624685335575,0.4271678482284895,8,0.24956246853355757,0.35651781219079653,0.4271678482284895,0.47463094247609944,0.24956246853355757,0.31195308566694696,0.4271678482284895,0.4271678482284895,9,7,9,8,5.551115123125783e-17,0.0
Candidate_004,Office Administrator,0.5241184134131428,0.3491970171732707,0.5286438829565303,0.0,0.3056604007052447,0.4113891772965508,9,0.3056604007052447,0.43665771529320674,0.4113891772965508,0.45709908588505643,0.3056604007052447,0.38207550088155584,0.4113891772965508,0.4113891772965508,7,8,8,9,0.0,0.0
Candidate_004,Restaurant Manager,0.5323402230405684,0.1676446023216781,0.5865008675534992,0.0,0.2449946888767862,0.3622948623874861,10,0.24499468887678627,0.34999241268112324,0.3622948623874861,0.40254984709720676,0.24499468887678627,0.3062433610959828,0.3622948623874861,0.3622948623874861,10,9,10,10,8.326672684688674e-17,0.0
Candidate_004,Inside Sales Representative,0.1504414302831156,0.3088841442401577,0.8643994601889338,0.0,0.1607639510831456,0.3336438431209324,11,0.16076395108314565,0.22966278726163666,0.3336438431209324,0.3707153812454805,0.16076395108314565,0.20095493885393204,0.3336438431209324,0.3336438431209324,12,11,12,11,5.551115123125783e-17,0.0
Candidate_004,Retail Sales Associate,0.1504414302831156,0.288768291671187,0.8643994601889338,0.0,0.1537234026840059,0.3266032947217926,12,0.15372340268400592,0.21960486097715132,0.32660329472179267,0.36289254969088075,0.15372340268400592,0.19215425335500738,0.32660329472179267,0.32660329472179267,13,12,13,12,2.7755575615628914e-17,5.551115123125783e-17
Candidate_004,Continuing Care Assistant,0.3565949769485931,0.224829208600037,0.4396201180333152,0.0,0.2034984649420205,0.2914224885486836,13,0.2034984649420205,0.29071209277431503,0.2914224885486836,0.32380276505409283,0.2034984649420205,0.2543730811775256,0.2914224885486836,0.2914224885486836,11,13,11,13,0.0,0.0
Candidate_004,Delivery Driver,0.4379645817265845,0.0,0.3705312074675783,0.0,0.1532876036043045,0.2273938450978202,14,0.15328760360430455,0.2189822908632922,0.2273938450978202,0.2526598278864669,0.15328760360430455,0.19160950450538067,0.2273938450978202,0.2273938450978202,14,14,14,14,5.551115123125783e-17,0.0
Candidate_004,Administrative Assistant,0.0,0.3410194116671027,0.4384514673595585,0.0,0.1193567940834859,0.2070470875553976,15,0.11935679408348594,0.17050970583355135,0.20704708755539764,0.23005231950599736,0.11935679408348594,0.14919599260435742,0.20704708755539764,0.20704708755539764,15,15,15,15,4.163336342344337e-17,2.7755575615628914e-17
Candidate_005,Software Developer,1.0,1.0,0.2290858604605659,1.0,0.7,0.8458171720921132,1,0.7,1.0,0.7458171720921132,0.8286857467690146,0.7999999999999999,0.9999999999999999,0.8458171720921132,0.8458171720921132,1,1,1,1,0.0,0.0
Candidate_005,Office Manager,0.924724837283551,0.3577656218634154,0.5286438829565303,1.0,0.4488716607014382,0.6546004372927443,2,0.44887166070143825,0.6412452295734833,0.5546004372927443,0.6162227081030492,0.5488716607014382,0.6860895758767978,0.6546004372927443,0.6546004372927443,3,3,2,2,5.551115123125783e-17,0.0
Candidate_005,Office Administrator,0.7518945958434815,0.4528716202288789,0.5286438829565303,1.0,0.4216681756253261,0.6273969522166322,3,0.4216681756253261,0.6023831080361802,0.5273969522166322,0.5859966135740358,0.5216681756253261,0.6520852195316575,0.6273969522166322,0.6273969522166322,6,4,5,3,0.0,0.0
Candidate_005,Secondary School Teacher,0.821834551055786,0.4545970204455046,0.3635561348837076,1.0,0.4467510500254517,0.6194622770021931,4,0.4467510500254517,0.6382157857506453,0.5194622770021932,0.5771803077802146,0.5467510500254517,0.6834388125318145,0.6194622770021931,0.6194622770021931,4,5,3,4,0.0,0.0
Candidate_005,Bookkeeper,0.9260531677891384,0.3227608961110179,0.2992257912289334,1.0,0.4370849223650546,0.5969300806108413,5,0.43708492236505464,0.6244070319500781,0.4969300806108413,0.5521445340120459,0.5370849223650547,0.6713561529563183,0.5969300806108413,0.5969300806108413,5,6,4,5,5.551115123125783e-17,0.0
Candidate_005,Information Technology (IT) Analyst,0.6424905313469558,0.8077570318808662,0.266375870790639,0.0,0.5075866471297377,0.5608618212878654,6,0.5075866471297377,0.725123781613911,0.5608618212878654,0.6231798014309616,0.5075866471297377,0.6344833089121721,0.5608618212878654,0.5608618212878654,2,2,6,6,0.0,0.0
Candidate_005,Food Service Supervisor,0.5955450932495573,0.3353111887341159,0.6833380235893983,0.0,0.3257996986942856,0.4624673034121652,7,0.3257996986942856,0.4654281409918366,0.46246730341216524,0.5138525593468503,0.3257996986942856,0.40724962336785697,0.46246730341216524,0.46246730341216524,7,7,7,7,0.0,5.551115123125783e-17
Candidate_005,Inside Sales Representative,0.5577347377824731,0.1983032386674068,0.8643994601889338,0.0,0.2646132917574579,0.4374931837952447,8,0.26461329175745796,0.37801898822493996,0.4374931837952447,0.4861035375502719,0.26461329175745796,0.33076661469682245,0.4374931837952447,0.4374931837952447,9,8,9,8,5.551115123125783e-17,0.0
Candidate_005,Retail Sales Associate,0.5577347377824731,0.1667053959056491,0.8643994601889338,0.0,0.2535540467908427,0.4264339388286295,9,0.25355404679084276,0.3622200668440611,0.4264339388286295,0.47381548758736614,0.25355404679084276,0.3169425584885534,0.4264339388286295,0.4264339388286295,10,9,10,9,5.551115123125783e-17,0.0
Candidate_005,Restaurant Manager,0.6644806463223611,0.1291717994827164,0.5865008675534992,0.0,0.2777783560317771,0.3950785295424769,10,0.27777835603177714,0.39682622290253877,0.39507852954247696,0.4389761439360855,0.27777835603177714,0.3472229450397214,0.39507852954247696,0.39507852954247696,8,10,8,10,5.551115123125783e-17,5.551115123125783e-17
Candidate_005,"Driver, Truck",0.5123355843009738,0.0349727552003047,0.8880268984746598,0.0,0.1915579188254474,0.3691632985203794,11,0.19155791882544745,0.2736541697506392,0.36916329852037943,0.41018144280042157,0.19155791882544745,0.2394473985318093,0.36916329852037943,0.36916329852037943,12,11,12,11,5.551115123125783e-17,5.551115123125783e-17
Candidate_005,Licensed Practical Nurse (L.P.N.),0.4366555249049945,0.2142139728475783,0.3039192124973743,0.0,0.2278043242134005,0.2885881667128754,12,0.22780432421340047,0.32543474887628643,0.28858816671287535,0.3206535185698615,0.22780432421340047,0.2847554052667506,0.28858816671287535,0.28858816671287535,11,12,11,12,2.7755575615628914e-17,5.551115123125783e-17
Candidate_005,Continuing Care Assistant,0.2137872306234358,0.3280481523629014,0.4396201180333152,0.0,0.189642384045218,0.277566407651881,13,0.189642384045218,0.2709176914931686,0.277566407651881,0.3084071196132011,0.189642384045218,0.23705298005652248,0.277566407651881,0.277566407651881,13,13,13,13,0.0,0.0
Candidate_005,Administrative Assistant,0.0,0.4904636049758967,0.4384514673595585,0.0,0.1716622617415638,0.2593525552134755,14,0.17166226174156382,0.24523180248794832,0.25935255521347556,0.28816950579275064,0.17166226174156382,0.21457782717695476,0.25935255521347556,0.25935255521347556,14,14,14,14,2.7755575615628914e-17,5.551115123125783e-17
Candidate_005,Delivery Driver,0.3426915411784537,0.0,0.3705312074675783,0.0,0.1199420394124587,0.1940482809059744,15,0.11994203941245878,0.17134577058922684,0.19404828090597442,0.21560920100663825,0.11994203941245878,0.14992754926557347,0.19404828090597442,0.19404828090597442,15,15,15,15,6.938893903907228e-17,2.7755575615628914e-17
Candidate_006,Software Developer,1.0,1.0,0.2290858604605659,1.0,0.7,0.8458171720921132,1,0.7,1.0,0.7458171720921132,0.8286857467690146,0.7999999999999999,0.9999999999999999,0.8458171720921132,0.8458171720921132,1,1,1,1,0.0,0.0
Candidate_006,Information Technology (IT) Analyst,0.8155023694813165,0.9088725822603884,0.266375870790639,1.0,0.6035312331095967,0.7568064072677244,2,0.6035312331095967,0.8621874758708524,0.6568064072677244,0.7297848969641383,0.7035312331095966,0.8794140413869957,0.7568064072677244,0.7568064072677244,2,2,2,2,0.0,0.0
Candidate_006,Administrative Assistant,0.7053948504031139,0.5022755144662412,0.4384514673595585,1.0,0.4226846277042743,0.610374921176186,3,0.4226846277042743,0.6038351824346776,0.510374921176186,0.5670832457513177,0.5226846277042743,0.6533557846303428,0.610374921176186,0.610374921176186,3,5,3,3,0.0,0.0
Candidate_006,Retail Sales Associate,0.7375171456827702,0.3414542170777013,0.8643994601889338,0.0,0.3776399769661649,0.5505198690039517,4,0.37763997696616497,0.5394856813802357,0.5505198690039517,0.611688743337724,0.37763997696616497,0.4720499712077062,0.5505198690039517,0.5505198690039517,6,3,6,4,5.551115123125783e-17,0.0
Candidate_006,Inside Sales Representative,0.7375171456827702,0.334993087967757,0.8643994601889338,0.0,0.3753785817776844,0.5482584738154712,5,0.37537858177768446,0.5362551168252635,0.5482584738154712,0.6091760820171902,0.37537858177768446,0.4692232272221056,0.5482584738154712,0.5482584738154712,7,4,7,5,5.551115123125783e-17,0.0
Candidate_006,Office Administrator,0.6502708546192426,0.4652077976369231,0.5286438829565303,0.0,0.390417528289658,0.496146304880964,6,0.3904175282896579,0.5577393261280827,0.496146304880964,0.55127367208996,0.3904175282896579,0.4880219103620724,0.496146304880964,0.496146304880964,5,6,5,6,5.551115123125783e-17,0.0
Candidate_006,Bookkeeper,0.6581649247644312,0.4678506593360056,0.2992257912289334,0.0,0.3941054544351529,0.4539506126809395,7,0.3941054544351529,0.5630077920502184,0.45395061268093956,0.5043895696454884,0.3941054544351529,0.49263181804394107,0.45395061268093956,0.45395061268093956,4,7,4,7,0.0,5.551115123125783e-17
Candidate_006,Secondary School Teacher,0.591894876442932,0.4368645116917636,0.3635561348837076,0.0,0.3600657858471434,0.432777012823885,8,0.36006578584714344,0.5143796940673478,0.432777012823885,0.4808633475820944,0.36006578584714344,0.4500822323089293,0.432777012823885,0.432777012823885,8,8,8,8,5.551115123125783e-17,0.0
Candidate_006,Continuing Care Assistant,0.4238408451333857,0.4262593262354456,0.4396201180333152,0.0,0.2975350599790909,0.385459083585754,9,0.2975350599790909,0.4250500856844156,0.385459083585754,0.42828787065083773,0.2975350599790909,0.37191882497386364,0.385459083585754,0.385459083585754,9,9,9,9,0.0,0.0
Candidate_006,Office Manager,0.3495578947717783,0.4475099375290051,0.5286438829565303,0.0,0.2789737413052742,0.3847025178965803,10,0.2789737413052742,0.39853391615039174,0.3847025178965803,0.4274472421073114,0.2789737413052742,0.34871717663159274,0.3847025178965803,0.3847025178965803,10,10,10,10,0.0,0.0
Candidate_006,Licensed Practical Nurse (L.P.N.),0.4289875767197779,0.3236454762695093,0.3039192124973743,0.0,0.2634215685462505,0.3242054110457254,11,0.2634215685462505,0.3763165264946436,0.32420541104572537,0.3602282344952504,0.2634215685462505,0.3292769606828131,0.32420541104572537,0.32420541104572537,11,11,11,11,0.0,5.551115123125783e-17
Candidate_006,Food Service Supervisor,0.0,0.527701987822101,0.6833380235893983,0.0,0.1846956957377353,0.321363300455615,12,0.18469569573773534,0.2638509939110505,0.321363300455615,0.3570703338395722,0.18469569573773534,0.23086961967216915,0.321363300455615,0.321363300455615,13,12,13,12,2.7755575615628914e-17,0.0
Candidate_006,Restaurant Manager,0.2325433568505333,0.3119738328576241,0.5865008675534992,0.0,0.190581016397855,0.3078811899085549,13,0.19058101639785507,0.2722585948540787,0.3078811899085549,0.34209021100950543,0.19058101639785507,0.23822627049731884,0.3078811899085549,0.3078811899085549,12,13,12,13,8.326672684688674e-17,0.0
Candidate_006,"Driver, Truck",0.0555257071177345,0.1665605597524847,0.8880268984746598,0.0,0.0777301934045767,0.2553355730995087,14,0.07773019340457672,0.11104313343510962,0.25533557309950866,0.2837061923327874,0.07773019340457672,0.0971627417557209,0.25533557309950866,0.25533557309950866,14,14,14,14,2.7755575615628914e-17,5.551115123125783e-17
Candidate_006,Delivery Driver,0.134036120941727,0.0,0.3705312074675783,0.0,0.0469126423296044,0.1210188838231201,15,0.04691264232960445,0.0670180604708635,0.12101888382312012,0.13446542647013346,0.04691264232960445,0.05864080291200556,0.12101888382312012,0.12101888382312012,15,15,15,15,5.551115123125783e-17,2.7755575615628914e-17
Candidate_007,Food Service Supervisor,1.0,0.4469874752372369,0.6833380235893983,1.0,0.5064456163330329,0.7431132210509125,1,0.5064456163330329,0.7234937376186185,0.6431132210509125,0.714570245612125,0.6064456163330328,0.758057020416291,0.7431132210509125,0.7431132210509125,2,1,2,1,0.0,0.0
Candidate_007,Administrative Assistant,1.0,0.4613046162149277,0.4384514673595585,1.0,0.5114566156752247,0.6991469091471364,2,0.5114566156752247,0.730652308107464,0.5991469091471364,0.6657187879412627,0.6114566156752247,0.7643207695940308,0.6991469091471364,0.6991469091471364,1,2,1,2,0.0,0.0
Candidate_007,Software Developer,0.0,1.0,0.2290858604605659,0.0,0.35,0.3958171720921131,3,0.35,0.5,0.39581717209211315,0.4397968578801257,0.35,0.43749999999999994,0.39581717209211315,0.39581717209211315,3,3,3,3,0.0,5.551115123125783e-17
Candidate_007,Information Technology (IT) Analyst,0.0,0.9552013965719094,0.266375870790639,0.0,0.3343204888001683,0.3875956629582961,4,0.3343204888001683,0.47760069828595475,0.3875956629582961,0.4306618477314401,0.3343204888001683,0.41790061100021036,0.3875956629582961,0.3875956629582961,4,4,4,4,0.0,0.0
Candidate_007,Bookkeeper,0.0,0.417594462039654,0.2992257912289334,1.0,0.1461580617138789,0.3060032199596656,5,0.14615806171387888,0.20879723101982697,0.20600321995966556,0.22889246662185062,0.24615806171387888,0.3076975771423486,0.30600321995966556,0.30600321995966556,7,12,5,5,2.7755575615628914e-17,5.551115123125783e-17
Candidate_007,Retail Sales Associate,0.0,0.3497054693941924,0.8643994601889338,0.0,0.1223969142879673,0.2952768063257541,6,0.12239691428796733,0.1748527346970962,0.2952768063257541,0.328085340361949,0.12239691428796733,0.15299614285995916,0.2952768063257541,0.2952768063257541,9,5,10,6,2.7755575615628914e-17,0.0
Candidate_007,Inside Sales Representative,0.0,0.3429101674869826,0.8643994601889338,0.0,0.1200185586204439,0.2928984506582306,7,0.1200185586204439,0.1714550837434913,0.29289845065823067,0.3254427229535896,0.1200185586204439,0.15002319827555488,0.29289845065823067,0.29289845065823067,10,6,11,7,0.0,5.551115123125783e-17
Candidate_007,Continuing Care Assistant,0.0,0.2901697550374238,0.4396201180333152,1.0,0.1015594142630983,0.2894834378697614,8,0.10155941426309834,0.1450848775187119,0.18948343786976138,0.21053715318862376,0.20155941426309834,0.2519492678288729,0.2894834378697614,0.2894834378697614,12,13,6,8,4.163336342344337e-17,0.0
Candidate_007,Secondary School Teacher,0.0,0.5685497851587828,0.3635561348837076,0.0,0.198992424805574,0.2717036517823155,9,0.198992424805574,0.2842748925793914,0.27170365178231554,0.30189294642479503,0.198992424805574,0.2487405310069675,0.27170365178231554,0.27170365178231554,5,7,7,9,0.0,5.551115123125783e-17
Candidate_007,Office Administrator,0.0,0.441379375206978,0.5286438829565303,0.0,0.1544827813224423,0.2602115579137484,10,0.15448278132244228,0.22068968760348898,0.26021155791374834,0.2891239532374981,0.15448278132244228,0.19310347665305283,0.26021155791374834,0.26021155791374834,6,8,8,10,2.7755575615628914e-17,5.551115123125783e-17
Candidate_007,Office Manager,0.0,0.3934716919091758,0.5286438829565303,0.0,0.1377150921682115,0.2434438687595175,11,0.1377150921682115,0.19673584595458787,0.24344386875951757,0.27049318751057505,0.1377150921682115,0.17214386521026437,0.24344386875951757,0.24344386875951757,8,9,9,11,0.0,5.551115123125783e-17
Candidate_007,"Driver, Truck",0.0,0.1687794483128584,0.8880268984746598,0.0,0.0590728069095004,0.2366781866044324,12,0.05907280690950044,0.0843897241564292,0.2366781866044324,0.2629757628938138,0.05907280690950044,0.07384100863687554,0.2366781866044324,0.2366781866044324,14,10,15,12,4.163336342344337e-17,0.0
Candidate_007,Restaurant Manager,0.0,0.294998505145717,0.5865008675534992,0.0,0.1032494768010009,0.2205496503117008,13,0.10324947680100095,0.1474992525728585,0.2205496503117008,0.24505516701300087,0.10324947680100095,0.12906184600125117,0.2205496503117008,0.2205496503117008,11,11,12,13,5.551115123125783e-17,0.0
Candidate_007,Delivery Driver,0.0,0.0,0.3705312074675783,1.0,0.0,0.1741062414935156,14,0.0,0.0,0.07410624149351566,0.08234026832612851,0.1,0.125,0.17410624149351567,0.17410624149351567,15,15,13,14,0.0,5.551115123125783e-17
Candidate_007,Licensed Practical Nurse (L.P.N.),0.0,0.2443331638622549,0.3039192124973743,0.0,0.0855166073517892,0.146300449851264,15,0.0855166073517892,0.12216658193112744,0.14630044985126406,0.16255605539029339,0.0855166073517892,0.1068957591897365,0.14630044985126406,0.14630044985126406,13,14,14,15,0.0,5.551115123125783e-17
Candidate_008,Software Developer,1.0,1.0,0.2290858604605659,1.0,0.7,0.8458171720921132,1,0.7,1.0,0.7458171720921132,0.8286857467690146,0.7999999999999999,0.9999999999999999,0.8458171720921132,0.8458171720921132,1,1,1,1,0.0,0.0
Candidate_008,Information Technology (IT) Analyst,0.7879140928450536,0.7764418754437454,0.266375870790639,1.0,0.5475245889010796,0.7007997630592073,2,0.5475245889010796,0.7821779841443994,0.6007997630592073,0.6675552922880081,0.6475245889010796,0.8094057361263494,0.7007997630592073,0.7007997630592073,2,2,2,2,0.0,0.0
Candidate_008,Secondary School Teacher,0.8707488019174493,0.3786415965959894,0.3635561348837076,1.0,0.4372866394797035,0.6099978664564449,3,0.4372866394797035,0.6246951992567192,0.509997866456445,0.5666642960627166,0.5372866394797035,0.6716082993496293,0.6099978664564449,0.6099978664564449,3,4,3,3,0.0,0.0
Candidate_008,Restaurant Manager,0.8132834070757929,0.2160229735288247,0.5865008675534992,1.0,0.3602572332116162,0.577557406722316,4,0.3602572332116162,0.5146531903023088,0.477557406722316,0.5306193408025733,0.46025723321161616,0.5753215415145202,0.577557406722316,0.577557406722316,8,6,5,4,0.0,0.0
Candidate_008,Food Service Supervisor,0.6374990639091375,0.5507101060581312,0.6833380235893983,0.0,0.415873209488544,0.5525408142064236,5,0.415873209488544,0.5941045849836343,0.5525408142064236,0.6139342380071374,0.415873209488544,0.51984151186068,0.5525408142064236,0.5525408142064236,4,3,6,5,0.0,0.0
Candidate_008,Licensed Practical Nurse (L.P.N.),0.916136244853098,0.15666782492777,0.3039192124973743,1.0,0.3754814244233038,0.5362652669227788,6,0.3754814244233038,0.536402034890434,0.43626526692277867,0.4847391854697541,0.47548142442330377,0.5943517805291296,0.5362652669227786,0.5362652669227786,7,9,4,6,0.0,1.1102230246251565e-16
Candidate_008,Office Manager,0.695961501905325,0.3812945431895791,0.5286438829565303,0.0,0.3770396157832164,0.4827683923745225,7,0.37703961578321643,0.5386280225474521,0.4827683923745225,0.5364093248605806,0.37703961578321643,0.4712995197290205,0.4827683923745225,0.4827683923745225,6,5,8,7,5.551115123125783e-17,0.0
Candidate_008,Bookkeeper,0.7214510237468887,0.3606215392486764,0.2992257912289334,0.0,0.3787253970484477,0.4385705552942344,8,0.37872539704844776,0.5410362814977826,0.43857055529423444,0.48730061699359384,0.37872539704844776,0.4734067463105597,0.43857055529423444,0.43857055529423444,5,7,7,8,5.551115123125783e-17,5.551115123125783e-17
Candidate_008,Office Administrator,0.5557141977841297,0.3887796425072075,0.5286438829565303,0.0,0.3305728441019679,0.436301620693274,9,0.33057284410196797,0.47224692014566855,0.43630162069327405,0.4847795785480823,0.33057284410196797,0.41321605512745996,0.43630162069327405,0.43630162069327405,9,8,9,9,5.551115123125783e-17,5.551115123125783e-17
Candidate_008,"Driver, Truck",0.6512281988475308,0.0873989362260887,0.8880268984746598,0.0,0.2585194972757668,0.4361248769706988,10,0.25851949727576684,0.3693135675368098,0.4361248769706988,0.48458319663410976,0.25851949727576684,0.3231493715947085,0.4361248769706988,0.4361248769706988,11,10,11,10,5.551115123125783e-17,0.0
Candidate_008,Inside Sales Representative,0.3812718894566849,0.2977656545991239,0.8643994601889338,0.0,0.237663140419533,0.4105430324573198,11,0.23766314041953307,0.3395187720279044,0.4105430324573198,0.4561589249525776,0.23766314041953307,0.29707892552441634,0.4105430324573198,0.4105430324573198,12,11,12,11,8.326672684688674e-17,0.0
Candidate_008,Retail Sales Associate,0.3812718894566849,0.274810045522339,0.8643994601889338,0.0,0.2296286772426583,0.4025085692804451,12,0.22962867724265834,0.32804096748951195,0.4025085692804451,0.447231743644939,0.22962867724265834,0.2870358465533229,0.4025085692804451,0.4025085692804451,13,12,13,12,2.7755575615628914e-17,0.0
Candidate_008,Continuing Care Assistant,0.5402164195578063,0.2768572222454515,0.4396201180333152,0.0,0.2859757746311402,0.3738997982378033,13,0.2859757746311402,0.4085368209016289,0.3738997982378033,0.41544422026422584,0.2859757746311402,0.35746971828892526,0.3738997982378033,0.3738997982378033,10,13,10,13,0.0,0.0
Candidate_008,Delivery Driver,0.556300847828322,0.0,0.3705312074675783,0.0,0.1947052967399127,0.2688115382334283,14,0.1947052967399127,0.278150423914161,0.26881153823342835,0.29867948692603147,0.1947052967399127,0.24338162092489085,0.26881153823342835,0.26881153823342835,14,14,14,14,0.0,5.551115123125783e-17
Candidate_008,Administrative Assistant,0.0,0.3993003883229979,0.4384514673595585,0.0,0.1397551359130492,0.2274454293849609,15,0.13975513591304925,0.19965019416149893,0.22744542938496096,0.25271714376106774,0.13975513591304925,0.17469391989131156,0.22744542938496096,0.22744542938496096,15,15,15,15,5.551115123125783e-17,5.551115123125783e-17
Candidate_009,Administrative Assistant,1.0,0.5832858049989158,0.4384514673595585,1.0,0.5541500317496205,0.7418403252215322,1,0.5541500317496205,0.7916429024994579,0.6418403252215322,0.7131559169128135,0.6541500317496205,0.8176875396870256,0.7418403252215322,0.7418403252215322,1,1,1,1,0.0,0.0
Candidate_009,Office Administrator,0.549521365597573,0.3981844774885832,0.5286438829565303,1.0,0.3316970450801547,0.5374258216714608,2,0.33169704508015463,0.47385292154307807,0.4374258216714607,0.48602869074606747,0.4316970450801546,0.5396213063501932,0.5374258216714607,0.5374258216714607,4,4,3,2,5.551115123125783e-17,1.1102230246251565e-16
Candidate_009,"Driver, Truck",0.475956450712522,0.2166418674939653,0.8880268984746598,1.0,0.2424094113722705,0.5200147910672025,3,0.24240941137227054,0.34629915910324366,0.4200147910672025,0.46668310118578055,0.34240941137227054,0.42801176421533815,0.5200147910672025,0.5200147910672025,7,5,6,3,2.7755575615628914e-17,0.0
Candidate_009,Software Developer,0.2787104559047263,1.0,0.2290858604605659,0.0,0.4475486595666542,0.4933658316587673,4,0.4475486595666542,0.6393552279523632,0.49336583165876735,0.5481842573986304,0.4475486595666542,0.5594358244583177,0.49336583165876735,0.49336583165876735,2,2,2,4,0.0,5.551115123125783e-17
Candidate_009,Information Technology (IT) Analyst,0.415563135866498,0.7427295826498673,0.266375870790639,0.0,0.4054024514807278,0.4586776256388556,5,0.40540245148072784,0.5791463592581827,0.45867762563885567,0.5096418062653951,0.40540245148072784,0.5067530643509097,0.45867762563885567,0.45867762563885567,3,3,4,5,5.551115123125783e-17,5.551115123125783e-17
Candidate_009,Bookkeeper,0.436651109284161,0.4007539376996639,0.2992257912289334,1.0,0.2930917664443387,0.4529369246901253,6,0.29309176644433865,0.4187025234919124,0.35293692469012533,0.3921521385445837,0.39309176644433863,0.49136470805542326,0.45293692469012536,0.45293692469012536,5,6,5,6,5.551115123125783e-17,5.551115123125783e-17
Candidate_009,Delivery Driver,0.4851491167149843,0.0278992110706077,0.3705312074675783,1.0,0.1795669147249572,0.3536731562184728,7,0.17956691472495717,0.256524163892796,0.25367315621847286,0.28185906246496983,0.2795669147249572,0.3494586434061965,0.35367315621847284,0.35367315621847284,10,13,7,7,2.7755575615628914e-17,5.551115123125783e-17
Candidate_009,Office Manager,0.3902585299453271,0.3080040235720374,0.5286438829565303,0.0,0.2443918937310776,0.3501206703223837,8,0.24439189373107756,0.3491312767586823,0.35012067032238364,0.3890229670248707,0.24439189373107756,0.3054898671638469,0.35012067032238364,0.35012067032238364,6,7,8,8,2.7755575615628914e-17,5.551115123125783e-17
Candidate_009,Inside Sales Representative,0.1146111920930331,0.2883901496211501,0.8643994601889338,0.0,0.1410504695999641,0.3139303616377509,9,0.14105046959996412,0.2015006708570916,0.3139303616377509,0.34881151293083434,0.14105046959996412,0.17631308699995513,0.3139303616377509,0.3139303616377509,11,8,11,9,2.7755575615628914e-17,0.0
Candidate_009,Retail Sales Associate,0.1146111920930331,0.2448134882293882,0.8643994601889338,0.0,0.1257986381128474,0.2986785301506342,10,0.12579863811284744,0.17971234016121065,0.29867853015063417,0.3318650335007046,0.12579863811284744,0.1572482976410593,0.29867853015063417,0.29867853015063417,12,9,12,10,5.551115123125783e-17,5.551115123125783e-17
Candidate_009,Continuing Care Assistant,0.1803931342764531,0.4190891308921823,0.4396201180333152,0.0,0.2098187928090224,0.2977428164156854,11,0.20981879280902238,0.2997411325843177,0.29774281641568545,0.3308253515729838,0.20981879280902238,0.26227349101127795,0.29774281641568545,0.29774281641568545,9,10,10,11,2.7755575615628914e-17,5.551115123125783e-17
Candidate_009,Secondary School Teacher,0.1961744961008041,0.40990735613849,0.3635561348837076,0.0,0.2121286482837529,0.2848398752604945,12,0.2121286482837529,0.30304092611964706,0.2848398752604944,0.31648875028943824,0.2121286482837529,0.26516081035469113,0.2848398752604944,0.2848398752604944,8,11,9,12,0.0,5.551115123125783e-17
Candidate_009,Food Service Supervisor,0.0,0.3510407807287459,0.6833380235893983,0.0,0.122864273255061,0.2595318779729407,13,0.12286427325506105,0.17552039036437295,0.25953187797294075,0.2883687533032675,0.12286427325506105,0.1535803415688263,0.25953187797294075,0.25953187797294075,13,12,13,13,5.551115123125783e-17,5.551115123125783e-17
Candidate_009,Restaurant Manager,0.0819204638771019,0.1875864749452108,0.5865008675534992,0.0,0.0943274285878095,0.2116276020985093,14,0.09432742858780944,0.13475346941115635,0.21162760209850928,0.23514178010945475,0.09432742858780944,0.1179092857347618,0.21162760209850928,0.21162760209850928,14,14,14,14,5.551115123125783e-17,2.7755575615628914e-17
Candidate_009,Licensed Practical Nurse (L.P.N.),0.0352665203468592,0.0,0.3039192124973743,0.0,0.0123432821214007,0.0731271246208756,15,0.012343282121400718,0.0176332601734296,0.07312712462087557,0.08125236068986175,0.012343282121400718,0.015429102651750896,0.07312712462087557,0.07312712462087557,15,15,15,15,1.734723475976807e-17,2.7755575615628914e-17
Candidate_010,Food Service Supervisor,0.9265716945519205,0.4575172719701541,0.6833380235893983,1.0,0.484431138282726,0.7210987430006056,1,0.4844311382827261,0.6920444832610373,0.6210987430006057,0.6901097144451175,0.5844311382827261,0.7305389228534076,0.7210987430006057,0.7210987430006057,3,1,3,1,1.1102230246251565e-16,1.1102230246251565e-16
Candidate_010,Office Manager,1.0,0.464570363178709,0.5286438829565303,1.0,0.5125996271125481,0.7183284037038542,2,0.5125996271125481,0.7322851815893545,0.6183284037038542,0.6870315596709491,0.6125996271125481,0.7657495338906851,0.7183284037038542,0.7183284037038542,2,2,2,2,0.0,0.0
Candidate_010,Administrative Assistant,0.8979819621785708,0.5752204260174006,0.4384514673595585,1.0,0.51562083586859,0.7033111293405017,3,0.51562083586859,0.7366011940979857,0.6033111293405017,0.6703456992672241,0.61562083586859,0.7695260448357374,0.7033111293405017,0.7033111293405017,1,3,1,3,0.0,0.0
Candidate_010,Office Administrator,0.8563712482249044,0.5272997700792416,0.5286438829565303,0.0,0.484284856406451,0.5900136329977571,4,0.484284856406451,0.6918355091520729,0.5900136329977571,0.6555707033308412,0.484284856406451,0.6053560705080637,0.5900136329977571,0.5900136329977571,4,4,4,4,0.0,0.0
Candidate_010,Retail Sales Associate,0.8761166616607415,0.276190978871008,0.8643994601889338,0.0,0.4033076741861123,0.5761875662238991,5,0.40330767418611235,0.5761538202658748,0.5761875662238991,0.6402084069154435,0.40330767418611235,0.5041345927326404,0.5761875662238991,0.5761875662238991,7,5,7,5,5.551115123125783e-17,0.0
Candidate_010,Inside Sales Representative,0.8761166616607415,0.2673854418256158,0.8643994601889338,0.0,0.400225736220225,0.5731056282580118,6,0.40022573622022506,0.5717510517431786,0.5731056282580118,0.6367840313977909,0.40022573622022506,0.5002821702752813,0.5731056282580118,0.5731056282580118,8,6,8,6,5.551115123125783e-17,0.0
Candidate_010,"Driver, Truck",0.7716210064215288,0.167378116706904,0.8880268984746598,0.0,0.3286496930949514,0.5062550727898834,7,0.3286496930949514,0.4694995615642163,0.5062550727898834,0.5625056364332037,0.3286496930949514,0.41081211636868925,0.5062550727898834,0.5062550727898834,10,7,10,7,0.0,0.0
Candidate_010,Bookkeeper,0.7704377396812818,0.4531793806536002,0.2992257912289334,0.0,0.4282659921172086,0.4881111503629953,8,0.42826599211720867,0.611808560167441,0.48811115036299535,0.5423457226255504,0.42826599211720867,0.5353324901465109,0.48811115036299535,0.48811115036299535,5,8,5,8,5.551115123125783e-17,5.551115123125783e-17
Candidate_010,Software Developer,0.1700462184978771,1.0,0.2290858604605659,0.0,0.409516176474257,0.4553333485663701,9,0.409516176474257,0.5850231092489385,0.45533334856637014,0.5059259428515224,0.409516176474257,0.5118952205928212,0.45533334856637014,0.45533334856637014,6,9,6,9,0.0,5.551115123125783e-17
Candidate_010,Information Technology (IT) Analyst,0.2278461125022295,0.8658484864325436,0.266375870790639,0.0,0.3827931096271706,0.4360682837852984,10,0.3827931096271706,0.5468472994673866,0.43606828378529844,0.48452031531699824,0.3827931096271706,0.47849138703396327,0.43606828378529844,0.43606828378529844,9,10,9,10,0.0,5.551115123125783e-17
Candidate_010,Restaurant Manager,0.5636034360913517,0.2787097708455877,0.5865008675534992,0.0,0.2948096224279287,0.4121097959386285,11,0.29480962242792874,0.42115660346846967,0.41210979593862856,0.45789977326514286,0.29480962242792874,0.3685120280349109,0.41210979593862856,0.41210979593862856,12,11,12,11,5.551115123125783e-17,5.551115123125783e-17
Candidate_010,Secondary School Teacher,0.4312266926487954,0.4979219839331218,0.3635561348837076,0.0,0.325202036803671,0.3979132637804125,12,0.325202036803671,0.46457433829095857,0.39791326378041253,0.4421258486449028,0.325202036803671,0.40650254600458874,0.39791326378041253,0.39791326378041253,11,12,11,12,0.0,5.551115123125783e-17
Candidate_010,Continuing Care Assistant,0.3891375476094844,0.4109021112074824,0.4396201180333152,0.0,0.2800138805859383,0.3679379041926014,13,0.28001388058593835,0.40001982940848335,0.3679379041926014,0.4088198935473349,0.28001388058593835,0.3500173507324229,0.3679379041926014,0.3679379041926014,13,13,13,13,5.551115123125783e-17,0.0
Candidate_010,Delivery Driver,0.6884721348952146,0.0,0.3705312074675783,0.0,0.2409652472133251,0.3150714887068407,14,0.2409652472133251,0.3442360674476073,0.31507148870684076,0.3500794318964897,0.2409652472133251,0.3012065590166564,0.31507148870684076,0.31507148870684076,14,14,14,14,0.0,5.551115123125783e-17
Candidate_010,Licensed Practical Nurse (L.P.N.),0.0,0.2637303260083838,0.3039192124973743,0.0,0.0923056141029343,0.1530894566024092,15,0.09230561410293432,0.1318651630041919,0.1530894566024092,0.17009939622489909,0.09230561410293432,0.1153820176286679,0.1530894566024092,0.1530894566024092,15,15,15,15,2.7755575615628914e-17,0.0
Candidate_011,Office Manager,1.0,0.4619164163814371,0.5286438829565303,1.0,0.511670745733503,0.7173995223248091,1,0.511670745733503,0.7309582081907187,0.6173995223248091,0.6859994692497878,0.611670745733503,0.7645884321668787,0.7173995223248091,0.7173995223248091,1,1,1,1,0.0,0.0
Candidate_011,Software Developer,0.4260965827710578,1.0,0.2290858604605659,1.0,0.4991338039698701,0.6449509760619834,2,0.49913380396987017,0.7130482913855288,0.5449509760619834,0.6055010845133149,0.5991338039698701,0.7489172549623376,0.6449509760619834,0.6449509760619834,2,2,2,2,5.551115123125783e-17,0.0
Candidate_011,Office Administrator,0.6388937877518659,0.5309388716052961,0.5286438829565303,1.0,0.4094414307750066,0.6151702073663127,3,0.40944143077500667,0.584916329678581,0.5151702073663127,0.5724113415181252,0.5094414307750067,0.6368017884687583,0.6151702073663127,0.6151702073663127,3,3,3,3,5.551115123125783e-17,0.0
Candidate_011,"Driver, Truck",0.7143450552453494,0.1945961612188926,0.8880268984746598,1.0,0.3181294257624847,0.5957348054574166,4,0.3181294257624847,0.45447060823212104,0.49573480545741666,0.5508164505082407,0.4181294257624847,0.5226617822031058,0.5957348054574166,0.5957348054574166,7,4,5,4,0.0,0.0
Candidate_011,Secondary School Teacher,0.6370388472133275,0.4777273126143085,0.3635561348837076,1.0,0.3901681559396726,0.5628793829164142,5,0.3901681559396726,0.557383079913818,0.4628793829164141,0.5143104254626824,0.49016815593967256,0.6127101949245907,0.5628793829164142,0.5628793829164142,4,5,4,5,0.0,0.0
Candidate_011,Food Service Supervisor,0.2195240438565196,0.6261344893009065,0.6833380235893983,0.0,0.2959804866050991,0.4326480913229787,6,0.2959804866050991,0.42282926657871306,0.43264809132297877,0.4807201014699764,0.2959804866050991,0.3699756082563739,0.43264809132297877,0.43264809132297877,8,6,8,6,0.0,5.551115123125783e-17
Candidate_011,Information Technology (IT) Analyst,0.3360346880924467,0.7437013752420701,0.266375870790639,0.0,0.3779076221670808,0.4311827963252087,7,0.37790762216708085,0.5398680316672584,0.4311827963252087,0.4790919959168985,0.37790762216708085,0.47238452770885103,0.4311827963252087,0.4311827963252087,5,7,6,7,5.551115123125783e-17,0.0
Candidate_011,Administrative Assistant,0.3336157795422748,0.6001075792939556,0.4384514673595585,0.0,0.3268031755926806,0.4144934690645923,8,0.32680317559268063,0.46686167941811524,0.41449346906459233,0.46054829896065813,0.32680317559268063,0.40850396949085077,0.41449346906459233,0.41449346906459233,6,8,7,8,5.551115123125783e-17,5.551115123125783e-17
Candidate_011,Restaurant Manager,0.2365985317097996,0.3786824640168697,0.5865008675534992,0.0,0.2153483485043342,0.3326485220150341,9,0.21534834850433426,0.3076404978633347,0.3326485220150341,0.36960946890559343,0.21534834850433426,0.2691854356304178,0.3326485220150341,0.3326485220150341,9,9,9,9,5.551115123125783e-17,0.0
Candidate_011,Bookkeeper,0.0139561753963377,0.569274433707107,0.2992257912289334,0.0,0.2041307131862056,0.2639758714319923,10,0.20413071318620563,0.29161530455172235,0.2639758714319923,0.2933065238133248,0.20413071318620563,0.255163391482757,0.2639758714319923,0.2639758714319923,10,10,10,10,2.7755575615628914e-17,0.0
Candidate_011,Continuing Care Assistant,0.1235473244927779,0.3702889122545498,0.4396201180333152,0.0,0.1728426828615647,0.2607667064682277,11,0.17284268286156468,0.24691811837366384,0.26076670646822775,0.2897407849646975,0.17284268286156468,0.21605335357695585,0.26076670646822775,0.26076670646822775,11,11,11,11,2.7755575615628914e-17,5.551115123125783e-17
Candidate_011,Inside Sales Representative,0.005665550306441,0.1647077395687941,0.8643994601889338,0.0,0.0596306514563323,0.232510543494119,12,0.05963065145633228,0.08518664493761754,0.23251054349411904,0.25834504832679894,0.05963065145633228,0.07453831432041534,0.23251054349411904,0.23251054349411904,13,12,13,12,2.0816681711721685e-17,2.7755575615628914e-17
Candidate_011,Retail Sales Associate,0.005665550306441,0.1359844253405728,0.8643994601889338,0.0,0.0495774914764548,0.2224573835142416,13,0.049577491476454835,0.07082498782350691,0.2224573835142416,0.24717487057137955,0.049577491476454835,0.06197186434556854,0.2224573835142416,0.2224573835142416,14,13,14,13,3.469446951953614e-17,0.0
Candidate_011,Delivery Driver,0.2516035509884433,0.0,0.3705312074675783,0.0,0.0880612428459551,0.1621674843394708,14,0.08806124284595514,0.12580177549422164,0.1621674843394708,0.18018609371052313,0.08806124284595514,0.11007655355744392,0.1621674843394708,0.1621674843394708,12,14,12,14,4.163336342344337e-17,0.0
Candidate_011,Licensed Practical Nurse (L.P.N.),0.0,0.1414935658963367,0.3039192124973743,0.0,0.0495227480637178,0.1103065905631927,15,0.049522748063717835,0.07074678294816834,0.1103065905631927,0.12256287840354743,0.049522748063717835,0.06190343507964729,0.1103065905631927,0.1103065905631927,15,15,15,15,3.469446951953614e-17,0.0
Candidate_012,Software Developer,1.0,1.0,0.2290858604605659,1.0,0.7,0.8458171720921132,1,0.7,1.0,0.7458171720921132,0.8286857467690146,0.7999999999999999,0.9999999999999999,0.8458171720921132,0.8458171720921132,1,1,1,1,0.0,0.0
Candidate_012,Information Technology (IT) Analyst,0.7879140928450536,0.9758930428929816,0.266375870790639,1.0,0.6173324975083123,0.7706076716664401,2,0.6173324975083123,0.8819035678690177,0.6706076716664401,0.7451196351849334,0.7173324975083123,0.8966656218853903,0.7706076716664401,0.7706076716664401,2,2,2,2,0.0,0.0
Candidate_012,Secondary School Teacher,0.8707488019174493,0.4526457810683473,0.3635561348837076,1.0,0.4631881040450287,0.6358993310217702,3,0.46318810404502875,0.6616972914928982,0.5358993310217702,0.5954437011353002,0.5631881040450287,0.7039851300562858,0.6358993310217702,0.6358993310217702,3,4,3,3,5.551115123125783e-17,0.0
Candidate_012,Restaurant Manager,0.8132834070757929,0.1896883477125782,0.5865008675534992,1.0,0.3510401141759299,0.5683402876866298,4,0.3510401141759299,0.5014858773941856,0.4683402876866297,0.5203780974295885,0.45104011417592993,0.5638001427199124,0.5683402876866297,0.5683402876866297,9,7,5,4,0.0,1.1102230246251565e-16
Candidate_012,Food Service Supervisor,0.6374990639091375,0.5212559913520569,0.6833380235893983,0.0,0.405564269341418,0.5422318740592976,5,0.405564269341418,0.5793775276305971,0.5422318740592976,0.6024798600658863,0.405564269341418,0.5069553366767724,0.5422318740592976,0.5422318740592976,5,3,7,5,0.0,0.0
Candidate_012,Licensed Practical Nurse (L.P.N.),0.916136244853098,0.143565644822452,0.3039192124973743,1.0,0.3708956613864425,0.5316795038859174,6,0.3708956613864425,0.529850944837775,0.43167950388591736,0.47964389320657486,0.47089566138644245,0.588619576733053,0.5316795038859173,0.5316795038859173,7,10,4,6,0.0,1.1102230246251565e-16
Candidate_012,Office Manager,0.695961501905325,0.4200707744396174,0.5286438829565303,0.0,0.3906112967207298,0.4963400733120359,7,0.3906112967207298,0.5580161381724712,0.4963400733120359,0.5514889703467065,0.3906112967207298,0.48826412090091226,0.4963400733120359,0.4963400733120359,6,5,8,7,0.0,0.0
Candidate_012,Bookkeeper,0.7214510237468887,0.4636929164372106,0.2992257912289334,0.0,0.4148003790644347,0.4746455373102214,8,0.41480037906443473,0.5925719700920496,0.4746455373102214,0.5273839303446904,0.41480037906443473,0.5185004738305434,0.4746455373102214,0.4746455373102214,4,6,6,8,5.551115123125783e-17,0.0
Candidate_012,Office Administrator,0.5557141977841297,0.4759415855922005,0.5286438829565303,0.0,0.3610795241817155,0.4668083007730216,9,0.3610795241817155,0.515827891688165,0.4668083007730216,0.5186758897478018,0.3610795241817155,0.4513494052271444,0.4668083007730216,0.4668083007730216,8,8,9,9,0.0,0.0
Candidate_012,"Driver, Truck",0.6512281988475308,0.1687085194476738,0.8880268984746598,0.0,0.2869778514033216,0.4645832310982535,10,0.2869778514033216,0.4099683591476023,0.46458323109825356,0.5162035901091706,0.2869778514033216,0.35872231425415196,0.46458323109825356,0.46458323109825356,11,9,11,10,0.0,5.551115123125783e-17
Candidate_012,Retail Sales Associate,0.3812718894566849,0.3238252870749964,0.8643994601889338,0.0,0.2467840117860884,0.4196639038238752,11,0.24678401178608844,0.3525485882658407,0.4196639038238752,0.46629322647097243,0.24678401178608844,0.30848001473261055,0.4196639038238752,0.4196639038238752,12,11,12,11,5.551115123125783e-17,0.0
Candidate_012,Inside Sales Representative,0.3812718894566849,0.3179008342001672,0.8643994601889338,0.0,0.2447104532798982,0.417590345317685,12,0.2447104532798982,0.34958636182842606,0.41759034531768496,0.4639892725752055,0.2447104532798982,0.3058880665998727,0.41759034531768496,0.41759034531768496,13,12,13,12,0.0,5.551115123125783e-17
Candidate_012,Continuing Care Assistant,0.5402164195578063,0.3169785229150095,0.4396201180333152,0.0,0.3000182298654855,0.3879422534721486,13,0.30001822986548554,0.42859747123640796,0.3879422534721486,0.4310469483023873,0.30001822986548554,0.3750227873318569,0.3879422534721486,0.3879422534721486,10,13,10,13,5.551115123125783e-17,0.0
Candidate_012,Administrative Assistant,0.0,0.5308117644659284,0.4384514673595585,0.0,0.1857841175630749,0.2734744110349866,14,0.18578411756307492,0.2654058822329642,0.2734744110349866,0.3038604567055407,0.18578411756307492,0.23223014695384364,0.2734744110349866,0.2734744110349866,15,14,15,14,2.7755575615628914e-17,0.0
Candidate_012,Delivery Driver,0.556300847828322,0.0,0.3705312074675783,0.0,0.1947052967399127,0.2688115382334283,15,0.1947052967399127,0.278150423914161,0.26881153823342835,0.29867948692603147,0.1947052967399127,0.24338162092489085,0.26881153823342835,0.26881153823342835,14,15,14,15,0.0,5.551115123125783e-17
Candidate_013,Software Developer,1.0,1.0,0.2290858604605659,1.0,0.7,0.8458171720921132,1,0.7,1.0,0.7458171720921132,0.8286857467690146,0.7999999999999999,0.9999999999999999,0.8458171720921132,0.8458171720921132,1,1,1,1,0.0,0.0
Candidate_013,Secondary School Teacher,0.821834551055786,0.5190129986498749,0.3635561348837076,1.0,0.4692966423969813,0.6420078693737228,2,0.4692966423969813,0.6704237748528306,0.5420078693737228,0.6022309659708031,0.5692966423969813,0.7116208029962265,0.6420078693737228,0.6420078693737228,3,3,2,2,0.0,0.0
Candidate_013,Office Manager,0.924724837283551,0.3213500568932567,0.5286438829565303,1.0,0.4361262129618827,0.6418549895531888,3,0.4361262129618827,0.6230374470884039,0.5418549895531888,0.602061099503543,0.5361262129618827,0.6701577662023533,0.6418549895531888,0.6418549895531888,4,4,3,3,0.0,0.0
Candidate_013,Office Administrator,0.7518945958434815,0.4030671188815111,0.5286438829565303,1.0,0.4042366001537474,0.6099653767450535,4,0.4042366001537474,0.5774808573624963,0.5099653767450535,0.5666281963833928,0.5042366001537474,0.6302957501921842,0.6099653767450535,0.6099653767450535,6,5,6,4,0.0,0.0
Candidate_013,Bookkeeper,0.9260531677891384,0.2937769162717746,0.2992257912289334,1.0,0.4269405294213195,0.5867856876671061,5,0.42694052942131955,0.6099150420304565,0.4867856876671062,0.5408729862967847,0.5269405294213195,0.6586756617766494,0.5867856876671063,0.5867856876671063,5,6,4,5,5.551115123125783e-17,1.1102230246251565e-16
Candidate_013,Information Technology (IT) Analyst,0.6424905313469558,0.8399377775015029,0.266375870790639,0.0,0.5188499080969605,0.5721250822550883,6,0.5188499080969605,0.7412141544242293,0.5721250822550883,0.6356945358389869,0.5188499080969605,0.6485623851212006,0.5721250822550883,0.5721250822550883,2,2,5,6,0.0,0.0
Candidate_013,Food Service Supervisor,0.5955450932495573,0.3874404250657816,0.6833380235893983,0.0,0.3440449314103686,0.4807125361282482,7,0.34404493141036857,0.49149275915766943,0.48071253612824827,0.5341250401424981,0.34404493141036857,0.43005616426296067,0.48071253612824827,0.48071253612824827,7,7,7,7,5.551115123125783e-17,5.551115123125783e-17
Candidate_013,Inside Sales Representative,0.5577347377824731,0.3214961751508751,0.8643994601889338,0.0,0.3077308195266718,0.4806107115644586,8,0.3077308195266718,0.43961545646667405,0.48061071156445856,0.5340119017382873,0.3077308195266718,0.38466352440833973,0.48061071156445856,0.48061071156445856,8,8,8,8,0.0,5.551115123125783e-17
Candidate_013,Retail Sales Associate,0.5577347377824731,0.289030441872224,0.8643994601889338,0.0,0.2963678128791439,0.4692477049169307,9,0.29636781287914393,0.4233825898273485,0.4692477049169307,0.5213863387965897,0.29636781287914393,0.3704597660989299,0.4692477049169307,0.4692477049169307,9,9,9,9,5.551115123125783e-17,0.0
Candidate_013,Restaurant Manager,0.6644806463223611,0.1557535343182702,0.5865008675534992,0.0,0.2870819632242209,0.4043821367349208,10,0.28708196322422097,0.4101170903203157,0.4043821367349208,0.4493134852610231,0.28708196322422097,0.3588524540302762,0.4043821367349208,0.4043821367349208,10,10,10,10,5.551115123125783e-17,0.0
Candidate_013,"Driver, Truck",0.5123355843009738,0.1254831757429289,0.8880268984746598,0.0,0.2232365660153659,0.4008419457102978,11,0.22323656601536593,0.31890938002195135,0.40084194571029785,0.44537993967810874,0.22323656601536593,0.2790457075192074,0.40084194571029785,0.40084194571029785,12,11,12,11,2.7755575615628914e-17,5.551115123125783e-17
Candidate_013,Licensed Practical Nurse (L.P.N.),0.4366555249049945,0.2840878165042751,0.3039192124973743,0.0,0.2522601694932443,0.3130440119927192,12,0.25226016949324437,0.36037167070463483,0.31304401199271925,0.34782667999191025,0.25226016949324437,0.31532521186655543,0.31304401199271925,0.31304401199271925,11,12,11,12,5.551115123125783e-17,5.551115123125783e-17
Candidate_013,Continuing Care Assistant,0.2137872306234358,0.4064202580929805,0.4396201180333152,0.0,0.2170726210507456,0.3049966446574087,13,0.21707262105074568,0.31010374435820814,0.3049966446574087,0.3388851607304541,0.21707262105074568,0.27134077631343206,0.3049966446574087,0.3049966446574087,13,13,13,13,8.326672684688674e-17,0.0
Candidate_013,Administrative Assistant,0.0,0.4839152415556534,0.4384514673595585,0.0,0.1693703345444787,0.2570606280163904,14,0.1693703345444787,0.24195762077782673,0.2570606280163904,0.28562292001821155,0.1693703345444787,0.21171291818059837,0.2570606280163904,0.2570606280163904,14,14,14,14,0.0,0.0
Candidate_013,Delivery Driver,0.3426915411784537,0.0,0.3705312074675783,0.0,0.1199420394124587,0.1940482809059744,15,0.11994203941245878,0.17134577058922684,0.19404828090597442,0.21560920100663825,0.11994203941245878,0.14992754926557347,0.19404828090597442,0.19404828090597442,15,15,15,15,6.938893903907228e-17,2.7755575615628914e-17
Candidate_014,Software Developer,1.0,1.0,0.2290858604605659,1.0,0.7,0.8458171720921132,1,0.7,1.0,0.7458171720921132,0.8286857467690146,0.7999999999999999,0.9999999999999999,0.8458171720921132,0.8458171720921132,1,1,1,1,0.0,0.0
Candidate_014,Information Technology (IT) Analyst,0.748978023802547,0.8645347495273501,0.266375870790639,1.0,0.564729470665464,0.7180046448235917,2,0.564729470665464,0.8067563866649485,0.6180046448235917,0.6866718275817686,0.664729470665464,0.8309118383318299,0.7180046448235917,0.7180046448235917,2,2,2,2,0.0,0.0
Candidate_014,Secondary School Teacher,0.7526708825815293,0.4308811132453981,0.3635561348837076,1.0,0.4142431985394245,0.5869544255161661,3,0.41424319853942454,0.5917759979134637,0.4869544255161661,0.5410604727957401,0.5142431985394246,0.6428039981742807,0.5869544255161661,0.5869544255161661,3,3,3,3,5.551115123125783e-17,0.0
Candidate_014,Bookkeeper,0.6385558186579218,0.3308841206404533,0.2992257912289334,1.0,0.3393039787544312,0.4991491370002179,4,0.33930397875443125,0.4847199696491875,0.3991491370002179,0.44349904111135324,0.4393039787544313,0.549129973443039,0.4991491370002179,0.4991491370002179,5,6,4,4,5.551115123125783e-17,0.0
Candidate_014,Licensed Practical Nurse (L.P.N.),0.7418067115235827,0.2098174658803651,0.3039192124973743,1.0,0.3330684620913817,0.4938523045908566,5,0.33306846209138175,0.47581208870197395,0.39385230459085663,0.43761367176761845,0.4330684620913817,0.5413355776142271,0.4938523045908566,0.4938523045908566,6,7,5,5,5.551115123125783e-17,0.0
Candidate_014,Office Administrator,0.485880918740978,0.5580099753264454,0.5286438829565303,0.0,0.3653618129235981,0.4710905895149042,6,0.36536181292359815,0.5219454470337117,0.47109058951490423,0.5234339883498936,0.36536181292359815,0.45670226615449766,0.47109058951490423,0.47109058951490423,4,4,6,6,5.551115123125783e-17,5.551115123125783e-17
Candidate_014,Office Manager,0.5169841651160179,0.3926613656562496,0.5286438829565303,0.0,0.3183759357702936,0.4241047123615997,7,0.3183759357702936,0.45482276538613375,0.4241047123615997,0.4712274581795552,0.3183759357702936,0.397969919712867,0.4241047123615997,0.4241047123615997,7,5,7,7,0.0,0.0
Candidate_014,Inside Sales Representative,0.3556788187243629,0.2612500099170236,0.8643994601889338,0.0,0.2159250900244853,0.388804982062272,8,0.21592509002448526,0.30846441432069327,0.388804982062272,0.43200553562474664,0.21592509002448526,0.26990636253060657,0.388804982062272,0.388804982062272,10,8,10,8,2.7755575615628914e-17,0.0
Candidate_014,Continuing Care Assistant,0.3995848767117647,0.4291015840853819,0.4396201180333152,0.0,0.2900402612790013,0.3779642848856643,9,0.2900402612790013,0.4143432303985733,0.37796428488566436,0.41996031653962707,0.2900402612790013,0.3625503265987516,0.37796428488566436,0.37796428488566436,8,9,8,9,0.0,5.551115123125783e-17
Candidate_014,Retail Sales Associate,0.3556788187243629,0.2004487845234653,0.8643994601889338,0.0,0.1946446611367399,0.3675245531745266,10,0.19464466113673987,0.2780638016239141,0.3675245531745266,0.4083606146383629,0.19464466113673987,0.24330582642092483,0.3675245531745266,0.3675245531745266,13,10,13,10,2.7755575615628914e-17,0.0
Candidate_014,Food Service Supervisor,0.3524717159774569,0.2406393906390308,0.6833380235893983,0.0,0.2075888873157707,0.3442564920336504,11,0.2075888873157707,0.29655555330824385,0.3442564920336504,0.38250721337072263,0.2075888873157707,0.2594861091447133,0.3442564920336504,0.3442564920336504,11,11,11,11,0.0,0.0
Candidate_014,"Driver, Truck",0.382628766688303,0.0753245449746705,0.8880268984746598,0.0,0.1602836590820407,0.3378890387769727,12,0.1602836590820407,0.22897665583148674,0.33788903877697263,0.37543226530774737,0.1602836590820407,0.20035457385255087,0.33788903877697263,0.33788903877697263,14,12,14,12,0.0,5.551115123125783e-17
Candidate_014,Restaurant Manager,0.5859365380614188,0.0,0.5865008675534992,0.0,0.2050777883214965,0.3223779618321964,13,0.20507778832149656,0.2929682690307094,0.3223779618321964,0.3581977353691071,0.20507778832149656,0.2563472354018707,0.3223779618321964,0.3223779618321964,12,13,12,13,5.551115123125783e-17,0.0
Candidate_014,Administrative Assistant,0.0,0.6410461823333806,0.4384514673595585,0.0,0.2243661638166832,0.3120564572885949,14,0.2243661638166832,0.3205230911666903,0.3120564572885949,0.34672939698732763,0.2243661638166832,0.28045770477085397,0.3120564572885949,0.3120564572885949,9,14,9,14,0.0,0.0
Candidate_014,Delivery Driver,0.3216787247334663,0.0415769598852245,0.3705312074675783,0.0,0.1271394896165418,0.2012457311100574,15,0.12713948961654178,0.18162784230934542,0.20124573111005745,0.22360636790006383,0.12713948961654178,0.15892436202067722,0.20124573111005745,0.20124573111005745,15,15,15,15,2.7755575615628914e-17,5.551115123125783e-17
Candidate_015,Food Service Supervisor,1.0,0.4879590336124589,0.6833380235893983,1.0,0.5207856617643606,0.7574532664822402,1,0.5207856617643606,0.7439795168062294,0.6574532664822402,0.7305036294247114,0.6207856617643606,0.7759820772054506,0.7574532664822402,0.7574532664822402,2,1,2,1,0.0,0.0
Candidate_015,Administrative Assistant,1.0,0.5080543877063274,0.4384514673595585,1.0,0.5278190356972146,0.7155093291691262,2,0.5278190356972146,0.7540271938531637,0.6155093291691263,0.6838992546323625,0.6278190356972145,0.7847737946215181,0.7155093291691262,0.7155093291691262,1,2,1,2,0.0,0.0
Candidate_015,Software Developer,0.0,1.0,0.2290858604605659,0.0,0.35,0.3958171720921131,3,0.35,0.5,0.39581717209211315,0.4397968578801257,0.35,0.43749999999999994,0.39581717209211315,0.39581717209211315,3,3,3,3,0.0,5.551115123125783e-17
Candidate_015,Information Technology (IT) Analyst,0.0,0.8586757294062297,0.266375870790639,0.0,0.3005365052921804,0.3538116794503082,4,0.3005365052921804,0.42933786470311486,0.3538116794503082,0.39312408827812023,0.3005365052921804,0.37567063161522546,0.3538116794503082,0.3538116794503082,4,4,4,4,0.0,0.0
Candidate_015,Bookkeeper,0.0,0.4606594401398101,0.2992257912289334,1.0,0.1612308040489335,0.3210759622947202,5,0.16123080404893353,0.23032972006990507,0.2210759622947202,0.24563995810524467,0.2612308040489335,0.3265385050611669,0.32107596229472024,0.32107596229472024,6,9,5,5,2.7755575615628914e-17,5.551115123125783e-17
Candidate_015,Continuing Care Assistant,0.0,0.2690076657028584,0.4396201180333152,1.0,0.0941526829960004,0.2820767066026635,6,0.09415268299600044,0.1345038328514292,0.18207670660266348,0.2023074517807372,0.19415268299600044,0.24269085374500055,0.2820767066026635,0.2820767066026635,11,13,6,6,4.163336342344337e-17,0.0
Candidate_015,Office Administrator,0.0,0.4929134272349848,0.5286438829565303,0.0,0.1725196995322447,0.2782484761235507,7,0.1725196995322447,0.24645671361749244,0.27824847612355075,0.30916497347061195,0.1725196995322447,0.21564962441530586,0.27824847612355075,0.27824847612355075,5,5,7,7,0.0,5.551115123125783e-17
Candidate_015,Inside Sales Representative,0.0,0.2953942864548167,0.8643994601889338,0.0,0.1033880002591858,0.2762678922969726,8,0.10338800025918583,0.14769714322740835,0.2762678922969726,0.306964324774414,0.10338800025918583,0.12923500032398227,0.2762678922969726,0.2762678922969726,9,6,10,8,2.7755575615628914e-17,0.0
Candidate_015,Retail Sales Associate,0.0,0.2758916791016393,0.8643994601889338,0.0,0.0965620876855737,0.2694419797233605,9,0.09656208768557376,0.13794583955081965,0.2694419797233605,0.2993799774704005,0.09656208768557376,0.12070260960696719,0.2694419797233605,0.2694419797233605,10,7,12,9,5.551115123125783e-17,0.0
Candidate_015,Office Manager,0.0,0.4489654634871952,0.5286438829565303,0.0,0.1571379122205183,0.2628666888118244,10,0.15713791222051832,0.22448273174359762,0.2628666888118244,0.2920740986798049,0.15713791222051832,0.1964223902756479,0.2628666888118244,0.2628666888118244,7,8,8,10,2.7755575615628914e-17,0.0
Candidate_015,Secondary School Teacher,0.0,0.4053707813044372,0.3635561348837076,0.0,0.141879773456553,0.2145910004332945,11,0.141879773456553,0.20268539065221858,0.21459100043329454,0.2384344449258828,0.141879773456553,0.17734971682069126,0.21459100043329454,0.21459100043329454,8,10,9,11,0.0,5.551115123125783e-17
Candidate_015,"Driver, Truck",0.0,0.0878072784266292,0.8880268984746598,0.0,0.0307325474493202,0.2083379271442522,12,0.03073254744932022,0.0439036392133146,0.20833792714425217,0.23148658571583575,0.03073254744932022,0.038415684311650274,0.20833792714425217,0.20833792714425217,14,11,15,12,1.734723475976807e-17,2.7755575615628914e-17
Candidate_015,Restaurant Manager,0.0,0.2592758009640586,0.5865008675534992,0.0,0.0907465303374205,0.2080467038481203,13,0.09074653033742051,0.1296379004820293,0.20804670384812035,0.23116300427568928,0.09074653033742051,0.11343316292177563,0.20804670384812035,0.20804670384812035,12,12,13,13,1.3877787807814457e-17,5.551115123125783e-17
Candidate_015,Delivery Driver,0.0,0.0,0.3705312074675783,1.0,0.0,0.1741062414935156,14,0.0,0.0,0.07410624149351566,0.08234026832612851,0.1,0.125,0.17410624149351567,0.17410624149351567,15,15,11,14,0.0,5.551115123125783e-17
Candidate_015,Licensed Practical Nurse (L.P.N.),0.0,0.1807347918484176,0.3039192124973743,0.0,0.0632571771469461,0.124041019646421,15,0.06325717714694615,0.09036739592420878,0.124041019646421,0.13782335516269,0.06325717714694615,0.07907147143368268,0.124041019646421,0.124041019646421,13,14,14,15,4.163336342344337e-17,0.0
Candidate_016,Software Developer,1.0,1.0,0.2290858604605659,1.0,0.7,0.8458171720921132,1,0.7,1.0,0.7458171720921132,0.8286857467690146,0.7999999999999999,0.9999999999999999,0.8458171720921132,0.8458171720921132,1,1,1,1,0.0,0.0
Candidate_016,Information Technology (IT) Analyst,0.7738350746874031,0.8985923041731363,0.266375870790639,1.0,0.5853495826011887,0.7386247567593165,2,0.5853495826011887,0.8362136894302696,0.6386247567593165,0.7095830630659072,0.6853495826011887,0.8566869782514859,0.7386247567593165,0.7386247567593165,2,2,2,2,0.0,0.0
Candidate_016,Inside Sales Representative,0.7767135511032782,0.2855320554262618,0.8643994601889338,0.0,0.371785962285339,0.5446658543231258,3,0.371785962285339,0.53112280326477,0.5446658543231258,0.6051842825812508,0.371785962285339,0.46473245285667375,0.5446658543231258,0.5446658543231258,4,3,5,3,0.0,0.0
Candidate_016,Retail Sales Associate,0.7767135511032782,0.276223243409352,0.8643994601889338,0.0,0.3685278780794205,0.5414077701172073,4,0.36852787807942056,0.5264683972563151,0.5414077701172073,0.6015641890191192,0.36852787807942056,0.4606598475992757,0.5414077701172073,0.5414077701172073,5,4,6,4,5.551115123125783e-17,0.0
Candidate_016,Licensed Practical Nurse (L.P.N.),0.7948077509326965,0.2028133666048858,0.3039192124973743,1.0,0.3491673911381537,0.5099512336376286,5,0.34916739113815376,0.4988105587687911,0.40995123363762864,0.45550137070847624,0.44916739113815374,0.5614592389226921,0.5099512336376286,0.5099512336376286,6,8,3,5,5.551115123125783e-17,0.0
Candidate_016,Secondary School Teacher,0.7410024076678464,0.4172154127142354,0.3635561348837076,0.0,0.4053762371337286,0.4780874641104701,6,0.4053762371337286,0.5791089101910409,0.47808746411047015,0.5312082934560779,0.4053762371337286,0.5067202964171608,0.47808746411047015,0.47808746411047015,3,5,4,6,0.0,5.551115123125783e-17
Candidate_016,Restaurant Manager,0.7079353063882137,0.2198165204497026,0.5865008675534992,0.0,0.3247131393932707,0.4420133129039705,7,0.3247131393932707,0.4638759134189581,0.4420133129039705,0.49112590322663385,0.3247131393932707,0.4058914242415883,0.4420133129039705,0.4420133129039705,7,6,7,7,0.0,0.0
Candidate_016,Office Administrator,0.438523042434739,0.4322115744029101,0.5286438829565303,0.0,0.3047571158931772,0.4104858924844833,8,0.30475711589317717,0.43536730841882454,0.41048589248448325,0.45609543609387027,0.30475711589317717,0.3809463948664714,0.41048589248448325,0.41048589248448325,9,7,9,8,5.551115123125783e-17,5.551115123125783e-17
Candidate_016,Food Service Supervisor,0.333117560760481,0.4192419803425133,0.6833380235893983,0.0,0.263325839386048,0.3999934441039277,9,0.26332583938604803,0.3761797705514972,0.3999934441039277,0.4444371601154752,0.26332583938604803,0.32915729923256004,0.3999934441039277,0.3999934441039277,11,9,11,9,5.551115123125783e-17,0.0
Candidate_016,Bookkeeper,0.4981504459529629,0.4114342357794742,0.2992257912289334,0.0,0.3183546386063529,0.3781997968521396,10,0.31835463860635294,0.4547923408662185,0.3781997968521396,0.42022199650237735,0.31835463860635294,0.39794329825794117,0.3781997968521396,0.3781997968521396,8,10,8,10,5.551115123125783e-17,0.0
Candidate_016,Continuing Care Assistant,0.5105915810267684,0.2679618879057839,0.4396201180333152,0.0,0.2724937141263933,0.3604177377330563,11,0.2724937141263933,0.38927673446627614,0.3604177377330563,0.4004641530367292,0.2724937141263933,0.3406171426579916,0.3604177377330563,0.3604177377330563,10,11,10,11,0.0,0.0
Candidate_016,Office Manager,0.2987905477628197,0.3980218310390374,0.5286438829565303,0.0,0.2438843325806499,0.349613109171956,12,0.24388433258064995,0.34840618940092855,0.34961310917195604,0.38845901019106227,0.24388433258064995,0.30485541572581243,0.34961310917195604,0.34961310917195604,12,12,12,12,5.551115123125783e-17,5.551115123125783e-17
Candidate_016,Administrative Assistant,0.0490167179296767,0.4376967566986506,0.4384514673595585,0.0,0.1703497161199145,0.2580400095918262,13,0.17034971611991456,0.24335673731416368,0.25804000959182627,0.28671112176869584,0.17034971611991456,0.2129371451498932,0.25804000959182627,0.25804000959182627,13,13,13,13,5.551115123125783e-17,5.551115123125783e-17
Candidate_016,"Driver, Truck",0.0,0.140357147738957,0.8880268984746598,0.0,0.0491250017086349,0.2267303814035669,14,0.049125001708634944,0.0701785738694785,0.22673038140356688,0.2519226460039632,0.049125001708634944,0.061406252135793676,0.22673038140356688,0.22673038140356688,14,14,14,14,4.163336342344337e-17,2.7755575615628914e-17
Candidate_016,Delivery Driver,0.1342673037836172,0.0,0.3705312074675783,0.0,0.046993556324266,0.1210997978177817,15,0.046993556324266016,0.0671336518918086,0.12109979781778168,0.13455533090864633,0.046993556324266016,0.058741945405332514,0.12109979781778168,0.12109979781778168,15,15,15,15,1.3877787807814457e-17,1.3877787807814457e-17
Candidate_017,Administrative Assistant,1.0,0.4710069682017102,0.4384514673595585,1.0,0.5148524388705986,0.7025427323425103,1,0.5148524388705985,0.7355034841008551,0.6025427323425102,0.6694919248250113,0.6148524388705985,0.7685655485882481,0.7025427323425102,0.7025427323425102,2,3,1,1,1.1102230246251565e-16,1.1102230246251565e-16
Candidate_017,Office Administrator,0.9295727137123986,0.4428348198114802,0.5286438829565303,1.0,0.4803426367333575,0.6860714133246636,2,0.48034263673335753,0.6862037667619394,0.5860714133246636,0.6511904592496263,0.5803426367333575,0.7254282959166969,0.6860714133246636,0.6860714133246636,3,4,2,2,5.551115123125783e-17,0.0
Candidate_017,Office Manager,0.8931633756688091,0.394872086408921,0.5286438829565303,1.0,0.4508124117272055,0.6565411883185116,3,0.45081241172720554,0.6440177310388651,0.5565411883185116,0.6183790981316796,0.5508124117272055,0.6885155146590068,0.6565411883185116,0.6565411883185116,4,6,3,3,5.551115123125783e-17,0.0
Candidate_017,Inside Sales Representative,0.9977683822971528,0.2473704899206585,0.8643994601889338,0.0,0.435798605276234,0.6086784973140207,4,0.43579860527623393,0.6225694361089057,0.6086784973140207,0.6763094414600229,0.43579860527623393,0.5447482565952924,0.6086784973140207,0.6086784973140207,6,1,6,4,5.551115123125783e-17,0.0
Candidate_017,Retail Sales Associate,0.9977683822971528,0.2305949534871865,0.8643994601889338,0.0,0.4299271675245187,0.6028070595623055,5,0.42992716752451876,0.6141816678921697,0.6028070595623055,0.669785621735895,0.42992716752451876,0.5374089594056484,0.6028070595623055,0.6028070595623055,7,2,7,5,5.551115123125783e-17,0.0
Candidate_017,Software Developer,0.4846300114203659,1.0,0.2290858604605659,0.0,0.519620503997128,0.5654376760892412,6,0.519620503997128,0.7423150057101829,0.5654376760892412,0.6282640845436014,0.519620503997128,0.64952562999641,0.5654376760892412,0.5654376760892412,1,5,4,6,0.0,0.0
Candidate_017,Information Technology (IT) Analyst,0.4338387904360552,0.835598602603215,0.266375870790639,0.0,0.4443030875637445,0.4975782617218723,7,0.44430308756374454,0.6347186965196351,0.49757826172187236,0.5528647352465248,0.44430308756374454,0.5553788594546807,0.49757826172187236,0.49757826172187236,5,7,5,7,5.551115123125783e-17,5.551115123125783e-17
Candidate_017,Bookkeeper,0.8534282617674178,0.3607315538526347,0.2992257912289334,0.0,0.4249559354670184,0.484801093712805,8,0.4249559354670184,0.6070799078100263,0.48480109371280505,0.5386678819031168,0.4249559354670184,0.5311949193337729,0.48480109371280505,0.48480109371280505,8,8,8,8,0.0,5.551115123125783e-17
Candidate_017,Food Service Supervisor,0.625265815333657,0.3632310977131311,0.6833380235893983,0.0,0.3459739195663758,0.4826415242842554,9,0.3459739195663758,0.49424845652339405,0.48264152428425544,0.5362683603158394,0.3459739195663758,0.43246739945796975,0.48264152428425544,0.48264152428425544,9,9,9,9,0.0,5.551115123125783e-17
Candidate_017,"Driver, Truck",0.5114723888375442,0.0976737220715173,0.8880268984746598,0.0,0.2132011388181715,0.3908065185131034,10,0.21320113881817152,0.30457305545453073,0.39080651851310344,0.4342294650145594,0.21320113881817152,0.2665014235227144,0.39080651851310344,0.39080651851310344,12,10,12,10,2.7755575615628914e-17,5.551115123125783e-17
Candidate_017,Secondary School Teacher,0.4973934652338234,0.3614140861245046,0.3635561348837076,0.0,0.3005826429754148,0.3732938699521563,11,0.3005826429754148,0.42940377567916405,0.37329386995215635,0.41477096661350704,0.3005826429754148,0.3757283037192685,0.37329386995215635,0.37329386995215635,10,11,10,11,0.0,5.551115123125783e-17
Candidate_017,Continuing Care Assistant,0.3622292098932679,0.2938824649242137,0.4396201180333152,0.0,0.2296390861861186,0.3175631097927817,12,0.22963908618611856,0.32805583740874084,0.3175631097927816,0.3528478997697573,0.22963908618611856,0.28704885773264815,0.3175631097927816,0.3175631097927816,11,12,11,12,5.551115123125783e-17,1.1102230246251565e-16
Candidate_017,Restaurant Manager,0.4170441133950265,0.0910264949972229,0.5865008675534992,0.0,0.1778247129372873,0.2951248864479871,13,0.17782471293728727,0.2540353041961247,0.2951248864479871,0.3279165404977635,0.17782471293728727,0.22228089117160907,0.2951248864479871,0.2951248864479871,13,13,13,13,2.7755575615628914e-17,0.0
Candidate_017,Delivery Driver,0.4781409629890916,0.0,0.3705312074675783,0.0,0.167349337046182,0.2414555785396977,14,0.16734933704618205,0.2390704814945458,0.2414555785396977,0.26828397615521965,0.16734933704618205,0.20918667130772756,0.2414555785396977,0.2414555785396977,14,14,14,14,5.551115123125783e-17,0.0
Candidate_017,Licensed Practical Nurse (L.P.N.),0.0,0.1602124603896504,0.3039192124973743,0.0,0.0560743611363776,0.1168582036358525,15,0.056074361136377635,0.0801062301948252,0.1168582036358525,0.12984244848428056,0.056074361136377635,0.07009295142047203,0.1168582036358525,0.1168582036358525,15,15,15,15,3.469446951953614e-17,0.0
Candidate_018,Food Service Supervisor,1.0,0.567944745471569,0.6833380235893983,1.0,0.5487806609150492,0.7854482656329288,1,0.5487806609150492,0.7839723727357846,0.6854482656329288,0.7616091840365875,0.6487806609150492,0.8109758261438114,0.7854482656329288,0.7854482656329288,1,1,1,1,0.0,0.0
Candidate_018,Administrative Assistant,1.0,0.4470449953901985,0.4384514673595585,1.0,0.5064657483865694,0.6941560418584811,2,0.5064657483865694,0.7235224976950992,0.5941560418584811,0.6601733798427568,0.6064657483865694,0.7580821854832117,0.6941560418584811,0.6941560418584811,2,2,2,2,0.0,0.0
Candidate_018,Information Technology (IT) Analyst,0.0,1.0,0.266375870790639,0.0,0.35,0.4032751741581278,3,0.35,0.5,0.4032751741581278,0.4480835268423642,0.35,0.43749999999999994,0.4032751741581278,0.4032751741581278,3,3,3,3,0.0,0.0
Candidate_018,Software Developer,0.0,0.9883708259072276,0.2290858604605659,0.0,0.3459297890675296,0.3917469611596428,4,0.34592978906752964,0.4941854129536138,0.3917469611596428,0.435274401288492,0.34592978906752964,0.432412236334412,0.3917469611596428,0.3917469611596428,4,4,4,4,5.551115123125783e-17,0.0
Candidate_018,Inside Sales Representative,0.0,0.3855935818372388,0.8643994601889338,0.0,0.1349577536430335,0.3078376456808203,5,0.13495775364303356,0.19279679091861937,0.3078376456808203,0.34204182853424475,0.13495775364303356,0.16869719205379194,0.3078376456808203,0.3078376456808203,8,5,10,5,5.551115123125783e-17,0.0
Candidate_018,Retail Sales Associate,0.0,0.3616966363504711,0.8643994601889338,0.0,0.1265938227226649,0.2994737147604516,6,0.1265938227226649,0.18084831817523558,0.29947371476045165,0.3327485719560574,0.1265938227226649,0.1582422784033311,0.29947371476045165,0.29947371476045165,10,6,11,6,0.0,5.551115123125783e-17
Candidate_018,Bookkeeper,0.0,0.3801724051406097,0.2992257912289334,1.0,0.1330603417992134,0.292905500045,7,0.1330603417992134,0.19008620257030484,0.19290550004500007,0.2143394444944445,0.2330603417992134,0.2913254272490167,0.29290550004500004,0.29290550004500004,9,11,5,7,0.0,5.551115123125783e-17
Candidate_018,Continuing Care Assistant,0.0,0.2874664660244011,0.4396201180333152,1.0,0.1006132631085404,0.2885372867152034,8,0.1006132631085404,0.14373323301220056,0.18853728671520342,0.2094858741280038,0.20061326310854039,0.25076657888567544,0.2885372867152034,0.2885372867152034,11,12,6,8,0.0,0.0
Candidate_018,Office Administrator,0.0,0.4977655367515166,0.5286438829565303,0.0,0.1742179378630308,0.2799467144543369,9,0.1742179378630308,0.24888276837575832,0.2799467144543369,0.3110519049492632,0.1742179378630308,0.2177724223287885,0.2799467144543369,0.2799467144543369,5,7,7,9,0.0,0.0
Candidate_018,Office Manager,0.0,0.4800914647697895,0.5286438829565303,0.0,0.1680320126694263,0.2737607892607324,10,0.1680320126694263,0.24004573238489474,0.2737607892607324,0.30417865473414707,0.1680320126694263,0.21004001583678286,0.2737607892607324,0.2737607892607324,6,8,8,10,0.0,0.0
Candidate_018,"Driver, Truck",0.0,0.1340826710178986,0.8880268984746598,0.0,0.0469289348562645,0.2245343145511965,11,0.04692893485626451,0.0670413355089493,0.22453431455119646,0.24948257172355162,0.04692893485626451,0.058661168570330637,0.22453431455119646,0.22453431455119646,14,9,15,11,6.938893903907228e-18,2.7755575615628914e-17
Candidate_018,Secondary School Teacher,0.0,0.4004863591458317,0.3635561348837076,0.0,0.1401702257010411,0.2128814526777826,12,0.1401702257010411,0.20024317957291587,0.21288145267778263,0.23653494741975847,0.1401702257010411,0.17521278212630137,0.21288145267778263,0.21288145267778263,7,10,9,12,0.0,2.7755575615628914e-17
Candidate_018,Restaurant Manager,0.0,0.1881352815420108,0.5865008675534992,0.0,0.0658473485397038,0.1831475220504036,13,0.06584734853970378,0.0940676407710054,0.18314752205040363,0.2034972467226707,0.06584734853970378,0.08230918567462972,0.18314752205040363,0.18314752205040363,13,13,14,13,1.3877787807814457e-17,2.7755575615628914e-17
Candidate_018,Delivery Driver,0.0,0.0,0.3705312074675783,1.0,0.0,0.1741062414935156,14,0.0,0.0,0.07410624149351566,0.08234026832612851,0.1,0.125,0.17410624149351567,0.17410624149351567,15,15,12,14,0.0,5.551115123125783e-17
Candidate_018,Licensed Practical Nurse (L.P.N.),0.0,0.2688720468235385,0.3039192124973743,0.0,0.0941052163882384,0.1548890588877133,15,0.09410521638823846,0.13443602341176925,0.15488905888771332,0.17209895431968145,0.09410521638823846,0.11763152048529807,0.15488905888771332,0.15488905888771332,12,14,13,15,5.551115123125783e-17,2.7755575615628914e-17
Candidate_019,Office Manager,1.0,0.4725418681868969,0.5286438829565303,1.0,0.5153896538654139,0.72111843045672,1,0.5153896538654139,0.7362709340934485,0.62111843045672,0.6901315893963555,0.6153896538654139,0.7692370673317673,0.72111843045672,0.72111843045672,2,1,2,1,0.0,0.0
Candidate_019,Software Developer,0.6107545962375409,1.0,0.2290858604605659,1.0,0.5637641086831393,0.7095812807752525,2,0.5637641086831393,0.8053772981187705,0.6095812807752525,0.677312534194725,0.6637641086831393,0.829705135853924,0.7095812807752525,0.7095812807752525,1,2,1,2,0.0,0.0
Candidate_019,Bookkeeper,0.8651912881078708,0.5796939145336845,0.2992257912289334,1.0,0.5057098209245443,0.6655549791703309,3,0.5057098209245443,0.7224426013207776,0.5655549791703309,0.6283944213003677,0.6057098209245443,0.7571372761556803,0.6655549791703309,0.6655549791703309,3,3,3,3,0.0,0.0
Candidate_019,Office Administrator,0.6965201981839471,0.5634223045891082,0.5286438829565303,1.0,0.4409798759705693,0.6467086525618754,4,0.4409798759705693,0.6299712513865277,0.5467086525618754,0.6074540584020838,0.5409798759705693,0.6762248449632116,0.6467086525618754,0.6467086525618754,4,4,4,4,0.0,0.0
Candidate_019,"Driver, Truck",0.7084372515340016,0.1262399002744113,0.8880268984746598,1.0,0.2921370031329445,0.5697423828278765,5,0.2921370031329445,0.4173385759042064,0.46974238282787645,0.5219359809198627,0.39213700313294453,0.49017125391618066,0.5697423828278765,0.5697423828278765,8,7,6,5,0.0,0.0
Candidate_019,Food Service Supervisor,0.5805913431169348,0.4905948003729433,0.6833380235893983,0.0,0.3749151502214573,0.511582754939337,6,0.37491515022145727,0.535593071744939,0.5115827549393369,0.5684252832659299,0.37491515022145727,0.46864393777682156,0.5115827549393369,0.5115827549393369,7,5,8,6,5.551115123125783e-17,1.1102230246251565e-16
Candidate_019,Information Technology (IT) Analyst,0.3355065557127186,0.8958560840237093,0.266375870790639,0.0,0.4309769239077498,0.4842520980658776,7,0.4309769239077497,0.615681319868214,0.48425209806587755,0.5380578867398639,0.4309769239077497,0.5387211548846871,0.48425209806587755,0.48425209806587755,5,6,5,7,5.551115123125783e-17,5.551115123125783e-17
Candidate_019,Secondary School Teacher,0.5736776339520058,0.5353161856859474,0.3635561348837076,0.0,0.3881478368732836,0.4608590638500251,8,0.3881478368732836,0.5544969098189766,0.4608590638500251,0.5120656265000278,0.3881478368732836,0.4851847960916045,0.4608590638500251,0.4608590638500251,6,8,7,8,0.0,0.0
Candidate_019,Restaurant Manager,0.407045245201408,0.4055162099533504,0.5865008675534992,0.0,0.2843965093041655,0.4016966828148653,9,0.28439650930416543,0.4062807275773792,0.40169668281486526,0.4463296475720725,0.28439650930416543,0.3554956366302068,0.40169668281486526,0.40169668281486526,9,9,9,9,5.551115123125783e-17,5.551115123125783e-17
Candidate_019,Retail Sales Associate,0.2315968974451504,0.3821623916118575,0.8643994601889338,0.0,0.2148157511699527,0.3876956432077395,10,0.21481575116995277,0.30687964452850397,0.3876956432077395,0.43077293689748836,0.21481575116995277,0.26851968896244094,0.3876956432077395,0.3876956432077395,11,10,11,10,8.326672684688674e-17,0.0
Candidate_019,Inside Sales Representative,0.2315968974451504,0.3812084929586984,0.8643994601889338,0.0,0.2144818866413471,0.3873617786791338,11,0.2144818866413471,0.3064026952019244,0.38736177867913385,0.4304019763101487,0.2144818866413471,0.26810235830168383,0.38736177867913385,0.38736177867913385,12,11,12,11,0.0,5.551115123125783e-17
Candidate_019,Administrative Assistant,0.0586866520966104,0.6006696064214553,0.4384514673595585,0.0,0.2307746904813229,0.3184649839532347,12,0.23077469048132296,0.32967812925903284,0.31846498395323464,0.3538499821702607,0.23077469048132296,0.2884683631016537,0.31846498395323464,0.31846498395323464,10,12,10,12,5.551115123125783e-17,5.551115123125783e-17
Candidate_019,Continuing Care Assistant,0.0,0.3951986113037879,0.4396201180333152,0.0,0.1383195139563257,0.2262435375629888,13,0.13831951395632577,0.19759930565189399,0.22624353756298882,0.2513817084033209,0.13831951395632577,0.1728993924454072,0.22624353756298882,0.22624353756298882,14,13,14,13,8.326672684688674e-17,2.7755575615628914e-17
Candidate_019,Delivery Driver,0.4125290559952861,0.0,0.3705312074675783,0.0,0.1443851695983501,0.2184914110918658,14,0.14438516959835013,0.20626452799764305,0.2184914110918658,0.24276823454651753,0.14438516959835013,0.18048146199793766,0.2184914110918658,0.2184914110918658,13,14,13,14,2.7755575615628914e-17,0.0
Candidate_019,Licensed Practical Nurse (L.P.N.),0.0735882710310213,0.2790820518840239,0.3039192124973743,0.0,0.1234346130202658,0.1842184555197407,15,0.12343461302026582,0.1763351614575226,0.18421845551974067,0.20468717279971185,0.12343461302026582,0.15429326627533227,0.18421845551974067,0.18421845551974067,15,15,15,15,1.3877787807814457e-17,2.7755575615628914e-17
Candidate_020,Software Developer,0.9586203053787364,1.0,0.2290858604605659,1.0,0.6855171068825577,0.8313342789746709,1,0.6855171068825577,0.9793101526893683,0.731334278974671,0.8125936433051899,0.7855171068825577,0.9818963836031971,0.8313342789746709,0.8313342789746709,1,1,1,1,0.0,0.0
Candidate_020,Office Manager,0.943487840364431,0.3951860287461441,0.5286438829565303,1.0,0.4685358541887012,0.6742646307800073,2,0.46853585418870125,0.6693369345552875,0.5742646307800073,0.638071811977786,0.5685358541887012,0.7106698177358765,0.6742646307800073,0.6742646307800073,3,2,3,2,5.551115123125783e-17,0.0
Candidate_020,Office Administrator,0.8282958131801998,0.472360492387248,0.5286438829565303,1.0,0.4552297069486067,0.6609584835399128,3,0.45522970694860676,0.650328152783724,0.5609584835399128,0.6232872039332364,0.5552297069486067,0.6940371336857584,0.6609584835399128,0.6609584835399128,4,3,4,3,5.551115123125783e-17,0.0
Candidate_020,Bookkeeper,1.0,0.3980854871618259,0.2992257912289334,1.0,0.489329920506639,0.6491750787524256,4,0.48932992050663904,0.699042743580913,0.5491750787524257,0.6101945319471396,0.589329920506639,0.7366624006332987,0.6491750787524256,0.6491750787524256,2,4,2,4,5.551115123125783e-17,0.0
Candidate_020,Secondary School Teacher,0.6708668478882523,0.4648332811410983,0.3635561348837076,1.0,0.3974950451602727,0.5702062721370142,5,0.3974950451602727,0.5678500645146752,0.4702062721370142,0.5224514134855713,0.49749504516027265,0.6218688064503408,0.5702062721370142,0.5702062721370142,6,6,5,5,0.0,0.0
Candidate_020,Information Technology (IT) Analyst,0.5728400986875511,0.7211365162910437,0.266375870790639,0.0,0.4528918152425082,0.506166989400636,6,0.4528918152425082,0.6469883074892975,0.506166989400636,0.5624077660007066,0.4528918152425082,0.5661147690531352,0.506166989400636,0.506166989400636,5,5,6,6,0.0,0.0
Candidate_020,Food Service Supervisor,0.3135560242787161,0.4155112471167199,0.6833380235893983,0.0,0.2551735449884026,0.3918411497062822,7,0.25517354498840256,0.36453363569771796,0.39184114970628225,0.4353790552292025,0.25517354498840256,0.3189669312355032,0.39184114970628225,0.39184114970628225,8,7,8,7,5.551115123125783e-17,5.551115123125783e-17
Candidate_020,Inside Sales Representative,0.4220752106131171,0.1945353986085872,0.8643994601889338,0.0,0.2158137132275965,0.3886936052653832,8,0.21581371322759646,0.3083053046108521,0.3886936052653832,0.43188178362820356,0.21581371322759646,0.26976714153449555,0.3886936052653832,0.3886936052653832,9,8,9,8,2.7755575615628914e-17,0.0
Candidate_020,"Driver, Truck",0.4741806771485753,0.1273355405317955,0.8880268984746598,0.0,0.2105306761881297,0.3881360558830617,9,0.21053067618812976,0.3007581088401854,0.3881360558830617,0.431262284314513,0.21053067618812976,0.26316334523516216,0.3881360558830617,0.3881360558830617,10,9,10,9,5.551115123125783e-17,0.0
Candidate_020,Retail Sales Associate,0.4220752106131171,0.153554514355592,0.8643994601889338,0.0,0.2014704037390481,0.3743502957768349,10,0.20147040373904818,0.28781486248435456,0.37435029577683493,0.41594477308537214,0.20147040373904818,0.2518380046738102,0.37435029577683493,0.37435029577683493,11,10,11,10,8.326672684688674e-17,5.551115123125783e-17
Candidate_020,Administrative Assistant,0.2312718375937851,0.5406863266509916,0.4384514673595585,0.0,0.2701853574856718,0.3578756509575835,11,0.27018535748567185,0.3859790821223884,0.35787565095758356,0.3976396121750928,0.27018535748567185,0.3377316968570898,0.35787565095758356,0.35787565095758356,7,11,7,11,5.551115123125783e-17,5.551115123125783e-17
Candidate_020,Restaurant Manager,0.2849531629420014,0.2155289503261332,0.5865008675534992,0.0,0.1751687396438471,0.292468913154547,12,0.1751687396438471,0.2502410566340673,0.29246891315454693,0.3249654590606077,0.1751687396438471,0.21896092455480887,0.29246891315454693,0.29246891315454693,12,12,12,12,0.0,5.551115123125783e-17
Candidate_020,Continuing Care Assistant,0.0,0.3126635966227037,0.4396201180333152,0.0,0.1094322588179462,0.1973562824246093,13,0.10943225881794628,0.15633179831135186,0.19735628242460934,0.21928475824956592,0.10943225881794628,0.13679032352243284,0.19735628242460934,0.19735628242460934,13,13,13,13,8.326672684688674e-17,5.551115123125783e-17
Candidate_020,Delivery Driver,0.2297733626136418,0.0,0.3705312074675783,0.0,0.0804206769147746,0.1545269184082903,14,0.08042067691477463,0.1148866813068209,0.1545269184082903,0.17169657600921145,0.08042067691477463,0.10052584614346828,0.1545269184082903,0.1545269184082903,14,14,14,14,2.7755575615628914e-17,0.0
Candidate_020,Licensed Practical Nurse (L.P.N.),0.0759590970379233,0.1432691728361359,0.3039192124973743,0.0,0.0767298944559207,0.1375137369553956,15,0.07672989445592071,0.1096141349370296,0.13751373695539557,0.15279304106155062,0.07672989445592071,0.09591236806990089,0.13751373695539557,0.13751373695539557,15,15,15,15,1.3877787807814457e-17,2.7755575615628914e-17
Candidate_021,Software Developer,0.9586203053787364,1.0,0.2290858604605659,1.0,0.6855171068825577,0.8313342789746709,1,0.6855171068825577,0.9793101526893683,0.731334278974671,0.8125936433051899,0.7855171068825577,0.9818963836031971,0.8313342789746709,0.8313342789746709,1,1,1,1,0.0,0.0
Candidate_021,Office Manager,0.943487840364431,0.4338235813372304,0.5286438829565303,1.0,0.4820589975955814,0.6877877741868875,2,0.48205899759558146,0.6886557108508307,0.5877877741868875,0.6530975268743194,0.5820589975955814,0.7275737469944767,0.6877877741868875,0.6877877741868875,3,2,3,2,5.551115123125783e-17,0.0
Candidate_021,Bookkeeper,1.0,0.4719471514360097,0.2992257912289334,1.0,0.5151815030026033,0.6750266612483901,3,0.5151815030026033,0.7359735757180048,0.5750266612483901,0.6389185124982112,0.6151815030026033,0.7689768787532542,0.6750266612483901,0.6750266612483901,2,3,2,3,0.0,0.0
Candidate_021,Office Administrator,0.8282958131801998,0.479250732264786,0.5286438829565303,1.0,0.457641290905745,0.6633700674970511,4,0.457641290905745,0.653773272722493,0.5633700674970511,0.6259667416633901,0.557641290905745,0.6970516136321812,0.6633700674970511,0.6633700674970511,5,4,4,4,0.0,0.0
Candidate_021,Secondary School Teacher,0.6708668478882523,0.4881597772809364,0.3635561348837076,1.0,0.405659318809216,0.5783705457859576,5,0.405659318809216,0.5795133125845944,0.47837054578595756,0.5315228286510639,0.505659318809216,0.63207414851152,0.5783705457859576,0.5783705457859576,6,6,5,5,0.0,0.0
Candidate_021,Information Technology (IT) Analyst,0.5728400986875511,0.7390911866129669,0.266375870790639,0.0,0.4591759498551813,0.5124511240133091,6,0.4591759498551813,0.655965642650259,0.5124511240133091,0.5693901377925656,0.4591759498551813,0.5739699373189766,0.5124511240133091,0.5124511240133091,4,5,6,6,0.0,0.0
Candidate_021,"Driver, Truck",0.4741806771485753,0.212648039354352,0.8880268984746598,0.0,0.2403900507760245,0.4179954304709565,7,0.24039005077602454,0.34341435825146366,0.4179954304709565,0.46443936718995166,0.24039005077602454,0.30048756347003064,0.4179954304709565,0.4179954304709565,10,7,10,7,5.551115123125783e-17,0.0
Candidate_021,Food Service Supervisor,0.3135560242787161,0.4826256976364347,0.6833380235893983,0.0,0.2786636026703027,0.4153312073881824,8,0.27866360267030277,0.3980908609575754,0.4153312073881824,0.4614791193202027,0.27866360267030277,0.34832950333787843,0.4153312073881824,0.4153312073881824,7,8,7,8,5.551115123125783e-17,0.0
Candidate_021,Inside Sales Representative,0.4220752106131171,0.2666725044736904,0.8643994601889338,0.0,0.2410617002803826,0.4139415923181693,9,0.2410617002803826,0.3443738575434037,0.41394159231816935,0.4599351025757437,0.2410617002803826,0.30132712535047823,0.41394159231816935,0.41394159231816935,9,9,9,9,0.0,5.551115123125783e-17
Candidate_021,Retail Sales Associate,0.4220752106131171,0.2524624213030994,0.8643994601889338,0.0,0.2360881711706757,0.4089680632084625,10,0.23608817117067576,0.33726881595810826,0.4089680632084625,0.4544089591205139,0.23608817117067576,0.2951102139633447,0.4089680632084625,0.4089680632084625,11,10,11,10,5.551115123125783e-17,0.0
Candidate_021,Administrative Assistant,0.2312718375937851,0.5306744140015363,0.4384514673595585,0.0,0.2666811880583625,0.3543714815302742,11,0.2666811880583625,0.38097312579766074,0.3543714815302742,0.3937460905891935,0.2666811880583625,0.3333514850729531,0.3543714815302742,0.3543714815302742,8,11,8,11,0.0,0.0
Candidate_021,Restaurant Manager,0.2849531629420014,0.2852922168782972,0.5865008675534992,0.0,0.1995858829371045,0.3168860564478044,12,0.1995858829371045,0.2851226899101493,0.3168860564478043,0.35209561827533814,0.1995858829371045,0.2494823536713806,0.3168860564478043,0.3168860564478043,12,12,12,12,0.0,5.551115123125783e-17
Candidate_021,Continuing Care Assistant,0.0,0.3298166599040918,0.4396201180333152,0.0,0.1154358309664321,0.2033598545730952,13,0.11543583096643213,0.1649083299520459,0.2033598545730952,0.22595539397010575,0.11543583096643213,0.14429478870804016,0.2033598545730952,0.2033598545730952,13,13,13,13,2.7755575615628914e-17,0.0
Candidate_021,Licensed Practical Nurse (L.P.N.),0.0759590970379233,0.2031498331685229,0.3039192124973743,0.0,0.0976881255722561,0.158471968071731,14,0.09768812557225616,0.13955446510322309,0.15847196807173103,0.1760799645241456,0.09768812557225616,0.1221101569653202,0.15847196807173103,0.15847196807173103,14,14,14,14,5.551115123125783e-17,2.7755575615628914e-17
Candidate_021,Delivery Driver,0.2297733626136418,0.0,0.3705312074675783,0.0,0.0804206769147746,0.1545269184082903,15,0.08042067691477463,0.1148866813068209,0.1545269184082903,0.17169657600921145,0.08042067691477463,0.10052584614346828,0.1545269184082903,0.1545269184082903,15,15,15,15,2.7755575615628914e-17,0.0
Candidate_022,Food Service Supervisor,0.9265716945519205,0.4774474333835969,0.6833380235893983,1.0,0.491406694777431,0.7280742994953107,1,0.49140669477743104,0.7020095639677587,0.6280742994953107,0.6978603327725674,0.591406694777431,0.7392583684717887,0.7280742994953107,0.7280742994953107,3,1,3,1,5.551115123125783e-17,0.0
Candidate_022,Office Manager,1.0,0.4740415180631537,0.5286438829565303,1.0,0.5159145313221037,0.7216433079134098,2,0.5159145313221037,0.7370207590315768,0.6216433079134098,0.6907147865704554,0.6159145313221037,0.7698931641526296,0.7216433079134098,0.7216433079134098,2,2,2,2,0.0,0.0
Candidate_022,Administrative Assistant,0.8979819621785708,0.5811353737260412,0.4384514673595585,1.0,0.5176910675666142,0.7053813610385259,3,0.5176910675666142,0.7395586679523061,0.6053813610385259,0.6726459567094732,0.6176910675666142,0.7721138344582676,0.7053813610385259,0.7053813610385259,1,3,1,3,0.0,0.0
Candidate_022,Office Administrator,0.8563712482249044,0.5315862878199157,0.5286438829565303,0.0,0.485785137615687,0.5915139142069931,4,0.485785137615687,0.69397876802241,0.5915139142069931,0.6572376824522145,0.485785137615687,0.6072314220196087,0.5915139142069931,0.5915139142069931,4,4,4,4,0.0,0.0
Candidate_022,Retail Sales Associate,0.8761166616607415,0.2727660581856733,0.8643994601889338,0.0,0.4021089519462452,0.5749888439840319,5,0.4021089519462452,0.5744413599232074,0.5749888439840319,0.638876493315591,0.4021089519462452,0.5026361899328065,0.5749888439840319,0.5749888439840319,7,5,7,5,0.0,0.0
Candidate_022,Inside Sales Representative,0.8761166616607415,0.2696907159901668,0.8643994601889338,0.0,0.4010325821778179,0.5739124742156048,6,0.4010325821778179,0.5729036888254542,0.5739124742156047,0.6376805269062273,0.4010325821778179,0.5012907277222723,0.5739124742156047,0.5739124742156047,8,6,8,6,0.0,1.1102230246251565e-16
Candidate_022,"Driver, Truck",0.7716210064215288,0.1782223160018321,0.8880268984746598,0.0,0.3324451628481762,0.5100505425431082,7,0.33244516284817627,0.4749216612116804,0.5100505425431082,0.5667228250478981,0.33244516284817627,0.4155564535602203,0.5100505425431082,0.5100505425431082,10,7,10,7,5.551115123125783e-17,0.0
Candidate_022,Bookkeeper,0.7704377396812818,0.4476246596915222,0.2992257912289334,0.0,0.4263218397804814,0.4861669980262681,8,0.4263218397804814,0.609031199686402,0.48616699802626806,0.54018555336252,0.4263218397804814,0.5329022997256017,0.48616699802626806,0.48616699802626806,5,8,5,8,0.0,5.551115123125783e-17
Candidate_022,Software Developer,0.1700462184978771,1.0,0.2290858604605659,0.0,0.409516176474257,0.4553333485663701,9,0.409516176474257,0.5850231092489385,0.45533334856637014,0.5059259428515224,0.409516176474257,0.5118952205928212,0.45533334856637014,0.45533334856637014,6,9,6,9,0.0,5.551115123125783e-17
Candidate_022,Information Technology (IT) Analyst,0.2278461125022295,0.8868770875255392,0.266375870790639,0.0,0.390153120009719,0.4434282941678468,10,0.390153120009719,0.5573616000138844,0.44342829416784685,0.49269810463094094,0.390153120009719,0.4876914000121488,0.44342829416784685,0.44342829416784685,9,10,9,10,0.0,5.551115123125783e-17
Candidate_022,Restaurant Manager,0.5636034360913517,0.2957286246819928,0.5865008675534992,0.0,0.3007662212706705,0.4180663947813703,11,0.30076622127067054,0.4296660303866722,0.41806639478137037,0.46451821642374486,0.30076622127067054,0.3759577765883382,0.41806639478137037,0.41806639478137037,12,11,12,11,5.551115123125783e-17,5.551115123125783e-17
Candidate_022,Secondary School Teacher,0.4312266926487954,0.5036582625268687,0.3635561348837076,0.0,0.3272097343114824,0.3999209612882239,12,0.3272097343114824,0.4674424775878321,0.39992096128822396,0.4443566236535822,0.3272097343114824,0.409012167889353,0.39992096128822396,0.39992096128822396,11,12,11,12,0.0,5.551115123125783e-17
Candidate_022,Continuing Care Assistant,0.3891375476094844,0.4380296332130781,0.4396201180333152,0.0,0.2895085132878968,0.3774325368945599,13,0.28950851328789684,0.41358359041128123,0.3774325368945599,0.4193694854383999,0.28950851328789684,0.361885641609871,0.3774325368945599,0.3774325368945599,13,13,13,13,5.551115123125783e-17,0.0
Candidate_022,Delivery Driver,0.6884721348952146,0.0,0.3705312074675783,0.0,0.2409652472133251,0.3150714887068407,14,0.2409652472133251,0.3442360674476073,0.31507148870684076,0.3500794318964897,0.2409652472133251,0.3012065590166564,0.31507148870684076,0.31507148870684076,14,14,14,14,0.0,5.551115123125783e-17
Candidate_022,Licensed Practical Nurse (L.P.N.),0.0,0.2885574008409286,0.3039192124973743,0.0,0.100995090294325,0.1617789327937998,15,0.10099509029432502,0.1442787004204643,0.16177893279379987,0.17975436977088874,0.10099509029432502,0.12624386286790626,0.16177893279379987,0.16177893279379987,15,15,15,15,1.3877787807814457e-17,8.326672684688674e-17
Candidate_023,Software Developer,0.8189766486101043,1.0,0.2290858604605659,1.0,0.6366418270135366,0.7824589991056498,1,0.6366418270135366,0.9094883243050523,0.6824589991056498,0.7582877767840552,0.7366418270135365,0.9208022837669206,0.7824589991056498,0.7824589991056498,1,1,1,1,0.0,0.0
Candidate_023,Office Manager,1.0,0.2120474222250395,0.5286438829565303,1.0,0.4242165977787638,0.6299453743700698,2,0.4242165977787638,0.6060237111125197,0.5299453743700698,0.588828193744522,0.5242165977787638,0.6552707472234548,0.6299453743700698,0.6299453743700698,3,2,3,2,0.0,0.0
Candidate_023,Secondary School Teacher,0.7822669230071398,0.4258733999561518,0.3635561348837076,1.0,0.4228491130371521,0.5955603400138937,3,0.42284911303715206,0.6040701614816458,0.4955603400138936,0.5506226000154373,0.5228491130371521,0.6535613912964401,0.5955603400138936,0.5955603400138936,4,3,4,3,5.551115123125783e-17,1.1102230246251565e-16
Candidate_023,Office Administrator,0.8197929865595287,0.2799686602773255,0.5286438829565303,1.0,0.3849165763928989,0.5906453529842051,4,0.38491657639289895,0.5498808234184271,0.49064535298420503,0.5451615033157834,0.484916576392899,0.6061457204911237,0.5906453529842051,0.5906453529842051,5,4,5,4,5.551115123125783e-17,0.0
Candidate_023,Information Technology (IT) Analyst,0.6155276558846338,0.6179584040078668,0.266375870790639,1.0,0.4317201209623752,0.5849952951205031,5,0.4317201209623752,0.6167430299462503,0.48499529512050304,0.5388836612450034,0.5317201209623752,0.664650151202969,0.5849952951205031,0.5849952951205031,2,5,2,5,0.0,0.0
Candidate_023,"Driver, Truck",0.5325467782620326,0.1747732594078722,0.8880268984746598,0.0,0.2475620131844666,0.4251673928793986,6,0.24756201318446663,0.35366001883495235,0.4251673928793986,0.4724082143104429,0.24756201318446663,0.30945251648058325,0.4251673928793986,0.4251673928793986,7,6,7,6,2.7755575615628914e-17,0.0
Candidate_023,Administrative Assistant,0.5458349538247957,0.4043579253119739,0.4384514673595585,0.0,0.3325675076978693,0.420257801169781,7,0.33256750769786936,0.4750964395683848,0.42025780116978106,0.46695311241086784,0.33256750769786936,0.4157093846223367,0.42025780116978106,0.42025780116978106,6,7,6,7,5.551115123125783e-17,5.551115123125783e-17
Candidate_023,Inside Sales Representative,0.2349803824001659,0.2951893404567072,0.8643994601889338,0.0,0.1855594029999056,0.3584392950376923,8,0.1855594029999056,0.26508486142843657,0.35843929503769234,0.3982658833752137,0.1855594029999056,0.23194925374988198,0.35843929503769234,0.35843929503769234,8,8,8,8,0.0,5.551115123125783e-17
Candidate_023,Retail Sales Associate,0.2349803824001659,0.279953519339419,0.8643994601889338,0.0,0.1802268656088547,0.3531067576466414,9,0.1802268656088547,0.25746695086979243,0.35310675764664146,0.3923408418296016,0.1802268656088547,0.22528358201106838,0.35310675764664146,0.35310675764664146,9,9,9,9,0.0,5.551115123125783e-17
Candidate_023,Food Service Supervisor,0.0,0.3912674741564378,0.6833380235893983,0.0,0.1369436159547532,0.2736112206726329,10,0.1369436159547532,0.19563373707821888,0.2736112206726329,0.30401246741403654,0.1369436159547532,0.1711795199434415,0.2736112206726329,0.2736112206726329,12,10,12,10,0.0,0.0
Candidate_023,Continuing Care Assistant,0.1621720488441621,0.2903319256971594,0.4396201180333152,0.0,0.1583763910894625,0.2463004146961255,11,0.1583763910894625,0.22625198727066073,0.24630041469612554,0.2736671274401395,0.1583763910894625,0.1979704888618281,0.24630041469612554,0.24630041469612554,11,11,11,11,0.0,2.7755575615628914e-17
Candidate_023,Bookkeeper,0.1948654268762536,0.294097376014897,0.2992257912289334,0.0,0.1711369810119027,0.2309821392576894,12,0.17113698101190272,0.24448140144557534,0.2309821392576894,0.25664682139743267,0.17113698101190272,0.2139212262648784,0.2309821392576894,0.2309821392576894,10,12,10,12,2.7755575615628914e-17,0.0
Candidate_023,Restaurant Manager,0.1592465966027531,0.117535870900692,0.5865008675534992,0.0,0.0968738636262057,0.2141740371369056,13,0.09687386362620577,0.13839123375172255,0.2141740371369056,0.23797115237433955,0.09687386362620577,0.12109232953275721,0.2141740371369056,0.2141740371369056,13,13,13,13,6.938893903907228e-17,0.0
Candidate_023,Delivery Driver,0.114197589773341,0.0,0.3705312074675783,0.0,0.0399691564206693,0.114075397914185,14,0.03996915642066935,0.05709879488667051,0.11407539791418501,0.12675044212687223,0.03996915642066935,0.04996144552583669,0.11407539791418501,0.11407539791418501,14,14,14,14,5.551115123125783e-17,1.3877787807814457e-17
Candidate_023,Licensed Practical Nurse (L.P.N.),0.0408171563248927,0.0702034820927118,0.3039192124973743,0.0,0.0388572234461615,0.0996410659456364,15,0.038857223446161576,0.055510319208802256,0.09964106594563643,0.11071229549515159,0.038857223446161576,0.04857152930770197,0.09964106594563643,0.09964106594563643,15,15,15,15,7.632783294297951e-17,2.7755575615628914e-17
Candidate_024,Software Developer,0.6107545962375409,1.0,0.2290858604605659,1.0,0.5637641086831393,0.7095812807752525,1,0.5637641086831393,0.8053772981187705,0.6095812807752525,0.677312534194725,0.6637641086831393,0.829705135853924,0.7095812807752525,0.7095812807752525,1,1,1,1,0.0,0.0
Candidate_024,Office Manager,1.0,0.3987939695481697,0.5286438829565303,1.0,0.4895778893418594,0.6953066659331655,2,0.48957788934185936,0.6993969847740849,0.5953066659331654,0.6614518510368504,0.5895778893418594,0.7369723616773242,0.6953066659331654,0.6953066659331654,2,2,2,2,5.551115123125783e-17,1.1102230246251565e-16
Candidate_024,Bookkeeper,0.8651912881078708,0.4472821197993387,0.2992257912289334,1.0,0.4593656927675233,0.61921085101331,3,0.4593656927675233,0.6562367039536048,0.51921085101331,0.5769009455703444,0.5593656927675233,0.6992071159594041,0.61921085101331,0.61921085101331,3,3,3,3,0.0,0.0
Candidate_024,Office Administrator,0.6965201981839471,0.4768157646295546,0.5286438829565303,1.0,0.4106675869847256,0.6163963635760317,4,0.41066758698472555,0.5866679814067508,0.5163963635760316,0.5737737373067018,0.5106675869847256,0.638334483730907,0.6163963635760316,0.6163963635760316,4,4,4,4,5.551115123125783e-17,1.1102230246251565e-16
Candidate_024,"Driver, Truck",0.7084372515340016,0.1595209686931082,0.8880268984746598,1.0,0.3037853770794884,0.5813907567744204,5,0.30378537707948844,0.43397911011355494,0.4813907567744204,0.5348786186382448,0.40378537707948847,0.5047317213493605,0.5813907567744204,0.5813907567744204,8,6,5,5,5.551115123125783e-17,0.0
Candidate_024,Food Service Supervisor,0.5805913431169348,0.432167901898168,0.6833380235893983,0.0,0.3544657357552859,0.4911333404731656,6,0.35446573575528595,0.5063796225075514,0.4911333404731656,0.5457037116368506,0.35446573575528595,0.4430821696941074,0.4911333404731656,0.4911333404731656,5,5,6,6,5.551115123125783e-17,0.0
Candidate_024,Secondary School Teacher,0.5736776339520058,0.3819792576970514,0.3635561348837076,0.0,0.33447991207717,0.4071911390539115,7,0.33447991207717,0.4778284458245286,0.4071911390539115,0.45243459894879057,0.33447991207717,0.4180998900964625,0.4071911390539115,0.4071911390539115,7,7,8,7,0.0,0.0
Candidate_024,Information Technology (IT) Analyst,0.3355065557127186,0.6548910973460569,0.266375870790639,0.0,0.3466391785705714,0.3999143527286992,8,0.34663917857057136,0.4951988265293877,0.3999143527286992,0.44434928080966574,0.34663917857057136,0.4332989732132142,0.3999143527286992,0.3999143527286992,6,8,7,8,5.551115123125783e-17,0.0
Candidate_024,Restaurant Manager,0.407045245201408,0.2288778836928044,0.5865008675534992,0.0,0.2225730951129743,0.3398732686236742,9,0.22257309511297435,0.3179615644471062,0.3398732686236742,0.37763696513741574,0.22257309511297435,0.2782163688912179,0.3398732686236742,0.3398732686236742,9,9,9,9,5.551115123125783e-17,0.0
Candidate_024,Inside Sales Representative,0.2315968974451504,0.1631477048146211,0.8643994601889338,0.0,0.13816061079092,0.3110405028287067,10,0.13816061079092,0.19737230112988574,0.31104050282870677,0.34560055869856304,0.13816061079092,0.17270076348865002,0.31104050282870677,0.31104050282870677,12,10,12,10,0.0,5.551115123125783e-17
Candidate_024,Retail Sales Associate,0.2315968974451504,0.1448614569255275,0.8643994601889338,0.0,0.1317604240297372,0.304640316067524,11,0.13176042402973726,0.18822917718533894,0.304640316067524,0.3384892400750267,0.13176042402973726,0.16470053003717156,0.304640316067524,0.304640316067524,13,11,13,11,5.551115123125783e-17,0.0
Candidate_024,Administrative Assistant,0.0586866520966104,0.5141979582945674,0.4384514673595585,0.0,0.2005096136369122,0.2881999071088239,12,0.2005096136369122,0.2864423051955889,0.2881999071088239,0.32022211900980435,0.2005096136369122,0.2506370170461402,0.2881999071088239,0.2881999071088239,10,12,10,12,0.0,0.0
Candidate_024,Delivery Driver,0.4125290559952861,0.0,0.3705312074675783,0.0,0.1443851695983501,0.2184914110918658,13,0.14438516959835013,0.20626452799764305,0.2184914110918658,0.24276823454651753,0.14438516959835013,0.18048146199793766,0.2184914110918658,0.2184914110918658,11,13,11,13,2.7755575615628914e-17,0.0
Candidate_024,Continuing Care Assistant,0.0,0.2587889881087392,0.4396201180333152,0.0,0.0905761458380587,0.1785001694447217,14,0.0905761458380587,0.1293944940543696,0.17850016944472175,0.19833352160524637,0.0905761458380587,0.11322018229757337,0.17850016944472175,0.17850016944472175,14,14,14,14,0.0,5.551115123125783e-17
Candidate_024,Licensed Practical Nurse (L.P.N.),0.0735882710310213,0.0645000115548852,0.3039192124973743,0.0,0.0483308989050673,0.1091147414045421,15,0.04833089890506727,0.06904414129295325,0.10911474140454214,0.12123860156060237,0.04833089890506727,0.06041362363133408,0.10911474140454214,0.10911474140454214,15,15,15,15,3.469446951953614e-17,4.163336342344337e-17
Candidate_025,Software Developer,1.0,1.0,0.2290858604605659,1.0,0.7,0.8458171720921132,1,0.7,1.0,0.7458171720921132,0.8286857467690146,0.7999999999999999,0.9999999999999999,0.8458171720921132,0.8458171720921132,1,1,1,1,0.0,0.0
Candidate_025,Information Technology (IT) Analyst,0.6967755018332572,0.989530670154444,0.266375870790639,1.0,0.5902071601956953,0.743482334353823,2,0.5902071601956953,0.8431530859938505,0.6434823343538231,0.7149803715042479,0.6902071601956953,0.862758950244619,0.743482334353823,0.743482334353823,2,2,2,2,0.0,0.0
Candidate_025,Secondary School Teacher,0.622928673032444,0.3905645202253784,0.3635561348837076,1.0,0.3547226176402378,0.5274338446169794,3,0.3547226176402378,0.5067465966289112,0.42743384461697936,0.47492649401886594,0.4547226176402378,0.5684032720502972,0.5274338446169794,0.5274338446169794,3,3,3,3,0.0,0.0
Candidate_025,Bookkeeper,0.6127816609934615,0.3272250371729061,0.2992257912289334,1.0,0.3290023443582286,0.4888475026040153,4,0.3290023443582286,0.47000334908318375,0.3888475026040153,0.43205278067112807,0.4290023443582286,0.5362529304477857,0.4888475026040153,0.4888475026040153,4,5,4,4,0.0,0.0
Candidate_025,Licensed Practical Nurse (L.P.N.),0.515402242745367,0.1827536834118589,0.3039192124973743,1.0,0.244354574155029,0.4051384166545039,5,0.24435457415502904,0.34907796307861294,0.3051384166545039,0.339042685171671,0.344354574155029,0.43044321769378624,0.4051384166545039,0.4051384166545039,7,10,5,5,2.7755575615628914e-17,0.0
Candidate_025,Office Administrator,0.4361596511409003,0.3892191168733411,0.5286438829565303,0.0,0.2888825688049845,0.3946113453962905,6,0.2888825688049845,0.4126893840071207,0.39461134539629056,0.43845705044032285,0.2888825688049845,0.36110321100623055,0.39461134539629056,0.39461134539629056,5,4,6,6,0.0,5.551115123125783e-17
Candidate_025,Office Manager,0.415371643129516,0.3042054819657284,0.5286438829565303,0.0,0.2518519937833355,0.3575807703746416,7,0.25185199378333556,0.35978856254762226,0.35758077037464164,0.39731196708293515,0.25185199378333556,0.3148149922291694,0.35758077037464164,0.35758077037464164,6,6,7,7,5.551115123125783e-17,5.551115123125783e-17
Candidate_025,Inside Sales Representative,0.1453206504113498,0.3652878812671233,0.8643994601889338,0.0,0.1787129860874655,0.3515928781252523,8,0.17871298608746558,0.25530426583923654,0.3515928781252523,0.39065875347250256,0.17871298608746558,0.22339123260933197,0.3515928781252523,0.3515928781252523,8,7,8,8,8.326672684688674e-17,0.0
Candidate_025,Retail Sales Associate,0.1453206504113498,0.3377247313738578,0.8643994601889338,0.0,0.1690658836248226,0.3419457756626094,9,0.16906588362482264,0.24152269089260378,0.3419457756626094,0.37993975073623265,0.16906588362482264,0.21133235453102828,0.3419457756626094,0.3419457756626094,10,8,10,9,2.7755575615628914e-17,0.0
Candidate_025,"Driver, Truck",0.2531815289951885,0.1536612571255489,0.8880268984746598,0.0,0.1423949751422581,0.32000035483719,10,0.14239497514225807,0.2034213930603687,0.32000035483719,0.35555594981910005,0.14239497514225807,0.1779937189278226,0.32000035483719,0.32000035483719,12,9,12,10,2.7755575615628914e-17,0.0
Candidate_025,Continuing Care Assistant,0.1943017329544611,0.2975071426523039,0.4396201180333152,0.0,0.1721331064623678,0.2600571300690308,11,0.17213310646236774,0.2459044378033825,0.26005713006903075,0.2889523667433675,0.17213310646236774,0.21516638307795966,0.26005713006903075,0.26005713006903075,9,11,9,11,5.551115123125783e-17,5.551115123125783e-17
Candidate_025,Administrative Assistant,0.0,0.4435677517800166,0.4384514673595585,0.0,0.1552487131230058,0.2429390065949175,12,0.1552487131230058,0.2217838758900083,0.24293900659491752,0.26993222954990836,0.1552487131230058,0.19406089140375726,0.24293900659491752,0.24293900659491752,11,12,11,12,0.0,2.7755575615628914e-17
Candidate_025,Food Service Supervisor,0.0363615854538611,0.2187311335669889,0.6833380235893983,0.0,0.0892824516572975,0.2259500563751772,13,0.08928245165729749,0.127546359510425,0.22595005637517718,0.2510556181946413,0.08928245165729749,0.11160306457162186,0.22595005637517718,0.22595005637517718,14,13,14,13,1.3877787807814457e-17,2.7755575615628914e-17
Candidate_025,Restaurant Manager,0.2680081625644394,0.0,0.5865008675534992,0.0,0.0938028568975538,0.2111030304082536,14,0.09380285689755377,0.1340040812822197,0.21110303040825362,0.23455892267583736,0.09380285689755377,0.11725357112194221,0.21110303040825362,0.21110303040825362,13,14,13,14,2.7755575615628914e-17,2.7755575615628914e-17
Candidate_025,Delivery Driver,0.1439520461002038,0.0966593023733117,0.3705312074675783,0.0,0.0842139719657304,0.1583202134592461,15,0.08421397196573041,0.12030567423675774,0.15832021345924607,0.1759113482880512,0.08421397196573041,0.105267464957163,0.15832021345924607,0.15832021345924607,15,15,15,15,1.3877787807814457e-17,2.7755575615628914e-17
Candidate_026,Software Developer,1.0,1.0,0.2290858604605659,1.0,0.7,0.8458171720921132,1,0.7,1.0,0.7458171720921132,0.8286857467690146,0.7999999999999999,0.9999999999999999,0.8458171720921132,0.8458171720921132,1,1,1,1,0.0,0.0
Candidate_026,Information Technology (IT) Analyst,0.7879140928450536,0.7437634631363456,0.266375870790639,1.0,0.5360871445934896,0.6893623187516174,2,0.5360871445934896,0.7658387779906994,0.5893623187516174,0.6548470208351304,0.6360871445934896,0.795108930741862,0.6893623187516174,0.6893623187516174,2,3,2,2,0.0,0.0
Candidate_026,Secondary School Teacher,0.8707488019174493,0.4560331557925736,0.3635561348837076,1.0,0.4643736851985079,0.6370849121752494,3,0.46437368519850797,0.6633909788550114,0.5370849121752495,0.5967610135280549,0.564373685198508,0.7054671064981349,0.6370849121752494,0.6370849121752494,3,4,3,3,5.551115123125783e-17,0.0
Candidate_026,Restaurant Manager,0.8132834070757929,0.2845321232939268,0.5865008675534992,1.0,0.3842354356294019,0.6015356091401017,4,0.3842354356294019,0.5489077651848598,0.5015356091401018,0.5572617879334464,0.48423543562940186,0.6052942945367523,0.6015356091401017,0.6015356091401017,7,7,4,4,0.0,0.0
Candidate_026,Food Service Supervisor,0.6374990639091375,0.667601595861986,0.6833380235893983,0.0,0.4567852309198932,0.5934528356377728,5,0.4567852309198932,0.6525503298855617,0.5934528356377728,0.6593920395975253,0.4567852309198932,0.5709815386498664,0.5934528356377728,0.5934528356377728,4,2,6,5,0.0,0.0
Candidate_026,Licensed Practical Nurse (L.P.N.),0.916136244853098,0.1770872177335819,0.3039192124973743,1.0,0.3826282119053379,0.5434120544048129,6,0.3826282119053379,0.54661173129334,0.4434120544048128,0.49268006044979196,0.4826282119053379,0.6032852648816723,0.5434120544048128,0.5434120544048128,8,10,5,6,0.0,1.1102230246251565e-16
Candidate_026,Office Manager,0.695961501905325,0.5149751287003437,0.5286438829565303,0.0,0.423827820711984,0.5295565973032901,7,0.423827820711984,0.6054683153028343,0.5295565973032901,0.5883962192258778,0.423827820711984,0.52978477588998,0.5295565973032901,0.5295565973032901,6,5,8,7,0.0,0.0
Candidate_026,Bookkeeper,0.7214510237468887,0.5757524319965427,0.2992257912289334,0.0,0.454021209510201,0.5138663677559876,8,0.454021209510201,0.6486017278717158,0.5138663677559876,0.5709626308399862,0.454021209510201,0.5675265118877512,0.5138663677559876,0.5138663677559876,5,6,7,8,0.0,0.0
Candidate_026,"Driver, Truck",0.6512281988475308,0.1962217455130304,0.8880268984746598,0.0,0.2966074805261964,0.4742128602211284,9,0.2966074805261964,0.4237249721802806,0.47421286022112835,0.526903178023476,0.2966074805261964,0.37075935065774546,0.47421286022112835,0.47421286022112835,11,8,11,9,0.0,5.551115123125783e-17
Candidate_026,Office Administrator,0.5557141977841297,0.4918645343954592,0.5286438829565303,0.0,0.3666525562628561,0.4723813328541622,10,0.3666525562628561,0.5237893660897944,0.4723813328541622,0.5248681476157357,0.3666525562628561,0.4583156953285701,0.4723813328541622,0.4723813328541622,9,9,9,10,0.0,0.0
Candidate_026,Continuing Care Assistant,0.5402164195578063,0.3436340388183849,0.4396201180333152,0.0,0.3093476604316669,0.39727168403833,11,0.3093476604316669,0.44192522918809557,0.3972716840383299,0.441412982264811,0.3093476604316669,0.3866845755395836,0.3972716840383299,0.3972716840383299,10,11,10,11,0.0,1.1102230246251565e-16
Candidate_026,Inside Sales Representative,0.3812718894566849,0.231082553111864,0.8643994601889338,0.0,0.2143240548989921,0.3872039469367789,12,0.2143240548989921,0.30617722128427444,0.38720394693677884,0.430226607707532,0.2143240548989921,0.2679050686237401,0.38720394693677884,0.38720394693677884,12,12,12,12,0.0,5.551115123125783e-17
Candidate_026,Retail Sales Associate,0.3812718894566849,0.1864362869254707,0.8643994601889338,0.0,0.1986978617337544,0.3715777537715412,13,0.19869786173375442,0.28385408819107777,0.3715777537715412,0.41286417085726795,0.19869786173375442,0.248372327167193,0.3715777537715412,0.3715777537715412,13,13,13,13,2.7755575615628914e-17,0.0
Candidate_026,Delivery Driver,0.556300847828322,0.0,0.3705312074675783,0.0,0.1947052967399127,0.2688115382334283,14,0.1947052967399127,0.278150423914161,0.26881153823342835,0.29867948692603147,0.1947052967399127,0.24338162092489085,0.26881153823342835,0.26881153823342835,14,14,14,14,0.0,5.551115123125783e-17
Candidate_026,Administrative Assistant,0.0,0.489619545967909,0.4384514673595585,0.0,0.1713668410887681,0.2590571345606798,15,0.17136684108876815,0.2448097729839545,0.25905713456067986,0.2878412606229776,0.17136684108876815,0.21420855136096018,0.25905713456067986,0.25905713456067986,15,15,15,15,5.551115123125783e-17,5.551115123125783e-17
Candidate_027,Software Developer,0.8189766486101043,1.0,0.2290858604605659,1.0,0.6366418270135366,0.7824589991056498,1,0.6366418270135366,0.9094883243050523,0.6824589991056498,0.7582877767840552,0.7366418270135365,0.9208022837669206,0.7824589991056498,0.7824589991056498,1,1,1,1,0.0,0.0
Candidate_027,Office Manager,1.0,0.3949093505140931,0.5286438829565303,1.0,0.4882182726799325,0.6939470492712386,2,0.48821827267993256,0.6974546752570465,0.5939470492712386,0.6599411658569319,0.5882182726799325,0.7352728408499156,0.6939470492712386,0.6939470492712386,2,2,2,2,5.551115123125783e-17,0.0
Candidate_027,Office Administrator,0.8197929865595287,0.4335798581705673,0.5286438829565303,1.0,0.4386804956555336,0.6444092722468396,3,0.4386804956555336,0.626686422365048,0.5444092722468397,0.6048991913853774,0.5386804956555336,0.6733506195694169,0.6444092722468396,0.6444092722468396,5,3,5,3,0.0,0.0
Candidate_027,Information Technology (IT) Analyst,0.6155276558846338,0.7787188115199589,0.266375870790639,1.0,0.4879862635916074,0.6412614377497352,4,0.4879862635916074,0.6971232337022963,0.5412614377497352,0.6014015974997058,0.5879862635916074,0.7349828294895092,0.6412614377497352,0.6412614377497352,3,4,3,4,0.0,0.0
Candidate_027,Secondary School Teacher,0.7822669230071398,0.4902985499881193,0.3635561348837076,1.0,0.4453979155483407,0.6181091425250822,5,0.44539791554834063,0.6362827364976296,0.5181091425250821,0.575676825027869,0.5453979155483406,0.6817473944354258,0.6181091425250821,0.6181091425250821,4,5,4,5,5.551115123125783e-17,1.1102230246251565e-16
Candidate_027,Administrative Assistant,0.5458349538247957,0.5073880397225627,0.4384514673595585,0.0,0.3686280477415754,0.4563183412134871,6,0.3686280477415754,0.5266114967736792,0.45631834121348713,0.5070203791260968,0.3686280477415754,0.46078505967696926,0.45631834121348713,0.45631834121348713,6,6,6,6,0.0,5.551115123125783e-17
Candidate_027,"Driver, Truck",0.5325467782620326,0.1670497263151406,0.8880268984746598,0.0,0.2448587766020105,0.4224641562969425,7,0.24485877660201058,0.3497982522885866,0.42246415629694256,0.46940461810771394,0.24485877660201058,0.30607347075251323,0.42246415629694256,0.42246415629694256,7,7,7,7,8.326672684688674e-17,5.551115123125783e-17
Candidate_027,Retail Sales Associate,0.2349803824001659,0.3078453817628724,0.8643994601889338,0.0,0.1899890174570634,0.3628689094948502,8,0.1899890174570634,0.27141288208151915,0.3628689094948502,0.4031876772165002,0.1899890174570634,0.23748627182132923,0.3628689094948502,0.3628689094948502,9,8,9,8,0.0,0.0
Candidate_027,Inside Sales Representative,0.2349803824001659,0.3044637887675419,0.8643994601889338,0.0,0.1888054599086977,0.3616853519464844,9,0.1888054599086977,0.2697220855838539,0.36168535194648443,0.4018726132738716,0.1888054599086977,0.23600682488587213,0.36168535194648443,0.36168535194648443,10,9,10,9,0.0,5.551115123125783e-17
Candidate_027,Bookkeeper,0.1948654268762536,0.472917688826067,0.2992257912289334,0.0,0.2337240904958122,0.2935692487415989,10,0.23372409049581222,0.3338915578511603,0.2935692487415989,0.3261880541573321,0.23372409049581222,0.2921551131197653,0.2935692487415989,0.2935692487415989,8,10,8,10,2.7755575615628914e-17,0.0
Candidate_027,Food Service Supervisor,0.0,0.4216295081485442,0.6833380235893983,0.0,0.1475703278519904,0.2842379325698702,11,0.14757032785199048,0.21081475407427214,0.2842379325698702,0.3158199250776335,0.14757032785199048,0.18446290981498809,0.2842379325698702,0.2842379325698702,12,11,12,11,8.326672684688674e-17,0.0
Candidate_027,Continuing Care Assistant,0.1621720488441621,0.3655654164694026,0.4396201180333152,0.0,0.1847081128597476,0.2726321364664107,12,0.18470811285974764,0.26386873265678235,0.2726321364664107,0.3029245960737897,0.18470811285974764,0.23088514107468455,0.2726321364664107,0.2726321364664107,11,12,11,12,5.551115123125783e-17,0.0
Candidate_027,Restaurant Manager,0.1592465966027531,0.2095123632158087,0.5865008675534992,0.0,0.1290656359364966,0.2463658094471965,13,0.12906563593649661,0.18437947990928089,0.24636580944719644,0.2737397882746627,0.12906563593649661,0.16133204492062075,0.24636580944719644,0.24636580944719644,13,13,13,13,2.7755575615628914e-17,5.551115123125783e-17
Candidate_027,Licensed Practical Nurse (L.P.N.),0.0408171563248927,0.2197463814213263,0.3039192124973743,0.0,0.0911972382111766,0.1519810807106515,14,0.09119723821117665,0.1302817688731095,0.1519810807106515,0.16886786745627944,0.09119723821117665,0.1139965477639708,0.1519810807106515,0.1519810807106515,14,14,14,14,4.163336342344337e-17,0.0
Candidate_027,Delivery Driver,0.114197589773341,0.0,0.3705312074675783,0.0,0.0399691564206693,0.114075397914185,15,0.03996915642066935,0.05709879488667051,0.11407539791418501,0.12675044212687223,0.03996915642066935,0.04996144552583669,0.11407539791418501,0.11407539791418501,15,15,15,15,5.551115123125783e-17,1.3877787807814457e-17
Candidate_028,Software Developer,0.8189766486101043,1.0,0.2290858604605659,1.0,0.6366418270135366,0.7824589991056498,1,0.6366418270135366,0.9094883243050523,0.6824589991056498,0.7582877767840552,0.7366418270135365,0.9208022837669206,0.7824589991056498,0.7824589991056498,1,1,1,1,0.0,0.0
Candidate_028,Office Manager,1.0,0.3111687704956203,0.5286438829565303,1.0,0.4589090696734671,0.6646378462647732,2,0.45890906967346706,0.6555843852478102,0.5646378462647731,0.6273753847386367,0.5589090696734671,0.6986363370918338,0.6646378462647731,0.6646378462647731,3,2,3,2,5.551115123125783e-17,1.1102230246251565e-16
Candidate_028,Office Administrator,0.8197929865595287,0.4263370693009219,0.5286438829565303,1.0,0.4361455195511576,0.6418742961424637,3,0.43614551955115766,0.6230650279302252,0.5418742961424637,0.6020825512694041,0.5361455195511576,0.670181899438947,0.6418742961424637,0.6418742961424637,4,3,4,3,5.551115123125783e-17,0.0
Candidate_028,Information Technology (IT) Analyst,0.6155276558846338,0.7347568166010957,0.266375870790639,1.0,0.4725995653700053,0.6258747395281331,4,0.4725995653700053,0.6751422362428647,0.5258747395281331,0.5843052661423701,0.5725995653700053,0.7157494567125067,0.6258747395281331,0.6258747395281331,2,4,2,4,0.0,0.0
Candidate_028,Secondary School Teacher,0.7822669230071398,0.4483176128263714,0.3635561348837076,1.0,0.4307045875417289,0.6034158145184704,5,0.4307045875417289,0.6152922679167556,0.5034158145184704,0.5593509050205226,0.5307045875417289,0.6633807344271611,0.6034158145184704,0.6034158145184704,5,5,5,5,0.0,0.0
Candidate_028,Administrative Assistant,0.5458349538247957,0.5482543702708914,0.4384514673595585,0.0,0.3829312634334905,0.4706215569054022,6,0.3829312634334905,0.5470446620478436,0.4706215569054022,0.5229128410060024,0.3829312634334905,0.4786640792918631,0.4706215569054022,0.4706215569054022,6,6,6,6,0.0,0.0
Candidate_028,"Driver, Truck",0.5325467782620326,0.1010647207187719,0.8880268984746598,0.0,0.2217640246432815,0.3993694043382135,7,0.22176402464328154,0.31680574949040224,0.3993694043382135,0.443743782598015,0.22176402464328154,0.2772050308041019,0.3993694043382135,0.3993694043382135,7,7,7,7,5.551115123125783e-17,0.0
Candidate_028,Inside Sales Representative,0.2349803824001659,0.2270248133142854,0.8643994601889338,0.0,0.1617018185000579,0.3345817105378447,8,0.16170181850005794,0.23100259785722563,0.3345817105378447,0.37175745615316075,0.16170181850005794,0.20212727312507242,0.3345817105378447,0.3345817105378447,10,8,10,8,2.7755575615628914e-17,0.0
Candidate_028,Retail Sales Associate,0.2349803824001659,0.1819832700156679,0.8643994601889338,0.0,0.1459372783455418,0.3188171703833286,9,0.14593727834554182,0.2084818262079169,0.3188171703833286,0.3542413004259206,0.14593727834554182,0.18242159793192728,0.3188171703833286,0.3188171703833286,11,9,11,9,2.7755575615628914e-17,0.0
Candidate_028,Continuing Care Assistant,0.1621720488441621,0.338284579482072,0.4396201180333152,0.0,0.1751598199141819,0.263083843520845,10,0.17515981991418195,0.2502283141631171,0.263083843520845,0.2923153816898278,0.17515981991418195,0.21894977489272743,0.263083843520845,0.263083843520845,9,10,9,10,5.551115123125783e-17,0.0
Candidate_028,Bookkeeper,0.1948654268762536,0.3415182494580819,0.2992257912289334,0.0,0.1877342867170174,0.2475794449628041,11,0.18773428671701742,0.26819183816716774,0.2475794449628041,0.27508827218089343,0.18773428671701742,0.23466785839627177,0.2475794449628041,0.2475794449628041,8,11,8,11,2.7755575615628914e-17,0.0
Candidate_028,Food Service Supervisor,0.0,0.3153694807350558,0.6833380235893983,0.0,0.1103793182572695,0.2470469229751491,12,0.11037931825726952,0.1576847403675279,0.24704692297514919,0.2744965810834991,0.11037931825726952,0.13797414782158687,0.24704692297514919,0.24704692297514919,12,12,12,12,1.3877787807814457e-17,8.326672684688674e-17
Candidate_028,Restaurant Manager,0.1592465966027531,0.1439128664800936,0.5865008675534992,0.0,0.1061058120789963,0.2234059855896961,13,0.10610581207899633,0.15157973154142335,0.22340598558969615,0.24822887287744017,0.10610581207899633,0.1326322650987454,0.22340598558969615,0.22340598558969615,13,13,13,13,2.7755575615628914e-17,5.551115123125783e-17
Candidate_028,Delivery Driver,0.114197589773341,0.0,0.3705312074675783,0.0,0.0399691564206693,0.114075397914185,14,0.03996915642066935,0.05709879488667051,0.11407539791418501,0.12675044212687223,0.03996915642066935,0.04996144552583669,0.11407539791418501,0.11407539791418501,14,14,14,14,5.551115123125783e-17,1.3877787807814457e-17
Candidate_028,Licensed Practical Nurse (L.P.N.),0.0408171563248927,0.028466473183504,0.3039192124973743,0.0,0.0242492703279388,0.0850331128274137,15,0.024249270327938846,0.034641814754198356,0.08503311282741371,0.09448123647490413,0.024249270327938846,0.030311587909923558,0.08503311282741371,0.08503311282741371,15,15,15,15,4.5102810375396984e-17,1.3877787807814457e-17
Candidate_029,Administrative Assistant,1.0,0.4844576405510844,0.4384514673595585,1.0,0.5195601741928795,0.7072504676647912,1,0.5195601741928795,0.7422288202755422,0.6072504676647912,0.674722741849768,0.6195601741928795,0.7744502177410992,0.7072504676647912,0.7072504676647912,1,1,1,1,0.0,0.0
Candidate_029,Food Service Supervisor,1.0,0.268532022897086,0.6833380235893983,1.0,0.4439862080139801,0.6806538127318598,2,0.4439862080139801,0.634266011448543,0.5806538127318598,0.6451709030353997,0.5439862080139801,0.6799827600174752,0.6806538127318598,0.6806538127318598,2,2,2,2,0.0,0.0
Candidate_029,Software Developer,0.0,1.0,0.2290858604605659,0.0,0.35,0.3958171720921131,3,0.35,0.5,0.39581717209211315,0.4397968578801257,0.35,0.43749999999999994,0.39581717209211315,0.39581717209211315,3,3,3,3,0.0,5.551115123125783e-17
Candidate_029,Bookkeeper,0.0,0.379290829288186,0.2992257912289334,1.0,0.1327517902508651,0.2925969484966517,4,0.1327517902508651,0.18964541464409299,0.19259694849665177,0.21399660944072418,0.2327517902508651,0.29093973781358135,0.29259694849665174,0.29259694849665174,7,11,5,4,0.0,5.551115123125783e-17
Candidate_029,Information Technology (IT) Analyst,0.0,0.677168983524726,0.266375870790639,0.0,0.237009144233654,0.2902843183917818,5,0.23700914423365407,0.338584491762363,0.29028431839178187,0.3225381315464243,0.23700914423365407,0.2962614302920676,0.29028431839178187,0.29028431839178187,4,4,4,5,8.326672684688674e-17,5.551115123125783e-17
Candidate_029,Continuing Care Assistant,0.0,0.2917270740214466,0.4396201180333152,1.0,0.1021044759075063,0.2900284995141693,6,0.1021044759075063,0.1458635370107233,0.19002849951416934,0.21114277723796593,0.2021044759075063,0.25263059488438283,0.2900284995141693,0.2900284995141693,9,12,6,6,0.0,0.0
Candidate_029,Retail Sales Associate,0.0,0.2626411472435137,0.8643994601889338,0.0,0.0919244015352298,0.2648042935730165,7,0.09192440153522978,0.13132057362175684,0.26480429357301655,0.29422699285890724,0.09192440153522978,0.11490550191903721,0.26480429357301655,0.26480429357301655,10,5,11,7,1.3877787807814457e-17,5.551115123125783e-17
Candidate_029,Inside Sales Representative,0.0,0.2509868664207729,0.8643994601889338,0.0,0.0878454032472705,0.2607252952850573,8,0.08784540324727051,0.12549343321038645,0.2607252952850573,0.28969477253895254,0.08784540324727051,0.10980675405908813,0.2607252952850573,0.2607252952850573,11,6,12,8,1.3877787807814457e-17,0.0
Candidate_029,"Driver, Truck",0.0,0.2151317305617237,0.8880268984746598,0.0,0.0752961056966033,0.2529014853915352,9,0.07529610569660329,0.10756586528086184,0.25290148539153523,0.28100165043503916,0.07529610569660329,0.09412013212075411,0.25290148539153523,0.25290148539153523,12,7,13,9,1.3877787807814457e-17,5.551115123125783e-17
Candidate_029,Office Administrator,0.0,0.3998854367603365,0.5286438829565303,0.0,0.1399599028661177,0.2456886794574238,10,0.13995990286611776,0.19994271838016825,0.24568867945742384,0.2729874216193598,0.13995990286611776,0.17494987858264718,0.24568867945742384,0.24568867945742384,6,8,8,10,5.551115123125783e-17,5.551115123125783e-17
Candidate_029,Secondary School Teacher,0.0,0.4517194669857167,0.3635561348837076,0.0,0.1581018134450008,0.2308130404217423,11,0.15810181344500082,0.22585973349285834,0.23081304042174233,0.2564589338019359,0.15810181344500082,0.197627266806251,0.23081304042174233,0.23081304042174233,5,9,7,11,2.7755575615628914e-17,2.7755575615628914e-17
Candidate_029,Office Manager,0.0,0.3526877163079147,0.5286438829565303,0.0,0.1234407007077701,0.2291694772990762,12,0.12344070070777013,0.17634385815395734,0.22916947729907622,0.2546327525545291,0.12344070070777013,0.15430087588471267,0.22916947729907622,0.22916947729907622,8,10,9,12,2.7755575615628914e-17,2.7755575615628914e-17
Candidate_029,Delivery Driver,0.0,0.0,0.3705312074675783,1.0,0.0,0.1741062414935156,13,0.0,0.0,0.07410624149351566,0.08234026832612851,0.1,0.125,0.17410624149351567,0.17410624149351567,15,15,10,13,0.0,5.551115123125783e-17
Candidate_029,Restaurant Manager,0.0,0.0731772121220998,0.5865008675534992,0.0,0.0256120242427349,0.1429121977534347,14,0.025612024242734927,0.0365886060610499,0.14291219775343478,0.15879133083714975,0.025612024242734927,0.03201503030341866,0.14291219775343478,0.14291219775343478,14,13,15,14,2.7755575615628914e-17,8.326672684688674e-17
Candidate_029,Licensed Practical Nurse (L.P.N.),0.0,0.1894140454165664,0.3039192124973743,0.0,0.0662949158957982,0.1270787583952731,15,0.06629491589579824,0.0947070227082832,0.1270787583952731,0.14119862043919235,0.06629491589579824,0.08286864486974779,0.1270787583952731,0.1270787583952731,13,14,14,15,4.163336342344337e-17,0.0
Candidate_030,Software Developer,0.8189766486101043,1.0,0.2290858604605659,1.0,0.6366418270135366,0.7824589991056498,1,0.6366418270135366,0.9094883243050523,0.6824589991056498,0.7582877767840552,0.7366418270135365,0.9208022837669206,0.7824589991056498,0.7824589991056498,1,1,1,1,0.0,0.0
Candidate_030,Secondary School Teacher,0.7822669230071398,0.5479396959798312,0.3635561348837076,1.0,0.4655723166454398,0.6382835436221813,2,0.46557231664543985,0.6651033094934855,0.5382835436221813,0.5980928262468681,0.5655723166454398,0.7069653958067997,0.6382835436221813,0.6382835436221813,3,2,3,2,5.551115123125783e-17,0.0
Candidate_030,Office Manager,1.0,0.2356343813313973,0.5286438829565303,1.0,0.432472033465989,0.6382008100572951,3,0.43247203346598906,0.6178171906656987,0.5382008100572951,0.5980009000636612,0.532472033465989,0.6655900418324863,0.6382008100572951,0.6382008100572951,4,3,4,3,5.551115123125783e-17,0.0
Candidate_030,Information Technology (IT) Analyst,0.6155276558846338,0.7205838730140085,0.266375870790639,1.0,0.4676390351145247,0.6209142092726525,4,0.46763903511452476,0.6680557644493211,0.5209142092726525,0.5787935658585028,0.5676390351145247,0.7095487938931558,0.6209142092726525,0.6209142092726525,2,4,2,4,5.551115123125783e-17,0.0
Candidate_030,Office Administrator,0.8197929865595287,0.3453433158798166,0.5286438829565303,1.0,0.4077977058537708,0.6135264824450769,5,0.40779770585377084,0.5825681512196726,0.5135264824450769,0.5705849804945299,0.5077977058537708,0.6347471323172135,0.6135264824450769,0.6135264824450769,5,5,5,5,5.551115123125783e-17,0.0
Candidate_030,Administrative Assistant,0.5458349538247957,0.4596495976180305,0.4384514673595585,0.0,0.3519195930049891,0.4396098864769008,6,0.35191959300498915,0.5027422757214131,0.43960988647690086,0.48845542941877873,0.35191959300498915,0.4398994912562364,0.43960988647690086,0.43960988647690086,6,6,6,6,5.551115123125783e-17,5.551115123125783e-17
Candidate_030,"Driver, Truck",0.5325467782620326,0.1529190376801909,0.8880268984746598,0.0,0.2399130355797782,0.4175184152747101,7,0.2399130355797782,0.3427329079711117,0.4175184152747101,0.46390935030523345,0.2399130355797782,0.29989129447472274,0.4175184152747101,0.4175184152747101,7,7,7,7,0.0,0.0
Candidate_030,Inside Sales Representative,0.2349803824001659,0.3343186114384458,0.8643994601889338,0.0,0.1992546478435141,0.3721345398813008,8,0.1992546478435141,0.28464949691930586,0.37213453988130085,0.41348282209033427,0.1992546478435141,0.24906830980439262,0.37213453988130085,0.37213453988130085,8,8,8,8,0.0,5.551115123125783e-17
Candidate_030,Retail Sales Associate,0.2349803824001659,0.3044021236291542,0.8643994601889338,0.0,0.188783877110262,0.3616637691480487,9,0.188783877110262,0.26969125301466,0.36166376914804876,0.40184863238672086,0.188783877110262,0.2359798463878275,0.36166376914804876,0.36166376914804876,9,9,9,9,0.0,5.551115123125783e-17
Candidate_030,Food Service Supervisor,0.0,0.3522792187009845,0.6833380235893983,0.0,0.1232977265453445,0.2599653312632242,10,0.12329772654534457,0.17613960935049225,0.25996533126322424,0.28885036807024916,0.12329772654534457,0.1541221581816807,0.25996533126322424,0.25996533126322424,12,10,12,10,6.938893903907228e-17,5.551115123125783e-17
Candidate_030,Continuing Care Assistant,0.1621720488441621,0.3004629292502593,0.4396201180333152,0.0,0.1619222423330475,0.2498462659397105,11,0.16192224233304747,0.2313174890472107,0.24984626593971052,0.2776069621552339,0.16192224233304747,0.20240280291630933,0.24984626593971052,0.24984626593971052,11,11,11,11,2.7755575615628914e-17,2.7755575615628914e-17
Candidate_030,Bookkeeper,0.1948654268762536,0.302337186546539,0.2992257912289334,0.0,0.1740209146979774,0.2338660729437641,12,0.17402091469797742,0.24860130671139632,0.2338660729437641,0.2598511921597379,0.17402091469797742,0.21752614337247178,0.2338660729437641,0.2338660729437641,10,12,10,12,2.7755575615628914e-17,0.0
Candidate_030,Restaurant Manager,0.1592465966027531,0.1196506730440887,0.5865008675534992,0.0,0.0976140443763946,0.2149142178870944,13,0.09761404437639462,0.1394486348234209,0.21491421788709447,0.23879357543010496,0.09761404437639462,0.12201755547049327,0.21491421788709447,0.21491421788709447,13,13,13,13,2.7755575615628914e-17,8.326672684688674e-17
Candidate_030,Delivery Driver,0.114197589773341,0.0,0.3705312074675783,0.0,0.0399691564206693,0.114075397914185,14,0.03996915642066935,0.05709879488667051,0.11407539791418501,0.12675044212687223,0.03996915642066935,0.04996144552583669,0.11407539791418501,0.11407539791418501,15,14,15,14,5.551115123125783e-17,1.3877787807814457e-17
Candidate_030,Licensed Practical Nurse (L.P.N.),0.0408171563248927,0.1021821426495125,0.3039192124973743,0.0,0.0500497546410418,0.1108335971405166,15,0.05004975464104182,0.0714996494872026,0.11083359714051669,0.12314844126724075,0.05004975464104182,0.06256219330130226,0.11083359714051669,0.11083359714051669,14,15,14,15,2.0816681711721685e-17,8.326672684688674e-17
Candidate_031,Administrative Assistant,1.0,0.5599831659431824,0.4384514673595585,1.0,0.5459941080801138,0.7336844015520255,1,0.5459941080801138,0.7799915829715912,0.6336844015520255,0.7040937795022506,0.6459941080801138,0.8074926351001422,0.7336844015520255,0.7336844015520255,1,3,1,1,0.0,0.0
Candidate_031,Office Administrator,0.9295727137123986,0.4808782722281748,0.5286438829565303,1.0,0.4936578450792006,0.6993866216705067,2,0.49365784507920063,0.7052254929702867,0.5993866216705067,0.6659851351894519,0.5936578450792006,0.7420723063490007,0.6993866216705067,0.6993866216705067,4,4,2,2,5.551115123125783e-17,0.0
Candidate_031,Office Manager,0.8931633756688091,0.441782775971985,0.5286438829565303,1.0,0.4672311530742779,0.6729599296655839,3,0.4672311530742779,0.667473075820397,0.572959929665584,0.6366221440728711,0.567231153074278,0.7090389413428474,0.6729599296655839,0.6729599296655839,7,5,3,3,0.0,0.0
Candidate_031,Retail Sales Associate,0.9977683822971528,0.4075148990406788,0.8643994601889338,0.0,0.491849148468241,0.6647290405060278,4,0.491849148468241,0.7026416406689158,0.6647290405060278,0.7385878227844753,0.491849148468241,0.6148114355853013,0.6647290405060278,0.6647290405060278,5,1,6,4,0.0,0.0
Candidate_031,Inside Sales Representative,0.9977683822971528,0.3930300401876423,0.8643994601889338,0.0,0.4867794478696783,0.6596593399074651,5,0.4867794478696783,0.6953992112423977,0.6596593399074651,0.7329548221194057,0.4867794478696783,0.6084743098370978,0.6596593399074651,0.6596593399074651,6,2,7,5,0.0,0.0
Candidate_031,Software Developer,0.4846300114203659,1.0,0.2290858604605659,0.0,0.519620503997128,0.5654376760892412,6,0.519620503997128,0.7423150057101829,0.5654376760892412,0.6282640845436014,0.519620503997128,0.64952562999641,0.5654376760892412,0.5654376760892412,2,6,4,6,0.0,0.0
Candidate_031,Information Technology (IT) Analyst,0.4338387904360552,0.9787500045853464,0.266375870790639,0.0,0.4944060782574905,0.5476812524156183,7,0.49440607825749056,0.7062943975107009,0.5476812524156184,0.6085347249062426,0.49440607825749056,0.6180075978218632,0.5476812524156184,0.5476812524156184,3,7,5,7,5.551115123125783e-17,1.1102230246251565e-16
Candidate_031,Food Service Supervisor,0.625265815333657,0.4903937828706802,0.6833380235893983,0.0,0.390480859371518,0.5271484640893976,8,0.390480859371518,0.5578297991021686,0.5271484640893976,0.5857205156548863,0.390480859371518,0.48810107421439747,0.5271484640893976,0.5271484640893976,9,8,9,8,0.0,0.0
Candidate_031,Bookkeeper,0.8534282617674178,0.3374563099867508,0.2992257912289334,0.0,0.416809600113959,0.4766547583597457,9,0.416809600113959,0.5954422858770844,0.4766547583597457,0.5296163981774952,0.416809600113959,0.5210120001424488,0.4766547583597457,0.4766547583597457,8,9,8,9,0.0,0.0
Candidate_031,"Driver, Truck",0.5114723888375442,0.1897909849090417,0.8880268984746598,0.0,0.245442180811305,0.423047560506237,10,0.24544218081130506,0.350631686873293,0.42304756050623704,0.47005284500693,0.24544218081130506,0.30680272601413133,0.42304756050623704,0.42304756050623704,13,10,13,10,5.551115123125783e-17,5.551115123125783e-17
Candidate_031,Secondary School Teacher,0.4973934652338234,0.4978167082015671,0.3635561348837076,0.0,0.3483235607023867,0.4210347876791282,11,0.3483235607023867,0.49760508671769527,0.4210347876791282,0.4678164307545869,0.3483235607023867,0.43540445087798335,0.4210347876791282,0.4210347876791282,10,11,10,11,0.0,0.0
Candidate_031,Continuing Care Assistant,0.3622292098932679,0.5072013280496804,0.4396201180333152,0.0,0.3043006882800319,0.3922247118866949,12,0.3043006882800319,0.4347152689714741,0.39222471188669494,0.43580523542966104,0.3043006882800319,0.38037586035003984,0.39222471188669494,0.39222471188669494,11,12,11,12,0.0,5.551115123125783e-17
Candidate_031,Restaurant Manager,0.4170441133950265,0.3264293024637816,0.5865008675534992,0.0,0.2602156955505828,0.3775158690612826,13,0.2602156955505828,0.37173670792940405,0.37751586906128265,0.4194620767347585,0.2602156955505828,0.3252696194382285,0.37751586906128265,0.37751586906128265,12,13,12,13,0.0,5.551115123125783e-17
Candidate_031,Delivery Driver,0.4781409629890916,0.0,0.3705312074675783,0.0,0.167349337046182,0.2414555785396977,14,0.16734933704618205,0.2390704814945458,0.2414555785396977,0.26828397615521965,0.16734933704618205,0.20918667130772756,0.2414555785396977,0.2414555785396977,14,14,14,14,5.551115123125783e-17,0.0
Candidate_031,Licensed Practical Nurse (L.P.N.),0.0,0.4181989226603812,0.3039192124973743,0.0,0.1463696229311334,0.2071534654306082,15,0.14636962293113343,0.2090994613301906,0.20715346543060828,0.2301705171451203,0.14636962293113343,0.18296202866391678,0.20715346543060828,0.20715346543060828,15,15,15,15,2.7755575615628914e-17,8.326672684688674e-17
Candidate_032,Food Service Supervisor,1.0,0.5724675675702143,0.6833380235893983,1.0,0.550363648649575,0.7870312533674546,1,0.550363648649575,0.7862337837851072,0.6870312533674546,0.7633680592971718,0.650363648649575,0.8129545608119687,0.7870312533674546,0.7870312533674546,1,1,1,1,0.0,0.0
Candidate_032,Administrative Assistant,1.0,0.4135025848991747,0.4384514673595585,1.0,0.4947259047147111,0.6824161981866228,2,0.4947259047147111,0.7067512924495873,0.5824161981866228,0.6471291090962475,0.5947259047147111,0.7434073808933889,0.6824161981866228,0.6824161981866228,2,2,2,2,0.0,0.0
Candidate_032,Software Developer,0.0,1.0,0.2290858604605659,0.0,0.35,0.3958171720921131,3,0.35,0.5,0.39581717209211315,0.4397968578801257,0.35,0.43749999999999994,0.39581717209211315,0.39581717209211315,3,3,3,3,0.0,5.551115123125783e-17
Candidate_032,Information Technology (IT) Analyst,0.0,0.9037683021536091,0.266375870790639,0.0,0.3163189057537632,0.369594079911891,4,0.3163189057537632,0.45188415107680463,0.369594079911891,0.41066008879099003,0.3163189057537632,0.395398632192204,0.369594079911891,0.369594079911891,4,4,4,4,0.0,0.0
Candidate_032,Bookkeeper,0.0,0.516948692762772,0.2992257912289334,1.0,0.1809320424669702,0.3407772007127568,5,0.1809320424669702,0.258474346381386,0.24077720071275688,0.2675302230141743,0.28093204246697023,0.35116505308371276,0.34077720071275686,0.34077720071275686,5,9,5,5,0.0,5.551115123125783e-17
Candidate_032,Inside Sales Representative,0.0,0.3276046078680041,0.8643994601889338,0.0,0.1146616127538014,0.2875415047915882,6,0.11466161275380143,0.16380230393400205,0.2875415047915882,0.3194905608795424,0.11466161275380143,0.14332701594225178,0.2875415047915882,0.2875415047915882,9,5,10,6,2.7755575615628914e-17,0.0
Candidate_032,Office Manager,0.0,0.5081709059535433,0.5286438829565303,0.0,0.1778598170837401,0.2835885936750462,7,0.17785981708374016,0.25408545297677165,0.28358859367504624,0.31509843741671806,0.17785981708374016,0.22232477135467518,0.28358859367504624,0.28358859367504624,6,6,7,7,5.551115123125783e-17,5.551115123125783e-17
Candidate_032,Continuing Care Assistant,0.0,0.2634615026789133,0.4396201180333152,1.0,0.0922115259376196,0.2801355495442827,8,0.09221152593761964,0.13173075133945664,0.18013554954428268,0.20015061060475853,0.19221152593761964,0.24026440742202454,0.28013554954428266,0.28013554954428266,12,13,6,8,4.163336342344337e-17,5.551115123125783e-17
Candidate_032,Office Administrator,0.0,0.4732591470371346,0.5286438829565303,0.0,0.1656407014629971,0.2713694780543031,9,0.16564070146299711,0.2366295735185673,0.27136947805430317,0.30152164228255907,0.16564070146299711,0.20705087682874637,0.27136947805430317,0.27136947805430317,7,7,8,9,2.7755575615628914e-17,5.551115123125783e-17
Candidate_032,Retail Sales Associate,0.0,0.267154103864079,0.8643994601889338,0.0,0.0935039363524276,0.2663838283902144,10,0.09350393635242765,0.1335770519320395,0.2663838283902144,0.29598203154468267,0.09350393635242765,0.11687992044053457,0.2663838283902144,0.2663838283902144,11,8,13,10,5.551115123125783e-17,0.0
Candidate_032,Restaurant Manager,0.0,0.2694171025429845,0.5865008675534992,0.0,0.0942959858900445,0.2115961594007444,11,0.09429598589004458,0.13470855127149226,0.21159615940074442,0.2351068437786049,0.09429598589004458,0.11786998236255572,0.21159615940074442,0.21159615940074442,10,10,12,11,8.326672684688674e-17,2.7755575615628914e-17
Candidate_032,"Driver, Truck",0.0,0.0966390924501749,0.8880268984746598,0.0,0.0338236823575612,0.2114290620524931,12,0.03382368235756121,0.04831954622508745,0.21142906205249318,0.23492118005832574,0.03382368235756121,0.04227960294695151,0.21142906205249318,0.21142906205249318,14,11,15,12,1.3877787807814457e-17,8.326672684688674e-17
Candidate_032,Secondary School Teacher,0.0,0.3752129763015817,0.3635561348837076,0.0,0.1313245417055535,0.2040357686822951,13,0.13132454170555358,0.18760648815079084,0.20403576868229512,0.22670640964699457,0.13132454170555358,0.16415567713194196,0.20403576868229512,0.20403576868229512,8,12,9,13,8.326672684688674e-17,2.7755575615628914e-17
Candidate_032,Delivery Driver,0.0,0.0,0.3705312074675783,1.0,0.0,0.1741062414935156,14,0.0,0.0,0.07410624149351566,0.08234026832612851,0.1,0.125,0.17410624149351567,0.17410624149351567,15,15,11,14,0.0,5.551115123125783e-17
Candidate_032,Licensed Practical Nurse (L.P.N.),0.0,0.1655835780802116,0.3039192124973743,0.0,0.057954252328074,0.1187380948275489,15,0.05795425232807405,0.0827917890401058,0.1187380948275489,0.13193121647505435,0.05795425232807405,0.07244281541009256,0.1187380948275489,0.1187380948275489,13,14,14,15,4.85722573273506e-17,0.0
Candidate_033,Administrative Assistant,1.0,0.547006340348158,0.4384514673595585,1.0,0.5414522191218553,0.729142512593767,1,0.5414522191218553,0.773503170174079,0.629142512593767,0.6990472362152966,0.6414522191218552,0.801815273902319,0.729142512593767,0.729142512593767,1,1,1,1,0.0,0.0
Candidate_033,Office Manager,0.8802953501891214,0.4829857318300243,0.5286438829565303,1.0,0.4771483787067009,0.682877155298007,2,0.47714837870670096,0.6816405410095728,0.582877155298007,0.6476412836644522,0.577148378706701,0.7214354733833762,0.682877155298007,0.682877155298007,2,2,2,2,5.551115123125783e-17,0.0
Candidate_033,Office Administrator,0.7125966158149186,0.5232037819337733,0.5286438829565303,1.0,0.4325301392120421,0.6382589158033481,3,0.43253013921204214,0.617900198874346,0.5382589158033482,0.5980654620037201,0.5325301392120422,0.6656626740150526,0.6382589158033481,0.6382589158033481,3,3,3,3,5.551115123125783e-17,0.0
Candidate_033,"Driver, Truck",0.6958608440448676,0.2020975102990615,0.8880268984746598,1.0,0.3142854240203752,0.5918908037153071,4,0.3142854240203752,0.44897917717196456,0.49189080371530713,0.5465453374614524,0.41428542402037516,0.5178567800254689,0.5918908037153071,0.5918908037153071,7,5,4,4,0.0,0.0
Candidate_033,Food Service Supervisor,0.5228975964527075,0.5203826908304356,0.6833380235893983,0.0,0.3651481005491001,0.5018157052669797,5,0.3651481005491001,0.5216401436415715,0.5018157052669797,0.5575730058521997,0.3651481005491001,0.45643512568637506,0.5018157052669797,0.5018157052669797,5,4,6,5,0.0,0.0
Candidate_033,Inside Sales Representative,0.5838070595741572,0.1933321439125593,0.8643994601889338,0.0,0.2719987212203508,0.4448786132581375,6,0.27199872122035074,0.3885696017433582,0.4448786132581375,0.49430957028681943,0.27199872122035074,0.3399984015254384,0.4448786132581375,0.4448786132581375,10,6,10,6,5.551115123125783e-17,0.0
Candidate_033,Retail Sales Associate,0.5838070595741572,0.1793147281618421,0.8643994601889338,0.0,0.2670926257075997,0.4399725177453865,7,0.26709262570759973,0.38156089386799963,0.4399725177453865,0.4888583530504294,0.26709262570759973,0.33386578213449963,0.4399725177453865,0.4399725177453865,11,7,11,7,5.551115123125783e-17,0.0
Candidate_033,Software Developer,0.0582030277465284,1.0,0.2290858604605659,0.0,0.3703710597112849,0.4161882318033981,8,0.3703710597112849,0.5291015138732642,0.4161882318033981,0.4624313686704423,0.3703710597112849,0.4629638246391061,0.4161882318033981,0.4161882318033981,4,8,5,8,0.0,0.0
Candidate_033,Information Technology (IT) Analyst,0.247659540769698,0.787139787418969,0.266375870790639,0.0,0.3621797648660334,0.4154549390241612,9,0.3621797648660334,0.5173996640943335,0.41545493902416125,0.4616165989157347,0.3621797648660334,0.4527247060825418,0.41545493902416125,0.41545493902416125,6,9,7,9,0.0,5.551115123125783e-17
Candidate_033,Continuing Care Assistant,0.4689994972688815,0.4004984111474042,0.4396201180333152,0.0,0.3043242679457,0.392248291552363,10,0.3043242679457,0.43474895420814286,0.39224829155236307,0.43583143505818117,0.3043242679457,0.38040533493212497,0.39224829155236307,0.39224829155236307,9,10,9,10,0.0,5.551115123125783e-17
Candidate_033,Secondary School Teacher,0.4661455372750658,0.4287074128846516,0.3635561348837076,0.0,0.313198532555901,0.3859097595326425,11,0.313198532555901,0.4474264750798586,0.38590975953264256,0.4287886217029362,0.313198532555901,0.3914981656948763,0.38590975953264256,0.38590975953264256,8,11,8,11,0.0,5.551115123125783e-17
Candidate_033,Restaurant Manager,0.3812096689165674,0.262852161715685,0.5865008675534992,0.0,0.2254216407212883,0.3427218142319881,12,0.2254216407212883,0.3220309153161262,0.34272181423198816,0.3808020158133202,0.2254216407212883,0.28177705090161037,0.34272181423198816,0.34272181423198816,12,12,12,12,0.0,5.551115123125783e-17
Candidate_033,Delivery Driver,0.4891493364278887,0.0,0.3705312074675783,0.0,0.171202267749761,0.2453085092432767,13,0.17120226774976105,0.24457466821394439,0.2453085092432767,0.27256501027030744,0.17120226774976105,0.2140028346872013,0.2453085092432767,0.2453085092432767,14,13,14,13,5.551115123125783e-17,0.0
Candidate_033,Bookkeeper,0.0098455164014726,0.4944569951200512,0.2992257912289334,0.0,0.1765058790325333,0.23635103727832,14,0.1765058790325333,0.2521512557607619,0.23635103727832,0.2626122636425778,0.1765058790325333,0.22063234879066662,0.23635103727832,0.23635103727832,13,14,13,14,0.0,0.0
Candidate_033,Licensed Practical Nurse (L.P.N.),0.0,0.2887664016492924,0.3039192124973743,0.0,0.1010682405772523,0.1618520830767272,15,0.10106824057725233,0.1443832008246462,0.1618520830767272,0.17983564786303022,0.10106824057725233,0.1263353007215654,0.1618520830767272,0.1618520830767272,15,15,15,15,2.7755575615628914e-17,0.0
Candidate_034,Food Service Supervisor,0.9265716945519205,0.4619966816296217,0.6833380235893983,1.0,0.4859989316635397,0.7226665363814193,1,0.48599893166353975,0.6942841880907711,0.6226665363814194,0.6918517070904661,0.5859989316635398,0.7324986645794247,0.7226665363814194,0.7226665363814194,3,1,3,1,5.551115123125783e-17,1.1102230246251565e-16
Candidate_034,Office Manager,1.0,0.4616350093083222,0.5286438829565303,1.0,0.5115722532579128,0.7173010298492188,2,0.5115722532579128,0.7308175046541612,0.6173010298492189,0.6858900331657988,0.6115722532579128,0.7644653165723909,0.7173010298492188,0.7173010298492188,2,2,2,2,0.0,0.0
Candidate_034,Administrative Assistant,0.8979819621785708,0.579553601197418,0.4384514673595585,1.0,0.517137447181596,0.7048277406535077,3,0.517137447181596,0.7387677816879944,0.6048277406535078,0.6720308229483419,0.617137447181596,0.771421808976995,0.7048277406535077,0.7048277406535077,1,3,1,3,0.0,0.0
Candidate_034,Office Administrator,0.8563712482249044,0.5133378742110106,0.5286438829565303,0.0,0.4793981928525702,0.5851269694438763,4,0.47939819285257024,0.6848545612179575,0.5851269694438763,0.6501410771598626,0.47939819285257024,0.5992477410657128,0.5851269694438763,0.5851269694438763,4,4,4,4,5.551115123125783e-17,0.0
Candidate_034,Retail Sales Associate,0.8761166616607415,0.2936396470135382,0.8643994601889338,0.0,0.4094147080359979,0.5822946000737846,5,0.4094147080359979,0.5848781543371399,0.5822946000737846,0.6469940000819829,0.4094147080359979,0.5117683850449973,0.5822946000737846,0.5822946000737846,7,5,7,5,0.0,0.0
Candidate_034,Inside Sales Representative,0.8761166616607415,0.2831418485283407,0.8643994601889338,0.0,0.4057404785661788,0.5786203706039655,6,0.4057404785661788,0.5796292550945411,0.5786203706039655,0.642911522893295,0.4057404785661788,0.5071755982077234,0.5786203706039655,0.5786203706039655,8,6,8,6,0.0,0.0
Candidate_034,"Driver, Truck",0.7716210064215288,0.1811439935206636,0.8880268984746598,0.0,0.3334677499797673,0.5110731296746993,7,0.3334677499797673,0.47638249997109616,0.5110731296746993,0.5678590329718881,0.3334677499797673,0.4168346874747091,0.5110731296746993,0.5110731296746993,10,7,10,7,0.0,0.0
Candidate_034,Bookkeeper,0.7704377396812818,0.4421683811818779,0.2992257912289334,0.0,0.4244121423021059,0.4842573005478925,8,0.4244121423021059,0.6063030604315799,0.48425730054789257,0.5380636672754362,0.4244121423021059,0.5305151778776324,0.48425730054789257,0.48425730054789257,5,8,5,8,0.0,5.551115123125783e-17
Candidate_034,Software Developer,0.1700462184978771,1.0,0.2290858604605659,0.0,0.409516176474257,0.4553333485663701,9,0.409516176474257,0.5850231092489385,0.45533334856637014,0.5059259428515224,0.409516176474257,0.5118952205928212,0.45533334856637014,0.45533334856637014,6,9,6,9,0.0,5.551115123125783e-17
Candidate_034,Information Technology (IT) Analyst,0.2278461125022295,0.8689186462651519,0.266375870790639,0.0,0.3838676655685834,0.4371428397267112,10,0.3838676655685834,0.5483823793836906,0.43714283972671125,0.4857142663630125,0.3838676655685834,0.47983458196072926,0.43714283972671125,0.43714283972671125,9,10,9,10,0.0,5.551115123125783e-17
Candidate_034,Restaurant Manager,0.5636034360913517,0.2831990864822555,0.5865008675534992,0.0,0.2963808829007625,0.4136810564114623,11,0.2963808829007625,0.42340126128680355,0.4136810564114623,0.4596456182349581,0.2963808829007625,0.37047610362595307,0.4136810564114623,0.4136810564114623,12,11,12,11,0.0,0.0
Candidate_034,Secondary School Teacher,0.4312266926487954,0.4877671760367582,0.3635561348837076,0.0,0.3216478540399437,0.3943590810166852,12,0.3216478540399437,0.4594969343427768,0.39435908101668526,0.43817675668520584,0.3216478540399437,0.40205981754992964,0.39435908101668526,0.39435908101668526,11,12,11,12,0.0,5.551115123125783e-17
Candidate_034,Continuing Care Assistant,0.3891375476094844,0.4104513999688053,0.4396201180333152,0.0,0.2798561316524014,0.3677801552590645,13,0.2798561316524014,0.3997944737891449,0.3677801552590645,0.4086446169545161,0.2798561316524014,0.34982016456550175,0.3677801552590645,0.3677801552590645,13,13,13,13,0.0,0.0
Candidate_034,Delivery Driver,0.6884721348952146,0.0,0.3705312074675783,0.0,0.2409652472133251,0.3150714887068407,14,0.2409652472133251,0.3442360674476073,0.31507148870684076,0.3500794318964897,0.2409652472133251,0.3012065590166564,0.31507148870684076,0.31507148870684076,14,14,14,14,0.0,5.551115123125783e-17
Candidate_034,Licensed Practical Nurse (L.P.N.),0.0,0.247961613366207,0.3039192124973743,0.0,0.0867865646781724,0.1475704071776473,15,0.08678656467817245,0.1239808066831035,0.1475704071776473,0.1639671190862748,0.08678656467817245,0.10848320584771555,0.1475704071776473,0.1475704071776473,15,15,15,15,4.163336342344337e-17,0.0
Candidate_035,Software Developer,1.0,1.0,0.2290858604605659,1.0,0.7,0.8458171720921132,1,0.7,1.0,0.7458171720921132,0.8286857467690146,0.7999999999999999,0.9999999999999999,0.8458171720921132,0.8458171720921132,1,1,1,1,0.0,0.0
Candidate_035,Information Technology (IT) Analyst,0.8155023694813165,0.9331668400659028,0.266375870790639,1.0,0.6120342233415267,0.7653093974996544,2,0.6120342233415268,0.8743346047736098,0.6653093974996546,0.7392326638885051,0.7120342233415268,0.8900427791769084,0.7653093974996545,0.7653093974996545,2,2,2,2,1.1102230246251565e-16,1.1102230246251565e-16
Candidate_035,Administrative Assistant,0.7053948504031139,0.5190446362692123,0.4384514673595585,1.0,0.4285538203353141,0.6162441138072258,3,0.42855382033531414,0.6122197433361631,0.5162441138072258,0.5736045708969175,0.5285538203353142,0.6606922754191427,0.6162441138072258,0.6162441138072258,3,5,3,3,5.551115123125783e-17,0.0
Candidate_035,Retail Sales Associate,0.7375171456827702,0.360731797277456,0.8643994601889338,0.0,0.3843871300360791,0.5572670220738658,4,0.3843871300360791,0.549124471480113,0.5572670220738658,0.6191855800820731,0.3843871300360791,0.48048391254509887,0.5572670220738658,0.5572670220738658,6,3,6,4,0.0,0.0
Candidate_035,Inside Sales Representative,0.7375171456827702,0.3542306673121468,0.8643994601889338,0.0,0.3821117345482209,0.5549916265860076,5,0.3821117345482209,0.5458739064974585,0.5549916265860076,0.6166573628733418,0.3821117345482209,0.4776396681852761,0.5549916265860076,0.5549916265860076,7,4,7,5,0.0,0.0
Candidate_035,Office Administrator,0.6502708546192426,0.490958114002483,0.5286438829565303,0.0,0.3994301390176039,0.50515891560891,6,0.39943013901760394,0.5706144843108628,0.50515891560891,0.5612876840099,0.39943013901760394,0.4992876737720049,0.50515891560891,0.50515891560891,4,6,4,6,5.551115123125783e-17,0.0
Candidate_035,Bookkeeper,0.6581649247644312,0.4610940404260515,0.2992257912289334,0.0,0.3917406378166689,0.4515857960624556,7,0.3917406378166689,0.5596294825952414,0.4515857960624556,0.5017619956249506,0.3917406378166689,0.4896757972708361,0.4515857960624556,0.4515857960624556,5,7,5,7,0.0,0.0
Candidate_035,Secondary School Teacher,0.591894876442932,0.448777877222956,0.3635561348837076,0.0,0.3642354637830608,0.4369466907598023,8,0.3642354637830608,0.5203363768329441,0.43694669075980236,0.4854963230664471,0.3642354637830608,0.455294329728826,0.43694669075980236,0.43694669075980236,8,8,8,8,0.0,5.551115123125783e-17
Candidate_035,Office Manager,0.3495578947717783,0.4791487346586677,0.5286438829565303,0.0,0.2900473203006561,0.3957760968919622,9,0.29004732030065605,0.41435331471522296,0.39577609689196214,0.4397512187688468,0.29004732030065605,0.36255915037582004,0.39577609689196214,0.39577609689196214,10,9,10,9,5.551115123125783e-17,5.551115123125783e-17
Candidate_035,Continuing Care Assistant,0.4238408451333857,0.4525870640996772,0.4396201180333152,0.0,0.3067497682315719,0.394673791838235,10,0.30674976823157196,0.4382139546165314,0.39467379183823503,0.4385264353758167,0.30674976823157196,0.3834372102894649,0.39467379183823503,0.39467379183823503,9,10,9,10,5.551115123125783e-17,5.551115123125783e-17
Candidate_035,Food Service Supervisor,0.0,0.5753857433461685,0.6833380235893983,0.0,0.2013850101711589,0.3380526148890386,11,0.20138501017115898,0.28769287167308427,0.33805261488903865,0.3756140165433763,0.20138501017115898,0.2517312627139487,0.33805261488903865,0.33805261488903865,12,11,12,11,8.326672684688674e-17,5.551115123125783e-17
Candidate_035,Licensed Practical Nurse (L.P.N.),0.4289875767197779,0.3443572092340588,0.3039192124973743,0.0,0.2706706750838428,0.3314545175833177,12,0.2706706750838428,0.3866723929769183,0.3314545175833177,0.3682827973147974,0.2706706750838428,0.3383383438548035,0.3314545175833177,0.3314545175833177,11,12,11,12,0.0,0.0
Candidate_035,Restaurant Manager,0.2325433568505333,0.3406179474526755,0.5865008675534992,0.0,0.200606456506123,0.3179066300168229,13,0.20060645650612305,0.2865806521516044,0.3179066300168229,0.353229588907581,0.20060645650612305,0.2507580706326538,0.3179066300168229,0.3179066300168229,13,13,13,13,5.551115123125783e-17,0.0
Candidate_035,"Driver, Truck",0.0555257071177345,0.1625348262456576,0.8880268984746598,0.0,0.0763211866771872,0.2539265663721192,14,0.07632118667718724,0.10903026668169606,0.2539265663721192,0.2821406293023547,0.07632118667718724,0.09540148334648405,0.2539265663721192,0.2539265663721192,14,14,14,14,4.163336342344337e-17,0.0
Candidate_035,Delivery Driver,0.134036120941727,0.0,0.3705312074675783,0.0,0.0469126423296044,0.1210188838231201,15,0.04691264232960445,0.0670180604708635,0.12101888382312012,0.13446542647013346,0.04691264232960445,0.05864080291200556,0.12101888382312012,0.12101888382312012,15,15,15,15,5.551115123125783e-17,2.7755575615628914e-17
Candidate_036,Administrative Assistant,1.0,0.602512544305148,0.4384514673595585,1.0,0.5608793905068018,0.7485696839787135,1,0.5608793905068018,0.801256272152574,0.6485696839787135,0.7206329821985705,0.6608793905068018,0.8260992381335022,0.7485696839787135,0.7485696839787135,1,1,1,1,0.0,0.0
Candidate_036,Office Manager,0.8802953501891214,0.4706914990000118,0.5286438829565303,1.0,0.4728453972161965,0.6785741738075026,2,0.47284539721619656,0.6754934245945665,0.5785741738075026,0.6428601931194474,0.5728453972161965,0.7160567465202456,0.6785741738075026,0.6785741738075026,2,2,2,2,5.551115123125783e-17,0.0
Candidate_036,Office Administrator,0.7125966158149186,0.5648180292528285,0.5286438829565303,1.0,0.4470951257737114,0.6528239023650175,3,0.44709512577371147,0.6387073225338735,0.5528239023650175,0.6142487804055751,0.5470951257737114,0.6838689072171392,0.6528239023650175,0.6528239023650175,3,3,3,3,5.551115123125783e-17,0.0
Candidate_036,"Driver, Truck",0.6958608440448676,0.205522119128139,0.8880268984746598,1.0,0.3154840371105523,0.5930894168054842,4,0.3154840371105523,0.4506914815865033,0.49308941680548424,0.5478771297838714,0.41548403711055226,0.5193550463881903,0.5930894168054842,0.5930894168054842,8,5,4,4,0.0,0.0
Candidate_036,Food Service Supervisor,0.5228975964527075,0.5974734423131309,0.6833380235893983,0.0,0.3921298635680434,0.5287974682859231,5,0.39212986356804347,0.5601855193829193,0.5287974682859231,0.5875527425399145,0.39212986356804347,0.49016232946005434,0.5287974682859231,0.5287974682859231,5,4,6,5,5.551115123125783e-17,0.0
Candidate_036,Information Technology (IT) Analyst,0.247659540769698,0.9281646957614388,0.266375870790639,0.0,0.4115384827858979,0.4648136569440257,6,0.41153848278589783,0.5879121182655683,0.46481365694402565,0.5164596188266951,0.41153848278589783,0.5144231034823723,0.46481365694402565,0.46481365694402565,4,6,5,6,5.551115123125783e-17,5.551115123125783e-17
Candidate_036,Inside Sales Representative,0.5838070595741572,0.2289240432374214,0.8643994601889338,0.0,0.2844558859840525,0.4573357780218393,7,0.2844558859840525,0.40636555140578934,0.4573357780218393,0.5081508644687103,0.2844558859840525,0.35556985748006564,0.4573357780218393,0.4573357780218393,9,7,9,7,0.0,0.0
Candidate_036,Retail Sales Associate,0.5838070595741572,0.1706923033935245,0.8643994601889338,0.0,0.2640747770386886,0.4369546690764753,8,0.2640747770386886,0.37724968148384086,0.43695466907647534,0.4855051878627504,0.2640747770386886,0.3300934712983607,0.43695466907647534,0.43695466907647534,10,8,10,8,0.0,5.551115123125783e-17
Candidate_036,Secondary School Teacher,0.4661455372750658,0.5465686689573536,0.3635561348837076,0.0,0.3544499721813468,0.4271611991580883,9,0.3544499721813468,0.5063571031162097,0.4271611991580883,0.4746235546200981,0.3544499721813468,0.44306246522668347,0.4271611991580883,0.4271611991580883,7,9,8,9,0.0,0.0
Candidate_036,Software Developer,0.0582030277465284,1.0,0.2290858604605659,0.0,0.3703710597112849,0.4161882318033981,10,0.3703710597112849,0.5291015138732642,0.4161882318033981,0.4624313686704423,0.3703710597112849,0.4629638246391061,0.4161882318033981,0.4161882318033981,6,10,7,10,0.0,0.0
Candidate_036,Continuing Care Assistant,0.4689994972688815,0.2723107008045629,0.4396201180333152,0.0,0.2594585693257055,0.3473825929323686,11,0.25945856932570555,0.3706550990367222,0.3473825929323686,0.3859806588137429,0.25945856932570555,0.3243232116571319,0.3473825929323686,0.3473825929323686,11,11,11,11,5.551115123125783e-17,0.0
Candidate_036,Restaurant Manager,0.3812096689165674,0.2137540283180385,0.5865008675534992,0.0,0.208237294032112,0.3255374675428119,12,0.20823729403211205,0.2974818486173029,0.3255374675428119,0.361708297269791,0.20823729403211205,0.26029661754014005,0.3255374675428119,0.3255374675428119,12,12,12,12,5.551115123125783e-17,0.0
Candidate_036,Delivery Driver,0.4891493364278887,0.0,0.3705312074675783,0.0,0.171202267749761,0.2453085092432767,13,0.17120226774976105,0.24457466821394439,0.2453085092432767,0.27256501027030744,0.17120226774976105,0.2140028346872013,0.2453085092432767,0.2453085092432767,13,13,13,13,5.551115123125783e-17,0.0
Candidate_036,Bookkeeper,0.0098455164014726,0.4160484126352439,0.2992257912289334,0.0,0.1490628751628508,0.2089080334086374,14,0.14906287516285077,0.21294696451835826,0.20890803340863745,0.23212003712070828,0.14906287516285077,0.18632859395356346,0.20890803340863745,0.20890803340863745,14,14,14,14,2.7755575615628914e-17,5.551115123125783e-17
Candidate_036,Licensed Practical Nurse (L.P.N.),0.0,0.0976866065939946,0.3039192124973743,0.0,0.0341903123078981,0.0949741548073729,15,0.03419031230789811,0.048843303296997306,0.09497415480737298,0.10552683867485886,0.03419031230789811,0.042737890384872634,0.09497415480737298,0.09497415480737298,15,15,15,15,6.938893903907228e-18,8.326672684688674e-17
Candidate_037,Software Developer,1.0,1.0,0.2290858604605659,1.0,0.7,0.8458171720921132,1,0.7,1.0,0.7458171720921132,0.8286857467690146,0.7999999999999999,0.9999999999999999,0.8458171720921132,0.8458171720921132,1,1,1,1,0.0,0.0
Candidate_037,Information Technology (IT) Analyst,0.7423628368355979,0.9810337296402336,0.266375870790639,1.0,0.603188798266541,0.7564639724246688,2,0.6031887982665409,0.8616982832379156,0.6564639724246687,0.7294044138051874,0.7031887982665409,0.8789859978331761,0.7564639724246687,0.7564639724246687,2,2,2,2,1.1102230246251565e-16,1.1102230246251565e-16
Candidate_037,Secondary School Teacher,0.7652088874501872,0.481441354145009,0.3635561348837076,1.0,0.4363275845583186,0.6090388115350601,3,0.43632758455831866,0.6233251207975982,0.5090388115350601,0.5655986794834001,0.5363275845583186,0.6704094806978983,0.6090388115350601,0.6090388115350601,3,3,3,3,5.551115123125783e-17,0.0
Candidate_037,Bookkeeper,0.721884610788012,0.4756319896539293,0.2992257912289334,1.0,0.4191308101546794,0.5789759684004662,4,0.41913081015467946,0.5987583002209707,0.47897596840046613,0.5321955204449623,0.5191308101546794,0.6489135126933493,0.5789759684004662,0.5789759684004662,4,6,4,4,5.551115123125783e-17,0.0
Candidate_037,Licensed Practical Nurse (L.P.N.),0.7205451712511525,0.2459732535760133,0.3039192124973743,1.0,0.338281448689508,0.4990652911889829,5,0.338281448689508,0.4832592124135829,0.3990652911889829,0.44340587909886986,0.438281448689508,0.547851810861885,0.4990652911889829,0.4990652911889829,7,9,5,5,0.0,0.0
Candidate_037,Office Manager,0.6444469323344962,0.4722430029546577,0.5286438829565303,0.0,0.3908414773512039,0.49657025394251,6,0.3908414773512039,0.558344967644577,0.49657025394251,0.5517447266027888,0.3908414773512039,0.48855184668900486,0.49657025394251,0.49657025394251,5,4,6,6,0.0,0.0
Candidate_037,Office Administrator,0.5241184134131428,0.5565535605628538,0.5286438829565303,0.0,0.3782351908915987,0.4839639674829048,7,0.37823519089159874,0.5403359869879982,0.4839639674829048,0.537737741647672,0.37823519089159874,0.4727939886144984,0.4839639674829048,0.4839639674829048,6,5,7,7,5.551115123125783e-17,0.0
Candidate_037,Food Service Supervisor,0.3793976676232576,0.4767299244454532,0.6833380235893983,0.0,0.2996446572240487,0.4363122619419284,8,0.29964465722404876,0.4280637960343554,0.4363122619419284,0.4847914021576982,0.29964465722404876,0.37455582153006095,0.4363122619419284,0.4363122619419284,8,7,8,8,5.551115123125783e-17,0.0
Candidate_037,"Driver, Truck",0.6002177736888549,0.1261039909815224,0.8880268984746598,0.0,0.254212617634632,0.431817997329564,9,0.25421261763463204,0.3631608823351887,0.431817997329564,0.47979777481062663,0.25421261763463204,0.31776577204329004,0.431817997329564,0.431817997329564,11,8,11,9,5.551115123125783e-17,0.0
Candidate_037,Restaurant Manager,0.5323402230405684,0.1971029476001274,0.5865008675534992,0.0,0.2553051097242435,0.3726052832349433,10,0.2553051097242435,0.3647215853203478,0.3726052832349433,0.41400587026104807,0.2553051097242435,0.3191313871553043,0.3726052832349433,0.3726052832349433,10,10,10,10,0.0,0.0
Candidate_037,Continuing Care Assistant,0.3565949769485931,0.3735961560837528,0.4396201180333152,0.0,0.255566896561321,0.3434909201679841,11,0.25556689656132103,0.3650955665161729,0.3434909201679841,0.38165657796442676,0.25556689656132103,0.31945862070165126,0.3434909201679841,0.3434909201679841,9,11,9,11,5.551115123125783e-17,0.0
Candidate_037,Retail Sales Associate,0.1504414302831156,0.2819847899026622,0.8643994601889338,0.0,0.1513491770650222,0.324229069102809,12,0.1513491770650222,0.21621311009288888,0.32422906910280896,0.3602545212253433,0.1513491770650222,0.18918647133127775,0.32422906910280896,0.32422906910280896,14,12,14,12,0.0,5.551115123125783e-17
Candidate_037,Inside Sales Representative,0.1504414302831156,0.2805576272705943,0.8643994601889338,0.0,0.1508496701437984,0.3237295621815852,13,0.15084967014379846,0.21549952877685496,0.3237295621815852,0.35969951353509466,0.15084967014379846,0.18856208767974808,0.3237295621815852,0.3237295621815852,15,13,15,13,5.551115123125783e-17,0.0
Candidate_037,Administrative Assistant,0.0,0.5777506070495959,0.4384514673595585,0.0,0.2022127124673585,0.2899030059392702,14,0.20221271246735856,0.28887530352479796,0.28990300593927026,0.3221144510436336,0.20221271246735856,0.2527658905841982,0.28990300593927026,0.28990300593927026,12,14,12,14,5.551115123125783e-17,5.551115123125783e-17
Candidate_037,Delivery Driver,0.4379645817265845,0.0,0.3705312074675783,0.0,0.1532876036043045,0.2273938450978202,15,0.15328760360430455,0.2189822908632922,0.2273938450978202,0.2526598278864669,0.15328760360430455,0.19160950450538067,0.2273938450978202,0.2273938450978202,13,15,13,15,5.551115123125783e-17,0.0
Candidate_038,Software Developer,1.0,1.0,0.2290858604605659,1.0,0.7,0.8458171720921132,1,0.7,1.0,0.7458171720921132,0.8286857467690146,0.7999999999999999,0.9999999999999999,0.8458171720921132,0.8458171720921132,1,1,1,1,0.0,0.0
Candidate_038,Information Technology (IT) Analyst,0.6967755018332572,0.8002806024687436,0.266375870790639,1.0,0.5239696365057003,0.677244810663828,2,0.5239696365057003,0.7485280521510005,0.577244810663828,0.6413831229598089,0.6239696365057003,0.7799620456321252,0.677244810663828,0.677244810663828,2,2,2,2,0.0,0.0
Candidate_038,Secondary School Teacher,0.622928673032444,0.3781266761632103,0.3635561348837076,1.0,0.350369372218479,0.5230805991952205,3,0.35036937221847897,0.5005276745978271,0.4230805991952205,0.4700895546613561,0.45036937221847895,0.5629617152730987,0.5230805991952205,0.5230805991952205,3,3,3,3,5.551115123125783e-17,0.0
Candidate_038,Bookkeeper,0.6127816609934615,0.3081787640252034,0.2992257912289334,1.0,0.3223361487565327,0.4821813070023194,4,0.3223361487565327,0.46048021250933246,0.3821813070023194,0.42464589666924374,0.4223361487565327,0.5279201859456658,0.4821813070023194,0.4821813070023194,4,5,4,4,0.0,0.0
Candidate_038,Licensed Practical Nurse (L.P.N.),0.515402242745367,0.1643413731916223,0.3039192124973743,1.0,0.2379102655779462,0.3986941080774211,5,0.23791026557794623,0.33987180796849464,0.2986941080774211,0.33188234230824565,0.33791026557794623,0.4223878319724328,0.3986941080774211,0.3986941080774211,7,8,5,5,2.7755575615628914e-17,0.0
Candidate_038,Office Administrator,0.4361596511409003,0.3911634911927966,0.5286438829565303,0.0,0.2895630998167939,0.3952918764081,6,0.28956309981679385,0.4136615711668484,0.39529187640809993,0.4392131960089999,0.28956309981679385,0.3619538747709923,0.39529187640809993,0.39529187640809993,5,4,6,6,5.551115123125783e-17,5.551115123125783e-17
Candidate_038,Office Manager,0.415371643129516,0.3534848629602952,0.5286438829565303,0.0,0.2690997771314339,0.37482855372274,7,0.2690997771314339,0.3844282530449056,0.37482855372274,0.41647617080304444,0.2690997771314339,0.33637472141429237,0.37482855372274,0.37482855372274,6,6,7,7,0.0,0.0
Candidate_038,Inside Sales Representative,0.1453206504113498,0.2198260207442585,0.8643994601889338,0.0,0.1278013349044629,0.3006812269422496,8,0.1278013349044629,0.18257333557780417,0.30068122694224964,0.33409025215805516,0.1278013349044629,0.15975166863057863,0.30068122694224964,0.30068122694224964,12,7,12,8,0.0,5.551115123125783e-17
Candidate_038,"Driver, Truck",0.2531815289951885,0.0910061577249229,0.8880268984746598,0.0,0.120465690352039,0.298071070046971,9,0.12046569035203898,0.1720938433600557,0.2980710700469709,0.3311900778299677,0.12046569035203898,0.15058211294004872,0.2980710700469709,0.2980710700469709,13,9,13,9,1.3877787807814457e-17,5.551115123125783e-17
Candidate_038,Food Service Supervisor,0.0363615854538611,0.399124450164794,0.6833380235893983,0.0,0.1524201124665293,0.2890877171844089,10,0.15242011246652926,0.21774301780932753,0.28908771718440895,0.32120857464934327,0.15242011246652926,0.19052514058316156,0.28908771718440895,0.28908771718440895,10,10,10,10,5.551115123125783e-17,5.551115123125783e-17
Candidate_038,Retail Sales Associate,0.1453206504113498,0.1794841380169113,0.8643994601889338,0.0,0.1136816759498913,0.2865615679876781,11,0.11368167594989137,0.16240239421413055,0.2865615679876781,0.31840174220853124,0.11368167594989137,0.1421020949373642,0.2865615679876781,0.2865615679876781,14,11,14,11,6.938893903907228e-17,0.0
Candidate_038,Continuing Care Assistant,0.1943017329544611,0.371551554173416,0.4396201180333152,0.0,0.198048650494757,0.28597267410142,12,0.19804865049475698,0.28292664356393854,0.28597267410142,0.31774741566824444,0.19804865049475698,0.24756081311844622,0.28597267410142,0.28597267410142,8,12,8,12,2.7755575615628914e-17,0.0
Candidate_038,Restaurant Manager,0.2680081625644394,0.1295517838938763,0.5865008675534992,0.0,0.1391459812604105,0.2564461547711103,13,0.13914598126041047,0.19877997322915783,0.2564461547711103,0.28494017196790034,0.13914598126041047,0.17393247657551308,0.2564461547711103,0.2564461547711103,11,13,11,13,2.7755575615628914e-17,0.0
Candidate_038,Administrative Assistant,0.0,0.4706945394158445,0.4384514673595585,0.0,0.1647430887955455,0.2524333822674572,14,0.16474308879554556,0.23534726970792225,0.25243338226745726,0.2804815358527303,0.16474308879554556,0.20592886099443194,0.25243338226745726,0.25243338226745726,9,14,9,14,5.551115123125783e-17,5.551115123125783e-17
Candidate_038,Delivery Driver,0.1439520461002038,0.0,0.3705312074675783,0.0,0.0503832161350713,0.124489457628587,15,0.050383216135071324,0.0719760230501019,0.12448945762858699,0.13832161958731887,0.050383216135071324,0.06297902016883915,0.12448945762858699,0.12448945762858699,15,15,15,15,2.0816681711721685e-17,1.3877787807814457e-17
Candidate_039,Food Service Supervisor,1.0,0.513889172419043,0.6833380235893983,1.0,0.529861210346665,0.7665288150645446,1,0.529861210346665,0.7569445862095214,0.6665288150645446,0.7405875722939385,0.629861210346665,0.7873265129333312,0.7665288150645446,0.7665288150645446,1,1,1,1,0.0,0.0
Candidate_039,Administrative Assistant,1.0,0.3882750540546264,0.4384514673595585,1.0,0.4858962689191192,0.6735865623910309,2,0.4858962689191192,0.6941375270273131,0.5735865623910309,0.637318402656701,0.5858962689191192,0.7323703361488989,0.6735865623910309,0.6735865623910309,2,2,2,2,0.0,0.0
Candidate_039,Software Developer,0.0,1.0,0.2290858604605659,0.0,0.35,0.3958171720921131,3,0.35,0.5,0.39581717209211315,0.4397968578801257,0.35,0.43749999999999994,0.39581717209211315,0.39581717209211315,3,3,3,3,0.0,5.551115123125783e-17
Candidate_039,Information Technology (IT) Analyst,0.0,0.8802302489555862,0.266375870790639,0.0,0.3080805871344551,0.3613557612925829,4,0.30808058713445513,0.44011512447779305,0.36135576129258296,0.40150640143620325,0.30808058713445513,0.38510073391806887,0.36135576129258296,0.36135576129258296,4,4,4,4,5.551115123125783e-17,5.551115123125783e-17
Candidate_039,Inside Sales Representative,0.0,0.3741291782036941,0.8643994601889338,0.0,0.1309452123712929,0.3038251044090797,5,0.13094521237129295,0.1870645891018471,0.3038251044090797,0.33758344934342194,0.13094521237129295,0.16368151546411616,0.3038251044090797,0.3038251044090797,8,5,10,5,5.551115123125783e-17,0.0
Candidate_039,Retail Sales Associate,0.0,0.3595391510413994,0.8643994601889338,0.0,0.1258387028644897,0.2987185949022765,6,0.12583870286448978,0.1797695755206997,0.29871859490227654,0.33190954989141835,0.12583870286448978,0.1572983785806122,0.29871859490227654,0.29871859490227654,9,6,11,6,8.326672684688674e-17,5.551115123125783e-17
Candidate_039,Bookkeeper,0.0,0.3552399647655223,0.2992257912289334,1.0,0.1243339876679327,0.2841791459137195,7,0.12433398766793279,0.17761998238276114,0.18417914591371948,0.2046434954596883,0.22433398766793278,0.28041748458491594,0.2841791459137195,0.2841791459137195,10,11,5,7,8.326672684688674e-17,0.0
Candidate_039,Continuing Care Assistant,0.0,0.2642643066612966,0.4396201180333152,1.0,0.0924925073314538,0.2804165309381168,8,0.0924925073314538,0.1321321533306483,0.18041653093811683,0.20046281215346312,0.1924925073314538,0.24061563416431722,0.2804165309381168,0.2804165309381168,11,12,6,8,0.0,0.0
Candidate_039,Office Administrator,0.0,0.4118047710779655,0.5286438829565303,0.0,0.1441316698772879,0.249860446468594,9,0.1441316698772879,0.2059023855389827,0.24986044646859396,0.2776227182984377,0.1441316698772879,0.18016458734660987,0.24986044646859396,0.24986044646859396,6,7,8,9,0.0,5.551115123125783e-17
Candidate_039,Office Manager,0.0,0.4117027002224763,0.5286438829565303,0.0,0.1440959450778667,0.2498247216691727,10,0.1440959450778667,0.20585135011123815,0.24982472166917274,0.2775830240768586,0.1440959450778667,0.18011993134733334,0.24982472166917274,0.24982472166917274,7,8,9,10,0.0,5.551115123125783e-17
Candidate_039,"Driver, Truck",0.0,0.1401430938000636,0.8880268984746598,0.0,0.0490500828300222,0.2266554625249542,11,0.049050082830022254,0.0700715469000318,0.22665546252495422,0.2518394028055047,0.049050082830022254,0.061312603537527814,0.22665546252495422,0.22665546252495422,14,9,15,11,5.551115123125783e-17,2.7755575615628914e-17
Candidate_039,Secondary School Teacher,0.0,0.429918436801065,0.3635561348837076,0.0,0.1504714528803727,0.2231826798571142,12,0.15047145288037275,0.2149592184005325,0.22318267985711426,0.24798075539679362,0.15047145288037275,0.18808931610046592,0.22318267985711426,0.22318267985711426,5,10,7,12,5.551115123125783e-17,5.551115123125783e-17
Candidate_039,Restaurant Manager,0.0,0.1780588870613648,0.5865008675534992,0.0,0.0623206104714776,0.1796207839821775,13,0.062320610471477675,0.0890294435306824,0.1796207839821775,0.1995786488690861,0.062320610471477675,0.07790076308934708,0.1796207839821775,0.1796207839821775,13,13,14,13,7.632783294297951e-17,0.0
Candidate_039,Delivery Driver,0.0,0.0,0.3705312074675783,1.0,0.0,0.1741062414935156,14,0.0,0.0,0.07410624149351566,0.08234026832612851,0.1,0.125,0.17410624149351567,0.17410624149351567,15,15,12,14,0.0,5.551115123125783e-17
Candidate_039,Licensed Practical Nurse (L.P.N.),0.0,0.2211053148008273,0.3039192124973743,0.0,0.0773868601802895,0.1381707026797644,15,0.07738686018028955,0.11055265740041365,0.13817070267976442,0.153523002977516,0.07738686018028955,0.09673357522536193,0.13817070267976442,0.13817070267976442,12,14,13,15,5.551115123125783e-17,2.7755575615628914e-17
Candidate_040,Software Developer,1.0,1.0,0.2290858604605659,1.0,0.7,0.8458171720921132,1,0.7,1.0,0.7458171720921132,0.8286857467690146,0.7999999999999999,0.9999999999999999,0.8458171720921132,0.8458171720921132,1,1,1,1,0.0,0.0
Candidate_040,Information Technology (IT) Analyst,0.748978023802547,0.7572158797297645,0.266375870790639,1.0,0.527167866236309,0.6804430403944367,2,0.527167866236309,0.7530969517661557,0.5804430403944367,0.6449367115493742,0.6271678662363089,0.7839598327953862,0.6804430403944367,0.6804430403944367,2,2,2,2,0.0,0.0
Candidate_040,Secondary School Teacher,0.7526708825815293,0.4673912461102414,0.3635561348837076,1.0,0.4270217450421197,0.5997329720188612,3,0.4270217450421197,0.6100310643458853,0.49973297201886124,0.5552588577987347,0.5270217450421197,0.6587771813026496,0.5997329720188612,0.5997329720188612,3,3,3,3,0.0,0.0
Candidate_040,Bookkeeper,0.6385558186579218,0.5150739633792267,0.2992257912289334,1.0,0.403770423713002,0.5636155819587887,4,0.403770423713002,0.5768148910185743,0.46361558195878866,0.515128424398654,0.503770423713002,0.6297130296412524,0.5636155819587887,0.5636155819587887,4,4,4,4,0.0,0.0
Candidate_040,Licensed Practical Nurse (L.P.N.),0.7418067115235827,0.244974745090678,0.3039192124973743,1.0,0.3453735098149912,0.5061573523144661,5,0.34537350981499126,0.49339072830713043,0.40615735231446615,0.4512859470160735,0.44537350981499124,0.556716887268739,0.5061573523144661,0.5061573523144661,5,8,5,5,5.551115123125783e-17,0.0
Candidate_040,Office Administrator,0.485880918740978,0.4804827097310337,0.5286438829565303,0.0,0.3382272699652041,0.4439560465565101,6,0.338227269965204,0.48318181423600576,0.4439560465565101,0.49328449617390013,0.338227269965204,0.42278408745650503,0.4439560465565101,0.4439560465565101,6,5,6,6,5.551115123125783e-17,0.0
Candidate_040,Office Manager,0.5169841651160179,0.4321563105126158,0.5286438829565303,0.0,0.3321991664700218,0.4379279430613279,7,0.3321991664700218,0.4745702378143169,0.4379279430613279,0.4865866034014754,0.3321991664700218,0.4152489580875272,0.4379279430613279,0.4379279430613279,7,6,7,7,0.0,0.0
Candidate_040,Restaurant Manager,0.5859365380614188,0.2776702408504878,0.5865008675534992,0.0,0.3022623726191673,0.4195625461298671,8,0.3022623726191673,0.43180338945595326,0.4195625461298671,0.4661806068109634,0.3022623726191673,0.37782796577395905,0.4195625461298671,0.4195625461298671,8,7,8,8,0.0,0.0
Candidate_040,Food Service Supervisor,0.3524717159774569,0.3431874191587017,0.6833380235893983,0.0,0.2434806972976555,0.3801483020155352,9,0.24348069729765548,0.34782956756807926,0.3801483020155352,0.4223870022394835,0.24348069729765548,0.3043508716220693,0.3801483020155352,0.3801483020155352,10,9,10,9,2.7755575615628914e-17,0.0
Candidate_040,Inside Sales Representative,0.3556788187243629,0.2349695923095157,0.8643994601889338,0.0,0.2067269438618575,0.3796068358996443,10,0.2067269438618575,0.2953242055169393,0.3796068358996443,0.42178537322182696,0.2067269438618575,0.25840867982732185,0.3796068358996443,0.3796068358996443,11,10,11,10,0.0,0.0
Candidate_040,Retail Sales Associate,0.3556788187243629,0.2058799348410591,0.8643994601889338,0.0,0.1965455637478977,0.3694254557856845,11,0.1965455637478977,0.28077937678271103,0.3694254557856844,0.41047272865076045,0.1965455637478977,0.2456819546848721,0.3694254557856844,0.3694254557856844,12,11,12,11,0.0,5.551115123125783e-17
Candidate_040,"Driver, Truck",0.382628766688303,0.1220204075260535,0.8880268984746598,0.0,0.1766272109750248,0.3542325906699567,12,0.17662721097502476,0.25232458710717826,0.3542325906699567,0.393591767411063,0.17662721097502476,0.22078401371878095,0.3542325906699567,0.3542325906699567,13,12,13,12,2.7755575615628914e-17,0.0
Candidate_040,Continuing Care Assistant,0.3995848767117647,0.3292741710054537,0.4396201180333152,0.0,0.2551006667010265,0.3430246903076895,13,0.25510066670102644,0.3644295238586092,0.34302469030768945,0.3811385447863216,0.25510066670102644,0.318875833376283,0.34302469030768945,0.34302469030768945,9,13,9,13,5.551115123125783e-17,5.551115123125783e-17
Candidate_040,Administrative Assistant,0.0,0.5027811900762866,0.4384514673595585,0.0,0.1759734165267003,0.263663709998612,14,0.17597341652670032,0.2513905950381433,0.263663709998612,0.29295967777623555,0.17597341652670032,0.2199667706583754,0.263663709998612,0.263663709998612,14,14,14,14,2.7755575615628914e-17,0.0
Candidate_040,Delivery Driver,0.3216787247334663,0.0,0.3705312074675783,0.0,0.1125875536567132,0.1866937951502288,15,0.1125875536567132,0.16083936236673316,0.18669379515022888,0.20743755016692098,0.1125875536567132,0.1407344420708915,0.18669379515022888,0.18669379515022888,15,15,15,15,0.0,8.326672684688674e-17
Candidate_041,Office Manager,1.0,0.5343598302672412,0.5286438829565303,1.0,0.5370259405935344,0.7427547171848404,1,0.5370259405935344,0.7671799151336206,0.6427547171848405,0.714171907983156,0.6370259405935343,0.7962824257419179,0.7427547171848404,0.7427547171848404,2,1,2,1,0.0,0.0
Candidate_041,Software Developer,0.6107545962375409,1.0,0.2290858604605659,1.0,0.5637641086831393,0.7095812807752525,2,0.5637641086831393,0.8053772981187705,0.6095812807752525,0.677312534194725,0.6637641086831393,0.829705135853924,0.7095812807752525,0.7095812807752525,1,2,1,2,0.0,0.0
Candidate_041,Office Administrator,0.6965201981839471,0.6998466189168371,0.5286438829565303,1.0,0.4887283859852744,0.6944571625765805,3,0.48872838598527446,0.6981834085503922,0.5944571625765805,0.6605079584184228,0.5887283859852744,0.735910482481593,0.6944571625765805,0.6944571625765805,4,3,4,3,5.551115123125783e-17,0.0
Candidate_041,Bookkeeper,0.8651912881078708,0.5828269065619409,0.2992257912289334,1.0,0.5068063681344341,0.6666515263802207,4,0.5068063681344341,0.7240090973349059,0.5666515263802208,0.6296128070891341,0.6068063681344341,0.7585079601680426,0.6666515263802207,0.6666515263802207,3,4,3,4,0.0,0.0
Candidate_041,"Driver, Truck",0.7084372515340016,0.1883289660206143,0.8880268984746598,1.0,0.3138681761441155,0.5914735558390475,5,0.31386817614411555,0.44838310877730797,0.4914735558390475,0.5460817287100528,0.41386817614411553,0.5173352201801443,0.5914735558390475,0.5914735558390475,8,7,6,5,5.551115123125783e-17,0.0
Candidate_041,Food Service Supervisor,0.5805913431169348,0.5442664821443903,0.6833380235893983,0.0,0.3937002388414637,0.5303678435593434,6,0.39370023884146377,0.5624289126306625,0.5303678435593434,0.589297603954826,0.39370023884146377,0.4921252985518297,0.5303678435593434,0.5303678435593434,7,5,8,6,5.551115123125783e-17,0.0
Candidate_041,Information Technology (IT) Analyst,0.3355065557127186,0.9337171837185604,0.266375870790639,0.0,0.4442283088009475,0.4975034829590753,7,0.4442283088009476,0.6346118697156394,0.4975034829590754,0.552781647732306,0.4442283088009476,0.5552853860011845,0.4975034829590754,0.4975034829590754,5,6,5,7,1.1102230246251565e-16,1.1102230246251565e-16
Candidate_041,Secondary School Teacher,0.5736776339520058,0.5592736005684135,0.3635561348837076,0.0,0.3965329320821467,0.4692441590588882,8,0.3965329320821467,0.5664756172602096,0.4692441590588882,0.5213823989543203,0.3965329320821467,0.49566616510268335,0.4692441590588882,0.4692441590588882,6,8,7,8,0.0,0.0
Candidate_041,Administrative Assistant,0.0586866520966104,0.7492095908349041,0.4384514673595585,0.0,0.28276368502603,0.3704539784979417,9,0.28276368502603005,0.40394812146575726,0.37045397849794176,0.4116155316643797,0.28276368502603005,0.35345460628253755,0.37045397849794176,0.37045397849794176,9,9,9,9,5.551115123125783e-17,5.551115123125783e-17
Candidate_041,Restaurant Manager,0.407045245201408,0.3046408127463942,0.5865008675534992,0.0,0.2490901202817307,0.3663902937924306,10,0.24909012028173078,0.35584302897390113,0.3663902937924306,0.407100326436034,0.24909012028173078,0.31136265035216343,0.3663902937924306,0.3663902937924306,10,10,10,10,8.326672684688674e-17,0.0
Candidate_041,Inside Sales Representative,0.2315968974451504,0.2469590431108726,0.8643994601889338,0.0,0.167494579194608,0.3403744712323948,11,0.16749457919460803,0.23927797027801148,0.3403744712323948,0.37819385692488305,0.16749457919460803,0.20936822399326002,0.3403744712323948,0.3403744712323948,12,11,12,11,2.7755575615628914e-17,0.0
Candidate_041,Retail Sales Associate,0.2315968974451504,0.2270768086211548,0.8643994601889338,0.0,0.1605357971232068,0.3334156891609936,12,0.1605357971232068,0.2293368530331526,0.33341568916099357,0.3704618768455484,0.1605357971232068,0.2006697464040085,0.33341568916099357,0.33341568916099357,13,12,13,12,0.0,5.551115123125783e-17
Candidate_041,Continuing Care Assistant,0.0,0.4825434951920812,0.4396201180333152,0.0,0.1688902233172284,0.2568142469238914,13,0.1688902233172284,0.24127174759604056,0.25681424692389143,0.28534916324876825,0.1688902233172284,0.21111277914653548,0.25681424692389143,0.25681424692389143,11,13,11,13,0.0,5.551115123125783e-17
Candidate_041,Delivery Driver,0.4125290559952861,0.0,0.3705312074675783,0.0,0.1443851695983501,0.2184914110918658,14,0.14438516959835013,0.20626452799764305,0.2184914110918658,0.24276823454651753,0.14438516959835013,0.18048146199793766,0.2184914110918658,0.2184914110918658,14,14,14,14,2.7755575615628914e-17,0.0
Candidate_041,Licensed Practical Nurse (L.P.N.),0.0735882710310213,0.209882057064452,0.3039192124973743,0.0,0.0992146148334156,0.1599984573328905,15,0.09921461483341565,0.14173516404773664,0.1599984573328905,0.17777606370321167,0.09921461483341565,0.12401826854176956,0.1599984573328905,0.1599984573328905,15,15,15,15,5.551115123125783e-17,0.0
Candidate_042,Software Developer,1.0,1.0,0.2290858604605659,1.0,0.7,0.8458171720921132,1,0.7,1.0,0.7458171720921132,0.8286857467690146,0.7999999999999999,0.9999999999999999,0.8458171720921132,0.8458171720921132,1,1,1,1,0.0,0.0
Candidate_042,Information Technology (IT) Analyst,0.748978023802547,0.921812137321768,0.266375870790639,1.0,0.5847765563935102,0.738051730551638,2,0.5847765563935102,0.8353950805621575,0.638051730551638,0.7089463672795978,0.6847765563935102,0.8559706954918878,0.738051730551638,0.738051730551638,2,2,2,2,0.0,0.0
Candidate_042,Secondary School Teacher,0.7526708825815293,0.3381132926887392,0.3635561348837076,1.0,0.3817744613445939,0.5544856883213355,3,0.3817744613445939,0.5453920876351342,0.45448568832133546,0.5049840981348171,0.4817744613445939,0.6022180766807423,0.5544856883213355,0.5544856883213355,3,3,3,3,0.0,0.0
Candidate_042,Bookkeeper,0.6385558186579218,0.2943511943048012,0.2992257912289334,1.0,0.326517454536953,0.4863626127827397,4,0.326517454536953,0.46645350648136147,0.3863626127827397,0.4292917919808219,0.426517454536953,0.5331468181711913,0.48636261278273973,0.48636261278273973,4,7,4,4,0.0,5.551115123125783e-17
Candidate_042,Licensed Practical Nurse (L.P.N.),0.7418067115235827,0.1739451914512551,0.3039192124973743,1.0,0.3205131660411932,0.4812970085406681,5,0.32051316604119323,0.45787595148741894,0.3812970085406681,0.4236633428229646,0.42051316604119326,0.5256414575514915,0.48129700854066815,0.48129700854066815,5,9,5,5,5.551115123125783e-17,5.551115123125783e-17
Candidate_042,Office Administrator,0.485880918740978,0.4125726558923365,0.5286438829565303,0.0,0.3144587511216601,0.4201875277129662,6,0.31445875112166005,0.4492267873166573,0.42018752771296614,0.46687503079218456,0.31445875112166005,0.393073438902075,0.42018752771296614,0.42018752771296614,6,4,6,6,5.551115123125783e-17,5.551115123125783e-17
Candidate_042,Office Manager,0.5169841651160179,0.3432329286801496,0.5286438829565303,0.0,0.3010759828286586,0.4068047594199647,7,0.3010759828286586,0.43010854689808375,0.4068047594199647,0.4520052882444052,0.3010759828286586,0.3763449785358232,0.4068047594199647,0.4068047594199647,7,5,7,7,0.0,0.0
Candidate_042,Inside Sales Representative,0.3556788187243629,0.2805093531685249,0.8643994601889338,0.0,0.2226658601625107,0.3955457522002975,8,0.22266586016251072,0.3180940859464439,0.3955457522002975,0.43949528022255274,0.22266586016251072,0.2783323252031384,0.3955457522002975,0.3955457522002975,9,6,9,8,2.7755575615628914e-17,0.0
Candidate_042,Continuing Care Assistant,0.3995848767117647,0.4519166988415722,0.4396201180333152,0.0,0.2980255514436679,0.385949575050331,9,0.29802555144366794,0.4257507877766685,0.385949575050331,0.42883286116703445,0.29802555144366794,0.3725319393045849,0.385949575050331,0.385949575050331,8,8,8,9,5.551115123125783e-17,0.0
Candidate_042,Retail Sales Associate,0.3556788187243629,0.2310919776701054,0.8643994601889338,0.0,0.2053697787380639,0.3782496707758507,10,0.2053697787380639,0.29338539819723414,0.37824967077585064,0.42027741197316737,0.2053697787380639,0.2567122234225798,0.37824967077585064,0.37824967077585064,12,10,12,10,0.0,5.551115123125783e-17
Candidate_042,Food Service Supervisor,0.3524717159774569,0.2793908470519405,0.6833380235893983,0.0,0.2211518970602891,0.3578195017781688,11,0.2211518970602891,0.31593128151469874,0.3578195017781688,0.3975772241979653,0.2211518970602891,0.27643987132536135,0.3578195017781688,0.3578195017781688,10,11,10,11,0.0,0.0
Candidate_042,Restaurant Manager,0.5859365380614188,0.0206785895279318,0.5865008675534992,0.0,0.2123152946562727,0.3296154681669725,12,0.2123152946562727,0.3033075637946753,0.3296154681669725,0.3662394090744139,0.2123152946562727,0.2653941183203408,0.3296154681669725,0.3296154681669725,11,12,11,12,0.0,0.0
Candidate_042,"Driver, Truck",0.382628766688303,0.0512720055584244,0.8880268984746598,0.0,0.1518652702863546,0.3294706499812865,13,0.15186527028635458,0.2169503861233637,0.3294706499812865,0.3660784999792072,0.15186527028635458,0.1898315878579432,0.3294706499812865,0.3294706499812865,14,13,14,13,2.7755575615628914e-17,0.0
Candidate_042,Administrative Assistant,0.0,0.5258159344707581,0.4384514673595585,0.0,0.1840355770647653,0.271725870536677,14,0.18403557706476534,0.26290796723537907,0.27172587053667707,0.30191763392964116,0.18403557706476534,0.23004447133095665,0.27172587053667707,0.27172587053667707,13,14,13,14,2.7755575615628914e-17,5.551115123125783e-17
Candidate_042,Delivery Driver,0.3216787247334663,0.0,0.3705312074675783,0.0,0.1125875536567132,0.1866937951502288,15,0.1125875536567132,0.16083936236673316,0.18669379515022888,0.20743755016692098,0.1125875536567132,0.1407344420708915,0.18669379515022888,0.18669379515022888,15,15,15,15,0.0,8.326672684688674e-17
Candidate_043,Software Developer,1.0,1.0,0.2290858604605659,1.0,0.7,0.8458171720921132,1,0.7,1.0,0.7458171720921132,0.8286857467690146,0.7999999999999999,0.9999999999999999,0.8458171720921132,0.8458171720921132,1,1,1,1,0.0,0.0
Candidate_043,Information Technology (IT) Analyst,0.7738350746874031,0.7703823537056987,0.266375870790639,1.0,0.5404760999375856,0.6937512740957134,2,0.5404760999375856,0.7721087141965509,0.5937512740957134,0.6597236378841259,0.6404760999375856,0.8005951249219819,0.6937512740957134,0.6937512740957134,2,2,2,2,0.0,0.0
Candidate_043,Retail Sales Associate,0.7767135511032782,0.2548435031495767,0.8643994601889338,0.0,0.3610449689884992,0.533924861026286,3,0.36104496898849925,0.5157785271264276,0.533924861026286,0.5932498455847622,0.36104496898849925,0.45130621123562403,0.533924861026286,0.533924861026286,4,3,5,3,5.551115123125783e-17,0.0
Candidate_043,Inside Sales Representative,0.7767135511032782,0.2538456317493509,0.8643994601889338,0.0,0.3606957139984201,0.5335756060362069,4,0.36069571399842015,0.5152795914263145,0.5335756060362069,0.5928617844846743,0.36069571399842015,0.4508696424980252,0.5335756060362069,0.5335756060362069,5,4,6,4,5.551115123125783e-17,0.0
Candidate_043,Licensed Practical Nurse (L.P.N.),0.7948077509326965,0.1660271721393149,0.3039192124973743,1.0,0.336292223075204,0.4970760655746788,5,0.33629222307520396,0.4804174615360057,0.39707606557467884,0.4411956284163098,0.436292223075204,0.545365278844005,0.49707606557467887,0.49707606557467887,6,8,3,5,5.551115123125783e-17,5.551115123125783e-17
Candidate_043,Secondary School Teacher,0.7410024076678464,0.405311968391593,0.3635561348837076,0.0,0.4012100316208038,0.4739212585975453,6,0.4012100316208038,0.5731571880297198,0.47392125859754536,0.5265791762194948,0.4012100316208038,0.5015125395260047,0.47392125859754536,0.47392125859754536,3,5,4,6,0.0,5.551115123125783e-17
Candidate_043,Restaurant Manager,0.7079353063882137,0.1406009467503473,0.5865008675534992,0.0,0.2969876885984963,0.4142878621091961,7,0.29698768859849634,0.4242681265692805,0.41428786210919616,0.4603198467879957,0.29698768859849634,0.3712346107481204,0.41428786210919616,0.41428786210919616,8,6,8,7,5.551115123125783e-17,5.551115123125783e-17
Candidate_043,Office Administrator,0.438523042434739,0.412983375549118,0.5286438829565303,0.0,0.2980272462943499,0.403756022885656,8,0.29802724629434996,0.42575320899192853,0.40375602288565604,0.44861780320628447,0.29802724629434996,0.3725340578679374,0.40375602288565604,0.40375602288565604,7,7,7,8,5.551115123125783e-17,5.551115123125783e-17
Candidate_043,Food Service Supervisor,0.333117560760481,0.3339897960067814,0.6833380235893983,0.0,0.2334875748685418,0.3701551795864215,9,0.23348757486854183,0.3335536783836312,0.3701551795864215,0.4112835328738017,0.23348757486854183,0.29185946858567724,0.3701551795864215,0.3701551795864215,11,9,11,9,2.7755575615628914e-17,0.0
Candidate_043,Continuing Care Assistant,0.5105915810267684,0.2780608008387318,0.4396201180333152,0.0,0.276028333652925,0.3639523572595881,10,0.27602833365292506,0.3943261909327501,0.3639523572595881,0.40439150806620894,0.27602833365292506,0.3450354170661563,0.3639523572595881,0.3639523572595881,10,10,10,10,5.551115123125783e-17,0.0
Candidate_043,Bookkeeper,0.4981504459529629,0.3484639856514468,0.2992257912289334,0.0,0.2963150510615434,0.35616020930733,11,0.2963150510615434,0.4233072158022049,0.35616020930733006,0.3957335658970334,0.2963150510615434,0.3703938138269292,0.35616020930733006,0.35616020930733006,9,11,9,11,0.0,5.551115123125783e-17
Candidate_043,Office Manager,0.2987905477628197,0.3504095460623792,0.5286438829565303,0.0,0.2272200328388196,0.3329488094301257,12,0.22722003283881959,0.3246000469125994,0.33294880943012567,0.36994312158902853,0.22722003283881959,0.28402504104852444,0.33294880943012567,0.33294880943012567,12,12,12,12,2.7755575615628914e-17,5.551115123125783e-17
Candidate_043,Administrative Assistant,0.0490167179296767,0.434554582554724,0.4384514673595585,0.0,0.1692499551695402,0.256940248641452,13,0.16924995516954025,0.24178565024220036,0.25694024864145193,0.2854891651571688,0.16924995516954025,0.2115624439619253,0.25694024864145193,0.25694024864145193,13,13,13,13,5.551115123125783e-17,5.551115123125783e-17
Candidate_043,"Driver, Truck",0.0,0.1053306694547376,0.8880268984746598,0.0,0.0368657343091581,0.2144711140040901,14,0.036865734309158155,0.0526653347273688,0.2144711140040901,0.23830123778232234,0.036865734309158155,0.04608216788644769,0.2144711140040901,0.2144711140040901,15,14,15,14,5.551115123125783e-17,0.0
Candidate_043,Delivery Driver,0.1342673037836172,0.0,0.3705312074675783,0.0,0.046993556324266,0.1210997978177817,15,0.046993556324266016,0.0671336518918086,0.12109979781778168,0.13455533090864633,0.046993556324266016,0.058741945405332514,0.12109979781778168,0.12109979781778168,14,15,14,15,1.3877787807814457e-17,1.3877787807814457e-17
Candidate_044,Software Developer,1.0,1.0,0.2290858604605659,1.0,0.7,0.8458171720921132,1,0.7,1.0,0.7458171720921132,0.8286857467690146,0.7999999999999999,0.9999999999999999,0.8458171720921132,0.8458171720921132,1,1,1,1,0.0,0.0
Candidate_044,Information Technology (IT) Analyst,0.7423628368355979,0.9385772405725424,0.266375870790639,1.0,0.5883290270928492,0.7416042012509769,2,0.5883290270928491,0.8404700387040701,0.6416042012509768,0.7128935569455298,0.688329027092849,0.8604112838660612,0.7416042012509768,0.7416042012509768,2,2,2,2,1.1102230246251565e-16,1.1102230246251565e-16
Candidate_044,Bookkeeper,0.721884610788012,0.6129490941199208,0.2992257912289334,1.0,0.4671917967177764,0.6270369549635632,3,0.46719179671777644,0.6674168524539664,0.5270369549635632,0.5855966166261813,0.5671917967177764,0.7089897458972205,0.6270369549635632,0.6270369549635632,3,4,3,3,5.551115123125783e-17,0.0
Candidate_044,Secondary School Teacher,0.7652088874501872,0.5025670109369171,0.3635561348837076,1.0,0.4437215644354865,0.616432791412228,4,0.4437215644354865,0.6338879491935522,0.516432791412228,0.5738142126802533,0.5437215644354865,0.6796519555443581,0.616432791412228,0.616432791412228,4,6,4,4,0.0,0.0
Candidate_044,Office Manager,0.6444469323344962,0.5839072419331707,0.5286438829565303,0.0,0.4299239609936834,0.5356527375849894,5,0.4299239609936834,0.6141770871338335,0.5356527375849894,0.5951697084277661,0.4299239609936834,0.5374049512421042,0.5356527375849894,0.5356527375849894,5,3,6,5,0.0,0.0
Candidate_044,Office Administrator,0.5241184134131428,0.6662595678105613,0.5286438829565303,0.0,0.4166322934282964,0.5223610700196025,6,0.41663229342829644,0.595188990611852,0.5223610700196025,0.5804011889106695,0.41663229342829644,0.5207903667853705,0.5223610700196025,0.5223610700196025,6,5,7,6,5.551115123125783e-17,0.0
Candidate_044,Licensed Practical Nurse (L.P.N.),0.7205451712511525,0.3097218720772542,0.3039192124973743,1.0,0.3605934651649423,0.5213773076644171,7,0.3605934651649423,0.5151335216642033,0.42137730766441717,0.4681970085160191,0.46059346516494226,0.5757418314561777,0.5213773076644171,0.5213773076644171,7,10,5,7,0.0,0.0
Candidate_044,Food Service Supervisor,0.3793976676232576,0.634898110197806,0.6833380235893983,0.0,0.3550035222373722,0.4916711269552518,8,0.3550035222373722,0.5071478889105318,0.49167112695525184,0.546301252172502,0.3550035222373722,0.44375440279671524,0.49167112695525184,0.49167112695525184,8,7,8,8,0.0,5.551115123125783e-17
Candidate_044,"Driver, Truck",0.6002177736888549,0.1587471025362027,0.8880268984746598,0.0,0.2656377066787701,0.4432430863737021,9,0.2656377066787701,0.3794824381125288,0.4432430863737021,0.4924923181930023,0.2656377066787701,0.33204713334846264,0.4432430863737021,0.4432430863737021,10,8,10,9,0.0,0.0
Candidate_044,Restaurant Manager,0.5323402230405684,0.3445547701866349,0.5865008675534992,0.0,0.3069132476295211,0.4242134211402209,10,0.3069132476295211,0.4384474966136016,0.4242134211402209,0.4713482457113566,0.3069132476295211,0.3836415595369014,0.4242134211402209,0.4242134211402209,9,9,9,10,0.0,0.0
Candidate_044,Continuing Care Assistant,0.3565949769485931,0.3726192582410959,0.4396201180333152,0.0,0.2552249823163911,0.3431490059230542,11,0.2552249823163911,0.3646071175948445,0.3431490059230542,0.381276673247838,0.2552249823163911,0.3190312278954889,0.3431490059230542,0.3431490059230542,11,11,11,11,0.0,0.0
Candidate_044,Inside Sales Representative,0.1504414302831156,0.2703537510638845,0.8643994601889338,0.0,0.14727831347145,0.3201582055092368,12,0.14727831347145,0.21039759067350003,0.3201582055092368,0.35573133945470753,0.14727831347145,0.1840978918393125,0.3201582055092368,0.3201582055092368,14,12,14,12,0.0,0.0
Candidate_044,Administrative Assistant,0.0,0.6475515434957684,0.4384514673595585,0.0,0.2266430402235189,0.3143333336954306,13,0.22664304022351892,0.3237757717478842,0.3143333336954306,0.34925925966158955,0.22664304022351892,0.2833038002793986,0.3143333336954306,0.3143333336954306,12,13,12,13,2.7755575615628914e-17,0.0
Candidate_044,Retail Sales Associate,0.1504414302831156,0.233053539696633,0.8643994601889338,0.0,0.134223239492912,0.3071031315306988,14,0.134223239492912,0.19174748498987432,0.3071031315306988,0.34122570170077643,0.134223239492912,0.16777904936614,0.3071031315306988,0.3071031315306988,15,14,15,14,0.0,0.0
Candidate_044,Delivery Driver,0.4379645817265845,0.0,0.3705312074675783,0.0,0.1532876036043045,0.2273938450978202,15,0.15328760360430455,0.2189822908632922,0.2273938450978202,0.2526598278864669,0.15328760360430455,0.19160950450538067,0.2273938450978202,0.2273938450978202,13,15,13,15,5.551115123125783e-17,0.0
Candidate_045,Administrative Assistant,1.0,0.627235597949905,0.4384514673595585,1.0,0.5695324592824667,0.7572227527543783,1,0.5695324592824667,0.8136177989749525,0.6572227527543784,0.7302475030604204,0.6695324592824666,0.8369155741030833,0.7572227527543783,0.7572227527543783,1,1,1,1,0.0,0.0
Candidate_045,Bookkeeper,0.9117805659074192,0.4724530962620024,0.2992257912289334,1.0,0.4844817817592975,0.6443269400050843,2,0.4844817817592975,0.6921168310847108,0.5443269400050842,0.6048077111167602,0.5844817817592975,0.7306022271991219,0.6443269400050842,0.6443269400050842,2,2,2,2,0.0,1.1102230246251565e-16
Candidate_045,"Driver, Truck",0.7696051221810564,0.0699628162530889,0.8880268984746598,1.0,0.2938487784519508,0.5714541581468828,3,0.2938487784519508,0.41978396921707256,0.47145415814688274,0.5238379534965364,0.39384877845195077,0.49231097306493843,0.5714541581468827,0.5714541581468827,12,6,5,3,0.0,1.1102230246251565e-16
Candidate_045,Delivery Driver,0.9707125781406836,0.0,0.3705312074675783,1.0,0.3397494023492392,0.5138556438427548,4,0.3397494023492392,0.4853562890703418,0.41385564384275486,0.4598396042697276,0.4397494023492392,0.549686752936549,0.5138556438427548,0.5138556438427548,6,11,3,4,0.0,0.0
Candidate_045,Inside Sales Representative,0.6045794064046994,0.3617665938290944,0.8643994601889338,0.0,0.3382211000818278,0.5111009921196146,5,0.3382211000818278,0.4831730001168969,0.5111009921196146,0.5678899912440162,0.3382211000818278,0.4227763751022848,0.5111009921196146,0.5111009921196146,7,3,8,5,0.0,0.0
Candidate_045,Office Administrator,0.5173211044085277,0.5941405665366233,0.5286438829565303,0.0,0.3890115848308028,0.4947403614221089,6,0.38901158483080284,0.5557308354725755,0.4947403614221089,0.5497115126912321,0.38901158483080284,0.4862644810385035,0.4947403614221089,0.4947403614221089,4,4,6,6,5.551115123125783e-17,0.0
Candidate_045,Retail Sales Associate,0.6045794064046994,0.3121977989084342,0.8643994601889338,0.0,0.3208720218595967,0.4937519138973835,7,0.32087202185959673,0.4583886026565668,0.4937519138973835,0.5486132376637595,0.32087202185959673,0.4010900273244959,0.4937519138973835,0.4937519138973835,10,5,11,7,5.551115123125783e-17,0.0
Candidate_045,Food Service Supervisor,0.6003801993523162,0.3347011165101823,0.6833380235893983,0.0,0.3272784605518745,0.4639460652697541,8,0.3272784605518745,0.46754065793124927,0.4639460652697541,0.5154956280775046,0.3272784605518745,0.4090980756898431,0.4639460652697541,0.4639460652697541,9,7,10,8,0.0,0.0
Candidate_045,Information Technology (IT) Analyst,0.2110106741442671,0.9215033807941624,0.266375870790639,0.0,0.3963799192284503,0.4496550933865781,9,0.3963799192284503,0.5662570274692147,0.4496550933865781,0.49961677042953123,0.3963799192284503,0.49547489903556285,0.4496550933865781,0.4496550933865781,3,8,4,9,0.0,0.0
Candidate_045,Office Manager,0.4407151097896133,0.4947728232707728,0.5286438829565303,0.0,0.3274207765711351,0.4331495531624412,10,0.3274207765711351,0.46774396653019307,0.4331495531624412,0.4812772812916013,0.3274207765711351,0.40927597071391886,0.4331495531624412,0.4331495531624412,8,9,9,10,0.0,0.0
Candidate_045,Software Developer,0.0993119119998125,1.0,0.2290858604605659,0.0,0.3847591691999343,0.4305763412920475,11,0.38475916919993436,0.5496559559999062,0.4305763412920475,0.4784181569911639,0.38475916919993436,0.48094896149991795,0.4305763412920475,0.4305763412920475,5,10,7,11,5.551115123125783e-17,0.0
Candidate_045,Continuing Care Assistant,0.4449064720329464,0.4648339203576025,0.4396201180333152,0.0,0.3184091373366921,0.4063331609433551,12,0.31840913733669207,0.4548701961952744,0.40633316094335514,0.45148128993706127,0.31840913733669207,0.39801142167086506,0.40633316094335514,0.40633316094335514,11,12,12,12,5.551115123125783e-17,5.551115123125783e-17
Candidate_045,Restaurant Manager,0.4530378096479797,0.2147968363881876,0.5865008675534992,0.0,0.2337421261126585,0.3510422996233583,13,0.23374212611265854,0.33391732301808363,0.35104229962335837,0.3900469995815093,0.23374212611265854,0.29217765764082315,0.35104229962335837,0.35104229962335837,13,13,13,13,5.551115123125783e-17,5.551115123125783e-17
Candidate_045,Secondary School Teacher,0.0,0.4827404887101763,0.3635561348837076,0.0,0.1689591710485617,0.2416703980253032,14,0.16895917104856167,0.2413702443550881,0.2416703980253032,0.2685226644725591,0.16895917104856167,0.21119896381070208,0.2416703980253032,0.2416703980253032,14,14,14,14,2.7755575615628914e-17,0.0
Candidate_045,Licensed Practical Nurse (L.P.N.),0.093432833670685,0.3489563273899205,0.3039192124973743,0.0,0.1548362063712119,0.2156200488706867,15,0.15483620637121193,0.22119458053030278,0.21562004887068678,0.23957783207854086,0.15483620637121193,0.1935452579640149,0.21562004887068678,0.21562004887068678,15,15,15,15,2.7755575615628914e-17,8.326672684688674e-17
Candidate_046,Software Developer,0.9586203053787364,1.0,0.2290858604605659,1.0,0.6855171068825577,0.8313342789746709,1,0.6855171068825577,0.9793101526893683,0.731334278974671,0.8125936433051899,0.7855171068825577,0.9818963836031971,0.8313342789746709,0.8313342789746709,1,1,1,1,0.0,0.0
Candidate_046,Office Administrator,0.8282958131801998,0.5704189067595601,0.5286438829565303,1.0,0.4895501519789159,0.695278928570222,2,0.48955015197891594,0.6993573599698799,0.595278928570222,0.6614210317446911,0.5895501519789159,0.7369376899736448,0.695278928570222,0.695278928570222,4,2,3,2,5.551115123125783e-17,0.0
Candidate_046,Office Manager,0.943487840364431,0.4148083096367932,0.5286438829565303,1.0,0.4754036525004285,0.6811324290917345,3,0.47540365250042843,0.6791480750006121,0.5811324290917345,0.645702698990816,0.5754036525004285,0.7192545656255356,0.6811324290917344,0.6811324290917344,5,3,4,3,5.551115123125783e-17,1.1102230246251565e-16
Candidate_046,Bookkeeper,1.0,0.4216220976432645,0.2992257912289334,1.0,0.4975677341751425,0.6574128924209292,4,0.49756773417514255,0.7108110488216323,0.5574128924209292,0.6193476582454769,0.5975677341751425,0.7469596677189281,0.6574128924209292,0.6574128924209292,2,4,2,4,5.551115123125783e-17,0.0
Candidate_046,Secondary School Teacher,0.6708668478882523,0.5240140586953158,0.3635561348837076,1.0,0.4182083173042488,0.5909195442809904,5,0.4182083173042488,0.597440453291784,0.4909195442809903,0.5454661603122115,0.5182083173042488,0.6477603966303109,0.5909195442809904,0.5909195442809904,6,6,5,5,0.0,0.0
Candidate_046,Information Technology (IT) Analyst,0.5728400986875511,0.8475260962372448,0.266375870790639,0.0,0.4971281682236785,0.5504033423818063,6,0.49712816822367856,0.7101830974623979,0.5504033423818063,0.6115592693131181,0.49712816822367856,0.6214102102795982,0.5504033423818063,0.5504033423818063,3,5,6,6,5.551115123125783e-17,0.0
Candidate_046,Inside Sales Representative,0.4220752106131171,0.254129431928966,0.8643994601889338,0.0,0.236671624889729,0.4095515169275158,7,0.23667162488972904,0.3381023212710415,0.4095515169275158,0.4550572410305731,0.23667162488972904,0.29583953111216127,0.4095515169275158,0.4095515169275158,8,7,8,7,2.7755575615628914e-17,0.0
Candidate_046,Retail Sales Associate,0.4220752106131171,0.2321138064830128,0.8643994601889338,0.0,0.2289661559836454,0.4018460480214322,8,0.22896615598364545,0.32709450854806493,0.4018460480214322,0.44649560891270246,0.22896615598364545,0.2862076949795568,0.4018460480214322,0.4018460480214322,9,8,9,8,5.551115123125783e-17,0.0
Candidate_046,Administrative Assistant,0.2312718375937851,0.6510348365426936,0.4384514673595585,0.0,0.3088073359477675,0.3964976294196792,9,0.30880733594776755,0.4411533370682394,0.39649762941967925,0.4405529215774214,0.30880733594776755,0.3860091699347094,0.39649762941967925,0.39649762941967925,7,9,7,9,5.551115123125783e-17,5.551115123125783e-17
Candidate_046,"Driver, Truck",0.4741806771485753,0.1294441339984888,0.8880268984746598,0.0,0.2112686839014724,0.3888740635964044,10,0.21126868390147244,0.30181240557353206,0.3888740635964044,0.4320822928848938,0.21126868390147244,0.26408585487684055,0.3888740635964044,0.3888740635964044,11,10,11,10,2.7755575615628914e-17,0.0
Candidate_046,Food Service Supervisor,0.3135560242787161,0.3383310124994554,0.6833380235893983,0.0,0.22816046287236,0.3648280675902397,11,0.22816046287236,0.32594351838908575,0.36482806759023967,0.40536451954471076,0.22816046287236,0.28520057859045,0.36482806759023967,0.36482806759023967,10,11,10,11,0.0,5.551115123125783e-17
Candidate_046,Restaurant Manager,0.2849531629420014,0.1145340907213211,0.5865008675534992,0.0,0.1398205387821629,0.2571207122928627,12,0.13982053878216286,0.19974362683166125,0.2571207122928627,0.285689680325403,0.13982053878216286,0.17477567347770356,0.2571207122928627,0.2571207122928627,13,12,13,12,5.551115123125783e-17,0.0
Candidate_046,Continuing Care Assistant,0.0,0.4352695772477163,0.4396201180333152,0.0,0.1523443520367007,0.2402683756433637,13,0.1523443520367007,0.21763478862385813,0.24026837564336373,0.2669648618259597,0.1523443520367007,0.19043044004587584,0.24026837564336373,0.24026837564336373,12,13,12,13,0.0,2.7755575615628914e-17
Candidate_046,Licensed Practical Nurse (L.P.N.),0.0759590970379233,0.2682842653471712,0.3039192124973743,0.0,0.1204851768347831,0.1812690193342579,14,0.12048517683478308,0.17212168119254725,0.18126901933425793,0.2014100214825088,0.12048517683478308,0.15060647104347882,0.18126901933425793,0.18126901933425793,14,14,14,14,2.7755575615628914e-17,2.7755575615628914e-17
Candidate_046,Delivery Driver,0.2297733626136418,0.0,0.3705312074675783,0.0,0.0804206769147746,0.1545269184082903,15,0.08042067691477463,0.1148866813068209,0.1545269184082903,0.17169657600921145,0.08042067691477463,0.10052584614346828,0.1545269184082903,0.1545269184082903,15,15,15,15,2.7755575615628914e-17,0.0
Candidate_047,Food Service Supervisor,0.9265716945519205,0.4831756730511639,0.6833380235893983,1.0,0.4934115786610794,0.730079183378959,1,0.4934115786610795,0.7048736838015421,0.6300791833789592,0.7000879815321769,0.5934115786610795,0.7417644733263493,0.7300791833789592,0.7300791833789592,4,1,3,1,1.1102230246251565e-16,1.1102230246251565e-16
Candidate_047,Administrative Assistant,0.8979819621785708,0.6032394873234406,0.4384514673595585,1.0,0.525427507325704,0.7131178007976157,2,0.525427507325704,0.7506107247510058,0.6131178007976157,0.6812420008862397,0.625427507325704,0.7817843841571299,0.7131178007976157,0.7131178007976157,1,2,1,2,0.0,0.0
Candidate_047,Office Manager,1.0,0.4422273807917278,0.5286438829565303,1.0,0.5047795832771047,0.7105083598684108,3,0.5047795832771047,0.7211136903958639,0.6105083598684108,0.6783426220760119,0.6047795832771047,0.7559744790963808,0.7105083598684108,0.7105083598684108,2,3,2,3,0.0,0.0
Candidate_047,Office Administrator,0.8563712482249044,0.5585246473416526,0.5286438829565303,0.0,0.4952135634482949,0.600942340039601,4,0.4952135634482949,0.7074479477832785,0.600942340039601,0.6677137111551122,0.4952135634482949,0.6190169543103686,0.600942340039601,0.600942340039601,3,4,4,4,0.0,0.0
Candidate_047,Inside Sales Representative,0.8761166616607415,0.2366295764896303,0.8643994601889338,0.0,0.3894611833526301,0.5623410753904169,5,0.38946118335263014,0.5563731190751859,0.5623410753904169,0.6248234171004632,0.38946118335263014,0.48682647919078764,0.5623410753904169,0.5623410753904169,7,5,7,5,5.551115123125783e-17,0.0
Candidate_047,Retail Sales Associate,0.8761166616607415,0.2350702593696178,0.8643994601889338,0.0,0.3889154223606257,0.5617953143984125,6,0.38891542236062576,0.5555934605151797,0.5617953143984125,0.6242170159982361,0.38891542236062576,0.4861442779507822,0.5617953143984125,0.5617953143984125,8,6,8,6,5.551115123125783e-17,0.0
Candidate_047,"Driver, Truck",0.7716210064215288,0.1043150717570188,0.8880268984746598,0.0,0.3065776273624916,0.4841830070574235,7,0.3065776273624916,0.4379680390892738,0.48418300705742356,0.5379811189526928,0.3065776273624916,0.3832220342031145,0.48418300705742356,0.48418300705742356,10,7,10,7,0.0,5.551115123125783e-17
Candidate_047,Bookkeeper,0.7704377396812818,0.4363216774311872,0.2992257912289334,0.0,0.4223657959893641,0.4822109542351508,8,0.42236579598936413,0.6033797085562345,0.4822109542351508,0.5357899491501675,0.42236579598936413,0.5279572449867052,0.4822109542351508,0.4822109542351508,5,8,5,8,5.551115123125783e-17,0.0
Candidate_047,Software Developer,0.1700462184978771,1.0,0.2290858604605659,0.0,0.409516176474257,0.4553333485663701,9,0.409516176474257,0.5850231092489385,0.45533334856637014,0.5059259428515224,0.409516176474257,0.5118952205928212,0.45533334856637014,0.45533334856637014,6,9,6,9,0.0,5.551115123125783e-17
Candidate_047,Information Technology (IT) Analyst,0.2278461125022295,0.799865211570982,0.266375870790639,0.0,0.359698963425624,0.4129741375837518,10,0.359698963425624,0.5138556620366058,0.41297413758375184,0.45886015287083537,0.359698963425624,0.44962370428203,0.41297413758375184,0.41297413758375184,9,10,9,10,0.0,5.551115123125783e-17
Candidate_047,Restaurant Manager,0.5636034360913517,0.1689288244214529,0.5865008675534992,0.0,0.2563862911794816,0.3736864646901814,11,0.2563862911794816,0.3662661302564023,0.3736864646901814,0.41520718298909043,0.2563862911794816,0.32048286397435194,0.3736864646901814,0.3736864646901814,13,11,13,11,0.0,0.0
Candidate_047,Continuing Care Assistant,0.3891375476094844,0.4245310936403167,0.4396201180333152,0.0,0.2847840244374303,0.3727080480440934,12,0.28478402443743034,0.4068343206249005,0.3727080480440934,0.414120053382326,0.28478402443743034,0.3559800305467879,0.3727080480440934,0.3727080480440934,12,12,12,12,5.551115123125783e-17,0.0
Candidate_047,Secondary School Teacher,0.4312266926487954,0.4134122495692256,0.3635561348837076,0.0,0.2956236297763073,0.3683348567530488,13,0.2956236297763073,0.42231947110901047,0.36833485675304883,0.409260951947832,0.2956236297763073,0.3695295372203841,0.36833485675304883,0.36833485675304883,11,13,11,13,0.0,5.551115123125783e-17
Candidate_047,Delivery Driver,0.6884721348952146,0.0,0.3705312074675783,0.0,0.2409652472133251,0.3150714887068407,14,0.2409652472133251,0.3442360674476073,0.31507148870684076,0.3500794318964897,0.2409652472133251,0.3012065590166564,0.31507148870684076,0.31507148870684076,14,14,14,14,0.0,5.551115123125783e-17
Candidate_047,Licensed Practical Nurse (L.P.N.),0.0,0.1411013808405816,0.3039192124973743,0.0,0.0493854832942035,0.1101693257936784,15,0.04938548329420356,0.0705506904202908,0.11016932579367841,0.12241036199297602,0.04938548329420356,0.06173185411775445,0.11016932579367841,0.11016932579367841,15,15,15,15,5.551115123125783e-17,1.3877787807814457e-17
Candidate_048,Software Developer,0.9586203053787364,1.0,0.2290858604605659,1.0,0.6855171068825577,0.8313342789746709,1,0.6855171068825577,0.9793101526893683,0.731334278974671,0.8125936433051899,0.7855171068825577,0.9818963836031971,0.8313342789746709,0.8313342789746709,1,1,1,1,0.0,0.0
Candidate_048,Office Administrator,0.8282958131801998,0.5704189067595601,0.5286438829565303,1.0,0.4895501519789159,0.695278928570222,2,0.48955015197891594,0.6993573599698799,0.595278928570222,0.6614210317446911,0.5895501519789159,0.7369376899736448,0.695278928570222,0.695278928570222,4,2,3,2,5.551115123125783e-17,0.0
Candidate_048,Office Manager,0.943487840364431,0.4148083096367932,0.5286438829565303,1.0,0.4754036525004285,0.6811324290917345,3,0.47540365250042843,0.6791480750006121,0.5811324290917345,0.645702698990816,0.5754036525004285,0.7192545656255356,0.6811324290917344,0.6811324290917344,5,3,4,3,5.551115123125783e-17,1.1102230246251565e-16
Candidate_048,Bookkeeper,1.0,0.4216220976432645,0.2992257912289334,1.0,0.4975677341751425,0.6574128924209292,4,0.49756773417514255,0.7108110488216323,0.5574128924209292,0.6193476582454769,0.5975677341751425,0.7469596677189281,0.6574128924209292,0.6574128924209292,2,4,2,4,5.551115123125783e-17,0.0
Candidate_048,Secondary School Teacher,0.6708668478882523,0.5240140586953158,0.3635561348837076,1.0,0.4182083173042488,0.5909195442809904,5,0.4182083173042488,0.597440453291784,0.4909195442809903,0.5454661603122115,0.5182083173042488,0.6477603966303109,0.5909195442809904,0.5909195442809904,6,6,5,5,0.0,0.0
Candidate_048,Information Technology (IT) Analyst,0.5728400986875511,0.8475260962372448,0.266375870790639,0.0,0.4971281682236785,0.5504033423818063,6,0.49712816822367856,0.7101830974623979,0.5504033423818063,0.6115592693131181,0.49712816822367856,0.6214102102795982,0.5504033423818063,0.5504033423818063,3,5,6,6,5.551115123125783e-17,0.0
Candidate_048,Inside Sales Representative,0.4220752106131171,0.254129431928966,0.8643994601889338,0.0,0.236671624889729,0.4095515169275158,7,0.23667162488972904,0.3381023212710415,0.4095515169275158,0.4550572410305731,0.23667162488972904,0.29583953111216127,0.4095515169275158,0.4095515169275158,8,7,8,7,2.7755575615628914e-17,0.0
Candidate_048,Retail Sales Associate,0.4220752106131171,0.2321138064830128,0.8643994601889338,0.0,0.2289661559836454,0.4018460480214322,8,0.22896615598364545,0.32709450854806493,0.4018460480214322,0.44649560891270246,0.22896615598364545,0.2862076949795568,0.4018460480214322,0.4018460480214322,9,8,9,8,5.551115123125783e-17,0.0
Candidate_048,Administrative Assistant,0.2312718375937851,0.6510348365426936,0.4384514673595585,0.0,0.3088073359477675,0.3964976294196792,9,0.30880733594776755,0.4411533370682394,0.39649762941967925,0.4405529215774214,0.30880733594776755,0.3860091699347094,0.39649762941967925,0.39649762941967925,7,9,7,9,5.551115123125783e-17,5.551115123125783e-17
Candidate_048,"Driver, Truck",0.4741806771485753,0.1294441339984888,0.8880268984746598,0.0,0.2112686839014724,0.3888740635964044,10,0.21126868390147244,0.30181240557353206,0.3888740635964044,0.4320822928848938,0.21126868390147244,0.26408585487684055,0.3888740635964044,0.3888740635964044,11,10,11,10,2.7755575615628914e-17,0.0
Candidate_048,Food Service Supervisor,0.3135560242787161,0.3383310124994554,0.6833380235893983,0.0,0.22816046287236,0.3648280675902397,11,0.22816046287236,0.32594351838908575,0.36482806759023967,0.40536451954471076,0.22816046287236,0.28520057859045,0.36482806759023967,0.36482806759023967,10,11,10,11,0.0,5.551115123125783e-17
Candidate_048,Restaurant Manager,0.2849531629420014,0.1145340907213211,0.5865008675534992,0.0,0.1398205387821629,0.2571207122928627,12,0.13982053878216286,0.19974362683166125,0.2571207122928627,0.285689680325403,0.13982053878216286,0.17477567347770356,0.2571207122928627,0.2571207122928627,13,12,13,12,5.551115123125783e-17,0.0
Candidate_048,Continuing Care Assistant,0.0,0.4352695772477163,0.4396201180333152,0.0,0.1523443520367007,0.2402683756433637,13,0.1523443520367007,0.21763478862385813,0.24026837564336373,0.2669648618259597,0.1523443520367007,0.19043044004587584,0.24026837564336373,0.24026837564336373,12,13,12,13,0.0,2.7755575615628914e-17
Candidate_048,Licensed Practical Nurse (L.P.N.),0.0759590970379233,0.2682842653471712,0.3039192124973743,0.0,0.1204851768347831,0.1812690193342579,14,0.12048517683478308,0.17212168119254725,0.18126901933425793,0.2014100214825088,0.12048517683478308,0.15060647104347882,0.18126901933425793,0.18126901933425793,14,14,14,14,2.7755575615628914e-17,2.7755575615628914e-17
Candidate_048,Delivery Driver,0.2297733626136418,0.0,0.3705312074675783,0.0,0.0804206769147746,0.1545269184082903,15,0.08042067691477463,0.1148866813068209,0.1545269184082903,0.17169657600921145,0.08042067691477463,0.10052584614346828,0.1545269184082903,0.1545269184082903,15,15,15,15,2.7755575615628914e-17,0.0
Candidate_049,Software Developer,0.5890999082519915,1.0,0.2290858604605659,1.0,0.556184967888197,0.7020021399803102,1,0.556184967888197,0.7945499541259958,0.6020021399803103,0.6688912666447892,0.656184967888197,0.8202312098602462,0.7020021399803102,0.7020021399803102,1,1,1,1,0.0,0.0
Candidate_049,"Driver, Truck",1.0,0.200416940845947,0.8880268984746598,1.0,0.4201459292960814,0.6977513089910133,2,0.4201459292960814,0.6002084704229734,0.5977513089910134,0.664168121101126,0.5201459292960814,0.6501824116201017,0.6977513089910133,0.6977513089910133,4,2,3,2,0.0,0.0
Candidate_049,Administrative Assistant,0.7772015343500664,0.4897916208493893,0.4384514673595585,1.0,0.4434476043198094,0.6311378977917211,3,0.44344760431980945,0.6334965775997279,0.5311378977917212,0.590153219768579,0.5434476043198094,0.6793095053997618,0.6311378977917211,0.6311378977917211,2,3,2,3,5.551115123125783e-17,0.0
Candidate_049,Office Manager,0.7487111067388531,0.3839793533222705,0.5286438829565303,1.0,0.3964416610213932,0.6021704376126993,4,0.3964416610213932,0.5663452300305618,0.5021704376126993,0.5579671529029993,0.4964416610213932,0.6205520762767415,0.6021704376126993,0.6021704376126993,5,4,4,4,0.0,0.0
Candidate_049,Information Technology (IT) Analyst,0.3284214978086279,0.8803845261182386,0.266375870790639,0.0,0.4230821083744033,0.4763572825325311,5,0.42308210837440324,0.6044030119634333,0.47635728253253107,0.5292858694805901,0.42308210837440324,0.528852635468004,0.47635728253253107,0.47635728253253107,3,5,5,5,5.551115123125783e-17,5.551115123125783e-17
Candidate_049,Office Administrator,0.5251929655068469,0.417270730344062,0.5286438829565303,0.0,0.3298622935478181,0.4355910701391242,6,0.3298622935478181,0.4712318479254545,0.4355910701391242,0.4839900779323602,0.3298622935478181,0.4123278669347726,0.4355910701391242,0.4355910701391242,6,6,6,6,0.0,0.0
Candidate_049,Delivery Driver,0.5483698079350922,0.0,0.3705312074675783,1.0,0.1919294327772822,0.3660356742707978,7,0.19192943277728225,0.2741849039675461,0.2660356742707979,0.2955951936342199,0.2919294327772822,0.36491179097160276,0.36603567427079786,0.36603567427079786,9,13,8,7,5.551115123125783e-17,5.551115123125783e-17
Candidate_049,Bookkeeper,0.4528657438330755,0.3877299954885375,0.2992257912289334,0.0,0.2942085087625645,0.3540536670083512,8,0.29420850876256455,0.4202978696608065,0.3540536670083512,0.3933929633426125,0.29420850876256455,0.3677606359532057,0.3540536670083512,0.3540536670083512,7,7,7,8,5.551115123125783e-17,0.0
Candidate_049,Retail Sales Associate,0.0046195447495939,0.4362253923190395,0.8643994601889338,0.0,0.1542957279740217,0.3271756200118084,9,0.1542957279740217,0.2204224685343167,0.32717562001180844,0.36352846667978717,0.1542957279740217,0.1928696599675271,0.32717562001180844,0.32717562001180844,12,8,12,9,0.0,5.551115123125783e-17
Candidate_049,Inside Sales Representative,0.0046195447495939,0.4143287178493102,0.8643994601889338,0.0,0.1466318919096164,0.3195117839474032,10,0.14663189190961642,0.20947413129945205,0.3195117839474032,0.35501309327489244,0.14663189190961642,0.1832898648870205,0.3195117839474032,0.3195117839474032,14,9,14,10,2.7755575615628914e-17,0.0
Candidate_049,Food Service Supervisor,0.0108962121451353,0.4584708576038136,0.6833380235893983,0.0,0.1642784744121321,0.3009460791300118,11,0.16427847441213211,0.23468353487447446,0.3009460791300118,0.3343845323666798,0.16427847441213211,0.20534809301516513,0.3009460791300118,0.3009460791300118,10,10,10,11,2.7755575615628914e-17,0.0
Candidate_049,Secondary School Teacher,0.2084854877187079,0.4175643231111184,0.3635561348837076,0.0,0.2191174337904392,0.2918286607671807,12,0.2191174337904392,0.3130249054149131,0.2918286607671807,0.3242540675190897,0.2191174337904392,0.27389679223804897,0.2918286607671807,0.2918286607671807,8,11,9,12,0.0,0.0
Candidate_049,Restaurant Manager,0.1471681572616907,0.2872021804532846,0.5865008675534992,0.0,0.1520296182002413,0.2693297917109412,13,0.15202961820024136,0.21718516885748768,0.2693297917109412,0.299255324123268,0.15202961820024136,0.19003702275030168,0.2693297917109412,0.2693297917109412,13,12,13,13,5.551115123125783e-17,0.0
Candidate_049,Continuing Care Assistant,0.2197967094673774,0.2320906238944091,0.4396201180333152,0.0,0.1581605666766253,0.2460845902832883,14,0.15816056667662526,0.22594366668089325,0.2460845902832883,0.273427322536987,0.15816056667662526,0.19770070834578157,0.2460845902832883,0.2460845902832883,11,14,11,14,5.551115123125783e-17,0.0
Candidate_049,Licensed Practical Nurse (L.P.N.),0.0,0.2031735835181236,0.3039192124973743,0.0,0.0711107542313432,0.1318945967308181,15,0.07111075423134325,0.1015867917590618,0.1318945967308181,0.1465495519231312,0.07111075423134325,0.08888844278917905,0.1318945967308181,0.1318945967308181,15,15,15,15,4.163336342344337e-17,0.0
Candidate_050,Administrative Assistant,1.0,0.4770443580067395,0.4384514673595585,1.0,0.5169655253023588,0.7046558187742705,1,0.5169655253023588,0.7385221790033698,0.6046558187742705,0.6718397986380784,0.6169655253023588,0.7712069066279484,0.7046558187742705,0.7046558187742705,1,1,1,1,0.0,0.0
Candidate_050,Office Manager,0.8802953501891214,0.3842444429871555,0.5286438829565303,1.0,0.4425889276116969,0.6483177042030029,2,0.4425889276116969,0.6322698965881385,0.548317704203003,0.6092418935588921,0.5425889276116969,0.678236159514621,0.6483177042030029,0.6483177042030029,2,2,2,2,0.0,0.0
Candidate_050,Office Administrator,0.7125966158149186,0.414319272362414,0.5286438829565303,1.0,0.3944205608620664,0.6001493374533724,3,0.3944205608620664,0.5634579440886663,0.5001493374533724,0.5557214860593027,0.4944205608620664,0.618025701077583,0.6001493374533724,0.6001493374533724,3,3,3,3,0.0,0.0
Candidate_050,"Driver, Truck",0.6958608440448676,0.1856216893723715,0.8880268984746598,1.0,0.3085188866960336,0.5861242663909656,4,0.30851888669603367,0.4407412667086196,0.4861242663909656,0.5401380737677396,0.40851888669603365,0.510648608370042,0.5861242663909656,0.5861242663909656,8,4,4,4,5.551115123125783e-17,0.0
Candidate_050,Food Service Supervisor,0.5228975964527075,0.4657548253574768,0.6833380235893983,0.0,0.3460283476335645,0.4826959523514441,5,0.3460283476335645,0.49432621090509216,0.48269595235144414,0.5363288359460491,0.3460283476335645,0.4325354345419556,0.48269595235144414,0.48269595235144414,6,5,7,5,0.0,5.551115123125783e-17
Candidate_050,Retail Sales Associate,0.5838070595741572,0.2572290711788666,0.8643994601889338,0.0,0.2943626457635583,0.467242537801345,6,0.2943626457635583,0.4205180653765119,0.46724253780134506,0.5191583753348278,0.2943626457635583,0.36795330720444785,0.46724253780134506,0.46724253780134506,9,6,9,6,0.0,5.551115123125783e-17
Candidate_050,Inside Sales Representative,0.5838070595741572,0.2544666656911262,0.8643994601889338,0.0,0.2933958038428492,0.4662756958806359,7,0.2933958038428492,0.4191368626326417,0.46627569588063594,0.5180841065340399,0.2933958038428492,0.36674475480356145,0.46627569588063594,0.46627569588063594,10,7,10,7,0.0,5.551115123125783e-17
Candidate_050,Information Technology (IT) Analyst,0.247659540769698,0.8316903605579585,0.266375870790639,0.0,0.3777724654646797,0.4310476396228075,8,0.37777246546467974,0.5396749506638282,0.43104763962280757,0.4789418218031195,0.37777246546467974,0.47221558183084966,0.43104763962280757,0.43104763962280757,4,8,5,8,5.551115123125783e-17,5.551115123125783e-17
Candidate_050,Software Developer,0.0582030277465284,1.0,0.2290858604605659,0.0,0.3703710597112849,0.4161882318033981,9,0.3703710597112849,0.5291015138732642,0.4161882318033981,0.4624313686704423,0.3703710597112849,0.4629638246391061,0.4161882318033981,0.4161882318033981,5,9,6,9,0.0,0.0
Candidate_050,Secondary School Teacher,0.4661455372750658,0.4575480006568639,0.3635561348837076,0.0,0.3232927382761753,0.3960039652529168,10,0.32329273827617533,0.46184676896596477,0.39600396525291687,0.4400044058365743,0.32329273827617533,0.40411592284521913,0.39600396525291687,0.39600396525291687,7,10,8,10,5.551115123125783e-17,5.551115123125783e-17
Candidate_050,Continuing Care Assistant,0.4689994972688815,0.3370665822643487,0.4396201180333152,0.0,0.2821231278366305,0.3700471514432936,11,0.28212312783663057,0.40303303976661514,0.3700471514432936,0.41116350160365955,0.28212312783663057,0.3526539097957882,0.3700471514432936,0.3700471514432936,11,11,11,11,5.551115123125783e-17,0.0
Candidate_050,Restaurant Manager,0.3812096689165674,0.211556794612415,0.5865008675534992,0.0,0.2074682622351438,0.3247684357458437,12,0.2074682622351438,0.29638323176449116,0.32476843574584363,0.3608538174953818,0.2074682622351438,0.25933532779392976,0.32476843574584363,0.32476843574584363,12,12,12,12,0.0,5.551115123125783e-17
Candidate_050,Delivery Driver,0.4891493364278887,0.0,0.3705312074675783,0.0,0.171202267749761,0.2453085092432767,13,0.17120226774976105,0.24457466821394439,0.2453085092432767,0.27256501027030744,0.17120226774976105,0.2140028346872013,0.2453085092432767,0.2453085092432767,13,13,13,13,5.551115123125783e-17,0.0
Candidate_050,Bookkeeper,0.0098455164014726,0.4190808132322312,0.2992257912289334,0.0,0.1501242153717963,0.209969373617583,14,0.15012421537179632,0.2144631648168519,0.209969373617583,0.23329930401953666,0.15012421537179632,0.1876552692147454,0.209969373617583,0.209969373617583,14,14,14,14,2.7755575615628914e-17,0.0
Candidate_050,Licensed Practical Nurse (L.P.N.),0.0,0.2103969853630989,0.3039192124973743,0.0,0.0736389448770846,0.1344227873765594,15,0.07363894487708461,0.10519849268154945,0.13442278737655947,0.14935865264062162,0.07363894487708461,0.09204868109635576,0.13442278737655947,0.13442278737655947,15,15,15,15,1.3877787807814457e-17,5.551115123125783e-17
Candidate_051,Software Developer,0.998750959693324,1.0,0.2290858604605659,1.0,0.6995628358926633,0.8453800079847765,1,0.6995628358926633,0.999375479846662,0.7453800079847765,0.8282000088719739,0.7995628358926633,0.999453544865829,0.8453800079847765,0.8453800079847765,1,1,1,1,0.0,0.0
Candidate_051,Administrative Assistant,1.0,0.5153194846019643,0.4384514673595585,1.0,0.5303618196106875,0.7180521130825992,2,0.5303618196106875,0.7576597423009822,0.6180521130825992,0.6867245700917769,0.6303618196106875,0.7879522745133594,0.7180521130825992,0.7180521130825992,2,2,2,2,0.0,0.0
Candidate_051,Office Administrator,0.7634739347350643,0.4945674935700046,0.5286438829565303,1.0,0.440314499906774,0.6460432764980801,3,0.44031449990677407,0.6290207141525345,0.5460432764980802,0.6067147516645335,0.540314499906774,0.6753931248834675,0.6460432764980801,0.6460432764980801,4,4,3,3,5.551115123125783e-17,0.0
Candidate_051,"Driver, Truck",0.8443672131594828,0.1128313232447773,0.8880268984746598,1.0,0.335019487741491,0.612624867436423,4,0.33501948774149104,0.4785992682021301,0.512624867436423,0.56958318604047,0.435019487741491,0.5437743596768637,0.612624867436423,0.612624867436423,7,5,6,4,5.551115123125783e-17,0.0
Candidate_051,Office Manager,0.7907300064185646,0.3584754992124701,0.5286438829565303,1.0,0.4022219269708621,0.6079507035621682,5,0.4022219269708621,0.5746027528155173,0.5079507035621682,0.5643896706246313,0.5022219269708621,0.6277774087135776,0.6079507035621682,0.6079507035621682,5,6,5,5,0.0,0.0
Candidate_051,Information Technology (IT) Analyst,0.6875314300286062,0.7515608361801992,0.266375870790639,0.0,0.5036822931730819,0.5569574673312097,6,0.5036822931730819,0.7195461331044027,0.5569574673312097,0.6188416303680108,0.5036822931730819,0.6296028664663523,0.5569574673312097,0.5569574673312097,3,3,4,6,0.0,0.0
Candidate_051,Bookkeeper,0.7079718255706952,0.3264818904828727,0.2992257912289334,0.0,0.3620588006187487,0.4219039588645354,7,0.36205880061874873,0.5172268580267839,0.4219039588645354,0.46878217651615045,0.36205880061874873,0.4525735007734359,0.4219039588645354,0.4219039588645354,6,7,7,7,5.551115123125783e-17,0.0
Candidate_051,Inside Sales Representative,0.3798858876364914,0.2385947647522832,0.8643994601889338,0.0,0.2164682283360711,0.3893481203738578,8,0.2164682283360711,0.3092403261943873,0.38934812037385785,0.4326090226376198,0.2164682283360711,0.27058528542008886,0.38934812037385785,0.38934812037385785,10,8,10,8,0.0,5.551115123125783e-17
Candidate_051,Secondary School Teacher,0.4719148414875461,0.4222845084370862,0.3635561348837076,0.0,0.3129697724736213,0.3856809994503629,9,0.3129697724736213,0.4470996749623162,0.3856809994503628,0.42853444383373646,0.3129697724736213,0.39121221559202657,0.3856809994503628,0.3856809994503628,8,9,8,9,0.0,5.551115123125783e-17
Candidate_051,Retail Sales Associate,0.3798858876364914,0.186687899936168,0.8643994601889338,0.0,0.1983008256504308,0.3711807176882176,10,0.19830082565043078,0.2832868937863297,0.37118071768821753,0.41242301965357503,0.19830082565043078,0.24787603206303846,0.37118071768821753,0.37118071768821753,11,10,11,10,2.7755575615628914e-17,5.551115123125783e-17
Candidate_051,Continuing Care Assistant,0.3934977938195138,0.3128198709339249,0.4396201180333152,0.0,0.2472111826637035,0.3351352062703666,11,0.2472111826637035,0.3531588323767193,0.3351352062703665,0.37237245141151837,0.2472111826637035,0.30901397832962935,0.3351352062703665,0.3351352062703665,9,11,9,11,0.0,5.551115123125783e-17
Candidate_051,Delivery Driver,0.5130521383735075,0.0258236762578546,0.3705312074675783,0.0,0.1886065351209767,0.2627127766144924,12,0.18860653512097672,0.26943790731568107,0.2627127766144924,0.29190308512721375,0.18860653512097672,0.2357581689012209,0.2627127766144924,0.2627127766144924,12,12,12,12,2.7755575615628914e-17,0.0
Candidate_051,Food Service Supervisor,0.0,0.2058721723895797,0.6833380235893983,0.0,0.0720552603363529,0.2087228650542325,13,0.07205526033635289,0.10293608619478985,0.20872286505423254,0.23191429450470283,0.07205526033635289,0.0900690754204411,0.20872286505423254,0.20872286505423254,15,13,15,13,1.3877787807814457e-17,5.551115123125783e-17
Candidate_051,Restaurant Manager,0.2337487148067398,0.0,0.5865008675534992,0.0,0.0818120501823589,0.1991122236930587,14,0.08181205018235893,0.1168743574033699,0.19911222369305875,0.2212358041033986,0.08181205018235893,0.10226506272794866,0.19911222369305875,0.19911222369305875,14,14,14,14,2.7755575615628914e-17,5.551115123125783e-17
Candidate_051,Licensed Practical Nurse (L.P.N.),0.2149934235943474,0.1701945534718304,0.3039192124973743,0.0,0.1348157919731622,0.1955996344726371,15,0.1348157919731622,0.19259398853308887,0.19559963447263706,0.21733292719181896,0.1348157919731622,0.16851973996645275,0.19559963447263706,0.19559963447263706,13,15,13,15,0.0,2.7755575615628914e-17
Candidate_052,Software Developer,1.0,1.0,0.2290858604605659,1.0,0.7,0.8458171720921132,1,0.7,1.0,0.7458171720921132,0.8286857467690146,0.7999999999999999,0.9999999999999999,0.8458171720921132,0.8458171720921132,1,1,1,1,0.0,0.0
Candidate_052,Information Technology (IT) Analyst,0.7423628368355979,0.8738123673886955,0.266375870790639,1.0,0.5656613214785027,0.7189364956366304,2,0.5656613214785027,0.8080876021121467,0.6189364956366304,0.6877072173740338,0.6656613214785027,0.8320766518481283,0.7189364956366304,0.7189364956366304,2,2,2,2,0.0,0.0
Candidate_052,Secondary School Teacher,0.7652088874501872,0.450173726238557,0.3635561348837076,1.0,0.4253839147910604,0.598095141767802,3,0.42538391479106047,0.6076913068443721,0.498095141767802,0.5534390464086689,0.5253839147910605,0.6567298934888256,0.598095141767802,0.598095141767802,3,3,3,3,5.551115123125783e-17,0.0
Candidate_052,Bookkeeper,0.721884610788012,0.3137602598592071,0.2992257912289334,1.0,0.3624757047265267,0.5223208629723134,4,0.3624757047265267,0.5178224353236096,0.42232086297231336,0.46924540330257036,0.46247570472652666,0.5780946309081583,0.5223208629723134,0.5223208629723134,4,7,4,4,0.0,0.0
Candidate_052,Licensed Practical Nurse (L.P.N.),0.7205451712511525,0.1796061239998692,0.3039192124973743,1.0,0.3150529533378575,0.4758367958373324,5,0.31505295333785754,0.45007564762551083,0.3758367958373324,0.41759643981925826,0.4150529533378575,0.5188161916723218,0.4758367958373324,0.4758367958373324,7,9,5,5,5.551115123125783e-17,0.0
Candidate_052,Office Manager,0.6444469323344962,0.3676741368190827,0.5286438829565303,0.0,0.3542423742037526,0.4599711507950587,6,0.3542423742037526,0.5060605345767895,0.4599711507950587,0.5110790564389541,0.3542423742037526,0.44280296775469075,0.4599711507950587,0.4599711507950587,5,4,6,6,0.0,0.0
Candidate_052,Office Administrator,0.5241184134131428,0.4611406733686095,0.5286438829565303,0.0,0.3448406803736132,0.4505694569649193,7,0.34484068037361326,0.4926295433908761,0.45056945696491935,0.5006327299610215,0.34484068037361326,0.4310508504670166,0.45056945696491935,0.45056945696491935,6,5,7,7,5.551115123125783e-17,5.551115123125783e-17
Candidate_052,"Driver, Truck",0.6002177736888549,0.122325693570826,0.8880268984746598,0.0,0.2528902135408883,0.4304955932358202,8,0.2528902135408883,0.36127173362984044,0.43049559323582026,0.47832843692868915,0.2528902135408883,0.31611276692611034,0.43049559323582026,0.43049559323582026,9,6,9,8,0.0,5.551115123125783e-17
Candidate_052,Food Service Supervisor,0.3793976676232576,0.3979387823401973,0.6833380235893983,0.0,0.2720677574872092,0.4087353622050889,9,0.27206775748720924,0.3886682249817275,0.4087353622050889,0.45415040245009874,0.27206775748720924,0.34008469685901155,0.4087353622050889,0.4087353622050889,8,8,8,9,5.551115123125783e-17,0.0
Candidate_052,Restaurant Manager,0.5323402230405684,0.0206607843680721,0.5865008675534992,0.0,0.1935503525930241,0.310850526103724,10,0.19355035259302417,0.2765005037043203,0.310850526103724,0.34538947344858223,0.19355035259302417,0.2419379407412802,0.310850526103724,0.310850526103724,11,10,11,10,5.551115123125783e-17,0.0
Candidate_052,Inside Sales Representative,0.1504414302831156,0.2082042469539475,0.8643994601889338,0.0,0.1255259870329721,0.2984058790707589,11,0.12552598703297208,0.17932283861853154,0.29840587907075883,0.3315620878563987,0.12552598703297208,0.15690748379121508,0.29840587907075883,0.29840587907075883,14,11,14,11,2.7755575615628914e-17,5.551115123125783e-17
Candidate_052,Continuing Care Assistant,0.3565949769485931,0.2412840063061859,0.4396201180333152,0.0,0.2092576441391726,0.2971816677458357,12,0.20925764413917264,0.2989394916273895,0.29718166774583565,0.3302018530509285,0.20925764413917264,0.26157205517396576,0.29718166774583565,0.29718166774583565,10,12,10,12,2.7755575615628914e-17,5.551115123125783e-17
Candidate_052,Retail Sales Associate,0.1504414302831156,0.1553659461823043,0.8643994601889338,0.0,0.1070325817628969,0.2799124738006837,13,0.10703258176289696,0.15290368823270994,0.27991247380068374,0.31101385977853746,0.10703258176289696,0.13379072720362117,0.27991247380068374,0.27991247380068374,15,13,15,13,5.551115123125783e-17,5.551115123125783e-17
Candidate_052,Administrative Assistant,0.0,0.4892988442933857,0.4384514673595585,0.0,0.171254595502685,0.2589448889745967,14,0.171254595502685,0.24464942214669286,0.25894488897459667,0.2877165433051074,0.171254595502685,0.21406824437835623,0.25894488897459667,0.25894488897459667,12,14,12,14,0.0,5.551115123125783e-17
Candidate_052,Delivery Driver,0.4379645817265845,0.0,0.3705312074675783,0.0,0.1532876036043045,0.2273938450978202,15,0.15328760360430455,0.2189822908632922,0.2273938450978202,0.2526598278864669,0.15328760360430455,0.19160950450538067,0.2273938450978202,0.2273938450978202,13,15,13,15,5.551115123125783e-17,0.0
Candidate_053,Software Developer,0.7574749195494261,1.0,0.2290858604605659,1.0,0.6151162218422991,0.7609333939344123,1,0.6151162218422991,0.8787374597747131,0.6609333939344123,0.7343704377049025,0.7151162218422991,0.8938952773028738,0.7609333939344123,0.7609333939344123,1,1,1,1,0.0,0.0
Candidate_053,Bookkeeper,1.0,0.3831228896686885,0.2992257912289334,1.0,0.4840930113840409,0.6439381696298275,2,0.4840930113840409,0.6915614448343442,0.5439381696298276,0.6043757440331418,0.5840930113840409,0.730116264230051,0.6439381696298275,0.6439381696298275,2,2,2,2,0.0,0.0
Candidate_053,Office Administrator,0.4549172199012871,0.5395605399414259,0.5286438829565303,1.0,0.3480672159449495,0.5537959925362557,3,0.3480672159449495,0.49723887992135646,0.4537959925362556,0.5042177694847284,0.44806721594494947,0.5600840199311868,0.5537959925362556,0.5537959925362556,5,4,3,3,0.0,1.1102230246251565e-16
Candidate_053,Office Manager,0.4295802145165736,0.4292740773571323,0.5286438829565303,1.0,0.300599002155797,0.5063277787471031,4,0.30059900215579705,0.42942714593685294,0.40632777874710313,0.45147530971900346,0.400599002155797,0.5007487526947463,0.5063277787471031,0.5063277787471031,6,6,5,4,5.551115123125783e-17,0.0
Candidate_053,Information Technology (IT) Analyst,0.3517881634035033,0.8854812503483211,0.266375870790639,0.0,0.4330442948131385,0.4863194689712664,5,0.43304429481313855,0.6186347068759123,0.4863194689712664,0.5403549655236293,0.43304429481313855,0.5413053685164232,0.4863194689712664,0.4863194689712664,3,3,4,5,5.551115123125783e-17,0.0
Candidate_053,"Driver, Truck",0.4775343136687024,0.1059249051000147,0.8880268984746598,1.0,0.2042107265690509,0.4818161062639829,6,0.20421072656905098,0.29172960938435855,0.38181610626398294,0.42424011807109213,0.304210726569051,0.38026340821131377,0.48181610626398297,0.48181610626398297,9,9,7,6,8.326672684688674e-17,5.551115123125783e-17
Candidate_053,Administrative Assistant,0.4235249555769671,0.5715391390920006,0.4384514673595585,0.0,0.3482724331341387,0.4359627266060504,7,0.3482724331341387,0.49753204733448386,0.4359627266060504,0.4844030295622782,0.3482724331341387,0.43534054141767337,0.4359627266060504,0.4359627266060504,4,5,6,7,0.0,0.0
Candidate_053,Inside Sales Representative,0.2554870448362795,0.3596967487500837,0.8643994601889338,0.0,0.2153143277552271,0.3881942197930139,8,0.2153143277552271,0.3075918967931816,0.38819421979301383,0.43132691088112646,0.2153143277552271,0.26914290969403387,0.38819421979301383,0.38819421979301383,7,7,8,8,0.0,5.551115123125783e-17
Candidate_053,Retail Sales Associate,0.2554870448362795,0.3567027535588112,0.8643994601889338,0.0,0.2142664294382817,0.3871463214760685,9,0.21426642943828172,0.30609489919754534,0.3871463214760685,0.43016257941785385,0.21426642943828172,0.26783303679785214,0.3871463214760685,0.3871463214760685,8,8,9,9,2.7755575615628914e-17,0.0
Candidate_053,Food Service Supervisor,0.018794625271973,0.3654799510487228,0.6833380235893983,0.0,0.1344961017122435,0.2711637064301232,10,0.13449610171224352,0.1921372881603479,0.2711637064301232,0.30129300714458135,0.13449610171224352,0.1681201271403044,0.2711637064301232,0.2711637064301232,12,10,12,10,2.7755575615628914e-17,0.0
Candidate_053,Secondary School Teacher,0.1117562817358548,0.4424975835995413,0.3635561348837076,0.0,0.1939888528673886,0.2667000798441302,11,0.19398885286738862,0.27712693266769806,0.26670007984413013,0.29633342204903346,0.19398885286738862,0.24248606608423576,0.26670007984413013,0.26670007984413013,10,11,10,11,2.7755575615628914e-17,5.551115123125783e-17
Candidate_053,Continuing Care Assistant,0.0090029515387997,0.487173538609479,0.4396201180333152,0.0,0.1736617715518976,0.2615857951585606,12,0.17366177155189752,0.24808824507413932,0.26158579515856056,0.29065088350951174,0.17366177155189752,0.21707721443987188,0.26158579515856056,0.26158579515856056,11,12,11,12,8.326672684688674e-17,5.551115123125783e-17
Candidate_053,Restaurant Manager,0.0828348717018078,0.143326760987903,0.5865008675534992,0.0,0.0791565714413987,0.1964567449520986,13,0.07915657144139877,0.1130808163448554,0.1964567449520986,0.21828527216899846,0.07915657144139877,0.09894571430174846,0.1964567449520986,0.1964567449520986,15,13,15,13,6.938893903907228e-17,0.0
Candidate_053,Delivery Driver,0.3194022050694117,0.0,0.3705312074675783,0.0,0.111790771774294,0.1858970132678097,14,0.11179077177429408,0.15970110253470585,0.18589701326780975,0.20655223696423305,0.11179077177429408,0.1397384647178676,0.18589701326780975,0.18589701326780975,13,14,13,14,8.326672684688674e-17,5.551115123125783e-17
Candidate_053,Licensed Practical Nurse (L.P.N.),0.0,0.2720810855285396,0.3039192124973743,0.0,0.0952283799349888,0.1560122224344637,15,0.09522837993498885,0.1360405427642698,0.15601222243446372,0.17334691381607079,0.09522837993498885,0.11903547491873606,0.15601222243446372,0.15601222243446372,14,15,14,15,5.551115123125783e-17,2.7755575615628914e-17
Candidate_054,Food Service Supervisor,0.9265716945519205,0.4560263407613091,0.6833380235893983,1.0,0.4839093123596303,0.7205769170775099,1,0.4839093123596303,0.6912990176566147,0.62057691707751,0.6895299078638999,0.5839093123596303,0.7298866404495378,0.7205769170775099,0.7205769170775099,4,1,3,1,0.0,0.0
Candidate_054,Office Manager,1.0,0.4585934550231864,0.5286438829565303,1.0,0.5105077092581152,0.7162364858494212,2,0.5105077092581152,0.7292967275115931,0.6162364858494213,0.6847072064993569,0.6105077092581151,0.7631346365726439,0.7162364858494212,0.7162364858494212,2,2,2,2,0.0,0.0
Candidate_054,Administrative Assistant,0.8979819621785708,0.6047890473673341,0.4384514673595585,1.0,0.5259698533410667,0.7136601468129784,3,0.5259698533410667,0.7513855047729525,0.6136601468129784,0.681844607569976,0.6259698533410667,0.7824623166763334,0.7136601468129784,0.7136601468129784,1,3,1,3,0.0,0.0
Candidate_054,Office Administrator,0.8563712482249044,0.5330952669058249,0.5286438829565303,0.0,0.4863132802957552,0.5920420568870612,4,0.4863132802957552,0.6947332575653646,0.5920420568870612,0.6578245076522903,0.4863132802957552,0.607891600369694,0.5920420568870612,0.5920420568870612,3,4,4,4,0.0,0.0
Candidate_054,Retail Sales Associate,0.8761166616607415,0.2433885617118219,0.8643994601889338,0.0,0.3918268281803972,0.5647067202181839,5,0.3918268281803972,0.5597526116862818,0.5647067202181839,0.6274519113535376,0.3918268281803972,0.4897835352254965,0.5647067202181839,0.5647067202181839,7,5,7,5,0.0,0.0
Candidate_054,Inside Sales Representative,0.8761166616607415,0.2370881412895436,0.8643994601889338,0.0,0.3896216810325998,0.5625015730703866,6,0.3896216810325998,0.5566024014751426,0.5625015730703866,0.6250017478559852,0.3896216810325998,0.4870271012907497,0.5625015730703866,0.5625015730703866,8,6,8,6,0.0,0.0
Candidate_054,"Driver, Truck",0.7716210064215288,0.1918346551327273,0.8880268984746598,0.0,0.3372094815439896,0.5148148612389216,7,0.33720948154398955,0.48172783077712794,0.5148148612389215,0.5720165124876906,0.33720948154398955,0.4215118519299869,0.5148148612389215,0.5148148612389215,10,7,10,7,5.551115123125783e-17,1.1102230246251565e-16
Candidate_054,Bookkeeper,0.7704377396812818,0.4308377603074423,0.2992257912289334,0.0,0.4204464249960534,0.4802915832418401,8,0.42044642499605345,0.6006377499943621,0.4802915832418401,0.5336573147131557,0.42044642499605345,0.5255580312450667,0.4802915832418401,0.4802915832418401,5,8,5,8,5.551115123125783e-17,0.0
Candidate_054,Software Developer,0.1700462184978771,1.0,0.2290858604605659,0.0,0.409516176474257,0.4553333485663701,9,0.409516176474257,0.5850231092489385,0.45533334856637014,0.5059259428515224,0.409516176474257,0.5118952205928212,0.45533334856637014,0.45533334856637014,6,9,6,9,0.0,5.551115123125783e-17
Candidate_054,Information Technology (IT) Analyst,0.2278461125022295,0.7906306152212699,0.266375870790639,0.0,0.3564668547032247,0.4097420288613525,10,0.3564668547032247,0.5092383638617496,0.4097420288613525,0.45526892095705834,0.3564668547032247,0.44558356837903085,0.4097420288613525,0.4097420288613525,9,10,9,10,0.0,0.0
Candidate_054,Restaurant Manager,0.5636034360913517,0.2343856475967876,0.5865008675534992,0.0,0.2792961792908487,0.3965963528015486,11,0.2792961792908487,0.39899454184406963,0.39659635280154854,0.4406626142239428,0.2792961792908487,0.34912022411356086,0.39659635280154854,0.39659635280154854,12,11,12,11,0.0,5.551115123125783e-17
Candidate_054,Secondary School Teacher,0.4312266926487954,0.4917708775917018,0.3635561348837076,0.0,0.3230491495841739,0.3957603765609155,12,0.32304914958417397,0.46149878512024856,0.3957603765609155,0.43973375173435053,0.32304914958417397,0.40381143698021743,0.3957603765609155,0.3957603765609155,11,12,11,12,5.551115123125783e-17,0.0
Candidate_054,Continuing Care Assistant,0.3891375476094844,0.3873301957087995,0.4396201180333152,0.0,0.2717637101613993,0.3596877337680624,13,0.27176371016139933,0.3882338716591419,0.3596877337680624,0.3996530375200693,0.27176371016139933,0.33970463770174913,0.3596877337680624,0.3596877337680624,13,13,13,13,5.551115123125783e-17,0.0
Candidate_054,Delivery Driver,0.6884721348952146,0.0,0.3705312074675783,0.0,0.2409652472133251,0.3150714887068407,14,0.2409652472133251,0.3442360674476073,0.31507148870684076,0.3500794318964897,0.2409652472133251,0.3012065590166564,0.31507148870684076,0.31507148870684076,14,14,14,14,0.0,5.551115123125783e-17
Candidate_054,Licensed Practical Nurse (L.P.N.),0.0,0.1836949668511454,0.3039192124973743,0.0,0.0642932383979008,0.1250770808973757,15,0.06429323839790088,0.0918474834255727,0.12507708089737574,0.13897453433041748,0.06429323839790088,0.0803665479973761,0.12507708089737574,0.12507708089737574,15,15,15,15,8.326672684688674e-17,2.7755575615628914e-17
Candidate_055,Office Manager,1.0,0.3395812373103902,0.5286438829565303,1.0,0.4688534330586365,0.6745822096499425,1,0.4688534330586365,0.6697906186551951,0.5745822096499426,0.638424677388825,0.5688534330586366,0.7110667913232956,0.6745822096499425,0.6745822096499425,2,1,2,1,0.0,0.0
Candidate_055,Software Developer,0.4260965827710578,1.0,0.2290858604605659,1.0,0.4991338039698701,0.6449509760619834,2,0.49913380396987017,0.7130482913855288,0.5449509760619834,0.6055010845133149,0.5991338039698701,0.7489172549623376,0.6449509760619834,0.6449509760619834,1,2,1,2,5.551115123125783e-17,0.0
Candidate_055,"Driver, Truck",0.7143450552453494,0.1773457215782714,0.8880268984746598,1.0,0.3120917718882673,0.5896971515831992,3,0.3120917718882673,0.4458453884118105,0.48969715158319926,0.5441079462035547,0.4120917718882673,0.5151147148603341,0.5896971515831992,0.5896971515831992,6,3,5,3,0.0,0.0
Candidate_055,Office Administrator,0.6388937877518659,0.4060695686072199,0.5286438829565303,1.0,0.36573717472568,0.5714659513169861,4,0.36573717472568,0.5224816781795429,0.4714659513169861,0.5238510570188735,0.46573717472568,0.5821714684071,0.5714659513169861,0.5714659513169861,5,4,4,4,0.0,0.0
Candidate_055,Secondary School Teacher,0.6370388472133275,0.4752514285498964,0.3635561348837076,1.0,0.3893015965171283,0.5620128234938699,5,0.38930159651712837,0.556145137881612,0.4620128234938699,0.5133475816598554,0.48930159651712835,0.6116269956464104,0.5620128234938699,0.5620128234938699,3,5,3,5,5.551115123125783e-17,0.0
Candidate_055,Information Technology (IT) Analyst,0.3360346880924467,0.7544877585408974,0.266375870790639,0.0,0.3816828563216704,0.4349580304797982,6,0.3816828563216704,0.545261223316672,0.43495803047979825,0.4832867005331092,0.3816828563216704,0.477103570402088,0.43495803047979825,0.43495803047979825,4,6,6,6,0.0,5.551115123125783e-17
Candidate_055,Food Service Supervisor,0.2195240438565196,0.4795262020423956,0.6833380235893983,0.0,0.2446675860646203,0.3813351907825,7,0.2446675860646203,0.3495251229494576,0.3813351907825,0.4237057675361111,0.2446675860646203,0.30583448258077534,0.3813351907825,0.3813351907825,8,7,8,7,0.0,0.0
Candidate_055,Administrative Assistant,0.3336157795422748,0.489409838727413,0.4384514673595585,0.0,0.2880589663943907,0.3757492598663024,8,0.2880589663943907,0.4115128091348439,0.3757492598663024,0.4174991776292249,0.2880589663943907,0.3600737079929884,0.3757492598663024,0.3757492598663024,7,8,7,8,0.0,0.0
Candidate_055,Inside Sales Representative,0.005665550306441,0.2600644213400913,0.8643994601889338,0.0,0.0930054900762863,0.2658853821140731,9,0.09300549007628629,0.13286498582326614,0.26588538211407303,0.29542820234897005,0.09300549007628629,0.11625686259535786,0.26588538211407303,0.26588538211407303,13,9,13,9,1.3877787807814457e-17,5.551115123125783e-17
Candidate_055,Restaurant Manager,0.2365985317097996,0.1790694702932531,0.5865008675534992,0.0,0.1454838007010684,0.2627839742117683,10,0.14548380070106845,0.20783400100152638,0.2627839742117683,0.2919821935686314,0.14548380070106845,0.18185475087633554,0.2627839742117683,0.2627839742117683,10,10,10,10,5.551115123125783e-17,0.0
Candidate_055,Retail Sales Associate,0.005665550306441,0.2415091159656058,0.8643994601889338,0.0,0.0865111331952164,0.2593910252330031,11,0.08651113319521636,0.12358733313602338,0.2593910252330031,0.28821225025889236,0.08651113319521636,0.10813891649402045,0.2593910252330031,0.2593910252330031,15,11,15,11,4.163336342344337e-17,0.0
Candidate_055,Continuing Care Assistant,0.1235473244927779,0.3400671549479501,0.4396201180333152,0.0,0.1622650678042548,0.2501890914109178,12,0.1622650678042548,0.231807239720364,0.25018909141091783,0.27798787934546426,0.1622650678042548,0.20283133475531848,0.25018909141091783,0.25018909141091783,9,12,9,12,0.0,5.551115123125783e-17
Candidate_055,Bookkeeper,0.0139561753963377,0.3292774540039647,0.2992257912289334,0.0,0.1201317702901058,0.1799769285358925,13,0.12013177029010583,0.1716168147001512,0.1799769285358925,0.19997436503988056,0.12013177029010583,0.15016471286263228,0.1799769285358925,0.1799769285358925,11,13,11,13,2.7755575615628914e-17,0.0
Candidate_055,Delivery Driver,0.2516035509884433,0.0,0.3705312074675783,0.0,0.0880612428459551,0.1621674843394708,14,0.08806124284595514,0.12580177549422164,0.1621674843394708,0.18018609371052313,0.08806124284595514,0.11007655355744392,0.1621674843394708,0.1621674843394708,14,14,14,14,4.163336342344337e-17,0.0
Candidate_055,Licensed Practical Nurse (L.P.N.),0.0,0.2858766334420268,0.3039192124973743,0.0,0.1000568217047093,0.1608406642041842,15,0.10005682170470938,0.1429383167210134,0.16084066420418425,0.17871184911576027,0.10005682170470938,0.12507102713088672,0.16084066420418425,0.16084066420418425,12,15,12,15,8.326672684688674e-17,5.551115123125783e-17
Candidate_056,Administrative Assistant,1.0,0.4171239908329019,0.4384514673595585,1.0,0.4959933967915156,0.6836836902634273,1,0.49599339679151566,0.708561995416451,0.5836836902634274,0.6485374336260304,0.5959933967915156,0.7449917459893945,0.6836836902634273,0.6836836902634273,1,1,1,1,5.551115123125783e-17,0.0
Candidate_056,Office Manager,0.8802953501891214,0.4125190613089443,0.5286438829565303,1.0,0.452485044024323,0.658213820615629,2,0.452485044024323,0.6464072057490329,0.5582138206156291,0.62023757846181,0.552485044024323,0.6906063050304037,0.658213820615629,0.658213820615629,2,2,2,2,0.0,0.0
Candidate_056,Office Administrator,0.7125966158149186,0.4200361524339281,0.5286438829565303,1.0,0.3964214688870964,0.6021502454784025,3,0.39642146888709634,0.5663163841244234,0.5021502454784024,0.5579447171982248,0.4964214688870964,0.6205268361088704,0.6021502454784023,0.6021502454784023,3,4,3,3,5.551115123125783e-17,1.1102230246251565e-16
Candidate_056,"Driver, Truck",0.6958608440448676,0.2084251427279008,0.8880268984746598,1.0,0.3165000953704689,0.5941054750654009,4,0.3165000953704689,0.4521429933863842,0.49410547506540087,0.549006083406001,0.41650009537046895,0.5206251192130862,0.5941054750654009,0.5941054750654009,9,7,4,4,0.0,0.0
Candidate_056,Food Service Supervisor,0.5228975964527075,0.5607244269238448,0.6833380235893983,0.0,0.3792677081817933,0.515935312899673,5,0.37926770818179334,0.5418110116882763,0.515935312899673,0.5732614587774144,0.37926770818179334,0.47408463522724165,0.515935312899673,0.515935312899673,4,3,5,5,5.551115123125783e-17,0.0
Candidate_056,Retail Sales Associate,0.5838070595741572,0.3448560528822113,0.8643994601889338,0.0,0.3250320893597289,0.4979119813975157,6,0.32503208935972894,0.46433155622818423,0.4979119813975157,0.5532355348861285,0.32503208935972894,0.40629011169966117,0.4979119813975157,0.4979119813975157,7,5,8,6,5.551115123125783e-17,0.0
Candidate_056,Inside Sales Representative,0.5838070595741572,0.3400687709055955,0.8643994601889338,0.0,0.3233565406679134,0.4962364327057001,7,0.3233565406679134,0.4619379152398763,0.49623643270570017,0.5513738141174446,0.3233565406679134,0.40419567583489174,0.49623643270570017,0.49623643270570017,8,6,9,7,0.0,5.551115123125783e-17
Candidate_056,Information Technology (IT) Analyst,0.247659540769698,0.8274868050684087,0.266375870790639,0.0,0.3763012210433373,0.4295763952014651,8,0.3763012210433373,0.5375731729190533,0.4295763952014651,0.47730710577940566,0.3763012210433373,0.4703765263041716,0.4295763952014651,0.4295763952014651,5,8,6,8,0.0,0.0
Candidate_056,Software Developer,0.0582030277465284,1.0,0.2290858604605659,0.0,0.3703710597112849,0.4161882318033981,9,0.3703710597112849,0.5291015138732642,0.4161882318033981,0.4624313686704423,0.3703710597112849,0.4629638246391061,0.4161882318033981,0.4161882318033981,6,9,7,9,0.0,0.0
Candidate_056,Secondary School Teacher,0.4661455372750658,0.4178749578133255,0.3635561348837076,0.0,0.3094071732809369,0.3821184002576784,10,0.3094071732809369,0.44201024754419566,0.38211840025767846,0.4245760002863094,0.3094071732809369,0.38675896660117115,0.38211840025767846,0.38211840025767846,10,10,10,10,0.0,5.551115123125783e-17
Candidate_056,Continuing Care Assistant,0.4689994972688815,0.2998413250944893,0.4396201180333152,0.0,0.2690942878271798,0.3570183114338429,11,0.26909428782717976,0.3844204111816854,0.35701831143384277,0.39668701270426976,0.26909428782717976,0.33636785978397465,0.35701831143384277,0.35701831143384277,11,11,11,11,5.551115123125783e-17,1.1102230246251565e-16
Candidate_056,Restaurant Manager,0.3812096689165674,0.242294460337458,0.5865008675534992,0.0,0.2182264452389088,0.3355266187496087,12,0.21822644523890888,0.3117520646270127,0.3355266187496087,0.3728073541662319,0.21822644523890888,0.2727830565486361,0.3355266187496087,0.3355266187496087,12,12,12,12,8.326672684688674e-17,0.0
Candidate_056,Delivery Driver,0.4891493364278887,0.0,0.3705312074675783,0.0,0.171202267749761,0.2453085092432767,13,0.17120226774976105,0.24457466821394439,0.2453085092432767,0.27256501027030744,0.17120226774976105,0.2140028346872013,0.2453085092432767,0.2453085092432767,13,13,13,13,5.551115123125783e-17,0.0
Candidate_056,Bookkeeper,0.0098455164014726,0.4387495427936325,0.2992257912289334,0.0,0.1570082707182868,0.2168534289640734,14,0.15700827071828677,0.22429752959755253,0.21685342896407345,0.24094825440452605,0.15700827071828677,0.19626033839785845,0.21685342896407345,0.21685342896407345,14,14,14,14,2.7755575615628914e-17,5.551115123125783e-17
Candidate_056,Licensed Practical Nurse (L.P.N.),0.0,0.2032849946195424,0.3039192124973743,0.0,0.0711497481168398,0.1319335906163147,15,0.07114974811683983,0.1016424973097712,0.13193359061631468,0.14659287846257188,0.07114974811683983,0.08893718514604979,0.13193359061631468,0.13193359061631468,15,15,15,15,2.7755575615628914e-17,2.7755575615628914e-17
Candidate_057,Software Developer,1.0,1.0,0.2290858604605659,1.0,0.7,0.8458171720921132,1,0.7,1.0,0.7458171720921132,0.8286857467690146,0.7999999999999999,0.9999999999999999,0.8458171720921132,0.8458171720921132,1,1,1,1,0.0,0.0
Candidate_057,Information Technology (IT) Analyst,0.8155023694813165,0.916792449340988,0.266375870790639,1.0,0.6063031865878066,0.7595783607459343,2,0.6063031865878066,0.8661474094111523,0.6595783607459343,0.7328648452732603,0.7063031865878066,0.8828789832347581,0.7595783607459343,0.7595783607459343,2,2,2,2,0.0,0.0
Candidate_057,Administrative Assistant,0.7053948504031139,0.5875718427911064,0.4384514673595585,1.0,0.4525383426179771,0.6402286360898888,3,0.4525383426179771,0.6464833465971102,0.5402286360898888,0.6002540400998765,0.5525383426179771,0.6906729282724713,0.6402286360898888,0.6402286360898888,3,3,3,3,0.0,0.0
Candidate_057,Office Administrator,0.6502708546192426,0.5781486639616218,0.5286438829565303,0.0,0.4299468315033025,0.5356756080946086,4,0.4299468315033025,0.6142097592904322,0.5356756080946086,0.5951951201051207,0.4299468315033025,0.5374335393791281,0.5356756080946086,0.5356756080946086,4,4,4,4,0.0,0.0
Candidate_057,Inside Sales Representative,0.7375171456827702,0.2826523213838198,0.8643994601889338,0.0,0.3570593134733064,0.5299392055110932,5,0.35705931347330644,0.510084733533295,0.5299392055110932,0.5888213394567702,0.35705931347330644,0.44632414184163305,0.5299392055110932,0.5299392055110932,6,5,6,5,5.551115123125783e-17,0.0
Candidate_057,Retail Sales Associate,0.7375171456827702,0.2184430559992756,0.8643994601889338,0.0,0.334586070588716,0.5074659626265028,6,0.334586070588716,0.4779801008410229,0.5074659626265028,0.5638510695850031,0.334586070588716,0.41823258823589493,0.5074659626265028,0.5074659626265028,8,6,8,6,0.0,0.0
Candidate_057,Secondary School Teacher,0.591894876442932,0.4581253694567145,0.3635561348837076,0.0,0.3675070860648762,0.4402183130416178,7,0.36750708606487625,0.5250101229498233,0.4402183130416178,0.4891314589351309,0.36750708606487625,0.4593838575810953,0.4402183130416178,0.4402183130416178,5,7,5,7,5.551115123125783e-17,0.0
Candidate_057,Bookkeeper,0.6581649247644312,0.3601038400541774,0.2992257912289334,0.0,0.356394067686513,0.4162392259322997,8,0.356394067686513,0.5091343824093043,0.4162392259322997,0.4624880288136663,0.356394067686513,0.44549258460814123,0.4162392259322997,0.4162392259322997,7,8,7,8,0.0,0.0
Candidate_057,Office Manager,0.3495578947717783,0.4653236775601796,0.5286438829565303,0.0,0.2852085503161852,0.3909373269074913,9,0.28520855031618525,0.40744078616597895,0.39093732690749133,0.43437480767499037,0.28520855031618525,0.35651068789523155,0.39093732690749133,0.39093732690749133,9,9,9,9,5.551115123125783e-17,5.551115123125783e-17
Candidate_057,Continuing Care Assistant,0.4238408451333857,0.3415160622402644,0.4396201180333152,0.0,0.2678749175807775,0.3557989411874406,10,0.2678749175807775,0.38267845368682507,0.3557989411874406,0.395332156874934,0.2678749175807775,0.3348436469759719,0.3557989411874406,0.3557989411874406,10,10,10,10,0.0,0.0
Candidate_057,Licensed Practical Nurse (L.P.N.),0.4289875767197779,0.1711945241014908,0.3039192124973743,0.0,0.210063735287444,0.2708475777869189,11,0.21006373528744401,0.30009105041063433,0.27084757778691887,0.3009417530965765,0.21006373528744401,0.262579669109305,0.27084757778691887,0.27084757778691887,11,11,11,11,2.7755575615628914e-17,5.551115123125783e-17
Candidate_057,Food Service Supervisor,0.0,0.3334902029803958,0.6833380235893983,0.0,0.1167215710431385,0.2533891757610181,12,0.11672157104313852,0.1667451014901979,0.25338917576101816,0.2815435286233535,0.11672157104313852,0.14590196380392315,0.25338917576101816,0.25338917576101816,12,12,12,12,1.3877787807814457e-17,5.551115123125783e-17
Candidate_057,Restaurant Manager,0.2325433568505333,0.0985841238989631,0.5865008675534992,0.0,0.1158946182623237,0.2331947917730236,13,0.11589461826232372,0.1655637403747482,0.23319479177302355,0.25910532419224835,0.11589461826232372,0.14486827282790465,0.23319479177302355,0.23319479177302355,13,13,13,13,2.7755575615628914e-17,5.551115123125783e-17
Candidate_057,"Driver, Truck",0.0555257071177345,0.0751230247018679,0.8880268984746598,0.0,0.0457270561368608,0.2233324358317928,14,0.04572705613686084,0.0653243659098012,0.2233324358317928,0.24814715092421422,0.04572705613686084,0.05715882017107604,0.2233324358317928,0.2233324358317928,15,14,15,14,3.469446951953614e-17,0.0
Candidate_057,Delivery Driver,0.134036120941727,0.0,0.3705312074675783,0.0,0.0469126423296044,0.1210188838231201,15,0.04691264232960445,0.0670180604708635,0.12101888382312012,0.13446542647013346,0.04691264232960445,0.05864080291200556,0.12101888382312012,0.12101888382312012,14,15,14,15,5.551115123125783e-17,2.7755575615628914e-17
Candidate_058,Administrative Assistant,1.0,0.4219088279738398,0.4384514673595585,1.0,0.4976680897908438,0.6853583832627556,1,0.49766808979084387,0.7109544139869198,0.5853583832627556,0.650398203625284,0.5976680897908438,0.7470851122385548,0.6853583832627556,0.6853583832627556,1,1,1,1,5.551115123125783e-17,0.0
Candidate_058,Office Administrator,0.7230284741531223,0.3312066427864984,0.5286438829565303,1.0,0.3689822909288672,0.5747110675201733,2,0.36898229092886725,0.5271175584698103,0.47471106752017334,0.5274567416890815,0.46898229092886723,0.586227863661084,0.5747110675201733,0.5747110675201733,4,5,2,2,5.551115123125783e-17,0.0
Candidate_058,Office Manager,0.7418340348788728,0.2753442242425308,0.5286438829565303,1.0,0.3560123906924912,0.5617411672837973,3,0.35601239069249124,0.5085891295607018,0.4617411672837973,0.5130457414264414,0.4560123906924912,0.570015488365614,0.5617411672837973,0.5617411672837973,5,6,3,3,5.551115123125783e-17,0.0
Candidate_058,Inside Sales Representative,0.6469399191106423,0.3677220958936548,0.8643994601889338,0.0,0.3551317052515039,0.5280115972892907,4,0.35513170525150395,0.5073310075021485,0.5280115972892907,0.5866795525436563,0.35513170525150395,0.44391463156437994,0.5280115972892907,0.5280115972892907,6,2,6,4,5.551115123125783e-17,0.0
Candidate_058,Retail Sales Associate,0.6469399191106423,0.3589269187292919,0.8643994601889338,0.0,0.3520533932439769,0.5249332852817636,5,0.35205339324397694,0.5029334189199671,0.5249332852817636,0.5832592058686262,0.35205339324397694,0.44006674155497116,0.5249332852817636,0.5249332852817636,7,3,7,5,5.551115123125783e-17,0.0
Candidate_058,Software Developer,0.2962686148491634,1.0,0.2290858604605659,0.0,0.4536940151972071,0.4995111872893203,6,0.45369401519720715,0.6481343074245817,0.4995111872893203,0.555012430321467,0.45369401519720715,0.5671175189965089,0.4995111872893203,0.4995111872893203,2,4,4,6,5.551115123125783e-17,0.0
Candidate_058,Information Technology (IT) Analyst,0.3841088964762826,0.7066997239855012,0.266375870790639,0.0,0.3817830171616243,0.4350581913197521,7,0.3817830171616243,0.545404310230892,0.43505819131975215,0.48339799035528014,0.3817830171616243,0.4772287714520304,0.43505819131975215,0.43505819131975215,3,7,5,7,0.0,5.551115123125783e-17
Candidate_058,"Driver, Truck",0.4531284586347882,0.1795009339625879,0.8880268984746598,0.0,0.2214202874090816,0.3990256671040135,8,0.22142028740908162,0.3163146962986881,0.39902566710401355,0.4433618523377928,0.22142028740908162,0.276775359261352,0.39902566710401355,0.39902566710401355,11,8,11,8,2.7755575615628914e-17,5.551115123125783e-17
Candidate_058,Secondary School Teacher,0.4807580054048626,0.4052538874133325,0.3635561348837076,0.0,0.3101041624863683,0.3828153894631098,9,0.3101041624863683,0.4430059464090976,0.38281538946310983,0.4253504327367887,0.3101041624863683,0.38763020310796037,0.38281538946310983,0.38281538946310983,8,9,8,9,0.0,5.551115123125783e-17
Candidate_058,Food Service Supervisor,0.2768544029627602,0.4017266655751514,0.6833380235893983,0.0,0.237503373988269,0.3741709787061487,10,0.23750337398826904,0.3392905342689558,0.3741709787061487,0.4157455318957207,0.23750337398826904,0.2968792174853363,0.3741709787061487,0.3741709787061487,10,10,10,10,2.7755575615628914e-17,0.0
Candidate_058,Continuing Care Assistant,0.4111774852682106,0.3011516737828566,0.4396201180333152,0.0,0.2493152056678735,0.3372392292745365,11,0.24931520566787352,0.3561645795255336,0.33723922927453653,0.37471025474948505,0.24931520566787352,0.31164400708484186,0.33723922927453653,0.33723922927453653,9,11,9,11,2.7755575615628914e-17,5.551115123125783e-17
Candidate_058,Restaurant Manager,0.2517301676377214,0.2034187759857313,0.5865008675534992,0.0,0.1593021302682084,0.2766023037789082,12,0.15930213026820844,0.22757447181172635,0.27660230377890827,0.30733589308767584,0.15930213026820844,0.19912766283526054,0.27660230377890827,0.27660230377890827,12,12,12,12,5.551115123125783e-17,5.551115123125783e-17
Candidate_058,Bookkeeper,0.1069963126322752,0.3416993594831476,0.2992257912289334,0.0,0.157043485240398,0.2168886434861846,13,0.157043485240398,0.22434783605771144,0.21688864348618467,0.24098738165131628,0.157043485240398,0.19630435655049747,0.21688864348618467,0.21688864348618467,13,13,13,13,0.0,5.551115123125783e-17
Candidate_058,Delivery Driver,0.3046102130259123,0.0,0.3705312074675783,0.0,0.1066135745590693,0.1807198160525849,14,0.1066135745590693,0.15230510651295615,0.18071981605258497,0.20079979561398328,0.1066135745590693,0.1332669681988366,0.18071981605258497,0.18071981605258497,14,14,14,14,0.0,8.326672684688674e-17
Candidate_058,Licensed Practical Nurse (L.P.N.),0.0,0.2089889182748163,0.3039192124973743,0.0,0.0731461213961857,0.1339299638956606,15,0.0731461213961857,0.10449445913740815,0.13392996389566056,0.1488110709951784,0.0731461213961857,0.09143265174523213,0.13392996389566056,0.13392996389566056,15,15,15,15,0.0,2.7755575615628914e-17
Candidate_059,Software Developer,1.0,1.0,0.2290858604605659,1.0,0.7,0.8458171720921132,1,0.7,1.0,0.7458171720921132,0.8286857467690146,0.7999999999999999,0.9999999999999999,0.8458171720921132,0.8458171720921132,1,1,1,1,0.0,0.0
Candidate_059,Information Technology (IT) Analyst,0.6967755018332572,0.8665886776273115,0.266375870790639,1.0,0.547177462811199,0.7004526369693267,2,0.547177462811199,0.7816820897302843,0.6004526369693267,0.6671695966325852,0.6471774628111989,0.8089718285139986,0.7004526369693267,0.7004526369693267,2,2,2,2,0.0,0.0
Candidate_059,Secondary School Teacher,0.622928673032444,0.5298357590443109,0.3635561348837076,1.0,0.4034675512268642,0.5761787782036057,3,0.40346755122686423,0.5763822160383775,0.47617877820360577,0.5290875313373398,0.5034675512268643,0.6293344390335803,0.5761787782036057,0.5761787782036057,3,3,3,3,5.551115123125783e-17,0.0
Candidate_059,Bookkeeper,0.6127816609934615,0.4612821830866971,0.2992257912289334,1.0,0.3759223454280554,0.5357675036738422,4,0.37592234542805547,0.5370319220400793,0.43576750367384215,0.4841861151931579,0.47592234542805545,0.5949029317850693,0.5357675036738422,0.5357675036738422,4,4,4,4,5.551115123125783e-17,0.0
Candidate_059,Office Administrator,0.4361596511409003,0.48418264546426,0.5286438829565303,0.0,0.3221198038118061,0.4278485804031122,5,0.32211980381180605,0.4601711483025801,0.42784858040311213,0.4753873115590135,0.32211980381180605,0.40264975476475756,0.42784858040311213,0.42784858040311213,5,5,6,5,5.551115123125783e-17,5.551115123125783e-17
Candidate_059,Licensed Practical Nurse (L.P.N.),0.515402242745367,0.2288337056426641,0.3039192124973743,1.0,0.2604825819358108,0.4212664244352857,6,0.26048258193581086,0.37211797419401554,0.32126642443528575,0.35696269381698414,0.36048258193581084,0.45060322741976355,0.4212664244352857,0.4212664244352857,7,9,5,6,5.551115123125783e-17,0.0
Candidate_059,Office Manager,0.415371643129516,0.4702181571907661,0.5286438829565303,0.0,0.3099564301120987,0.4156852067034048,7,0.3099564301120987,0.44279490016014106,0.4156852067034048,0.461872451892672,0.3099564301120987,0.3874455376401234,0.4156852067034048,0.4156852067034048,6,6,7,7,0.0,0.0
Candidate_059,Inside Sales Representative,0.1453206504113498,0.3375148980277111,0.8643994601889338,0.0,0.1689924419536713,0.3418723339914581,8,0.16899244195367133,0.24141777421953048,0.3418723339914581,0.3798581488793979,0.16899244195367133,0.21124055244208914,0.3418723339914581,0.3418723339914581,12,7,12,8,2.7755575615628914e-17,0.0
Candidate_059,Retail Sales Associate,0.1453206504113498,0.326872493422311,0.8643994601889338,0.0,0.1652676003417812,0.338147492379568,9,0.16526760034178128,0.23609657191683042,0.33814749237956804,0.3757194359772978,0.16526760034178128,0.2065845004272266,0.33814749237956804,0.33814749237956804,13,8,13,9,8.326672684688674e-17,5.551115123125783e-17
Candidate_059,"Driver, Truck",0.2531815289951885,0.1458203089253559,0.8880268984746598,0.0,0.1396506432721905,0.3172560229671225,10,0.13965064327219054,0.19950091896027222,0.3172560229671225,0.3525066921856917,0.13965064327219054,0.17456330409023815,0.3172560229671225,0.3172560229671225,14,10,14,10,2.7755575615628914e-17,0.0
Candidate_059,Restaurant Manager,0.2680081625644394,0.2829437824219503,0.5865008675534992,0.0,0.1928331807452364,0.3101333542559362,11,0.19283318074523637,0.27547597249319483,0.3101333542559362,0.3445926158399291,0.19283318074523637,0.24104147593154546,0.3101333542559362,0.3101333542559362,10,11,10,11,2.7755575615628914e-17,0.0
Candidate_059,Food Service Supervisor,0.0363615854538611,0.4544383056144589,0.6833380235893983,0.0,0.171779961873912,0.3084475665917917,12,0.171779961873912,0.24539994553416003,0.3084475665917917,0.34271951843532406,0.171779961873912,0.21472495234239,0.3084475665917917,0.3084475665917917,11,12,11,12,0.0,0.0
Candidate_059,Continuing Care Assistant,0.1943017329544611,0.4126447875562796,0.4396201180333152,0.0,0.2124312821787592,0.3003553057854223,13,0.21243128217875923,0.30347326025537036,0.30035530578542224,0.33372811753935805,0.21243128217875923,0.265539102723449,0.30035530578542224,0.30035530578542224,8,13,8,13,2.7755575615628914e-17,5.551115123125783e-17
Candidate_059,Administrative Assistant,0.0,0.5575004726839997,0.4384514673595585,0.0,0.1951251654393999,0.2828154589113116,14,0.1951251654393999,0.27875023634199986,0.2828154589113116,0.31423939879034624,0.1951251654393999,0.24390645679924985,0.2828154589113116,0.2828154589113116,9,14,9,14,0.0,0.0
Candidate_059,Delivery Driver,0.1439520461002038,0.0,0.3705312074675783,0.0,0.0503832161350713,0.124489457628587,15,0.050383216135071324,0.0719760230501019,0.12448945762858699,0.13832161958731887,0.050383216135071324,0.06297902016883915,0.12448945762858699,0.12448945762858699,15,15,15,15,2.0816681711721685e-17,1.3877787807814457e-17
Candidate_060,Software Developer,1.0,1.0,0.2290858604605659,1.0,0.7,0.8458171720921132,1,0.7,1.0,0.7458171720921132,0.8286857467690146,0.7999999999999999,0.9999999999999999,0.8458171720921132,0.8458171720921132,1,1,1,1,0.0,0.0
Candidate_060,Information Technology (IT) Analyst,0.748978023802547,0.8324442641740591,0.266375870790639,1.0,0.5534978007918121,0.7067729749499398,2,0.5534978007918121,0.790711143988303,0.6067729749499399,0.674192194388822,0.6534978007918121,0.816872250989765,0.7067729749499398,0.7067729749499398,2,2,2,2,0.0,0.0
Candidate_060,Secondary School Teacher,0.7526708825815293,0.3419043728405302,0.3635561348837076,1.0,0.3831013393977208,0.5558125663744623,3,0.3831013393977208,0.5472876277110297,0.4558125663744623,0.5064584070827359,0.4831013393977208,0.603876674247151,0.5558125663744623,0.5558125663744623,3,3,3,3,0.0,0.0
Candidate_060,Bookkeeper,0.6385558186579218,0.2843877765596597,0.2992257912289334,1.0,0.3230302583261535,0.4828754165719402,4,0.3230302583261535,0.46147179760879076,0.3828754165719402,0.425417129524378,0.4230302583261535,0.5287878229076918,0.4828754165719402,0.4828754165719402,4,7,4,4,0.0,0.0
Candidate_060,Licensed Practical Nurse (L.P.N.),0.7418067115235827,0.063336411413221,0.3039192124973743,1.0,0.2818000930278813,0.4425839355273562,5,0.2818000930278813,0.40257156146840184,0.34258393552735616,0.38064881725261795,0.3818000930278813,0.47725011628485164,0.4425839355273562,0.4425839355273562,7,11,5,5,0.0,0.0
Candidate_060,Office Administrator,0.485880918740978,0.4054539779957461,0.5286438829565303,0.0,0.3119672138578534,0.4176959904491595,6,0.3119672138578534,0.4456674483683621,0.4176959904491595,0.46410665605462165,0.3119672138578534,0.38995901732231675,0.4176959904491595,0.4176959904491595,5,4,6,6,0.0,0.0
Candidate_060,Office Manager,0.5169841651160179,0.3343397352408008,0.5286438829565303,0.0,0.2979633651248865,0.4036921417161926,7,0.2979633651248865,0.42566195017840935,0.4036921417161926,0.4485468241291029,0.2979633651248865,0.37245420640610816,0.4036921417161926,0.4036921417161926,6,5,7,7,0.0,0.0
Candidate_060,Inside Sales Representative,0.3556788187243629,0.262680664034091,0.8643994601889338,0.0,0.2164258189654589,0.3893057110032456,8,0.21642581896545887,0.309179741379227,0.3893057110032456,0.4325619011147174,0.21642581896545887,0.2705322737068236,0.3893057110032456,0.3893057110032456,9,6,9,8,2.7755575615628914e-17,0.0
Candidate_060,"Driver, Truck",0.382628766688303,0.1898664817048185,0.8880268984746598,0.0,0.2003733369375925,0.3779787166325244,9,0.20037333693759252,0.28624762419656075,0.37797871663252447,0.41997635181391607,0.20037333693759252,0.2504666711719906,0.37797871663252447,0.37797871663252447,12,8,12,9,2.7755575615628914e-17,5.551115123125783e-17
Candidate_060,Retail Sales Associate,0.3556788187243629,0.1993945380843815,0.8643994601889338,0.0,0.1942756748830605,0.3671555669208473,10,0.19427567488306052,0.2775366784043722,0.3671555669208473,0.4079506299120525,0.19427567488306052,0.24284459360382565,0.3671555669208473,0.3671555669208473,13,9,13,10,2.7755575615628914e-17,0.0
Candidate_060,Food Service Supervisor,0.3524717159774569,0.2524159879514367,0.6833380235893983,0.0,0.2117106963751127,0.3483783010929924,11,0.21171069637511275,0.3024438519644468,0.3483783010929924,0.38708700121443596,0.21171069637511275,0.26463837046889094,0.3483783010929924,0.3483783010929924,10,10,10,11,5.551115123125783e-17,0.0
Candidate_060,Continuing Care Assistant,0.3995848767117647,0.3225966249726754,0.4396201180333152,0.0,0.252763525589554,0.3406875491962171,12,0.252763525589554,0.36109075084222003,0.340687549196217,0.37854172132913,0.252763525589554,0.3159544069869425,0.340687549196217,0.340687549196217,8,12,8,12,0.0,5.551115123125783e-17
Candidate_060,Restaurant Manager,0.5859365380614188,0.0,0.5865008675534992,0.0,0.2050777883214965,0.3223779618321964,13,0.20507778832149656,0.2929682690307094,0.3223779618321964,0.3581977353691071,0.20507778832149656,0.2563472354018707,0.3223779618321964,0.3223779618321964,11,13,11,13,5.551115123125783e-17,0.0
Candidate_060,Administrative Assistant,0.0,0.4914502244560235,0.4384514673595585,0.0,0.1720075785596082,0.2596978720315199,14,0.17200757855960822,0.24572511222801174,0.25969787203151995,0.28855319114613326,0.17200757855960822,0.21500947319951025,0.25969787203151995,0.25969787203151995,14,14,14,14,2.7755575615628914e-17,5.551115123125783e-17
Candidate_060,Delivery Driver,0.3216787247334663,0.1034263933021425,0.3705312074675783,0.0,0.148786791312463,0.2228930328059787,15,0.14878679131246308,0.21255255901780443,0.22289303280597875,0.24765892533997638,0.14878679131246308,0.18598348914057886,0.22289303280597875,0.22289303280597875,15,15,15,15,8.326672684688674e-17,5.551115123125783e-17
Candidate_061,Food Service Supervisor,1.0,0.3740677812381473,0.6833380235893983,1.0,0.4809237234333515,0.7175913281512312,1,0.48092372343335155,0.6870338906190737,0.6175913281512312,0.6862125868347013,0.5809237234333515,0.7261546542916893,0.7175913281512312,0.7175913281512312,2,1,2,1,5.551115123125783e-17,0.0
Candidate_061,Administrative Assistant,1.0,0.4808313335189828,0.4384514673595585,1.0,0.518290966731644,0.7059812602035557,2,0.518290966731644,0.7404156667594914,0.6059812602035557,0.6733125113372841,0.618290966731644,0.7728637084145549,0.7059812602035557,0.7059812602035557,1,2,1,2,0.0,0.0
Candidate_061,Software Developer,0.0,1.0,0.2290858604605659,0.0,0.35,0.3958171720921131,3,0.35,0.5,0.39581717209211315,0.4397968578801257,0.35,0.43749999999999994,0.39581717209211315,0.39581717209211315,3,3,3,3,0.0,5.551115123125783e-17
Candidate_061,Information Technology (IT) Analyst,0.0,0.8024202945082711,0.266375870790639,0.0,0.2808471030778949,0.3341222772360227,4,0.2808471030778949,0.4012101472541356,0.3341222772360227,0.37124697470669193,0.2808471030778949,0.3510588788473686,0.3341222772360227,0.3341222772360227,4,4,4,4,0.0,0.0
Candidate_061,Continuing Care Assistant,0.0,0.3240093264916343,0.4396201180333152,1.0,0.113403264272072,0.3013272878787351,5,0.113403264272072,0.16200466324581714,0.20132728787873505,0.22369698653192782,0.213403264272072,0.26675408034009,0.3013272878787351,0.3013272878787351,9,11,6,5,0.0,0.0
Candidate_061,Bookkeeper,0.0,0.3393238133828446,0.2992257912289334,1.0,0.1187633346839956,0.2786084929297823,6,0.11876333468399561,0.1696619066914223,0.1786084929297823,0.19845388103309142,0.21876333468399561,0.2734541683549945,0.2786084929297823,0.2786084929297823,8,12,5,6,1.3877787807814457e-17,0.0
Candidate_061,Office Administrator,0.0,0.4138438091302995,0.5286438829565303,0.0,0.1448453331956048,0.2505741097869108,7,0.1448453331956048,0.20692190456514972,0.25057410978691086,0.27841567754101204,0.1448453331956048,0.181056666494506,0.25057410978691086,0.25057410978691086,5,5,7,7,0.0,5.551115123125783e-17
Candidate_061,Inside Sales Representative,0.0,0.1820096399304755,0.8643994601889338,0.0,0.0637033739756664,0.2365832660134531,8,0.06370337397566642,0.09100481996523774,0.23658326601345317,0.2628702955705035,0.06370337397566642,0.07962921746958301,0.23658326601345317,0.23658326601345317,10,6,11,8,1.3877787807814457e-17,8.326672684688674e-17
Candidate_061,Office Manager,0.0,0.3523467890178555,0.5286438829565303,0.0,0.1233213761562494,0.2290501527475555,9,0.12332137615624941,0.17617339450892774,0.22905015274755547,0.25450016971950606,0.12332137615624941,0.15415172019531176,0.22905015274755547,0.22905015274755547,7,7,9,9,1.3877787807814457e-17,2.7755575615628914e-17
Candidate_061,Retail Sales Associate,0.0,0.1509900212503015,0.8643994601889338,0.0,0.0528465074376055,0.2257263994753922,10,0.05284650743760552,0.07549501062515075,0.22572639947539228,0.25080711052821364,0.05284650743760552,0.0660581342970069,0.22572639947539228,0.22572639947539228,11,8,12,10,2.0816681711721685e-17,8.326672684688674e-17
Candidate_061,"Driver, Truck",0.0,0.1236571248854998,0.8880268984746598,0.0,0.0432799937099249,0.2208853734048569,11,0.04327999370992493,0.0618285624427499,0.22088537340485687,0.24542819267206317,0.04327999370992493,0.054099992137406155,0.22088537340485687,0.22088537340485687,13,9,14,11,2.7755575615628914e-17,2.7755575615628914e-17
Candidate_061,Secondary School Teacher,0.0,0.3903644711571484,0.3635561348837076,0.0,0.1366275649050019,0.2093387918817434,12,0.13662756490500194,0.19518223557857423,0.20933879188174348,0.23259865764638163,0.13662756490500194,0.17078445613125243,0.20933879188174348,0.20933879188174348,6,10,8,12,2.7755575615628914e-17,8.326672684688674e-17
Candidate_061,Delivery Driver,0.0,0.0,0.3705312074675783,1.0,0.0,0.1741062414935156,13,0.0,0.0,0.07410624149351566,0.08234026832612851,0.1,0.125,0.17410624149351567,0.17410624149351567,15,15,10,13,0.0,5.551115123125783e-17
Candidate_061,Restaurant Manager,0.0,0.1428122137496709,0.5865008675534992,0.0,0.0499842748123848,0.1672844483230846,14,0.049984274812384814,0.07140610687483545,0.16728444832308464,0.18587160924787183,0.049984274812384814,0.06248034351548101,0.16728444832308464,0.16728444832308464,12,13,13,14,1.3877787807814457e-17,5.551115123125783e-17
Candidate_061,Licensed Practical Nurse (L.P.N.),0.0,0.082506119245553,0.3039192124973743,0.0,0.0288771417359435,0.0896609842354184,15,0.028877141735943548,0.0412530596227765,0.0896609842354184,0.09962331581713156,0.028877141735943548,0.03609642716992943,0.0896609842354184,0.0896609842354184,14,14,15,15,4.85722573273506e-17,0.0
Candidate_062,Administrative Assistant,1.0,0.5005136650935003,0.4384514673595585,1.0,0.525179782782725,0.7128700762546367,1,0.525179782782725,0.7502568325467501,0.6128700762546367,0.6809667513940408,0.625179782782725,0.7814747284784063,0.7128700762546367,0.7128700762546367,1,1,1,1,0.0,0.0
Candidate_062,Office Manager,0.8802953501891214,0.3815060776765909,0.5286438829565303,1.0,0.4416304997529993,0.6473592763443053,2,0.4416304997529993,0.6309007139328562,0.5473592763443054,0.6081769737158949,0.5416304997529993,0.677038124691249,0.6473592763443053,0.6473592763443053,2,2,2,2,0.0,0.0
Candidate_062,Office Administrator,0.7125966158149186,0.4392354062493276,0.5286438829565303,1.0,0.4031412077224862,0.6088699843137922,3,0.4031412077224862,0.5759160110321232,0.5088699843137923,0.5654110936819914,0.5031412077224862,0.6289265096531077,0.6088699843137922,0.6088699843137922,3,3,3,3,0.0,0.0
Candidate_062,"Driver, Truck",0.6958608440448676,0.0728177793302297,0.8880268984746598,1.0,0.269037518181284,0.546642897876216,4,0.269037518181284,0.38433931168754865,0.44664289787621597,0.49626988652912885,0.36903751818128405,0.46129689772660504,0.546642897876216,0.546642897876216,11,6,5,4,0.0,0.0
Candidate_062,Inside Sales Representative,0.5838070595741572,0.2774075783702469,0.8643994601889338,0.0,0.3014251232805414,0.4743050153183282,5,0.3014251232805414,0.430607318972202,0.47430501531832814,0.5270055725759202,0.3014251232805414,0.37678140410067673,0.47430501531832814,0.47430501531832814,7,4,8,5,0.0,5.551115123125783e-17
Candidate_062,Retail Sales Associate,0.5838070595741572,0.2473338653482831,0.8643994601889338,0.0,0.2908993237228541,0.4637792157606408,6,0.2908993237228541,0.41557046246122015,0.46377921576064085,0.5153102397340453,0.2908993237228541,0.3636241546535676,0.46377921576064085,0.46377921576064085,9,5,10,6,0.0,5.551115123125783e-17
Candidate_062,Food Service Supervisor,0.5228975964527075,0.3256889559570465,0.6833380235893983,0.0,0.2970052933434139,0.4336728980612936,7,0.29700529334341386,0.42429327620487695,0.4336728980612935,0.4818587756236594,0.29700529334341386,0.3712566166792673,0.4336728980612935,0.4336728980612935,8,7,9,7,5.551115123125783e-17,1.1102230246251565e-16
Candidate_062,Information Technology (IT) Analyst,0.247659540769698,0.7977882481028317,0.266375870790639,0.0,0.3659067261053854,0.4191819002635132,8,0.3659067261053854,0.5227238944362649,0.4191819002635132,0.4657576669594591,0.3659067261053854,0.4573834076317317,0.4191819002635132,0.4191819002635132,5,8,6,8,0.0,0.0
Candidate_062,Software Developer,0.0582030277465284,1.0,0.2290858604605659,0.0,0.3703710597112849,0.4161882318033981,9,0.3703710597112849,0.5291015138732642,0.4161882318033981,0.4624313686704423,0.3703710597112849,0.4629638246391061,0.4161882318033981,0.4161882318033981,4,9,4,9,0.0,0.0
Candidate_062,Secondary School Teacher,0.4661455372750658,0.4562995161449156,0.3635561348837076,0.0,0.3228557686969934,0.395566995673735,10,0.32285576869699345,0.4612225267099907,0.395566995673735,0.43951888408192774,0.32285576869699345,0.40356971087124177,0.395566995673735,0.395566995673735,6,10,7,10,5.551115123125783e-17,0.0
Candidate_062,Continuing Care Assistant,0.4689994972688815,0.3590218233453835,0.4396201180333152,0.0,0.2898074622149927,0.3777314858216558,11,0.28980746221499276,0.4140106603071325,0.37773148582165583,0.4197016509129509,0.28980746221499276,0.3622593277687409,0.37773148582165583,0.37773148582165583,10,11,11,11,5.551115123125783e-17,5.551115123125783e-17
Candidate_062,Restaurant Manager,0.3812096689165674,0.2335196432725107,0.5865008675534992,0.0,0.2151552592661773,0.3324554327768771,12,0.21515525926617732,0.30736465609453906,0.33245543277687717,0.3693949253076413,0.21515525926617732,0.26894407408272164,0.33245543277687717,0.33245543277687717,12,12,12,12,2.7755575615628914e-17,5.551115123125783e-17
Candidate_062,Delivery Driver,0.4891493364278887,0.0,0.3705312074675783,0.0,0.171202267749761,0.2453085092432767,13,0.17120226774976105,0.24457466821394439,0.2453085092432767,0.27256501027030744,0.17120226774976105,0.2140028346872013,0.2453085092432767,0.2453085092432767,13,13,13,13,5.551115123125783e-17,0.0
Candidate_062,Bookkeeper,0.0098455164014726,0.3576651381053116,0.2992257912289334,0.0,0.1286287290773745,0.1884738873231612,14,0.12862872907737447,0.1837553272533921,0.18847388732316114,0.20941543035906793,0.12862872907737447,0.16078591134671807,0.18847388732316114,0.18847388732316114,14,14,14,14,2.7755575615628914e-17,5.551115123125783e-17
Candidate_062,Licensed Practical Nurse (L.P.N.),0.0,0.1186736776206147,0.3039192124973743,0.0,0.0415357871672151,0.10231962966669,15,0.04153578716721514,0.05933683881030735,0.10231962966669,0.11368847740743333,0.04153578716721514,0.05191973395901892,0.10231962966669,0.10231962966669,15,15,15,15,4.163336342344337e-17,0.0
Candidate_063,Administrative Assistant,1.0,0.4798631691859165,0.4384514673595585,1.0,0.5179521092150707,0.7056424026869824,1,0.5179521092150707,0.7399315845929583,0.6056424026869824,0.672936002985536,0.6179521092150707,0.7724401365188384,0.7056424026869824,0.7056424026869824,1,1,1,1,0.0,0.0
Candidate_063,Office Administrator,0.7230284741531223,0.5045179548284618,0.5286438829565303,1.0,0.4296412501435545,0.6353700267348605,2,0.4296412501435545,0.6137732144907921,0.5353700267348606,0.5948555852609562,0.5296412501435545,0.662051562679443,0.6353700267348605,0.6353700267348605,3,2,2,2,0.0,0.0
Candidate_063,Office Manager,0.7418340348788728,0.4203385047739997,0.5286438829565303,1.0,0.4067603888785053,0.6124891654698114,3,0.40676038887850535,0.5810862698264363,0.5124891654698114,0.5694324060775682,0.5067603888785054,0.6334504860981317,0.6124891654698114,0.6124891654698114,5,3,3,3,5.551115123125783e-17,0.0
Candidate_063,Software Developer,0.2962686148491634,1.0,0.2290858604605659,0.0,0.4536940151972071,0.4995111872893203,4,0.45369401519720715,0.6481343074245817,0.4995111872893203,0.555012430321467,0.45369401519720715,0.5671175189965089,0.4995111872893203,0.4995111872893203,2,4,4,4,5.551115123125783e-17,0.0
Candidate_063,Inside Sales Representative,0.6469399191106423,0.2554023424308886,0.8643994601889338,0.0,0.3158197915395357,0.4886996835773225,5,0.31581979153953577,0.4511711307707654,0.4886996835773225,0.5429996484192472,0.31581979153953577,0.3947747394244197,0.4886996835773225,0.4886996835773225,7,5,7,5,5.551115123125783e-17,0.0
Candidate_063,Information Technology (IT) Analyst,0.3841088964762826,0.842458221618195,0.266375870790639,0.0,0.4292984913330671,0.4825736654911949,6,0.42929849133306713,0.6132835590472387,0.48257366549119496,0.5361929616568832,0.42929849133306713,0.5366231141663339,0.48257366549119496,0.48257366549119496,4,6,5,6,5.551115123125783e-17,5.551115123125783e-17
Candidate_063,Retail Sales Associate,0.6469399191106423,0.2243932320405691,0.8643994601889338,0.0,0.304966602902924,0.4778464949407107,7,0.304966602902924,0.43566657557560573,0.47784649494071074,0.530940549934123,0.304966602902924,0.38120825362865496,0.47784649494071074,0.47784649494071074,8,7,8,7,0.0,5.551115123125783e-17
Candidate_063,Secondary School Teacher,0.4807580054048626,0.4484283947829247,0.3635561348837076,0.0,0.3252152400657255,0.3979264670424671,8,0.32521524006572555,0.46459320009389365,0.3979264670424671,0.44214051893607453,0.32521524006572555,0.40651905008215694,0.3979264670424671,0.3979264670424671,6,8,6,8,5.551115123125783e-17,0.0
Candidate_063,"Driver, Truck",0.4531284586347882,0.0954471095249384,0.8880268984746598,0.0,0.1920014488559043,0.3696068285508362,9,0.1920014488559043,0.2742877840798633,0.36960682855083626,0.4106742539453736,0.1920014488559043,0.2400018110698804,0.36960682855083626,0.36960682855083626,11,9,11,9,0.0,5.551115123125783e-17
Candidate_063,Food Service Supervisor,0.2768544029627602,0.3746616224052448,0.6833380235893983,0.0,0.2280306088788017,0.3646982135966814,10,0.22803060887880175,0.3257580126840025,0.3646982135966814,0.405220237329646,0.22803060887880175,0.28503826109850217,0.3646982135966814,0.3646982135966814,10,10,10,10,5.551115123125783e-17,0.0
Candidate_063,Continuing Care Assistant,0.4111774852682106,0.3329754982510394,0.4396201180333152,0.0,0.2604535442317375,0.3483775678384005,11,0.2604535442317375,0.37207649175962504,0.34837756783840057,0.38708618648711174,0.2604535442317375,0.3255669302896719,0.34837756783840057,0.34837756783840057,9,11,9,11,0.0,5.551115123125783e-17
Candidate_063,Restaurant Manager,0.2517301676377214,0.1742133612406286,0.5865008675534992,0.0,0.1490802351074225,0.2663804086181223,12,0.1490802351074225,0.212971764439175,0.26638040861812234,0.2959782317979137,0.1490802351074225,0.1863502938842781,0.26638040861812234,0.26638040861812234,13,12,13,12,0.0,5.551115123125783e-17
Candidate_063,Bookkeeper,0.1069963126322752,0.380647900256621,0.2992257912289334,0.0,0.1706754745111136,0.2305206327569003,13,0.17067547451111367,0.24382210644444813,0.23052063275690035,0.25613403639655596,0.17067547451111367,0.21334434313889208,0.23052063275690035,0.23052063275690035,12,13,12,13,8.326672684688674e-17,5.551115123125783e-17
Candidate_063,Delivery Driver,0.3046102130259123,0.0,0.3705312074675783,0.0,0.1066135745590693,0.1807198160525849,14,0.1066135745590693,0.15230510651295615,0.18071981605258497,0.20079979561398328,0.1066135745590693,0.1332669681988366,0.18071981605258497,0.18071981605258497,14,14,14,14,0.0,8.326672684688674e-17
Candidate_063,Licensed Practical Nurse (L.P.N.),0.0,0.2359791909460744,0.3039192124973743,0.0,0.082592716831126,0.1433765593306009,15,0.08259271683112603,0.11798959547303718,0.1433765593306009,0.1593072881451121,0.08259271683112603,0.10324089603890753,0.1433765593306009,0.1433765593306009,15,15,15,15,2.7755575615628914e-17,0.0
