candidate_id,selected_occupation,recommendation_score,recommendation_percentage,skill_normalized_score,skill_percentage,tfidf_similarity_score,tfidf_normalized_score,tfidf_percentage,semantic_similarity_score,semantic_normalized_score,semantic_percentage,posting_count,total_vacancies,province_count,demand_score,demand_percentage,education_score,education_percentage,candidate_match_score,final_hybrid_score,final_hybrid_percentage,final_hybrid_rank,demand_adjusted_score,demand_adjusted_rank,education_adjusted_score,education_adjusted_rank,tfidf_demand_score,tfidf_demand_rank,tfidf_education_score,tfidf_education_rank
Candidate_001,Software Developer,0.6947300771208227,69.47300771208226,1.0,100.0,0.014418958252602254,0.3958074065296681,39.58,0.5054786205291748,1.0,100.0,323,344,8,0.2290858604605659,22.91,1.0,100.0,0.7,0.8458171720921132,84.58,1,0.8458171720921133,1,1.0,1,0.3624630973158477,3,0.45622666587670135,2
Candidate_001,Information Technology (IT) Analyst,0.6739556847075916,67.39556847075916,0.6967755018332572,69.68,0.028241310863068334,1.0,100.0,0.472991943359375,0.7309810620709092,73.1,347,357,10,0.266375870790639,26.64,1.0,100.0,0.4997147973664582,0.6529899715245859,65.3,2,0.6243777997197943,2,0.742490453756875,2,0.8532751741581278,1,1.0,1
Candidate_001,Bookkeeper,0.6682011331444759,66.8201133144476,0.6127816609934615,61.28,0.010643430307318702,0.230774283351105,23.08,0.4637681841850281,0.65460003104619,65.46,396,422,11,0.2992257912289334,29.92,1.0,100.0,0.443583592213878,0.6034287504596646,60.34,3,0.5667978350616474,3,0.6703217614178433,3,0.2444645849266707,4,0.30769685501599453,4
Candidate_001,Secondary School Teacher,0.6688963210702341,66.88963210702342,0.622928673032444,62.29,0.006630853375915681,0.055379447825933945,5.54,0.45415470004081726,0.5749917263631265,57.5,681,740,9,0.3635561348837076,36.36,1.0,100.0,0.4192721397884497,0.5919833667651913,59.2,4,0.5518793867349697,4,0.6390641797280067,4,0.11701478523748868,13,0.14984150304334054,5
Candidate_001,Office Administrator,0.6561004784688996,65.61004784688997,0.4361596511409003,43.62,0.006084603310117848,0.03150216345627963,3.15,0.45627740025520325,0.592569595414838,59.26,676,1709,13,0.5286438829565303,52.86,0.0,0.0,0.3600552362945084,0.4657840128858145,46.58,5,0.5172204752136014,5,0.46292816095008227,5,0.13093050735632977,11,0.02835194711065167,12
Candidate_002,Software Developer,0.5382390745501285,53.82390745501285,0.8189766486101043,81.9,0.01584548681107333,1.0,100.0,0.5188846588134766,1.0,100.0,323,344,8,0.2290858604605659,22.91,1.0,100.0,0.6366418270135366,0.7824589991056498,78.25,1,0.773407831536155,1,0.918539491874547,1,0.8458171720921133,1,1.0,1
Candidate_002,Office Manager,0.5467625899280575,54.67625899280575,1.0,100.0,0.007630782908994734,0.22675997774008175,22.68,0.4099811613559723,0.33009403848508867,33.01,676,1709,13,0.5286438829565303,52.86,1.0,100.0,0.465532913469781,0.671261690061087,67.13,2,0.6377663919853416,2,0.6985423173182899,3,0.28713675878337147,9,0.3040839799660736,6
Candidate_002,Information Technology (IT) Analyst,0.5286596440247002,52.86596440247002,0.6155276558846338,61.55,0.01190410885843587,0.6290029181622739,62.9,0.47961124777793884,0.7584146258296381,75.84,347,357,10,0.266375870790639,26.64,1.0,100.0,0.48087979859999513,0.6341549727581229,63.42,3,0.6028520868438365,3,0.7182740267714224,2,0.556477508687947,2,0.6661026263460466,2
Candidate_002,Office Administrator,0.5382775119617226,53.82775119617226,0.8197929865595287,81.98,0.00615060045484842,0.0874322152989754,8.74,0.41645339131355286,0.36990713479607273,36.99,676,1709,13,0.5286438829565303,52.86,1.0,100.0,0.41639504247446046,0.6221238190657665,62.21,4,0.5816088251335467,4,0.6353650546100206,5,0.1756745488304864,14,0.17868899376907788,12
Candidate_002,Secondary School Teacher,0.5365105908584169,53.65105908584169,0.7822669230071398,78.23,0.007787720945606818,0.24153236301043218,24.15,0.43228602409362793,0.4672995540798286,46.73,681,740,9,0.3635561348837076,36.36,1.0,100.0,0.43734826698043894,0.6100594939571804,61.01,5,0.5725378178115289,5,0.6623049146891358,4,0.2659371173850873,13,0.31737912670938895,5
Candidate_003,Administrative Assistant,0.8991596638655464,89.91596638655463,1.0,100.0,0.01529515965585502,0.48338193597626333,48.34,0.49100974202156067,0.5875608276251357,58.76,812,890,11,0.4384514673595585,43.85,1.0,100.0,0.5556462896687975,0.7433365831407092,74.33,1,0.722714624521966,1,0.8144023724313111,1,0.4743958422529224,8,0.535043742378637,5
Candidate_003,Office Manager,0.8920863309352518,89.20863309352518,0.8802953501891214,88.03,0.013815828089259245,0.3609571494397498,36.1,0.4675544202327728,0.456589852149889,45.66,676,1709,13,0.5286438829565303,52.86,1.0,100.0,0.4679098208186536,0.6736385974099597,67.36,2,0.6404828575269103,2,0.7015983410525547,2,0.39449449614310594,11,0.42486143449577485,10
Candidate_003,Office Administrator,0.8821770334928231,88.2177033492823,0.7125966158149186,71.26,0.010975973075868742,0.1259397593836235,12.59,0.48598533868789673,0.5595053180176909,55.95,676,1709,13,0.5286438829565303,52.86,1.0,100.0,0.4452356768414133,0.6509644534327194,65.1,3,0.6145695501243499,3,0.6724458702246742,3,0.20648058409820488,14,0.21334578344526117,14
Candidate_003,"Driver, Truck",0.8811881188118811,88.11881188118811,0.6958608440448676,69.59,0.01195713780356652,0.20713783901493518,20.71,0.4103018641471863,0.13690022322461215,13.69,1423,3705,12,0.8880268984746598,88.8,1.0,100.0,0.29146637354431787,0.5690717532392499,56.91,4,0.5107098066027238,7,0.47474248027126587,5,0.3433156509068801,13,0.2864240551134417,12
Candidate_003,Inside Sales Representative,0.8745668745668745,87.45668745668745,0.5838070595741572,58.38,0.015579566456432548,0.506918540370071,50.69,0.4494684636592865,0.3556006013452054,35.56,1876,2449,13,0.8643994601889338,86.44,0.0,0.0,0.32879268132177686,0.5016725733595636,50.17,5,0.5486429564055318,5,0.4227334474137132,7,0.5784147243338436,4,0.4562266863330639,6
Candidate_004,Software Developer,0.7911311053984575,79.11311053984575,1.0,100.0,0.00734348075028064,0.1995301060984323,19.95,0.5367646813392639,1.0,100.0,323,344,8,0.2290858604605659,22.91,1.0,100.0,0.7,0.8458171720921132,84.58,1,0.8458171720921133,1,1.0,1,0.20544125697085902,7,0.2795770954885891,3
Candidate_004,Information Technology (IT) Analyst,0.7756629131856156,77.56629131856157,0.7423628368355979,74.24,0.027489117047319732,1.0,100.0,0.5095129013061523,0.8176381009208855,81.76,347,357,10,0.266375870790639,26.64,1.0,100.0,0.5460003282147692,0.6992755023728969,69.93,2,0.6772755492607211,2,0.8020004219904175,2,0.8532751741581278,1,1.0,1
Candidate_004,Secondary School Teacher,0.7770345596432553,77.70345596432553,0.7652088874501872,76.52,0.004004827330517282,0.06687152389793502,6.69,0.44333088397979736,0.37476507208178844,37.48,681,740,9,0.3635561348837076,36.36,1.0,100.0,0.39899088583619147,0.571702112812933,57.17,3,0.5287008107895318,3,0.612988281789389,3,0.12620844609508955,13,0.16018437150814152,4
Candidate_004,Bookkeeper,0.7744334277620397,77.44334277620398,0.721884610788012,72.19,0.007537811204964367,0.20725166307230602,20.73,0.4474591612815857,0.4023904414251709,40.24,396,422,11,0.2992257912289334,29.92,1.0,100.0,0.39349626827461404,0.5533414265204007,55.33,4,0.50955517913106,5,0.6059237734959323,4,0.22564648870363152,3,0.28652649676507547,2
Candidate_004,Licensed Practical Nurse (L.P.N.),0.7743530095958127,77.43530095958127,0.7205451712511525,72.05,0.0036526965861869622,0.052879905296392075,5.29,0.40781083703041077,0.1370740585333478,13.71,437,527,10,0.3039192124973743,30.39,1.0,100.0,0.30016673042457503,0.46095057292404995,46.1,5,0.403831534413275,9,0.48592865340302516,5,0.10308776673658852,14,0.14759191476675287,5
Candidate_005,Software Developer,0.522172236503856,52.217223650385606,1.0,100.0,0.018516807771757106,1.0,100.0,0.5448724031448364,1.0,100.0,323,344,8,0.2290858604605659,22.91,1.0,100.0,0.7,0.8458171720921132,84.58,1,0.8458171720921133,1,1.0,1,0.8458171720921133,1,1.0,1
Candidate_005,Office Manager,0.5179856115107914,51.798561151079134,0.924724837283551,92.47,0.01320721278590018,0.5217439453108104,52.17,0.4311235249042511,0.35776562186341543,35.78,676,1709,13,0.5286438829565303,52.86,1.0,100.0,0.44887166070143825,0.6546004372927443,65.46,2,0.6187249602500927,3,0.677120706616135,2,0.5231239328399544,4,0.5695695507797294,4
Candidate_005,Office Administrator,0.5083732057416268,50.83732057416268,0.7518945958434815,75.19,0.010385499254257038,0.267581135397551,26.76,0.44796815514564514,0.4528716202288789,45.29,676,1709,13,0.5286438829565303,52.86,1.0,100.0,0.4216681756253261,0.6273969522166322,62.74,3,0.5876352630202503,4,0.6421447972325621,6,0.3197936849093469,13,0.3408230218577959,12
Candidate_005,Secondary School Teacher,0.5122630992196209,51.22630992196208,0.821834551055786,82.18,0.011175758866664843,0.3387629195858166,33.88,0.44827374815940857,0.4545970204455046,45.46,681,740,9,0.3635561348837076,36.36,1.0,100.0,0.4467510500254517,0.6194622770021931,61.95,4,0.5832838555772578,5,0.6743942071755807,3,0.34372156264539483,11,0.40488662762723493,6
Candidate_005,Bookkeeper,0.5180594900849858,51.80594900849857,0.9260531677891383,92.61,0.011916714000007348,0.4055036558788876,40.55,0.42492368817329407,0.32276089611101794,32.28,396,422,11,0.2992257912289334,29.92,1.0,100.0,0.43708492236505464,0.5969300806108413,59.69,5,0.5593707838058493,6,0.6619663287550702,4,0.3842480829488968,9,0.46495329029099886,5
Candidate_006,Software Developer,0.9035989717223648,90.35989717223649,1.0,100.0,0.011454150248533187,0.7478347775661485,74.78,0.5843331217765808,1.0,100.0,323,344,8,0.2290858604605659,22.91,1.0,100.0,0.7,0.8458171720921132,84.58,1,0.8458171720921133,1,1.0,1,0.6440849941450321,2,0.7730512998095336,2
Candidate_006,Information Technology (IT) Analyst,0.898292771521976,89.82927715219759,0.8155023694813165,81.55,0.008720770785831042,0.45557943506668536,45.56,0.5688779950141907,0.9088725822603883,90.89,347,357,10,0.266375870790639,26.64,1.0,100.0,0.6035312331095967,0.7568064072677244,75.68,2,0.7430251548548097,2,0.875968728283767,2,0.4177387222114761,7,0.5100214915600169,3
Candidate_006,Administrative Assistant,0.895126050420168,89.5126050420168,0.7053948504031139,70.54,0.008075293326959727,0.38656441596954527,38.66,0.49991950392723083,0.5022755144662412,50.23,812,890,11,0.4384514673595585,43.85,1.0,100.0,0.4226846277042743,0.610374921176186,61.04,3,0.5707584394196538,5,0.6434516641912098,3,0.3969418262475479,9,0.4479079743725908,5
Candidate_006,Retail Sales Associate,0.896049896049896,89.6049896049896,0.7375171456827702,73.75,0.007341061430709598,0.3080596941624674,30.81,0.4726443588733673,0.34145421707770135,34.15,1876,2449,13,0.8643994601889338,86.44,0.0,0.0,0.37763997696616497,0.5505198690039517,55.05,4,0.6044684371419754,3,0.48553711324221216,6,0.41932764736776074,6,0.2772537247462207,10
Candidate_006,Inside Sales Representative,0.896049896049896,89.6049896049896,0.7375171456827702,73.75,0.007349437508051433,0.3089552717380449,30.9,0.47154855728149414,0.33499308796775706,33.5,1876,2449,13,0.8643994601889338,86.44,0.0,0.0,0.37537858177768446,0.5482584738154712,54.83,5,0.6018839854979976,4,0.48262960514273723,7,0.4200441094282227,5,0.2780597445642404,9
Candidate_007,Food Service Supervisor,1.0000000000000002,100.00000000000004,1.0,100.0,0.007114203718892054,0.11252651668710079,11.25,0.49485427141189575,0.4469874752372369,44.7,1061,2524,12,0.6833380235893983,68.33,1.0,100.0,0.5064456163330329,0.7431132210509125,74.31,1,0.7154625948127744,1,0.7511443638567566,2,0.2266888180675603,9,0.20127386501839073,6
Candidate_007,Administrative Assistant,1.0000000000000002,100.00000000000004,1.0,100.0,0.009260350906655519,0.1929228909645385,19.29,0.4972133934497833,0.4613046162149277,46.13,812,890,11,0.4384514673595585,43.85,1.0,100.0,0.5114566156752247,0.6991469091471364,69.91,2,0.6722121399578829,2,0.7575870772967175,1,0.2420286062435425,7,0.27363060186808463,3
Candidate_007,Software Developer,1.0,100.0,0.0,0.0,0.010735162439958538,0.2481704996542643,24.82,0.5859774947166443,1.0,100.0,323,344,8,0.2290858604605659,22.91,0.0,0.0,0.35,0.39581717209211315,39.58,3,0.4458171720921132,3,0.45,3,0.24435357181552464,6,0.22335344968883789,5
Candidate_007,Information Technology (IT) Analyst,1.0,100.0,0.0,0.0,0.030804932779059904,1.0,100.0,0.578595757484436,0.9552013965719094,95.52,347,357,10,0.266375870790639,26.64,0.0,0.0,0.3343204888001683,0.3875956629582961,38.76,4,0.4353557327868916,4,0.4298406284573592,4,0.8532751741581278,1,0.9,1
Candidate_007,Bookkeeper,1.0,100.0,0.0,0.0,0.01052663843156725,0.24035902506387138,24.04,0.4900110065937042,0.41759446203965406,41.76,396,422,11,0.2992257912289334,29.92,1.0,100.0,0.1461580617138789,0.3060032199596656,30.6,5,0.2268829430616483,12,0.2879175079178443,5,0.2521323782968838,5,0.3163231225574843,2
Candidate_008,Software Developer,0.6866966580976863,68.66966580976863,1.0,100.0,0.008230082198848366,1.0,100.0,0.5545650720596313,1.0,100.0,323,344,8,0.2290858604605659,22.91,1.0,100.0,0.7,0.8458171720921132,84.58,1,0.8458171720921133,1,1.0,1,0.8458171720921133,1,1.0,1
Candidate_008,Information Technology (IT) Analyst,0.6693788594260806,66.93788594260806,0.7879140928450536,78.79,0.007801662326178032,0.9266020797542104,92.66,0.5222185254096985,0.7764418754437454,77.64,347,357,10,0.266375870790639,26.64,1.0,100.0,0.5475245889010796,0.7007997630592073,70.08,2,0.6790175614736474,2,0.8039601857299595,2,0.7945568379614961,2,0.9339418717787893,2
Candidate_008,Secondary School Teacher,0.6761426978818283,67.61426978818284,0.8707488019174493,87.07,0.004366028913565046,0.33800112237803526,33.8,0.4646609425544739,0.3786415965959894,37.86,681,740,9,0.3635561348837076,36.36,1.0,100.0,0.4372866394797035,0.6099978664564449,61.0,3,0.572467386382117,4,0.6622256793310474,3,0.34311212487916976,10,0.4042010101402318,7
Candidate_008,Restaurant Manager,0.6714503816793893,67.14503816793894,0.8132834070757929,81.33,0.0033553756683853235,0.16485358413829893,16.49,0.44113171100616455,0.21602297352882474,21.6,1139,1473,12,0.5865008675534992,58.65,1.0,100.0,0.3602572332116162,0.577557406722316,57.76,4,0.5290227257525469,6,0.5631878712720779,5,0.24918304082133896,13,0.24836822572446904,10
Candidate_008,Food Service Supervisor,0.6570967741935484,65.70967741935483,0.6374990639091375,63.75,0.003611621168811986,0.20875417793295495,20.88,0.4895574748516083,0.5507101060581312,55.07,1061,2524,12,0.6833380235893983,68.33,0.0,0.0,0.415873209488544,0.5525408142064236,55.25,5,0.6119512727047872,3,0.5346941264852709,6,0.30367094706424363,11,0.18787876013965946,13
Candidate_009,Administrative Assistant,0.2564705882352941,25.647058823529413,1.0,100.0,0.00683458377723176,0.25047505248065627,25.05,0.5320426821708679,0.5832858049989158,58.33,812,890,11,0.4384514673595585,43.85,1.0,100.0,0.5541500317496205,0.7418403252215322,74.18,1,0.7210046154714781,1,0.8124786122495121,1,0.28807033545643673,9,0.32542754723259065,8
Candidate_009,Office Administrator,0.2317583732057416,23.175837320574168,0.549521365597573,54.95,0.007030893240397534,0.2665841437963338,26.66,0.5028616189956665,0.39818447748858327,39.82,676,1709,13,0.5286438829565303,52.86,1.0,100.0,0.3316970450801547,0.5374258216714608,53.74,2,0.48481111382576864,4,0.5264676293887703,3,0.3189960916283731,8,0.3399257294167004,7
Candidate_009,"Driver, Truck",0.2277227722772277,22.77227722772277,0.475956450712522,47.6,0.004783568698599666,0.08216941576453342,8.22,0.47424158453941345,0.2166418674939653,21.66,1423,3705,12,0.8880268984746598,88.8,1.0,100.0,0.24240941137227054,0.5200147910672025,52.0,3,0.4546447069775269,5,0.4116692431929193,6,0.2433409123065587,12,0.17395247418808008,12
Candidate_009,Software Developer,0.2169023136246786,21.690231362467863,0.2787104559047263,27.87,0.01596848445440283,1.0,100.0,0.5977373123168945,1.0,100.0,323,344,8,0.2290858604605659,22.91,0.0,0.0,0.4475486595666542,0.49336583165876735,49.34,4,0.5573013544540038,2,0.5754197051571268,2,0.8458171720921133,1,0.9,1
Candidate_009,Information Technology (IT) Analyst,0.2244097348347257,22.44097348347257,0.41556313586649807,41.56,0.01015716115617104,0.5231246819869987,52.31,0.5571788549423218,0.7427295826498673,74.27,347,357,10,0.266375870790639,26.64,0.0,0.0,0.40540245148072784,0.45867762563885567,45.87,5,0.516592261564674,3,0.5212317233323644,4,0.4717749197477268,3,0.47081221378829885,2
Candidate_010,Food Service Supervisor,0.9677419354838712,96.77419354838712,0.9265716945519203,92.66,0.005568922523791259,0.09892603011616166,9.89,0.46308445930480957,0.4575172719701541,45.75,1061,2524,12,0.6833380235893983,68.33,1.0,100.0,0.484431138282726,0.7210987430006056,72.11,1,0.6903031913267095,2,0.7228400349349335,3,0.215808428810809,10,0.18903342710454552,6
Candidate_010,Office Manager,0.9712230215827338,97.12230215827336,1.0,100.0,0.008021594815460047,0.203708428044681,20.37,0.46432697772979736,0.46457036317870903,46.46,676,1709,13,0.5286438829565303,52.86,1.0,100.0,0.5125996271125481,0.7183284037038542,71.83,2,0.6915569218627897,1,0.7590566634304191,2,0.2686955190270509,4,0.2833375852402129,3
Candidate_010,Administrative Assistant,0.9663865546218487,96.63865546218489,0.8979819621785708,89.8,0.007544267306559348,0.18331617215719284,18.33,0.4838198125362396,0.5752204260174006,57.52,812,890,11,0.4384514673595585,43.85,1.0,100.0,0.51562083586859,0.7033111293405017,70.33,3,0.6769712487503003,3,0.7629410746881872,1,0.23434323119766598,8,0.26498455494147355,4
Candidate_010,Office Administrator,0.9644138755980862,96.44138755980862,0.8563712482249044,85.64,0.006974718020238165,0.1589840426012279,15.9,0.47537779808044434,0.5272997700792416,52.73,676,1709,13,0.5286438829565303,52.86,0.0,0.0,0.484284856406451,0.5900136329977571,59.0,4,0.6591971839129646,4,0.6226519582368657,4,0.2329160106722884,9,0.1430856383411051,7
Candidate_010,Retail Sales Associate,0.9653499653499652,96.53499653499654,0.8761166616607415,87.61,0.005355070438165675,0.08978989953321391,8.98,0.43114084005355835,0.276190978871008,27.62,1876,2449,13,0.8643994601889338,86.44,0.0,0.0,0.40330767418611235,0.5761875662238991,57.62,5,0.6338029482504866,5,0.5185384382392872,7,0.2447118116643579,6,0.08081090957989252,10
Candidate_011,Office Manager,0.6618705035971223,66.18705035971223,1.0,100.0,0.007110796388540293,0.6270497104047328,62.7,0.4747055768966675,0.46191641638143716,46.19,676,1709,13,0.5286438829565303,52.86,1.0,100.0,0.511670745733503,0.7173995223248091,71.74,1,0.690495343143881,1,0.7578623873716467,1,0.6073685449150923,2,0.6643447393642595,2
Candidate_011,Software Developer,0.6346401028277635,63.46401028277635,0.4260965827710578,42.61,0.009227987490132485,1.0,100.0,0.5465243458747864,1.0,100.0,323,344,8,0.2290858604605659,22.91,1.0,100.0,0.49913380396987017,0.6449509760619834,64.5,2,0.6162558052005364,2,0.741743462246976,2,0.8458171720921133,1,1.0,1
Candidate_011,Office Administrator,0.6447368421052633,64.47368421052633,0.6388937877518659,63.89,0.006049072628629323,0.4400235211149749,44.0,0.48391810059547424,0.5309388716052961,53.09,676,1709,13,0.5286438829565303,52.86,1.0,100.0,0.40944143077500667,0.6151702073663127,61.52,3,0.5736618403341709,3,0.6264246967107229,3,0.45774759348328603,10,0.49602116900347737,6
Candidate_011,"Driver, Truck",0.6483168316831682,64.83168316831683,0.7143450552453494,71.43,0.004491265209396192,0.16561053699666162,16.56,0.43902596831321716,0.19459616121889262,19.46,1423,3705,12,0.8880268984746598,88.8,1.0,100.0,0.3181294257624847,0.5957348054574166,59.57,4,0.5411818662806287,4,0.509023547408909,5,0.31009380929226127,14,0.24904948329699547,13
Candidate_011,Secondary School Teacher,0.6446488294314381,64.4648829431438,0.6370388472133275,63.7,0.006289366203936074,0.48235203762495826,48.24,0.4768158793449402,0.47772731261430856,47.77,681,740,9,0.3635561348837076,36.36,1.0,100.0,0.3901681559396726,0.5628793829164142,56.29,5,0.518617690907796,5,0.6016447719224363,4,0.45859285707670816,9,0.5341168338624624,5
Candidate_012,Software Developer,0.6866966580976863,68.66966580976863,1.0,100.0,0.01763013982977178,0.38550913268729015,38.55,0.5042888522148132,1.0,100.0,323,344,8,0.2290858604605659,22.91,1.0,100.0,0.7,0.8458171720921132,84.58,1,0.8458171720921133,1,1.0,1,0.3542244782419453,3,0.4469582194185612,2
Candidate_012,Information Technology (IT) Analyst,0.6693788594260806,66.93788594260806,0.7879140928450536,78.79,0.0358801399192737,1.0,100.0,0.500766396522522,0.9758930428929817,97.59,347,357,10,0.266375870790639,26.64,1.0,100.0,0.6173324975083123,0.7706076716664401,77.06,2,0.758798028453342,2,0.8937132110821159,2,0.8532751741581278,1,1.0,1
Candidate_012,Secondary School Teacher,0.6761426978818283,67.61426978818284,0.8707488019174493,87.07,0.007901340889391473,0.05793334805898299,5.79,0.4243106544017792,0.4526457810683473,45.26,681,740,9,0.3635561348837076,36.36,1.0,100.0,0.46318810404502875,0.6358993310217702,63.59,3,0.6020690601710602,3,0.6955275623436085,3,0.11905790542392791,12,0.15214001325308468,5
Candidate_012,Restaurant Manager,0.6714503816793893,67.14503816793894,0.8132834070757929,81.33,0.006180756152493274,0.0,0.0,0.38588789105415344,0.18968834771257828,18.97,1139,1473,12,0.5865008675534992,58.65,1.0,100.0,0.35104011417592995,0.5683402876866298,56.83,4,0.5184888754260484,7,0.551337289654767,5,0.11730017351069984,13,0.1,7
Candidate_012,Food Service Supervisor,0.6570967741935484,65.70967741935483,0.6374990639091375,63.75,0.0066527721381348945,0.01589312388931057,1.59,0.4343358278274536,0.5212559913520569,52.13,1061,2524,12,0.6833380235893983,68.33,0.0,0.0,0.405564269341418,0.5422318740592976,54.22,5,0.6001696268223574,4,0.5214397748675375,7,0.14938210382932812,9,0.014303811500379515,15
Candidate_013,Software Developer,0.522172236503856,52.217223650385606,1.0,100.0,0.010685755559634767,1.0,100.0,0.5567449927330017,1.0,100.0,323,344,8,0.2290858604605659,22.91,1.0,100.0,0.7,0.8458171720921132,84.58,1,0.8458171720921133,1,1.0,1,0.8458171720921133,1,1.0,1
Candidate_013,Secondary School Teacher,0.5122630992196209,51.22630992196208,0.821834551055786,82.18,0.005487406013105738,0.3410222079107612,34.1,0.481108158826828,0.5190129986498749,51.9,681,740,9,0.3635561348837076,36.36,1.0,100.0,0.4692966423969813,0.6420078693737228,64.2,2,0.6090502468590059,3,0.7033813973675475,2,0.34552899330535053,8,0.40691998711968513,4
Candidate_013,Office Manager,0.5179856115107914,51.798561151079134,0.924724837283551,92.47,0.0040877562296511806,0.1635931766877807,16.36,0.4500249922275543,0.32135005689325674,32.14,676,1709,13,0.5286438829565303,52.86,1.0,100.0,0.4361262129618827,0.6418549895531888,64.19,3,0.6041587342620292,4,0.6607337023795635,4,0.2366033179415306,11,0.24723385901900263,7
Candidate_013,Office Administrator,0.5083732057416268,50.83732057416268,0.7518945958434815,75.19,0.0035555711230372466,0.09612980905537713,9.61,0.46287527680397034,0.40306711888151114,40.31,676,1709,13,0.5286438829565303,52.86,1.0,100.0,0.4042366001537474,0.6099653767450535,61.0,4,0.5677134624813032,5,0.6197327716262467,6,0.1826326238356078,14,0.18651682814983944,10
Candidate_013,Bookkeeper,0.5180594900849858,51.80594900849857,0.9260531677891383,92.61,0.005790511904140304,0.3794459516500731,37.94,0.44568902254104614,0.29377691627177466,29.38,396,422,11,0.2992257912289334,29.92,1.0,100.0,0.4269405294213195,0.5867856876671061,58.68,5,0.547777191870152,6,0.6489235378274109,5,0.36340191956584517,4,0.44150135648506583,3
Candidate_014,Software Developer,0.5902956298200515,59.029562982005146,1.0,100.0,0.017485537280276416,1.0,100.0,0.5730345249176025,1.0,100.0,323,344,8,0.2290858604605659,22.91,1.0,100.0,0.7,0.8458171720921132,84.58,1,0.8458171720921133,1,1.0,1,0.8458171720921133,1,1.0,1
Candidate_014,Information Technology (IT) Analyst,0.5676716309480566,56.76716309480566,0.748978023802547,74.9,0.012663241893661107,0.6284327258808241,62.84,0.5511531233787537,0.8645347495273501,86.45,347,357,10,0.266375870790639,26.64,1.0,100.0,0.564729470665464,0.7180046448235917,71.8,2,0.6986802834900866,2,0.8260807479984537,2,0.556021354862787,3,0.6655894532927417,2
Candidate_014,Secondary School Teacher,0.568004459308807,56.80044593088071,0.7526708825815293,75.27,0.007543057692757653,0.23391253705160023,23.39,0.4811060130596161,0.4308811132453981,43.09,681,740,9,0.3635561348837076,36.36,1.0,100.0,0.41424319853942454,0.5869544255161661,58.7,3,0.5461320253075125,3,0.6325983981221173,3,0.2598412566180217,12,0.31052128334644025,7
Candidate_014,Bookkeeper,0.5577195467422096,55.77195467422096,0.6385558186579218,63.86,0.00830448852520301,0.29258226923501074,29.26,0.4649537205696106,0.33088412064045336,33.09,396,422,11,0.2992257912289334,29.92,1.0,100.0,0.33930397875443125,0.4991491370002179,49.91,4,0.44762113396513675,6,0.5362479726842688,4,0.29391097363379526,10,0.3633240423115097,5
Candidate_014,Licensed Practical Nurse (L.P.N.),0.5670252980517592,56.70252980517592,0.7418067115235827,74.18,0.007090768158245752,0.1990627454113636,19.91,0.44539809226989746,0.2098174658803651,20.98,437,527,10,0.3039192124973743,30.39,1.0,100.0,0.33306846209138175,0.4938523045908566,49.39,5,0.441433513461054,7,0.5282308798317765,5,0.22003403882856573,14,0.2791564708702272,10
Candidate_015,Food Service Supervisor,1.0000000000000002,100.00000000000004,1.0,100.0,0.0054782707276816115,0.10648374950148347,10.65,0.4971331059932709,0.48795903361245896,48.8,1061,2524,12,0.6833380235893983,68.33,1.0,100.0,0.5207856617643606,0.7574532664822402,75.75,1,0.7318512181628632,1,0.7695815651256065,2,0.22185460431906645,11,0.19583537455133512,8
Candidate_015,Administrative Assistant,1.0000000000000002,100.00000000000004,1.0,100.0,0.007432079827842908,0.21904868654664356,21.9,0.5003218054771423,0.5080543877063274,50.81,812,890,11,0.4384514673595585,43.85,1.0,100.0,0.5278190356972146,0.7155093291691262,71.55,2,0.6909120485544427,2,0.7786244744678473,1,0.2629292427092266,8,0.2971438178919792,6
Candidate_015,Software Developer,1.0,100.0,0.0,0.0,0.020987186978091085,1.0,100.0,0.5783829689025879,1.0,100.0,323,344,8,0.2290858604605659,22.91,0.0,0.0,0.35,0.39581717209211315,39.58,3,0.4458171720921132,3,0.45,3,0.8458171720921133,1,0.9,1
Candidate_015,Information Technology (IT) Analyst,1.0,100.0,0.0,0.0,0.01155348515659673,0.4564954930593484,45.65,0.5559578537940979,0.8586757294062297,85.87,347,357,10,0.266375870790639,26.64,0.0,0.0,0.3005365052921804,0.3538116794503082,35.38,4,0.3967454659206197,4,0.38640407823280337,4,0.4184715686056066,3,0.41084594375341354,3
Candidate_015,Bookkeeper,1.0,100.0,0.0,0.0,0.012618614672408218,0.5178608725543891,51.79,0.4928012490272522,0.4606594401398101,46.07,396,422,11,0.2992257912289334,29.92,1.0,100.0,0.16123080404893353,0.32107596229472024,32.11,5,0.2441089343017107,9,0.3072967480629145,5,0.47413385628929794,2,0.5660747852989502,2
Candidate_016,Software Developer,0.7991645244215939,79.9164524421594,1.0,100.0,0.014986925205727787,1.0,100.0,0.5535390377044678,1.0,100.0,323,344,8,0.2290858604605659,22.91,1.0,100.0,0.7,0.8458171720921132,84.58,1,0.8458171720921133,1,1.0,1,0.8458171720921133,1,1.0,1
Candidate_016,Information Technology (IT) Analyst,0.7920087177624409,79.20087177624409,0.7738350746874031,77.38,0.008543991585133739,0.3525697461333007,35.26,0.5356302261352539,0.8985923041731363,89.86,347,357,10,0.266375870790639,26.64,1.0,100.0,0.5853495826011887,0.7386247567593165,73.86,2,0.7222461257023436,2,0.8525923204872426,2,0.3353309710647684,8,0.4173127715199707,3
Candidate_016,Inside Sales Representative,0.7920997920997921,79.20997920997921,0.7767135511032782,77.67,0.008297820055959247,0.32783273889194714,32.78,0.42736250162124634,0.2855320554262618,28.55,1876,2449,13,0.8643994601889338,86.44,0.0,0.0,0.371785962285339,0.5446658543231258,54.47,3,0.5977781346496027,3,0.478010522938293,5,0.43514608315134445,3,0.2950494650027524,7
Candidate_016,Retail Sales Associate,0.7920997920997921,79.20997920997921,0.7767135511032782,77.67,0.008288363116910348,0.3268824406567364,32.69,0.4257185459136963,0.276223243409352,27.62,1876,2449,13,0.8643994601889338,86.44,0.0,0.0,0.36852787807942056,0.5414077701172073,54.14,4,0.5940546098428389,4,0.47382155753068356,6,0.43438584456317586,4,0.2941941965910628,8
Candidate_016,Licensed Practical Nurse (L.P.N.),0.7926722884559465,79.26722884559464,0.7948077509326965,79.48,0.007921558458791859,0.2900233874816325,29.0,0.41275420784950256,0.2028133666048858,20.28,437,527,10,0.3039192124973743,30.39,1.0,100.0,0.34916739113815376,0.5099512336376286,51.0,5,0.45983228951450783,7,0.548929502891912,3,0.2928025524847809,9,0.3610210487334693,4
Candidate_017,Administrative Assistant,0.8615126050420168,86.15126050420167,1.0,100.0,0.013405352943678122,0.3930377241714825,39.3,0.4452670216560364,0.47100696820171023,47.1,812,890,11,0.4384514673595585,43.85,1.0,100.0,0.5148524388705986,0.7025427323425103,70.25,1,0.6760930807525958,1,0.7619531356907696,1,0.40212047280909774,7,0.4537339517543343,5
Candidate_017,Office Administrator,0.8579545454545455,85.79545454545455,0.9295727137123986,92.96,0.011303544936744042,0.23428104614446188,23.43,0.4402604401111603,0.4428348198114802,44.28,676,1709,13,0.5286438829565303,52.86,1.0,100.0,0.48034263673335753,0.6860714133246636,68.61,2,0.6546917900008576,4,0.7175833900857455,2,0.2931536135068756,13,0.3108529415300157,10
Candidate_017,Office Manager,0.856115107913669,85.6115107913669,0.8931633756688091,89.32,0.013752056531875957,0.41922542054562745,41.92,0.4317367970943451,0.394872086408921,39.49,676,1709,13,0.5286438829565303,52.86,1.0,100.0,0.45081241172720554,0.6565411883185116,65.65,3,0.6209429614223981,6,0.6796159579349785,3,0.4411091130278081,6,0.4773028784910647,3
Candidate_017,Inside Sales Representative,0.8613998613998614,86.13998613998614,0.9977683822971528,99.78,0.013515876366700662,0.4013859326783235,40.14,0.40552371740341187,0.24737048992065855,24.74,1876,2449,13,0.8643994601889338,86.44,0.0,0.0,0.435798605276234,0.6086784973140207,60.87,4,0.6709354409249113,2,0.5603124924980151,6,0.4939886381804456,3,0.36124733941049114,6
Candidate_017,Retail Sales Associate,0.8613998613998614,86.13998613998614,0.9977683822971528,99.78,0.013500472463250068,0.40022242367445754,40.02,0.40254247188568115,0.2305949534871865,23.06,1876,2449,13,0.8643994601889338,86.44,0.0,0.0,0.42992716752451876,0.6028070595623055,60.28,5,0.6642252263515225,3,0.5527635011029527,7,0.4930578309773528,4,0.3602001813070118,7
Candidate_018,Food Service Supervisor,1.0000000000000002,100.00000000000004,1.0,100.0,0.0062052811986885005,0.06367301588112868,6.37,0.43658238649368286,0.567944745471569,56.79,1061,2524,12,0.6833380235893983,68.33,1.0,100.0,0.5487806609150492,0.7854482656329288,78.54,1,0.7638455029065073,1,0.805575135462206,1,0.18760601742278263,8,0.15730571429301582,6
Candidate_018,Administrative Assistant,1.0000000000000002,100.00000000000004,1.0,100.0,0.00935159043059835,0.15936521137175705,15.94,0.416479229927063,0.44704499539019854,44.7,812,890,11,0.4384514673595585,43.85,1.0,100.0,0.5064657483865694,0.6941560418584811,69.42,2,0.6665082916279912,2,0.7511702479255894,2,0.21518246256931736,7,0.24342869023458136,3
Candidate_018,Information Technology (IT) Analyst,1.0,100.0,0.0,0.0,0.036991221672883455,1.0,100.0,0.5084243416786194,1.0,100.0,347,357,10,0.266375870790639,26.64,0.0,0.0,0.35,0.4032751741581278,40.33,3,0.45327517415812785,3,0.45,3,0.8532751741581278,1,0.9,1
Candidate_018,Software Developer,1.0,100.0,0.0,0.0,0.011712681390078465,0.2311756918465511,23.12,0.5064906477928162,0.9883708259072276,98.84,323,344,8,0.2290858604605659,22.91,0.0,0.0,0.34592978906752964,0.3917469611596428,39.17,4,0.44116550245500424,4,0.4447668716582524,4,0.2307577255693541,6,0.208058122661896,5
Candidate_018,Inside Sales Representative,1.0,100.0,0.0,0.0,0.006775764625331304,0.08102376164788518,8.1,0.4062611162662506,0.38559358183723885,38.56,1876,2449,13,0.8643994601889338,86.44,0.0,0.0,0.13495775364303358,0.30783764568082034,30.78,5,0.3271173247726823,5,0.1735171118267575,10,0.2376989013560949,4,0.07292138548309667,9
Candidate_019,Office Manager,0.7410071942446043,74.10071942446042,1.0,100.0,0.002724424914174751,0.16359317668778076,16.36,0.4725610315799713,0.4725418681868969,47.25,676,1709,13,0.5286438829565303,52.86,1.0,100.0,0.5153896538654139,0.72111843045672,72.11,1,0.6947455238660649,1,0.7626438406841036,2,0.23660331794153067,11,0.2472338590190027,7
Candidate_019,Software Developer,0.7230077120822622,72.30077120822622,0.6107545962375409,61.08,0.00712188717670539,1.0,100.0,0.5521060824394226,1.0,100.0,323,344,8,0.2290858604605659,22.91,1.0,100.0,0.5637641086831393,0.7095812807752525,70.96,2,0.6901190105871297,2,0.8248395683068934,1,0.8458171720921133,1,1.0,1
Candidate_019,Bookkeeper,0.7347733711048159,73.47733711048159,0.8651912881078708,86.52,0.0038592846567104414,0.3794459516500733,37.94,0.48872044682502747,0.5796939145336845,57.97,396,422,11,0.2992257912289334,29.92,1.0,100.0,0.5057098209245443,0.6655549791703309,66.56,3,0.6377992393024088,3,0.7501983411886999,3,0.36340191956584533,4,0.44150135648506594,3
Candidate_019,Office Administrator,0.7269736842105264,72.69736842105264,0.6965201981839471,69.65,0.002369731952570367,0.09612980905537719,9.61,0.486266553401947,0.5634223045891082,56.34,676,1709,13,0.5286438829565303,52.86,1.0,100.0,0.4409798759705693,0.6467086525618754,64.67,4,0.6097057777005283,4,0.6669741262478749,4,0.18263262383560783,14,0.18651682814983947,10
Candidate_019,"Driver, Truck",0.7275247524752474,72.75247524752474,0.7084372515340016,70.84,0.0023578987755053927,0.09387911321133587,9.39,0.4203358292579651,0.12623990027441137,12.62,1423,3705,12,0.8880268984746598,88.8,1.0,100.0,0.29213700313294455,0.5697423828278765,56.97,5,0.5114762404182971,8,0.4756047183137859,8,0.2527086702640007,10,0.1844912018902023,11
Candidate_020,Software Developer,0.6266066838046273,62.66066838046272,0.9586203053787364,95.86,0.009251413207683239,0.8993042688439005,89.93,0.559788703918457,1.0,100.0,323,344,8,0.2290858604605659,22.91,1.0,100.0,0.6855171068825577,0.8313342789746709,83.13,1,0.8292652942436078,1,0.9813791374204314,1,0.7652605871672337,3,0.9093738419595104,1
Candidate_020,Office Manager,0.6258992805755395,62.58992805755395,0.943487840364431,94.35,0.009188176782427896,0.889107143027852,88.91,0.46285900473594666,0.39518602874614417,39.52,676,1709,13,0.5286438829565303,52.86,1.0,100.0,0.46853585418870125,0.6742646307800073,67.43,2,0.6411983242355362,2,0.7024032410997588,3,0.8170144910135877,2,0.9001964287250668,2
Candidate_020,Office Administrator,0.6205143540669857,62.05143540669857,0.8282958131801998,82.83,0.007608089592597587,0.634311780861726,63.43,0.4752272665500641,0.47236049238724803,47.24,676,1709,13,0.5286438829565303,52.86,1.0,100.0,0.45522970694860676,0.6609584835399128,66.1,3,0.6259912988182853,3,0.6852953375053515,4,0.6131782012806869,5,0.6708806027755534,5
Candidate_020,Bookkeeper,0.6285410764872521,62.85410764872521,1.0,100.0,0.00828601946701038,0.7436306773036335,74.36,0.4633236825466156,0.39808548716182596,39.81,396,422,11,0.2992257912289334,29.92,1.0,100.0,0.48932992050663904,0.6491750787524256,64.92,4,0.619079353110517,4,0.7291384692228217,2,0.6547497000886935,4,0.7692676095732701,4
Candidate_020,Secondary School Teacher,0.6131549609810479,61.3154960981048,0.6708668478882523,67.09,0.006347635524898953,0.4310585346231245,43.11,0.47402092814445496,0.4648332811410983,46.48,681,740,9,0.3635561348837076,36.36,1.0,100.0,0.3974950451602727,0.5702062721370142,57.02,5,0.5269912785884817,6,0.6110650580632078,5,0.41755805467524115,10,0.48795268116081203,7
Candidate_021,Software Developer,0.6266066838046273,62.66066838046272,0.9586203053787364,95.86,0.016680239247917693,1.0,100.0,0.5134023427963257,1.0,100.0,323,344,8,0.2290858604605659,22.91,1.0,100.0,0.6855171068825577,0.8313342789746709,83.13,1,0.8292652942436078,1,0.9813791374204314,1,0.8458171720921133,1,1.0,1
Candidate_021,Office Manager,0.6258992805755395,62.58992805755395,0.943487840364431,94.35,0.009461066031365283,0.37219732574526393,37.22,0.42977455258369446,0.4338235813372304,43.38,676,1709,13,0.5286438829565303,52.86,1.0,100.0,0.48205899759558146,0.6877877741868875,68.78,2,0.6566533452719706,2,0.7197901397657477,3,0.40348663718751726,6,0.4349775931707376,3
Candidate_021,Bookkeeper,0.6285410764872521,62.85410764872521,1.0,100.0,0.009075257076458393,0.33864613000907956,33.86,0.4354056417942047,0.47194715143600974,47.19,396,422,11,0.2992257912289334,29.92,1.0,100.0,0.5151815030026033,0.6750266612483901,67.5,3,0.6486240188201906,3,0.7623762181462044,2,0.3307620622530503,8,0.40478151700817167,5
Candidate_021,Office Administrator,0.6205143540669857,62.05143540669857,0.8282958131801998,82.83,0.008058706580878951,0.250243607934048,25.02,0.4364844262599945,0.479250732264786,47.93,676,1709,13,0.5286438829565303,52.86,1.0,100.0,0.457641290905745,0.6633700674970511,66.34,4,0.6287473947693004,4,0.6883959454502436,4,0.30592366293854445,10,0.3252192471406432,6
Candidate_021,Secondary School Teacher,0.6131549609810479,61.3154960981048,0.6708668478882523,67.09,0.007361731993789364,0.18963244145598476,18.96,0.4378003478050232,0.48815977728093646,48.82,681,740,9,0.3635561348837076,36.36,1.0,100.0,0.405659318809216,0.5783705457859576,57.84,5,0.536321877044417,6,0.6215619813261349,5,0.22441718014152934,14,0.2706691973103863,8
Candidate_022,Food Service Supervisor,0.9677419354838712,96.77419354838712,0.9265716945519203,92.66,0.005632480610664006,0.09892603011616166,9.89,0.4737532138824463,0.4774474333835969,47.74,1061,2524,12,0.6833380235893983,68.33,1.0,100.0,0.49140669477743104,0.7280742994953107,72.81,1,0.6982752558920866,1,0.7318086075709828,3,0.215808428810809,10,0.18903342710454552,6
Candidate_022,Office Manager,0.9712230215827338,97.12230215827336,1.0,100.0,0.008113145239794537,0.203708428044681,20.37,0.473161518573761,0.4740415180631537,47.4,676,1709,13,0.5286438829565303,52.86,1.0,100.0,0.5159145313221037,0.7216433079134098,72.16,2,0.6953453838165676,2,0.7633186831284192,2,0.2686955190270509,4,0.2833375852402129,3
Candidate_022,Administrative Assistant,0.9663865546218487,96.63865546218489,0.8979819621785708,89.8,0.0076303699942539644,0.18331617215719279,18.33,0.49176648259162903,0.5811353737260412,58.11,812,890,11,0.4384514673595585,43.85,1.0,100.0,0.5176910675666142,0.7053813610385259,70.54,3,0.6793372278337566,3,0.7656028011570754,1,0.23434323119766595,8,0.26498455494147355,4
Candidate_022,Office Administrator,0.9644138755980862,96.44138755980862,0.8563712482249044,85.64,0.007054320444575973,0.15898404260122787,15.9,0.48315852880477905,0.5315862878199157,53.16,676,1709,13,0.5286438829565303,52.86,0.0,0.0,0.485785137615687,0.5915139142069931,59.15,4,0.6609117910092341,4,0.624580891220169,4,0.23291601067228834,9,0.14308563834110508,7
Candidate_022,Retail Sales Associate,0.9653499653499652,96.53499653499654,0.8761166616607415,87.61,0.005416187832179427,0.0897898995332139,8.98,0.43819478154182434,0.27276605818567334,27.28,1876,2449,13,0.8643994601889338,86.44,0.0,0.0,0.4021089519462452,0.5749888439840319,57.5,5,0.6324329799763527,5,0.5169972239308867,7,0.24471181166435788,6,0.08081090957989251,10
Candidate_023,Software Developer,0.5382390745501285,53.82390745501285,0.8189766486101043,81.9,0.008534637827301295,1.0,100.0,0.539140522480011,1.0,100.0,323,344,8,0.2290858604605659,22.91,1.0,100.0,0.6366418270135366,0.7824589991056498,78.25,1,0.773407831536155,1,0.918539491874547,1,0.8458171720921133,1,1.0,1
Candidate_023,Office Manager,0.5467625899280575,54.67625899280575,1.0,100.0,0.005832745396159871,0.5711617710733095,57.12,0.4228193759918213,0.21204742222503956,21.2,676,1709,13,0.5286438829565303,52.86,1.0,100.0,0.4242165977787638,0.6299453743700698,62.99,2,0.5905477454813219,2,0.6454213400012678,3,0.5626581934499536,4,0.6140455939659785,3
Candidate_023,Secondary School Teacher,0.5365105908584169,53.65105908584169,0.7822669230071398,78.23,0.004382752597310353,0.3410222079107613,34.1,0.45438534021377563,0.42587339995615187,42.59,681,740,9,0.3635561348837076,36.36,1.0,100.0,0.4228491130371521,0.5955603400138937,59.56,3,0.5559673561620583,3,0.6436631453334812,4,0.3455289933053506,11,0.40691998711968524,6
Candidate_023,Office Administrator,0.5382775119617226,53.82775119617226,0.8197929865595287,81.98,0.00481251674105061,0.4092333965330669,40.92,0.43284621834754944,0.2799686602773255,28.0,676,1709,13,0.5286438829565303,52.86,1.0,100.0,0.38491657639289895,0.5906453529842051,59.06,4,0.5456334353260478,5,0.5948927410765844,5,0.4331154938177596,5,0.46831005687976024,5
Candidate_023,Information Technology (IT) Analyst,0.5286596440247002,52.86596440247002,0.6155276558846338,61.55,0.007121159870913693,0.7756559896841988,77.57,0.4827418029308319,0.6179584040078668,61.8,347,357,10,0.266375870790639,26.64,1.0,100.0,0.4317201209623752,0.5849952951205031,58.5,5,0.546669598115128,4,0.6550687269516252,2,0.6737999659054869,2,0.7980903907157789,2
Candidate_024,Software Developer,0.7230077120822622,72.30077120822622,0.6107545962375409,61.08,0.006068304253077694,0.43595599020769465,43.6,0.5501784682273865,1.0,100.0,323,344,8,0.2290858604605659,22.91,1.0,100.0,0.5637641086831393,0.7095812807752525,70.96,1,0.6901190105871297,1,0.8248395683068934,1,0.3945819642582689,2,0.4923603911869252,2
Candidate_024,Office Manager,0.7410071942446043,74.10071942446042,1.0,100.0,0.004322329647298507,0.25158119667510886,25.16,0.4664445221424103,0.39879396954816976,39.88,676,1709,13,0.5286438829565303,52.86,1.0,100.0,0.4895778893418594,0.6953066659331655,69.53,2,0.665246364410574,2,0.7294572862966764,2,0.3069937339313932,4,0.326423077007598,3
Candidate_024,Bookkeeper,0.7347733711048159,73.47733711048159,0.8651912881078708,86.52,0.003633727975919121,0.1788649094126671,17.89,0.4731977880001068,0.44728211979933874,44.73,396,422,11,0.2992257912289334,29.92,1.0,100.0,0.45936569276752337,0.61921085101331,61.92,3,0.5848345214086705,3,0.6906130335582443,3,0.20293708577592037,12,0.2609784184714004,4
Candidate_024,Office Administrator,0.7269736842105264,72.69736842105264,0.6965201981839471,69.65,0.003512627693155343,0.1660767282115179,16.61,0.4773111343383789,0.47681576462955466,47.68,676,1709,13,0.5286438829565303,52.86,1.0,100.0,0.4106675869847256,0.6163963635760317,61.64,4,0.5750631617167068,4,0.6280011832660758,4,0.2385901591605204,10,0.24946905539036612,6
Candidate_024,"Driver, Truck",0.7275247524752474,72.75247524752474,0.7084372515340016,70.84,0.01140963371992361,1.0,100.0,0.43311938643455505,0.15952096869310825,15.95,1423,3705,12,0.8880268984746598,88.8,1.0,100.0,0.30378537707948844,0.5813907567744204,58.14,5,0.5247886677857759,6,0.49058119910219944,5,0.977605379694932,1,1.0,1
Candidate_025,Software Developer,0.6947300771208227,69.47300771208226,1.0,100.0,0.05380313573695611,0.7010232727131629,70.1,0.5390834212303162,1.0,100.0,323,344,8,0.2290858604605659,22.91,1.0,100.0,0.7,0.8458171720921132,84.58,1,0.8458171720921133,1,1.0,1,0.6066357902626436,2,0.7309209454418466,2
Candidate_025,Information Technology (IT) Analyst,0.6739556847075916,67.39556847075916,0.6967755018332572,69.68,0.07174115987953784,1.0,100.0,0.537418782711029,0.989530670154444,98.95,347,357,10,0.266375870790639,26.64,1.0,100.0,0.5902071601956953,0.743482334353823,74.35,2,0.7277976429532083,2,0.8588377773944655,2,0.8532751741581278,1,1.0,1
Candidate_025,Secondary School Teacher,0.6688963210702341,66.88963210702342,0.622928673032444,62.29,0.02027742869355071,0.14224343764644581,14.22,0.4421823024749756,0.39056452022537846,39.06,681,740,9,0.3635561348837076,36.36,1.0,100.0,0.3547226176402378,0.5274338446169794,52.74,3,0.47810850427987056,3,0.5560719369660202,3,0.18650597709389818,12,0.22801909388180125,5
Candidate_025,Bookkeeper,0.6682011331444759,66.8201133144476,0.6127816609934615,61.28,0.03660994886782858,0.4144609010213751,41.45,0.4321112334728241,0.3272250371729061,32.72,396,422,11,0.2992257912289334,29.92,1.0,100.0,0.3290023443582286,0.4888475026040153,48.88,4,0.43584783751233375,5,0.5230030141748655,4,0.39141387906288677,3,0.4730148109192376,3
Candidate_025,Licensed Practical Nurse (L.P.N.),0.6615295143937191,66.1529514393719,0.515402242745367,51.54,0.018474017979295522,0.11218562141114932,11.22,0.40914008021354675,0.18275368341185894,18.28,437,527,10,0.3039192124973743,30.39,1.0,100.0,0.24435457415502904,0.4051384166545039,40.51,5,0.34004621296236526,10,0.4141701667707517,5,0.15053233962839432,14,0.2009670592700344,6
Candidate_026,Software Developer,0.6866966580976863,68.66966580976863,1.0,100.0,0.006810926252558646,0.9868199330889987,98.68,0.5320634245872498,1.0,100.0,323,344,8,0.2290858604605659,22.91,1.0,100.0,0.7,0.8458171720921132,84.58,1,0.8458171720921133,1,1.0,1,0.8352731185633122,2,0.9881379397800989,1
Candidate_026,Information Technology (IT) Analyst,0.6693788594260806,66.93788594260806,0.7879140928450536,78.79,0.006456381050288793,0.914389402343177,91.44,0.4977825880050659,0.7437634631363456,74.38,347,357,10,0.266375870790639,26.64,1.0,100.0,0.5360871445934896,0.6893623187516174,68.94,2,0.6659461965506875,2,0.7892549001916297,2,0.7847866960326694,3,0.9229504621088593,2
Candidate_026,Secondary School Teacher,0.6761426978818283,67.61426978818284,0.8707488019174493,87.07,0.0036131718041639157,0.3335462449690993,33.35,0.4592883288860321,0.4560331557925736,45.6,681,740,9,0.3635561348837076,36.36,1.0,100.0,0.46437368519850797,0.6370849121752494,63.71,3,0.6034240100607506,4,0.6970518809695103,3,0.339548222952021,11,0.40019162047218937,8
Candidate_026,Restaurant Manager,0.6714503816793893,67.14503816793894,0.8132834070757929,81.33,0.002776790762818865,0.16268080286883782,16.27,0.4363439083099365,0.28453212329392685,28.45,1139,1473,12,0.5865008675534992,58.65,1.0,100.0,0.38423543562940193,0.6015356091401017,60.15,4,0.5564263856585878,7,0.5940169886663739,4,0.2474448158057701,13,0.24641272258195404,11
Candidate_026,Food Service Supervisor,0.6570967741935484,65.70967741935483,0.6374990639091375,63.75,0.004908690012744743,0.5982094552950009,59.82,0.4875932037830353,0.667601595861986,66.76,1061,2524,12,0.6833380235893983,68.33,0.0,0.0,0.4567852309198932,0.5934528356377728,59.35,5,0.658707868626329,3,0.5872952968970055,6,0.6152351689538804,5,0.5383885097655008,5
Candidate_027,Software Developer,0.5382390745501285,53.82390745501285,0.8189766486101043,81.9,0.008715874843588059,1.0,100.0,0.5257705450057983,1.0,100.0,323,344,8,0.2290858604605659,22.91,1.0,100.0,0.6366418270135366,0.7824589991056498,78.25,1,0.773407831536155,1,0.918539491874547,1,0.8458171720921133,1,1.0,1
Candidate_027,Office Manager,0.5467625899280575,54.67625899280575,1.0,100.0,0.006419469949470825,0.6285025837074425,62.85,0.4251366853713989,0.39490935051409315,39.49,676,1709,13,0.5286438829565303,52.86,1.0,100.0,0.48821827267993256,0.6939470492712386,69.39,2,0.6636925167969434,2,0.727709207731342,2,0.6085308435572601,3,0.6656523253366983,3
Candidate_027,Office Administrator,0.5382775119617226,53.82775119617226,0.8197929865595287,81.98,0.0057604445023175035,0.5218897422544024,52.19,0.43156805634498596,0.4335798581705673,43.36,676,1709,13,0.5286438829565303,52.86,1.0,100.0,0.4386804956555336,0.6444092722468396,64.44,3,0.6070779144833446,4,0.6640177801285432,5,0.5232405703948281,4,0.5697007680289622,4
Candidate_027,Information Technology (IT) Analyst,0.5286596440247002,52.86596440247002,0.6155276558846338,61.55,0.008262166861033149,0.9266020797542104,92.66,0.4889688193798065,0.7787188115199589,77.87,347,357,10,0.266375870790639,26.64,1.0,100.0,0.4879862635916074,0.6412614377497352,64.13,4,0.6109737611199648,3,0.7274109103320667,3,0.7945568379614961,2,0.9339418717787893,2
Candidate_027,Secondary School Teacher,0.5365105908584169,53.65105908584169,0.7822669230071398,78.23,0.004623740158931163,0.3380011223780351,33.8,0.4410010576248169,0.49029854998811934,49.03,681,740,9,0.3635561348837076,36.36,1.0,100.0,0.4453979155483407,0.6181091425250822,61.81,5,0.5817374161748452,5,0.6726544628478667,4,0.34311212487916964,10,0.4042010101402316,7
Candidate_028,Software Developer,0.5382390745501285,53.82390745501285,0.8189766486101043,81.9,0.010359944539758125,1.0,100.0,0.5967705249786377,1.0,100.0,323,344,8,0.2290858604605659,22.91,1.0,100.0,0.6366418270135366,0.7824589991056498,78.25,1,0.773407831536155,1,0.918539491874547,1,0.8458171720921133,1,1.0,1
Candidate_028,Office Manager,0.5467625899280575,54.67625899280575,1.0,100.0,0.007630370312176652,0.6285025837074427,62.85,0.4874439835548401,0.31116877049562036,31.12,676,1709,13,0.5286438829565303,52.86,1.0,100.0,0.4589090696734671,0.6646378462647732,66.46,2,0.6301962847895543,2,0.6900259467230292,3,0.6085308435572603,3,0.6656523253366985,3
Candidate_028,Office Administrator,0.5382775119617226,53.82775119617226,0.8197929865595287,81.98,0.006847033331630125,0.5218897422544027,52.19,0.50572270154953,0.4263370693009219,42.63,676,1709,13,0.5286438829565303,52.86,1.0,100.0,0.43614551955115766,0.6418742961424637,64.19,3,0.6041807989354864,3,0.6607585251372028,4,0.5232405703948282,4,0.5697007680289624,4
Candidate_028,Information Technology (IT) Analyst,0.5286596440247002,52.86596440247002,0.6155276558846338,61.55,0.009820653921103551,0.92660207975421,92.66,0.5546729564666748,0.7347568166010957,73.48,347,357,10,0.266375870790639,26.64,1.0,100.0,0.4725995653700053,0.6258747395281331,62.59,4,0.5933889631524196,4,0.7076280126185782,2,0.7945568379614959,2,0.9339418717787891,2
Candidate_028,Secondary School Teacher,0.5365105908584169,53.65105908584169,0.7822669230071398,78.23,0.005495913201188146,0.33800112237803537,33.8,0.5092113018035889,0.4483176128263714,44.83,681,740,9,0.3635561348837076,36.36,1.0,100.0,0.4307045875417289,0.6034158145184704,60.34,5,0.564945041310146,5,0.65376304112508,5,0.34311212487916987,10,0.4042010101402318,7
Candidate_029,Administrative Assistant,1.0000000000000002,100.00000000000004,1.0,100.0,0.004147556834369521,0.3283002794688168,32.83,0.47319984436035156,0.4844576405510844,48.45,812,890,11,0.4384514673595585,43.85,1.0,100.0,0.5195601741928795,0.7072504676647912,70.73,1,0.6814733496923455,1,0.768005938247988,1,0.35033051704696516,7,0.39547025152193516,5
Candidate_029,Food Service Supervisor,1.0000000000000002,100.00000000000004,1.0,100.0,0.0032501844689268714,0.18054718928660826,18.05,0.44508084654808044,0.268532022897086,26.85,1061,2524,12,0.6833380235893983,68.33,1.0,100.0,0.4439862080139801,0.6806538127318598,68.07,2,0.6440804138767141,2,0.6708394103036887,2,0.28110535614716625,9,0.2624924703579474,7
Candidate_029,Software Developer,1.0,100.0,0.0,0.0,0.008227097684154167,1.0,100.0,0.540336549282074,1.0,100.0,323,344,8,0.2290858604605659,22.91,0.0,0.0,0.35,0.39581717209211315,39.58,3,0.4458171720921132,3,0.45,3,0.8458171720921133,1,0.9,1
Candidate_029,Bookkeeper,1.0,100.0,0.0,0.0,0.004458187987808334,0.3794459516500733,37.94,0.45950445532798767,0.379290829288186,37.93,396,422,11,0.2992257912289334,29.92,1.0,100.0,0.1327517902508651,0.29259694849665174,29.26,4,0.2115614899610611,11,0.2706808731796837,5,0.36340191956584533,4,0.44150135648506594,4
Candidate_029,Information Technology (IT) Analyst,1.0,100.0,0.0,0.0,0.0068645534899060895,0.7756559896841987,77.57,0.49829575419425964,0.677168983524726,67.72,347,357,10,0.266375870790639,26.64,0.0,0.0,0.23700914423365407,0.29028431839178187,29.03,5,0.32414276756801824,4,0.3047260425861267,4,0.6737999659054867,2,0.6980903907157788,2
Candidate_030,Software Developer,0.5382390745501285,53.82390745501285,0.8189766486101043,81.9,0.024865909032128833,1.0,100.0,0.5257195830345154,1.0,100.0,323,344,8,0.2290858604605659,22.91,1.0,100.0,0.6366418270135366,0.7824589991056498,78.25,1,0.773407831536155,1,0.918539491874547,1,0.8458171720921133,1,1.0,1
Candidate_030,Secondary School Teacher,0.5365105908584169,53.65105908584169,0.7822669230071398,78.23,0.01543657325505065,0.316616552395619,31.66,0.4578202962875366,0.5479396959798312,54.79,681,740,9,0.3635561348837076,36.36,1.0,100.0,0.46557231664543985,0.6382835436221813,63.83,2,0.6047938745715299,2,0.6985929785441369,3,0.32600446889323675,12,0.38495489715605713,9
Candidate_030,Office Manager,0.5467625899280575,54.67625899280575,1.0,100.0,0.01617404162637795,0.3700639732968823,37.01,0.4109121561050415,0.2356343813313973,23.56,676,1709,13,0.5286438829565303,52.86,1.0,100.0,0.43247203346598906,0.6382008100572951,63.82,3,0.599982529123865,3,0.6560354715991288,4,0.40177995522881194,9,0.4330575759671941,7
Candidate_030,Information Technology (IT) Analyst,0.5286596440247002,52.86596440247002,0.6155276558846338,61.55,0.01457812943399639,0.2544015340872436,25.44,0.4837513864040375,0.7205838730140085,72.06,347,357,10,0.266375870790639,26.64,1.0,100.0,0.46763903511452476,0.6209142092726525,62.09,4,0.5877197857175847,4,0.701250188004389,2,0.2567964014279227,13,0.3289613806785192,11
Candidate_030,Office Administrator,0.5382775119617226,53.82775119617226,0.8197929865595287,81.98,0.01282459096371491,0.12731525848330144,12.73,0.4273903965950012,0.3453433158798166,34.53,676,1709,13,0.5286438829565303,52.86,1.0,100.0,0.40779770585377084,0.6135264824450769,61.35,5,0.5717832975670443,5,0.6243113360977054,5,0.20758098337794723,14,0.21458373263497132,13
Candidate_031,Administrative Assistant,0.8615126050420168,86.15126050420167,1.0,100.0,0.010343838555150538,0.4414013548313465,44.14,0.47694677114486694,0.5599831659431824,56.0,812,890,11,0.4384514673595585,43.85,1.0,100.0,0.5459941080801138,0.7336844015520255,73.37,1,0.7116835598491847,3,0.8019924246744321,1,0.44081137733698894,9,0.4972612193482119,6
Candidate_031,Office Administrator,0.8579545454545455,85.79545454545455,0.9295727137123986,92.96,0.009329026263596081,0.3326984596304435,33.27,0.46280792355537415,0.4808782722281748,48.09,676,1709,13,0.5286438829565303,52.86,1.0,100.0,0.49365784507920063,0.6993866216705067,69.94,2,0.6699091709675354,4,0.7347029436732581,2,0.3718875442956609,11,0.3994286136673991,9
Candidate_031,Office Manager,0.856115107913669,85.6115107913669,0.8931633756688091,89.32,0.011704719405255535,0.5871738190210366,58.72,0.4558201730251312,0.441782775971985,44.18,676,1709,13,0.5286438829565303,52.86,1.0,100.0,0.4672311530742779,0.6729599296655839,67.3,3,0.6397072372476237,5,0.7007257682383573,3,0.5754678318081353,5,0.628456437118933,3
Candidate_031,Retail Sales Associate,0.8613998613998614,86.13998613998614,0.9977683822971528,99.78,0.010243337090764032,0.4306360140469839,43.06,0.44969528913497925,0.40751489904067884,40.75,1876,2449,13,0.8643994601889338,86.44,0.0,0.0,0.49184914846824107,0.6647290405060278,66.47,4,0.7349932045729194,1,0.6323774766020243,6,0.5173887032753739,7,0.3875724126422855,11
Candidate_031,Inside Sales Representative,0.8613998613998614,86.13998613998614,0.9977683822971528,99.78,0.010255024635476818,0.4318879401013322,43.19,0.44710633158683777,0.39303004018764237,39.3,1876,2449,13,0.8643994601889338,86.44,0.0,0.0,0.4867794478696783,0.6596593399074651,65.97,5,0.7291992610317048,2,0.6258592901181579,7,0.5183902441188526,6,0.388699146091199,10
Candidate_032,Food Service Supervisor,1.0000000000000002,100.00000000000004,1.0,100.0,0.004967714726294157,0.10648374950148347,10.65,0.512231171131134,0.5724675675702143,57.25,1061,2524,12,0.6833380235893983,68.33,1.0,100.0,0.550363648649575,0.7870312533674546,78.7,1,0.7656546317459654,1,0.8076104054065965,1,0.22185460431906645,11,0.19583537455133512,8
Candidate_032,Administrative Assistant,1.0000000000000002,100.00000000000004,1.0,100.0,0.006739435534138631,0.21904868654664347,21.9,0.4880431890487671,0.41350258489917474,41.35,812,890,11,0.4384514673595585,43.85,1.0,100.0,0.4947259047147111,0.6824161981866228,68.24,2,0.6530913274315816,2,0.7360761632046287,2,0.26292924270922646,8,0.29714381789197913,6
Candidate_032,Software Developer,1.0,100.0,0.0,0.0,0.01903125329088544,1.0,100.0,0.5772841572761536,1.0,100.0,323,344,8,0.2290858604605659,22.91,0.0,0.0,0.35,0.39581717209211315,39.58,3,0.4458171720921132,3,0.45,3,0.8458171720921133,1,0.9,1
Candidate_032,Information Technology (IT) Analyst,1.0,100.0,0.0,0.0,0.013191531467179817,0.6289777054397084,62.9,0.5626416206359863,0.9037683021536093,90.38,347,357,10,0.266375870790639,26.64,0.0,0.0,0.3163189057537632,0.369594079911891,36.96,4,0.41478249501957154,4,0.4066957359691242,4,0.5564573385098945,2,0.5660799348957376,2
Candidate_032,Bookkeeper,1.0,100.0,0.0,0.0,0.011442603158840638,0.5178608725543888,51.79,0.5037834644317627,0.516948692762772,51.69,396,422,11,0.2992257912289334,29.92,1.0,100.0,0.1809320424669702,0.34077720071275686,34.08,5,0.2666246353508955,9,0.33262691174324743,5,0.4741338562892978,3,0.56607478529895,3
Candidate_033,Administrative Assistant,0.8991596638655464,89.91596638655463,1.0,100.0,0.003243761133253948,0.3277063853421155,32.77,0.5070410966873169,0.547006340348158,54.7,812,890,11,0.4384514673595585,43.85,1.0,100.0,0.5414522191218553,0.729142512593767,72.91,1,0.706492829611175,1,0.7961528531566711,1,0.3498554017456041,6,0.394935746807904,6
Candidate_033,Office Manager,0.8920863309352518,89.20863309352518,0.8802953501891214,88.03,0.0038634697724220157,0.4458825698775758,44.59,0.4980473816394806,0.4829857318300243,48.3,676,1709,13,0.5286438829565303,52.86,1.0,100.0,0.47714837870670096,0.682877155298007,68.29,2,0.6510412093989644,2,0.7134764869086155,2,0.46243483249336675,4,0.5012943128898182,4
Candidate_033,Office Administrator,0.8821770334928231,88.2177033492823,0.7125966158149186,71.26,0.003466844363412407,0.37024754631312273,37.02,0.5036972761154175,0.5232037819337733,52.32,676,1709,13,0.5286438829565303,52.86,1.0,100.0,0.43253013921204214,0.6382589158033481,63.83,3,0.6000489356907829,3,0.6561101789869114,3,0.40192681364180427,5,0.43322279168181044,5
Candidate_033,"Driver, Truck",0.8811881188118811,88.11881188118811,0.6958608440448676,69.59,0.001929105866141618,0.07700640533966295,7.7,0.45858776569366455,0.20209751029906153,20.21,1423,3705,12,0.8880268984746598,88.8,1.0,100.0,0.3142854240203752,0.5918908037153071,59.19,4,0.5367887214325036,5,0.5040812594547681,4,0.23921050396666232,12,0.16930576480569665,10
Candidate_033,Food Service Supervisor,0.870967741935484,87.0967741935484,0.5228975964527075,52.29,0.0023019047596860194,0.1480977990263184,14.81,0.5033009648323059,0.5203826908304356,52.04,1061,2524,12,0.6833380235893983,68.33,0.0,0.0,0.3651481005491001,0.5018157052669797,50.18,5,0.5539797196311369,4,0.46947612927741444,6,0.25514584393893436,11,0.13328801912368657,13
Candidate_034,Food Service Supervisor,0.9677419354838712,96.77419354838712,0.9265716945519203,92.66,0.005616451041686373,0.0989260301161617,9.89,0.4877152740955353,0.46199668162962176,46.2,1061,2524,12,0.6833380235893983,68.33,1.0,100.0,0.4859989316635397,0.7226665363814193,72.27,1,0.6920949551904965,1,0.7248557692816939,3,0.21580842881080903,10,0.18903342710454554,6
Candidate_034,Office Manager,0.9712230215827338,97.12230215827336,1.0,100.0,0.008090055906650517,0.203708428044681,20.37,0.48765501379966736,0.46163500930832224,46.16,676,1709,13,0.5286438829565303,52.86,1.0,100.0,0.5115722532579128,0.7173010298492188,71.73,2,0.6903827803146351,2,0.757735754188745,2,0.2686955190270509,4,0.2833375852402129,3
Candidate_034,Administrative Assistant,0.9663865546218487,96.63865546218489,0.8979819621785708,89.8,0.00760865459910175,0.18331617215719284,18.33,0.5073021054267883,0.579553601197418,57.96,812,890,11,0.4384514673595585,43.85,1.0,100.0,0.517137447181596,0.7048277406535077,70.48,3,0.6787045188223073,3,0.7648910035191949,1,0.23434323119766598,8,0.26498455494147355,4
Candidate_034,Office Administrator,0.9644138755980862,96.44138755980862,0.8563712482249044,85.64,0.007034244438287984,0.15898404260122787,15.9,0.4962695240974426,0.5133378742110106,51.33,676,1709,13,0.5286438829565303,52.86,0.0,0.0,0.47939819285257024,0.5851269694438763,58.51,4,0.6536124255656721,4,0.6163691050961617,4,0.23291601067228834,9,0.14308563834110508,7
Candidate_034,Retail Sales Associate,0.9653499653499652,96.53499653499654,0.8761166616607415,87.61,0.00540077381436863,0.08978989953321388,8.98,0.45966434478759766,0.29363964701353823,29.36,1876,2449,13,0.8643994601889338,86.44,0.0,0.0,0.4094147080359979,0.5822946000737846,58.23,5,0.6407824155074987,5,0.5263903389034259,7,0.24471181166435785,6,0.0808109095798925,10
Candidate_035,Software Developer,0.9035989717223648,90.35989717223649,1.0,100.0,0.010539696593876742,0.24817049965426421,24.82,0.5767745971679688,1.0,100.0,323,344,8,0.2290858604605659,22.91,1.0,100.0,0.7,0.8458171720921132,84.58,1,0.8458171720921133,1,1.0,1,0.24435357181552458,6,0.32335344968883784,2
Candidate_035,Information Technology (IT) Analyst,0.898292771521976,89.82927715219759,0.8155023694813165,81.55,0.030244036538986333,1.0,100.0,0.5652668476104736,0.9331668400659027,93.32,347,357,10,0.266375870790639,26.64,1.0,100.0,0.6120342233415267,0.7653093974996544,76.53,2,0.7527428579770155,2,0.8869011442962486,2,0.8532751741581278,1,1.0,1
Candidate_035,Administrative Assistant,0.895126050420168,89.5126050420168,0.7053948504031139,70.54,0.009091738430122679,0.1929228909645385,19.29,0.4939607083797455,0.5190446362692123,51.9,812,890,11,0.4384514673595585,43.85,1.0,100.0,0.42855382033531414,0.6162441138072258,61.62,3,0.5774660881408422,5,0.6509977690025468,3,0.2420286062435425,7,0.27363060186808463,3
Candidate_035,Retail Sales Associate,0.896049896049896,89.6049896049896,0.7375171456827702,73.75,0.006642563789091853,0.09947333864483954,9.95,0.4667014181613922,0.360731797277456,36.07,1876,2449,13,0.8643994601889338,86.44,0.0,0.0,0.3843871300360791,0.5572670220738658,55.73,4,0.6121794692218773,3,0.49421202433210176,6,0.25245856295365837,4,0.08952600478035559,10
Candidate_035,Inside Sales Representative,0.896049896049896,89.6049896049896,0.7375171456827702,73.75,0.006650142887641928,0.0997625231540313,9.98,0.465582013130188,0.35423066731214686,35.42,1876,2449,13,0.8643994601889338,86.44,0.0,0.0,0.3821117345482209,0.5549916265860076,55.5,5,0.6095790172357536,4,0.49128651584771266,7,0.2526899105610118,3,0.08978627083862817,9
Candidate_036,Administrative Assistant,0.8991596638655464,89.91596638655463,1.0,100.0,0.006067905569308137,0.46192500850952123,46.19,0.48336872458457947,0.602512544305148,60.25,812,890,11,0.4384514673595585,43.85,1.0,100.0,0.5608793905068018,0.7485696839787135,74.86,1,0.7286953111939709,1,0.8211306449373166,1,0.4572303002795287,5,0.5157325076585692,5
Candidate_036,Office Manager,0.8920863309352518,89.20863309352518,0.8802953501891214,88.03,0.007227156620320066,0.6285025837074427,62.85,0.46480992436408997,0.47069149900001184,47.07,676,1709,13,0.5286438829565303,52.86,1.0,100.0,0.47284539721619656,0.6785741738075026,67.86,2,0.6461235162669594,2,0.70794408213511,2,0.6085308435572603,3,0.6656523253366985,3
Candidate_036,Office Administrator,0.8821770334928231,88.2177033492823,0.7125966158149186,71.26,0.006485213724591404,0.5218897422544027,52.19,0.4780617952346802,0.5648180292528285,56.48,676,1709,13,0.5286438829565303,52.86,1.0,100.0,0.44709512577371147,0.6528239023650175,65.28,3,0.616694634618405,3,0.6748365902804861,3,0.5232405703948282,4,0.5697007680289624,4
Candidate_036,"Driver, Truck",0.8811881188118811,88.11881188118811,0.6958608440448676,69.59,0.0036086603631024236,0.10854589972263196,10.85,0.42747730016708374,0.20552211912813903,20.55,1423,3705,12,0.8880268984746598,88.8,1.0,100.0,0.3154840371105523,0.5930894168054842,59.31,4,0.5381585649641346,5,0.505622333427853,5,0.26444209947303754,12,0.19769130975036875,12
Candidate_036,Food Service Supervisor,0.870967741935484,87.0967741935484,0.5228975964527075,52.29,0.004306032453537693,0.20875417793295503,20.88,0.4826592803001404,0.5974734423131309,59.75,1061,2524,12,0.6833380235893983,68.33,0.0,0.0,0.39212986356804347,0.5287974682859231,52.88,5,0.5848160202242151,4,0.5041669674446273,6,0.3036709470642437,11,0.18787876013965954,13
Candidate_037,Software Developer,0.7911311053984575,79.11311053984575,1.0,100.0,0.015770876223761887,1.0,100.0,0.5141440629959106,1.0,100.0,323,344,8,0.2290858604605659,22.91,1.0,100.0,0.7,0.8458171720921132,84.58,1,0.8458171720921133,1,1.0,1,0.8458171720921133,1,1.0,1
Candidate_037,Information Technology (IT) Analyst,0.7756629131856156,77.56629131856157,0.7423628368355979,74.24,0.01182629117553831,0.5683297062164661,56.83,0.5111807584762573,0.9810337296402337,98.1,347,357,10,0.266375870790639,26.64,1.0,100.0,0.603188798266541,0.7564639724246688,75.65,2,0.7426338007484604,2,0.8755284549141242,2,0.5079389391313006,7,0.6114967355948194,5
Candidate_037,Secondary School Teacher,0.7770345596432553,77.70345596432553,0.7652088874501872,76.52,0.015380982882388376,0.9573325530677192,95.73,0.4331240653991699,0.48144135414500905,48.14,681,740,9,0.3635561348837076,36.36,1.0,100.0,0.43632758455831866,0.6090388115350601,60.9,3,0.57137132361482,3,0.6609926087178383,3,0.8385772694309169,2,0.9615992977609473,2
Candidate_037,Bookkeeper,0.7744334277620397,77.44334277620398,0.721884610788012,72.19,0.011007579867139124,0.47873514894364577,47.87,0.4322164058685303,0.4756319896539293,47.56,396,422,11,0.2992257912289334,29.92,1.0,100.0,0.41913081015467946,0.5789759684004662,57.9,4,0.5388517984225633,5,0.6388824701988736,4,0.44283327740070333,10,0.5308616340492812,6
Candidate_037,Licensed Practical Nurse (L.P.N.),0.7743530095958127,77.43530095958127,0.7205451712511525,72.05,0.01043478029556392,0.4160516077553772,41.61,0.39633435010910034,0.2459732535760133,24.6,437,527,10,0.3039192124973743,30.39,1.0,100.0,0.338281448689508,0.4990652911889829,49.91,5,0.4473912124303412,9,0.5349332911722247,5,0.39362512870377664,12,0.4744464469798395,7
Candidate_038,Software Developer,0.6947300771208227,69.47300771208226,1.0,100.0,0.012920121526870202,0.3348999300289669,33.49,0.5489099025726318,1.0,100.0,323,344,8,0.2290858604605659,22.91,1.0,100.0,0.7,0.8458171720921132,84.58,1,0.8458171720921133,1,1.0,1,0.3137371161152867,2,0.4014099370260702,2
Candidate_038,Information Technology (IT) Analyst,0.6739556847075916,67.39556847075916,0.6967755018332572,69.68,0.032501579624055116,1.0,100.0,0.5156412124633789,0.8002806024687436,80.03,347,357,10,0.266375870790639,26.64,1.0,100.0,0.5239696365057003,0.677244810663828,67.72,2,0.6520976158789281,2,0.7736752469359004,2,0.8532751741581278,1,1.0,1
Candidate_038,Secondary School Teacher,0.6688963210702341,66.88963210702342,0.622928673032444,62.29,0.005347329353790341,0.07768391581827885,7.77,0.4453200101852417,0.37812667616321033,37.81,681,740,9,0.3635561348837076,36.36,1.0,100.0,0.350369372218479,0.5230805991952205,52.31,3,0.47313336665500333,3,0.5504749071380445,3,0.1348583596313646,12,0.16991552423645098,4
Candidate_038,Bookkeeper,0.6682011331444759,66.8201133144476,0.6127816609934615,61.28,0.010172895629452325,0.24158817931406254,24.16,0.4336682856082916,0.3081787640252034,30.82,396,422,11,0.2992257912289334,29.92,1.0,100.0,0.3223361487565327,0.4821813070023194,48.22,4,0.42822932825325266,5,0.5144321912583992,4,0.25311570169703673,3,0.3174293613826563,3
Candidate_038,Licensed Practical Nurse (L.P.N.),0.6615295143937191,66.1529514393719,0.515402242745367,51.54,0.0048142613924953784,0.05957783114384055,5.96,0.40970826148986816,0.1643413731916223,16.43,437,527,10,0.3039192124973743,30.39,1.0,100.0,0.23791026557794623,0.3986941080774211,39.87,5,0.33268128887427056,7,0.4058846271716452,5,0.1084461074145473,14,0.1536200480294565,5
Candidate_039,Food Service Supervisor,1.0000000000000002,100.00000000000004,1.0,100.0,0.005868861903651174,0.2890804435198188,28.91,0.4818176329135895,0.513889172419043,51.39,1061,2524,12,0.6833380235893983,68.33,1.0,100.0,0.529861210346665,0.7665288150645446,76.65,1,0.7422232736854969,1,0.7812501275885694,1,0.3679319595337347,9,0.36017239916783694,7
Candidate_039,Administrative Assistant,1.0000000000000002,100.00000000000004,1.0,100.0,0.006666773177370156,0.4055736456946552,40.56,0.4621957540512085,0.3882750540546264,38.83,812,890,11,0.4384514673595585,43.85,1.0,100.0,0.4858962689191192,0.6735865623910309,67.36,2,0.6430003150937623,2,0.7247237743245819,2,0.4121492100276359,7,0.46501628112518967,5
Candidate_039,Software Developer,1.0,100.0,0.0,0.0,0.010738251003038178,1.0,100.0,0.5577518343925476,1.0,100.0,323,344,8,0.2290858604605659,22.91,0.0,0.0,0.35,0.39581717209211315,39.58,3,0.4458171720921132,3,0.45,3,0.8458171720921133,1,0.9,1
Candidate_039,Information Technology (IT) Analyst,1.0,100.0,0.0,0.0,0.009434286153300801,0.8096241450990758,80.96,0.5390428900718689,0.8802302489555862,88.02,347,357,10,0.266375870790639,26.64,0.0,0.0,0.30808058713445513,0.36135576129258296,36.14,4,0.40536727374036235,4,0.3961036120300138,4,0.7009744902373884,2,0.7286617305891682,2
Candidate_039,Inside Sales Representative,1.0,100.0,0.0,0.0,0.0064084165736306665,0.36785417855095837,36.79,0.4599860608577728,0.3741291782036941,37.41,1876,2449,13,0.8643994601889338,86.44,0.0,0.0,0.13094521237129295,0.3038251044090797,30.38,5,0.3225315633192644,5,0.16835813019166235,10,0.46716323487855343,5,0.33106876069586255,8
Candidate_040,Software Developer,0.5902956298200515,59.029562982005146,1.0,100.0,0.013350325254880713,1.0,100.0,0.5597214102745056,1.0,100.0,323,344,8,0.2290858604605659,22.91,1.0,100.0,0.7,0.8458171720921132,84.58,1,0.8458171720921133,1,1.0,1,0.8458171720921133,1,1.0,1
Candidate_040,Information Technology (IT) Analyst,0.5676716309480566,56.76716309480566,0.748978023802547,74.9,0.00924784816825952,0.6249767819565211,62.5,0.5205582976341248,0.7572158797297645,75.72,347,357,10,0.266375870790639,26.64,1.0,100.0,0.527167866236309,0.6804430403944367,68.04,2,0.6557527355710524,2,0.7777872565895402,2,0.5532565997233446,2,0.6624791037608689,2
Candidate_040,Secondary School Teacher,0.568004459308807,56.80044593088071,0.7526708825815293,75.27,0.004213030624655935,0.1647247348161228,16.47,0.473807156085968,0.4673912461102414,46.74,681,740,9,0.3635561348837076,36.36,1.0,100.0,0.4270217450421197,0.5997329720188612,59.97,3,0.5607360784534497,3,0.6490279579112969,3,0.20449101482963977,10,0.24825226133451053,4
Candidate_040,Bookkeeper,0.5577195467422096,55.77195467422096,0.6385558186579218,63.86,0.005255905444414281,0.2600579353835879,26.01,0.4814987778663635,0.5150739633792267,51.51,396,422,11,0.2992257912289334,29.92,1.0,100.0,0.403770423713002,0.5636155819587887,56.36,4,0.5212970710606462,4,0.6191334019167168,4,0.26789150655265703,6,0.33405214184522913,3
Candidate_040,Licensed Practical Nurse (L.P.N.),0.5670252980517592,56.70252980517592,0.7418067115235827,74.18,0.003793039354739734,0.12633171658140943,12.63,0.43792951107025146,0.24497474509067804,24.5,437,527,10,0.3039192124973743,30.39,1.0,100.0,0.34537350981499126,0.5061573523144661,50.62,5,0.4554964251451792,8,0.5440516554764173,5,0.1618492157646024,14,0.2136985449232685,6
Candidate_041,Office Manager,0.7410071942446043,74.10071942446042,1.0,100.0,0.010980504356913404,1.0,100.0,0.4888598322868347,0.5343598302672412,53.44,676,1709,13,0.5286438829565303,52.86,1.0,100.0,0.5370259405935344,0.7427547171848404,74.28,1,0.7194727086982026,1,0.7904619236202586,2,0.9057287765913061,1,1.0,1
Candidate_041,Software Developer,0.7230077120822622,72.30077120822622,0.6107545962375409,61.08,0.010832234279899471,0.9786159317789185,97.86,0.5569061040878296,1.0,100.0,323,344,8,0.2290858604605659,22.91,1.0,100.0,0.5637641086831393,0.7095812807752525,70.96,2,0.6901190105871297,2,0.8248395683068934,1,0.828709917515248,2,0.9807543386010267,2
Candidate_041,Office Administrator,0.7269736842105264,72.69736842105264,0.6965201981839471,69.65,0.009164621916671736,0.7381066040726271,73.81,0.513043224811554,0.6998466189168371,69.98,676,1709,13,0.5286438829565303,52.86,1.0,100.0,0.48872838598527446,0.6944571625765805,69.45,3,0.6642755034316198,3,0.7283650676953529,4,0.6962140598494078,4,0.7642959436653644,3
Candidate_041,Bookkeeper,0.7347733711048159,73.47733711048159,0.8651912881078708,86.52,0.0070603172630995924,0.4346158716458964,43.46,0.4959425628185272,0.5828269065619409,58.28,396,422,11,0.2992257912289334,29.92,1.0,100.0,0.5068063681344341,0.6666515263802207,66.67,4,0.6390524361137113,4,0.7516081876014152,3,0.4075378555625038,9,0.4911542844813067,6
Candidate_041,"Driver, Truck",0.7275247524752474,72.75247524752474,0.7084372515340016,70.84,0.005118224410504569,0.15451993531165908,15.45,0.43829265236854553,0.18832896602061436,18.83,1423,3705,12,0.8880268984746598,88.8,1.0,100.0,0.31386817614411555,0.5914735558390475,59.15,5,0.5363118667167783,7,0.5035447978995772,8,0.3012213279442592,14,0.23906794178049318,13
Candidate_042,Software Developer,0.5902956298200515,59.029562982005146,1.0,100.0,0.015465894520808019,0.9790532224818549,97.91,0.5856556296348572,1.0,100.0,323,344,8,0.2290858604605659,22.91,1.0,100.0,0.7,0.8458171720921132,84.58,1,0.8458171720921133,1,1.0,1,0.8290597500775971,3,0.9811479002336694,2
Candidate_042,Information Technology (IT) Analyst,0.5676716309480566,56.76716309480566,0.748978023802547,74.9,0.015679477897870442,1.0,100.0,0.5749974846839905,0.9218121373217681,92.18,347,357,10,0.266375870790639,26.64,1.0,100.0,0.5847765563935102,0.738051730551638,73.81,2,0.7215912386078539,2,0.8518555725059418,2,0.8532751741581278,2,1.0,1
Candidate_042,Secondary School Teacher,0.568004459308807,56.80044593088071,0.7526708825815293,75.27,0.008781425746768509,0.32348684759551805,32.35,0.4954308271408081,0.3381132926887392,33.81,681,740,9,0.3635561348837076,36.36,1.0,100.0,0.3817744613445939,0.5544856883213355,55.45,3,0.5090248970848489,3,0.5908528788716209,3,0.331500705053156,11,0.39113816283596625,9
Candidate_042,Bookkeeper,0.5577195467422096,55.77195467422096,0.6385558186579218,63.86,0.00979061428632883,0.4224610660144619,42.25,0.4894654154777527,0.2943511943048012,29.44,396,422,11,0.2992257912289334,29.92,1.0,100.0,0.326517454536953,0.48636261278273973,48.64,4,0.4330079634308759,6,0.5198081558332254,4,0.3978140110573562,10,0.48021495941301573,7
Candidate_042,Licensed Practical Nurse (L.P.N.),0.5670252980517592,56.70252980517592,0.7418067115235827,74.18,0.008625749272717803,0.30821917783769615,30.82,0.47305232286453247,0.17394519145125512,17.39,437,527,10,0.3039192124973743,30.39,1.0,100.0,0.32051316604119323,0.48129700854066815,48.13,5,0.42708460368941004,9,0.512088356338677,5,0.3073591847696318,12,0.3773972600539266,10
Candidate_043,Software Developer,0.7991645244215939,79.9164524421594,1.0,100.0,0.02128454716563712,0.5370259336622141,53.7,0.6126227974891663,1.0,100.0,323,344,8,0.2290858604605659,22.91,1.0,100.0,0.7,0.8458171720921132,84.58,1,0.8458171720921133,1,1.0,1,0.4754379190218844,3,0.5833233402959926,2
Candidate_043,Information Technology (IT) Analyst,0.7920087177624409,79.20087177624409,0.7738350746874031,77.38,0.03634663180097296,1.0,100.0,0.5747132301330566,0.7703823537056987,77.04,347,357,10,0.266375870790639,26.64,1.0,100.0,0.5404760999375856,0.6937512740957134,69.38,2,0.6709621455153686,2,0.7948978427768958,2,0.8532751741581278,1,1.0,1
Candidate_043,Retail Sales Associate,0.7920997920997921,79.20997920997921,0.7767135511032782,77.67,0.004476768804680062,0.020393230933875545,2.04,0.48959845304489136,0.2548435031495767,25.48,1876,2449,13,0.8643994601889338,86.44,0.0,0.0,0.36104496898849925,0.533924861026286,53.39,3,0.5855027137389288,3,0.4642006744137847,5,0.18919447678488718,8,0.01835390784048799,12
Candidate_043,Inside Sales Representative,0.7920997920997921,79.20997920997921,0.7767135511032782,77.67,0.00448187675291118,0.020550237591350797,2.06,0.4894337058067322,0.2538456317493509,25.38,1876,2449,13,0.8643994601889338,86.44,0.0,0.0,0.36069571399842015,0.5335756060362069,53.36,4,0.5851035651788384,4,0.4637516322836831,6,0.1893200821108674,7,0.018495213832215716,11
Candidate_043,Licensed Practical Nurse (L.P.N.),0.7926722884559465,79.26722884559464,0.7948077509326965,79.48,0.0042786477007040686,0.01430344088450156,1.43,0.47493499517440796,0.16602717213931498,16.6,437,527,10,0.3039192124973743,30.39,1.0,100.0,0.336292223075204,0.49707606557467887,49.71,5,0.4451178117282795,8,0.5323757153824051,3,0.07222659520707611,15,0.11287309679605141,7
Candidate_044,Software Developer,0.7911311053984575,79.11311053984575,1.0,100.0,0.007979551407849826,0.8419304556239166,84.19,0.5837604403495789,1.0,100.0,323,344,8,0.2290858604605659,22.91,1.0,100.0,0.7,0.8458171720921132,84.58,1,0.8458171720921133,1,1.0,1,0.7193615365912465,2,0.8577374100615249,2
Candidate_044,Information Technology (IT) Analyst,0.7756629131856156,77.56629131856157,0.7423628368355979,74.24,0.008927895604324203,1.0,100.0,0.5748003125190735,0.9385772405725425,93.86,347,357,10,0.266375870790639,26.64,1.0,100.0,0.5883290270928492,0.7416042012509769,74.16,2,0.725651205121384,2,0.8564230348336632,2,0.8532751741581278,1,1.0,1
Candidate_044,Bookkeeper,0.7744334277620397,77.44334277620398,0.721884610788012,72.19,0.00514914236083959,0.37015926735478377,37.02,0.5272988677024841,0.6129490941199208,61.29,396,422,11,0.2992257912289334,29.92,1.0,100.0,0.46719179671777644,0.6270369549635632,62.7,3,0.5937786402089598,4,0.7006751672085697,3,0.3559725721296137,8,0.4331433406193054,5
Candidate_044,Secondary School Teacher,0.7770345596432553,77.70345596432553,0.7652088874501872,76.52,0.007492514489416821,0.7607513815311517,76.08,0.5111967325210571,0.5025670109369171,50.26,681,740,9,0.3635561348837076,36.36,1.0,100.0,0.4437215644354865,0.616432791412228,61.64,4,0.5798215863315832,6,0.6704991542741969,4,0.6813123322016629,3,0.7846762433780365,3
Candidate_044,Office Manager,0.7697841726618705,76.97841726618705,0.6444469323344962,64.44,0.004279349476884917,0.22518261712651455,22.52,0.5230623483657837,0.5839072419331707,58.39,676,1709,13,0.5286438829565303,52.86,0.0,0.0,0.4299239609936834,0.5356527375849894,53.57,5,0.5970704462983729,3,0.5527593784204501,6,0.28587487029251774,10,0.2026643554138631,11
Candidate_045,Administrative Assistant,0.7983193277310925,79.83193277310924,1.0,100.0,0.0110633604438848,0.25069564090015417,25.07,0.5037365555763245,0.627235597949905,62.72,812,890,11,0.4384514673595585,43.85,1.0,100.0,0.5695324592824667,0.7572227527543783,75.72,1,0.7385845326518737,1,0.8322560190774573,1,0.288246806192035,9,0.3256260768101388,6
Candidate_045,Bookkeeper,0.7921388101983002,79.21388101983003,0.9117805659074193,91.18,0.009883248501334319,0.19345478904427174,19.35,0.47599756717681885,0.4724530962620024,47.25,396,422,11,0.2992257912289334,29.92,1.0,100.0,0.48448178175929757,0.6443269400050843,64.43,2,0.6135386231135553,2,0.7229051479762397,2,0.21460898948120408,12,0.2741093101398446,7
Candidate_045,"Driver, Truck",0.7821782178217821,78.2178217821782,0.7696051221810564,76.96,0.007455520890884448,0.07569884447187623,7.57,0.4038662016391754,0.06996281625308895,7.0,1423,3705,12,0.8880268984746598,88.8,1.0,100.0,0.29384877845195084,0.5714541581468828,57.15,3,0.5134325550685901,6,0.47780557229536536,7,0.23816445527243293,11,0.16812896002468863,10
Candidate_045,Delivery Driver,0.7962674961119752,79.62674961119752,0.9707125781406836,97.07,0.012004858112784038,0.29636260404574116,29.64,0.39132797718048096,0.0,0.0,557,622,12,0.3705312074675783,37.05,1.0,100.0,0.3397494023492392,0.5138556438427548,51.39,4,0.4623912727497891,11,0.5368206601633077,3,0.3111963247301086,8,0.3667263436411671,4
Candidate_045,Inside Sales Representative,0.7706167706167706,77.06167706167706,0.6045794064046994,60.46,0.009714179521474582,0.18525416664512814,18.53,0.45616114139556885,0.36176659382909443,36.18,1876,2449,13,0.8643994601889338,86.44,0.0,0.0,0.3382211000818278,0.5111009921196146,51.11,5,0.5594182921313043,3,0.43485570010520724,8,0.3210832253538893,6,0.16672874998061532,11
Candidate_046,Software Developer,0.6266066838046273,62.66066838046272,0.9586203053787364,95.86,0.009017399147131249,1.0,100.0,0.5723596215248108,1.0,100.0,323,344,8,0.2290858604605659,22.91,1.0,100.0,0.6855171068825577,0.8313342789746709,83.13,1,0.8292652942436078,1,0.9813791374204314,1,0.8458171720921133,1,1.0,1
Candidate_046,Office Administrator,0.6205143540669857,62.05143540669857,0.8282958131801998,82.83,0.003000443331639942,0.0961298090553772,9.61,0.5041776299476624,0.5704189067595601,57.04,676,1709,13,0.5286438829565303,52.86,1.0,100.0,0.48955015197891594,0.695278928570222,69.53,2,0.66521466456721,2,0.729421623972892,3,0.18263262383560785,14,0.1865168281498395,10
Candidate_046,Office Manager,0.6258992805755395,62.58992805755395,0.943487840364431,94.35,0.003449538905622963,0.16359317668778073,16.36,0.47947952151298523,0.41480830963679327,41.48,676,1709,13,0.5286438829565303,52.86,1.0,100.0,0.4754036525004285,0.6811324290917345,68.11,3,0.6490472365917958,3,0.7112332675005509,4,0.23660331794153067,11,0.24723385901900266,7
Candidate_046,Bookkeeper,0.6285410764872521,62.85410764872521,1.0,100.0,0.004886445026226375,0.3794459516500734,37.94,0.4805609881877899,0.4216220976432645,42.16,396,422,11,0.2992257912289334,29.92,1.0,100.0,0.49756773417514255,0.6574128924209292,65.74,4,0.6284939973030925,4,0.739729943939469,2,0.3634019195658454,4,0.44150135648506605,3
Candidate_046,Secondary School Teacher,0.6131549609810479,61.3154960981048,0.6708668478882523,67.09,0.0046306627571999085,0.3410222079107614,34.1,0.4968123733997345,0.5240140586953158,52.4,681,740,9,0.3635561348837076,36.36,1.0,100.0,0.4182083173042488,0.5909195442809904,59.09,5,0.5506635896101688,6,0.6376964079626056,6,0.34552899330535064,8,0.40691998711968524,4
Candidate_047,Food Service Supervisor,0.9677419354838712,96.77419354838712,0.9265716945519203,92.66,0.013077690540102332,0.4638618606037245,46.39,0.5075808167457581,0.48317567305116393,48.32,1061,2524,12,0.6833380235893983,68.33,1.0,100.0,0.49341157866107943,0.730079183378959,73.01,1,0.7005665517591133,1,0.734386315421388,3,0.5077570932008593,7,0.5174756745433521,7
Candidate_047,Administrative Assistant,0.9663865546218487,96.63865546218489,0.8979819621785708,89.8,0.014210396676579919,0.5829465759478769,58.29,0.5254520177841187,0.6032394873234406,60.32,812,890,11,0.4384514673595585,43.85,1.0,100.0,0.525427507325704,0.7131178007976157,71.31,2,0.6881788732727163,2,0.7755496522759051,1,0.5540475542302132,6,0.6246519183530892,4
Candidate_047,Office Manager,0.9712230215827338,97.12230215827336,1.0,100.0,0.01461159127282865,0.6251253394888456,62.51,0.5014857649803162,0.44222738079172785,44.22,676,1709,13,0.5286438829565303,52.86,1.0,100.0,0.5047795832771047,0.7105083598684108,71.05,3,0.6826197289079973,3,0.7490023213562775,2,0.6058290481823826,5,0.662612805539961,3
Candidate_047,Office Administrator,0.9644138755980862,96.44138755980862,0.8563712482249044,85.64,0.011819546059303042,0.33158944454379385,33.16,0.5187963247299194,0.5585246473416526,55.85,676,1709,13,0.5286438829565303,52.86,0.0,0.0,0.4952135634482949,0.600942340039601,60.09,4,0.671687134817929,4,0.6367031530049507,4,0.37100033222634116,11,0.29843050008941446,11
Candidate_047,Inside Sales Representative,0.9653499653499652,96.53499653499654,0.8761166616607415,87.61,0.0142799899159096,0.5902631171305922,59.03,0.4708830416202545,0.23662957648963037,23.66,1876,2449,13,0.8643994601889338,86.44,0.0,0.0,0.38946118335263014,0.5623410753904169,56.23,5,0.6179783872979355,5,0.5007358071676673,7,0.6450903857422605,3,0.531236805417533,5
Candidate_048,Software Developer,0.6266066838046273,62.66066838046272,0.9586203053787364,95.86,0.009017399147131249,1.0,100.0,0.5723596215248108,1.0,100.0,323,344,8,0.2290858604605659,22.91,1.0,100.0,0.6855171068825577,0.8313342789746709,83.13,1,0.8292652942436078,1,0.9813791374204314,1,0.8458171720921133,1,1.0,1
Candidate_048,Office Administrator,0.6205143540669857,62.05143540669857,0.8282958131801998,82.83,0.003000443331639942,0.0961298090553772,9.61,0.5041776299476624,0.5704189067595601,57.04,676,1709,13,0.5286438829565303,52.86,1.0,100.0,0.48955015197891594,0.695278928570222,69.53,2,0.66521466456721,2,0.729421623972892,3,0.18263262383560785,14,0.1865168281498395,10
Candidate_048,Office Manager,0.6258992805755395,62.58992805755395,0.943487840364431,94.35,0.003449538905622963,0.16359317668778073,16.36,0.47947952151298523,0.41480830963679327,41.48,676,1709,13,0.5286438829565303,52.86,1.0,100.0,0.4754036525004285,0.6811324290917345,68.11,3,0.6490472365917958,3,0.7112332675005509,4,0.23660331794153067,11,0.24723385901900266,7
Candidate_048,Bookkeeper,0.6285410764872521,62.85410764872521,1.0,100.0,0.004886445026226375,0.3794459516500734,37.94,0.4805609881877899,0.4216220976432645,42.16,396,422,11,0.2992257912289334,29.92,1.0,100.0,0.49756773417514255,0.6574128924209292,65.74,4,0.6284939973030925,4,0.739729943939469,2,0.3634019195658454,4,0.44150135648506605,3
Candidate_048,Secondary School Teacher,0.6131549609810479,61.3154960981048,0.6708668478882523,67.09,0.0046306627571999085,0.3410222079107614,34.1,0.4968123733997345,0.5240140586953158,52.4,681,740,9,0.3635561348837076,36.36,1.0,100.0,0.4182083173042488,0.5909195442809904,59.09,5,0.5506635896101688,6,0.6376964079626056,6,0.34552899330535064,8,0.40691998711968524,4
Candidate_049,Software Developer,0.5504498714652957,55.04498714652957,0.5890999082519915,58.91,0.011007492099342289,1.0,100.0,0.522462785243988,1.0,100.0,323,344,8,0.2290858604605659,22.91,1.0,100.0,0.556184967888197,0.7020021399803102,70.2,1,0.6814571353929099,1,0.8150949587133962,1,0.8458171720921133,1,1.0,1
Candidate_049,"Driver, Truck",0.5691089108910891,56.91089108910891,1.0,100.0,0.0040481361467438574,0.10854589972263197,10.85,0.41280898451805115,0.20041694084594702,20.04,1423,3705,12,0.8880268984746598,88.8,1.0,100.0,0.4201459292960814,0.6977513089910133,69.78,2,0.6577721560333107,2,0.6401876233806761,3,0.26444209947303754,12,0.19769130975036878,12
Candidate_049,Administrative Assistant,0.5589915966386555,55.89915966386555,0.7772015343500664,77.72,0.00680687717838506,0.4619250085095212,46.19,0.45249345898628235,0.4897916208493893,48.98,812,890,11,0.4384514673595585,43.85,1.0,100.0,0.44344760431980945,0.6311378977917211,63.11,3,0.5944875555516941,3,0.670146919839755,2,0.45723030027952866,5,0.515732507658569,5
Candidate_049,Office Manager,0.5576978417266187,55.76978417266187,0.7487111067388531,74.87,0.008107306038561227,0.6285025837074427,62.85,0.4379824995994568,0.38397935332227057,38.4,676,1709,13,0.5286438829565303,52.86,1.0,100.0,0.3964416610213932,0.6021704376126993,60.22,4,0.5588049606157556,4,0.6097107070275056,4,0.6085308435572603,3,0.6656523253366985,3
Candidate_049,Information Technology (IT) Analyst,0.5386124228114784,53.86124228114784,0.32842149780862795,32.84,0.010434493160852971,0.9266020797542103,92.66,0.5060588717460632,0.8803845261182386,88.04,347,357,10,0.266375870790639,26.64,0.0,0.0,0.4230821083744033,0.4763572825325311,47.64,5,0.5367975837288744,5,0.5439627107670899,5,0.794556837961496,2,0.8339418717787893,2
Candidate_050,Administrative Assistant,0.8991596638655464,89.91596638655463,1.0,100.0,0.005498845809016778,0.2784438515206583,27.84,0.45282796025276184,0.47704435800673956,47.7,812,890,11,0.4384514673595585,43.85,1.0,100.0,0.5169655253023588,0.7046558187742705,70.47,1,0.6785080366746076,1,0.7646699611030328,1,0.31044537468843836,6,0.3505994663685925,4
Candidate_050,Office Manager,0.8920863309352518,89.20863309352518,0.8802953501891214,88.03,0.004620141909912671,0.1737626388717853,17.38,0.43751898407936096,0.38424444298715554,38.42,676,1709,13,0.5286438829565303,52.86,1.0,100.0,0.4425889276116969,0.6483177042030029,64.83,2,0.6115446938618169,2,0.6690429069293247,2,0.2447388876887343,11,0.2563863749846068,6
Candidate_050,Office Administrator,0.8821770334928231,88.2177033492823,0.7125966158149186,71.26,0.00380776455100394,0.07698299882949246,7.7,0.4424803555011749,0.414319272362414,41.43,676,1709,13,0.5286438829565303,52.86,1.0,100.0,0.3944205608620664,0.6001493374533724,60.01,3,0.5564951318622392,3,0.6071121496797997,3,0.16731517565490003,14,0.16928469894654322,13
Candidate_050,"Driver, Truck",0.8811881188118811,88.11881188118811,0.6958608440448676,69.59,0.003998578523990652,0.09971493173995719,9.97,0.4047526717185974,0.18562168937237158,18.56,1423,3705,12,0.8880268984746598,88.8,1.0,100.0,0.30851888669603367,0.5861242663909656,58.61,4,0.5301983930618276,5,0.4966671400377576,4,0.2573773250868977,10,0.1897434385659615,11
Candidate_050,Food Service Supervisor,0.870967741935484,87.0967741935484,0.5228975964527075,52.29,0.004771302134269015,0.1917705657809876,19.18,0.45096555352211,0.46575482535747686,46.58,1061,2524,12,0.6833380235893983,68.33,0.0,0.0,0.3460283476335645,0.48269595235144414,48.27,5,0.5321285734419534,4,0.444893589814583,7,0.29008405734266973,8,0.17259350920288885,12
Candidate_051,Software Developer,0.4540488431876607,45.40488431876607,0.9987509596933241,99.88,0.014232881552083812,0.8185089463757544,81.85,0.5610419511795044,1.0,100.0,323,344,8,0.2290858604605659,22.91,1.0,100.0,0.6995628358926633,0.8453800079847765,84.54,1,0.8453175559694429,1,0.9994379318619958,1,0.7006243291927168,2,0.836658051738179,2
Candidate_051,Administrative Assistant,0.4541176470588235,45.41176470588235,1.0,100.0,0.00717527461328377,0.268716715842887,26.87,0.4823378920555115,0.5153194846019643,51.53,812,890,11,0.4384514673595585,43.85,1.0,100.0,0.5303618196106875,0.7180521130825992,71.81,2,0.6938180873126975,2,0.781893768070884,2,0.3026636661462213,9,0.3418450442585983,5
Candidate_051,Office Administrator,0.4410885167464116,44.10885167464116,0.7634739347350643,76.35,0.016562657144123635,1.0,100.0,0.4789681136608124,0.4945674935700046,49.46,676,1709,13,0.5286438829565303,52.86,1.0,100.0,0.44031449990677407,0.6460432764980801,64.6,3,0.6089453479133337,4,0.666118642737281,3,0.9057287765913061,1,1.0,1
Candidate_051,"Driver, Truck",0.4455445544554455,44.55445544554455,0.8443672131594828,84.44,0.00471219118625473,0.07684089404130073,7.68,0.416980504989624,0.11283132324477736,11.28,1423,3705,12,0.8880268984746598,88.8,1.0,100.0,0.33501948774149104,0.612624867436423,61.26,4,0.560484794256636,6,0.5307393413819171,6,0.23907809492797255,12,0.16915680463717067,11
Candidate_051,Office Manager,0.4425899280575539,44.25899280575539,0.7907300064185646,79.07,0.005444682868303095,0.13390247868497807,13.39,0.4568690359592438,0.3584754992124701,35.85,676,1709,13,0.5286438829565303,52.86,1.0,100.0,0.4022219269708621,0.6079507035621682,60.8,5,0.5654109788437199,5,0.6171424775339657,5,0.21285075953928853,13,0.22051223081648025,9
Candidate_052,Software Developer,0.7911311053984575,79.11311053984575,1.0,100.0,0.01186259200115495,1.0,100.0,0.5008224844932556,1.0,100.0,323,344,8,0.2290858604605659,22.91,1.0,100.0,0.7,0.8458171720921132,84.58,1,0.8458171720921133,1,1.0,1,0.8458171720921133,1,1.0,1
Candidate_052,Information Technology (IT) Analyst,0.7756629131856156,77.56629131856157,0.7423628368355979,74.24,0.009099868757532697,0.6617452113847568,66.17,0.4826410114765167,0.8738123673886955,87.38,347,357,10,0.266375870790639,26.64,1.0,100.0,0.5656613214785027,0.7189364956366304,71.89,2,0.6997452558478451,2,0.827278841900932,2,0.5826713432659333,2,0.6955706902462812,2
Candidate_052,Secondary School Teacher,0.7770345596432553,77.70345596432553,0.7652088874501872,76.52,0.006436776671195658,0.33568879121803646,33.57,0.42160195112228394,0.450173726238557,45.02,681,740,9,0.3635561348837076,36.36,1.0,100.0,0.42538391479106047,0.598095141767802,59.81,3,0.5588642724522392,3,0.6469221761599349,3,0.3412622599511707,8,0.4021199120962329,5
Candidate_052,Bookkeeper,0.7744334277620397,77.44334277620398,0.721884610788012,72.19,0.007007793428061735,0.40560138663829126,40.56,0.40194711089134216,0.3137602598592071,31.38,396,422,11,0.2992257912289334,29.92,1.0,100.0,0.3624757047265267,0.5223208629723134,52.23,4,0.47410310650467435,6,0.5660401917912486,4,0.3843262675564197,6,0.4650412479744621,3
Candidate_052,Licensed Practical Nurse (L.P.N.),0.7743530095958127,77.43530095958127,0.7205451712511525,72.05,0.005812921476125841,0.25930690692252967,25.93,0.3826178014278412,0.17960612399986928,17.96,437,527,10,0.3039192124973743,30.39,1.0,100.0,0.31505295333785754,0.4758367958373324,47.58,5,0.4208443605998836,9,0.5050680828629598,5,0.26822936803749864,12,0.3333762162302767,6
Candidate_053,Software Developer,0.5424164524421594,54.24164524421594,0.7574749195494261,75.75,0.036178063175722294,0.564180698522462,56.42,0.5437585115432739,1.0,100.0,323,344,8,0.2290858604605659,22.91,1.0,100.0,0.6151162218422991,0.7609333939344123,76.09,1,0.7488071399118837,1,0.8908637137972418,1,0.4971617309100828,3,0.6077626286702158,2
Candidate_053,Bookkeeper,0.5577195467422096,55.77195467422096,1.0,100.0,0.017356232093823108,0.17910130076953582,17.91,0.4322608709335327,0.3831228896686885,38.31,396,422,11,0.2992257912289334,29.92,1.0,100.0,0.4840930113840409,0.6439381696298275,64.39,2,0.6130943141132621,2,0.7224053003509098,2,0.20312619886141534,6,0.26119117069258224,6
Candidate_053,Office Administrator,0.5233253588516747,52.332535885167474,0.45491721990128714,45.49,0.02008642625699022,0.23495885891710694,23.5,0.46053624153137207,0.5395605399414259,53.96,676,1709,13,0.5286438829565303,52.86,1.0,100.0,0.34806721594494955,0.5537959925362557,55.38,3,0.5035198805283914,4,0.5475149919292209,4,0.2936958637249916,5,0.3114629730253963,5
Candidate_053,Office Manager,0.5217266187050359,52.17266187050359,0.4295802145165736,42.96,0.010006160149025053,0.028724790342479063,2.87,0.44060248136520386,0.4292740773571323,42.93,676,1709,13,0.5286438829565303,52.86,1.0,100.0,0.30059900215579705,0.5063277787471031,50.63,4,0.4492704933407885,6,0.48648443134316766,5,0.12870860886528931,12,0.12585231130823116,7
Candidate_053,Information Technology (IT) Analyst,0.5168180167090446,51.68180167090446,0.3517881634035033,35.18,0.05747994876739099,1.0,100.0,0.5230597853660583,0.8854812503483211,88.55,347,357,10,0.266375870790639,26.64,0.0,0.0,0.43304429481313855,0.4863194689712664,48.63,5,0.5481829396588576,3,0.556771236188321,3,0.8532751741581278,1,0.9,1
Candidate_054,Food Service Supervisor,0.9677419354838712,96.77419354838712,0.9265716945519203,92.66,0.0071124718825269955,0.10845927502789392,10.85,0.4666447937488556,0.45602634076130916,45.6,1061,2524,12,0.6833380235893983,68.33,1.0,100.0,0.4839093123596303,0.7205769170775099,72.06,1,0.6897068188431714,1,0.7221691158909532,3,0.2234350247401948,7,0.19761334752510454,5
Candidate_054,Office Manager,0.9712230215827338,97.12230215827336,1.0,100.0,0.009964976374352286,0.24816218549046548,24.82,0.4670652449131012,0.45859345502318644,45.86,676,1709,13,0.5286438829565303,52.86,1.0,100.0,0.5105077092581152,0.7162364858494212,71.62,2,0.6891661586005807,2,0.7563670547604339,2,0.30425852498367845,4,0.3233459669414189,4
Candidate_054,Administrative Assistant,0.9663865546218487,96.63865546218489,0.8979819621785708,89.8,0.01317677528452807,0.4054617294028241,40.55,0.4910096824169159,0.6047890473673341,60.48,812,890,11,0.4384514673595585,43.85,1.0,100.0,0.5259698533410667,0.7136601468129784,71.37,3,0.6887986972902738,3,0.7762469542956573,1,0.412059676994171,3,0.4649155564625417,3
Candidate_054,Office Administrator,0.9644138755980862,96.44138755980862,0.8563712482249044,85.64,0.008979896747644728,0.1999173917371808,19.99,0.479267418384552,0.5330952669058249,53.31,676,1709,13,0.5286438829565303,52.86,0.0,0.0,0.4863132802957552,0.5920420568870612,59.2,4,0.6615153826435979,4,0.6252599318088282,4,0.2656626899810507,5,0.1799256525634627,7
Candidate_054,Retail Sales Associate,0.9653499653499652,96.53499653499654,0.8761166616607415,87.61,0.005750075531419696,0.04173519589016521,4.17,0.4318182170391083,0.24338856171182197,24.34,1876,2449,13,0.8643994601889338,86.44,0.0,0.0,0.3918268281803972,0.5647067202181839,56.47,5,0.6206819813868122,5,0.5037773505176536,7,0.20626804874991891,9,0.03756167630114869,11
Candidate_055,Office Manager,0.6618705035971223,66.18705035971223,1.0,100.0,0.00690857219481961,0.06686054910217647,6.69,0.35603994131088257,0.3395812373103902,33.96,676,1709,13,0.5286438829565303,52.86,1.0,100.0,0.4688534330586365,0.6745822096499425,67.46,1,0.6415612715154622,1,0.7028115567896756,2,0.15921721587304724,11,0.16017449419195884,6
Candidate_055,Software Developer,0.6346401028277635,63.46401028277635,0.4260965827710578,42.61,0.012773807742653052,0.24666158934832771,24.67,0.4709521532058716,1.0,100.0,323,344,8,0.2290858604605659,22.91,1.0,100.0,0.49913380396987017,0.6449509760619834,64.5,2,0.6162558052005364,2,0.741743462246976,1,0.24314644357077536,6,0.321995430413495,2
Candidate_055,"Driver, Truck",0.6483168316831682,64.83168316831683,0.7143450552453494,71.43,0.007842352228038432,0.09548593336246393,9.55,0.3278111219406128,0.17734572157827144,17.73,1423,3705,12,0.8880268984746598,88.8,1.0,100.0,0.3120917718882673,0.5896971515831992,58.97,3,0.5342816904243803,3,0.5012608495706294,5,0.2539941263849031,2,0.18593734002621753,4
Candidate_055,Office Administrator,0.6447368421052633,64.47368421052633,0.6388937877518659,63.89,0.00563162918644497,0.02771537251576972,2.77,0.36760884523391724,0.40606956860721993,40.61,676,1709,13,0.5286438829565303,52.86,1.0,100.0,0.36573717472568,0.5714659513169861,57.15,4,0.5237141191349404,4,0.5702335103615886,4,0.12790107460392186,13,0.12494383526419275,9
Candidate_055,Secondary School Teacher,0.6446488294314381,64.4648829431438,0.6370388472133275,63.7,0.0073692787132205615,0.08098368372841876,8.1,0.3796464204788208,0.4752514285498964,47.53,681,740,9,0.3635561348837076,36.36,1.0,100.0,0.38930159651712837,0.5620128234938699,56.2,5,0.517627337282031,5,0.6005306240934507,3,0.13749817395947653,12,0.17288531535557689,5
Candidate_056,Administrative Assistant,0.8991596638655464,89.91596638655463,1.0,100.0,0.007191245906312854,0.3735419295683931,37.35,0.45794782042503357,0.4171239908329019,41.71,812,890,11,0.4384514673595585,43.85,1.0,100.0,0.49599339679151566,0.6836836902634273,68.37,1,0.6545398898050725,1,0.7377057958748059,1,0.3865238371266262,8,0.43618773661155386,4
Candidate_056,Office Manager,0.8920863309352518,89.20863309352518,0.8802953501891214,88.03,0.007937687952273167,0.4587614307325924,45.88,0.45717114210128784,0.4125190613089443,41.25,676,1709,13,0.5286438829565303,52.86,1.0,100.0,0.452485044024323,0.658213820615629,65.82,2,0.6228545411905324,2,0.6817664851741295,2,0.47273792117738,3,0.5128852876593332,3
Candidate_056,Office Administrator,0.8821770334928231,88.2177033492823,0.7125966158149186,71.26,0.006772431472684769,0.3257268884579547,32.57,0.4584389925003052,0.42003615243392817,42.0,676,1709,13,0.5286438829565303,52.86,1.0,100.0,0.3964214688870964,0.6021502454784025,60.22,3,0.5587818838908448,4,0.6096847457119811,3,0.36631028735766985,9,0.39315419961215925,6
Candidate_056,"Driver, Truck",0.8811881188118811,88.11881188118811,0.6958608440448676,69.59,0.004957017849333523,0.11846546176588116,11.85,0.4227481782436371,0.2084251427279008,20.84,1423,3705,12,0.8880268984746598,88.8,1.0,100.0,0.3165000953704689,0.5941054750654009,59.41,4,0.5393197744040393,7,0.5069286940477458,4,0.2723777491076369,11,0.20661891558929305,13
Candidate_056,Food Service Supervisor,0.870967741935484,87.0967741935484,0.5228975964527075,52.29,0.006806659523720825,0.32963462309174374,32.96,0.4821678102016449,0.5607244269238448,56.07,1061,2524,12,0.6833380235893983,68.33,0.0,0.0,0.37926770818179334,0.515935312899673,51.59,5,0.5701164140685006,3,0.4876299105194486,5,0.4003753031912747,7,0.2966711607825694,7
Candidate_057,Software Developer,0.9035989717223648,90.35989717223649,1.0,100.0,0.034749897026747495,1.0,100.0,0.5650137662887573,1.0,100.0,323,344,8,0.2290858604605659,22.91,1.0,100.0,0.7,0.8458171720921132,84.58,1,0.8458171720921133,1,1.0,1,0.8458171720921133,1,1.0,1
Candidate_057,Information Technology (IT) Analyst,0.898292771521976,89.82927715219759,0.8155023694813165,81.55,0.018828486813543436,0.42870963574855586,42.87,0.5494588017463684,0.916792449340988,91.68,347,357,10,0.266375870790639,26.64,1.0,100.0,0.6063031865878066,0.7595783607459343,75.96,2,0.7461931016870497,2,0.879532668470037,2,0.39624288275697256,3,0.48583867217370025,2
Candidate_057,Administrative Assistant,0.895126050420168,89.5126050420168,0.7053948504031139,70.54,0.013419038636801835,0.23460838605353232,23.46,0.48791372776031494,0.5875718427911064,58.76,812,890,11,0.4384514673595585,43.85,1.0,100.0,0.4525383426179771,0.6402286360898888,64.02,3,0.6048769707495998,3,0.6818350119373991,3,0.2753770023147376,8,0.3111475474481791,4
Candidate_057,Office Administrator,0.8935406698564594,89.35406698564594,0.6502708546192426,65.03,0.01510684919813996,0.29517022683662014,29.52,0.48615214228630066,0.5781486639616218,57.81,676,1709,13,0.5286438829565303,52.86,0.0,0.0,0.4299468315033025,0.5356756080946086,53.57,4,0.5970965840236518,4,0.5527887833613889,4,0.3418649580606022,4,0.2656532041529581,5
Candidate_057,Inside Sales Representative,0.896049896049896,89.6049896049896,0.7375171456827702,73.75,0.011338718104226406,0.1599625438259923,16.0,0.4309115409851074,0.28265232138381985,28.27,1876,2449,13,0.8643994601889338,86.44,0.0,0.0,0.35705931347330644,0.5299392055110932,52.99,5,0.5809476788644228,5,0.4590762601799655,6,0.3008499270985806,5,0.14396628944339307,9
Candidate_058,Administrative Assistant,0.7942857142857143,79.42857142857143,1.0,100.0,0.005992800932418534,0.30341778386373025,30.34,0.3887931704521179,0.42190882797383983,42.19,812,890,11,0.4384514673595585,43.85,1.0,100.0,0.49766808979084387,0.6853583832627556,68.54,1,0.6564538246614476,1,0.739858972588228,1,0.33042452056289595,7,0.3730760054773572,4
Candidate_058,Office Administrator,0.7757177033492824,77.57177033492823,0.7230284741531223,72.3,0.004077746425145405,0.08586918788546333,8.59,0.37296009063720703,0.3312066427864984,33.12,676,1709,13,0.5286438829565303,52.86,1.0,100.0,0.36898229092886725,0.5747110675201733,57.47,2,0.5274228233671544,5,0.5744058026228294,3,0.17442412689967673,14,0.17728226909691702,11
Candidate_058,Office Manager,0.776978417266187,77.6978417266187,0.7418340348788728,74.18,0.004854378564800937,0.1740939516882628,17.41,0.36320868134498596,0.2753442242425308,27.53,676,1709,13,0.5286438829565303,52.86,1.0,100.0,0.35601239069249124,0.5617411672837973,56.17,3,0.5126000802398675,6,0.5577302166046316,4,0.24500393794191633,11,0.25668455651943656,6
Candidate_058,Inside Sales Representative,0.7706167706167706,77.06167706167706,0.6469399191106423,64.69,0.005474091959337112,0.24449287682498874,24.45,0.3793342709541321,0.3677220958936548,36.77,1876,2449,13,0.8643994601889338,86.44,0.0,0.0,0.35513170525150395,0.5280115972892907,52.8,4,0.5787446980395056,2,0.45659790675193374,6,0.36847419349777777,4,0.22004358914248986,8
Candidate_058,Retail Sales Associate,0.7706167706167706,77.06167706167706,0.6469399191106423,64.69,0.005467853193774783,0.24378415825663066,24.38,0.37779897451400757,0.3589269187292919,35.89,1876,2449,13,0.8643994601889338,86.44,0.0,0.0,0.35205339324397694,0.5249332852817636,52.49,5,0.5752266271737605,3,0.4526400770279704,7,0.3679072186430913,5,0.2194057424309676,9
Candidate_059,Software Developer,0.6947300771208227,69.47300771208226,1.0,100.0,0.028544201682979064,0.551299470898522,55.13,0.5183214545249939,1.0,100.0,323,344,8,0.2290858604605659,22.91,1.0,100.0,0.7,0.8458171720921132,84.58,1,0.8458171720921133,1,1.0,1,0.48685674881093083,3,0.5961695238086698,2
Candidate_059,Information Technology (IT) Analyst,0.6739556847075916,67.39556847075916,0.6967755018332572,69.68,0.04688246969211269,1.0,100.0,0.4966408908367157,0.8665886776273115,86.66,347,357,10,0.266375870790639,26.64,1.0,100.0,0.547177462811199,0.7004526369693267,70.05,2,0.6786208459423553,2,0.8035138807572559,2,0.8532751741581278,1,1.0,1
Candidate_059,Secondary School Teacher,0.6688963210702341,66.88963210702342,0.622928673032444,62.29,0.0066885552108080885,0.01653576633091314,1.65,0.44191545248031616,0.5298357590443109,52.98,681,740,9,0.3635561348837076,36.36,1.0,100.0,0.40346755122686423,0.5761787782036057,57.62,3,0.5338169998074435,3,0.6187439944345398,3,0.08593984004147204,14,0.11488218969782184,8
Candidate_059,Bookkeeper,0.6682011331444759,66.8201133144476,0.6127816609934615,61.28,0.013614637962884668,0.1860030788333551,18.6,0.43077486753463745,0.4612821830866971,46.13,396,422,11,0.2992257912289334,29.92,1.0,100.0,0.37592234542805547,0.5357675036738422,53.58,4,0.48947069587785014,4,0.5833287298360714,4,0.20864762131247075,6,0.26740277095001963,5
Candidate_059,Office Administrator,0.6561004784688996,65.61004784688997,0.4361596511409003,43.62,0.012025806121332198,0.14712755974928485,14.71,0.4344964027404785,0.48418264546426004,48.42,676,1709,13,0.5286438829565303,52.86,0.0,0.0,0.3221198038118061,0.4278485804031122,42.78,5,0.4738656952333702,5,0.41415403347232216,6,0.22343082439073397,5,0.13241480377435635,6
Candidate_060,Software Developer,0.5902956298200515,59.029562982005146,1.0,100.0,0.01327897515727883,0.9868199330889985,98.68,0.5789132118225098,1.0,100.0,323,344,8,0.2290858604605659,22.91,1.0,100.0,0.7,0.8458171720921132,84.58,1,0.8458171720921133,1,1.0,1,0.8352731185633121,2,0.9881379397800987,1
Candidate_060,Information Technology (IT) Analyst,0.5676716309480566,56.76716309480566,0.748978023802547,74.9,0.012587733355724287,0.9143894023431769,91.44,0.5548816323280334,0.8324442641740591,83.24,347,357,10,0.266375870790639,26.64,1.0,100.0,0.5534978007918121,0.7067729749499398,70.68,2,0.6858440893487703,2,0.8116400295894727,2,0.7847866960326694,3,0.9229504621088592,2
Candidate_060,Secondary School Teacher,0.568004459308807,56.80044593088071,0.7526708825815293,75.27,0.007044448412350482,0.3335462449690993,33.35,0.48452624678611755,0.34190437284053027,34.19,681,740,9,0.3635561348837076,36.36,1.0,100.0,0.3831013393977208,0.5558125663744623,55.58,3,0.5105413291455653,3,0.5925588649399268,3,0.339548222952021,11,0.40019162047218937,9
Candidate_060,Bookkeeper,0.5577195467422096,55.77195467422096,0.6385558186579218,63.86,0.007574294016518436,0.3890651650299504,38.91,0.4762769639492035,0.28438777655965974,28.44,396,422,11,0.2992257912289334,29.92,1.0,100.0,0.3230302583261535,0.4828754165719402,48.29,4,0.4290225963328193,6,0.5153246178479116,4,0.371097290269747,10,0.4501586485269554,6
Candidate_060,Licensed Practical Nurse (L.P.N.),0.5670252980517592,56.70252980517592,0.7418067115235827,74.18,0.006074437092372102,0.2319053508890771,23.19,0.4445728063583374,0.06333641141322101,6.33,437,527,10,0.3039192124973743,30.39,1.0,100.0,0.2818000930278813,0.4425839355273562,44.26,5,0.38284109167419633,10,0.46231440532156165,5,0.24630812321073656,14,0.3087148158001694,10
Candidate_061,Food Service Supervisor,1.0000000000000002,100.00000000000004,1.0,100.0,0.008126269292209675,0.29537567545472676,29.54,0.49087390303611755,0.3740677812381473,37.41,1061,2524,12,0.6833380235893983,68.33,1.0,100.0,0.48092372343335155,0.7175913281512312,71.76,1,0.6862947172131386,1,0.7183305015571663,2,0.3729681450816611,8,0.3658381079092541,7
Candidate_061,Administrative Assistant,1.0000000000000002,100.00000000000004,1.0,100.0,0.009282346151968867,0.41992787066077114,41.99,0.5088010430335999,0.48083133351898283,48.08,812,890,11,0.4384514673595585,43.85,1.0,100.0,0.518290966731644,0.7059812602035557,70.6,2,0.6800228268795049,2,0.7663741000835422,1,0.42363259000052866,7,0.47793508359469405,4
Candidate_061,Software Developer,1.0,100.0,0.0,0.0,0.014666498270772948,1.0,100.0,0.5959769487380981,1.0,100.0,323,344,8,0.2290858604605659,22.91,0.0,0.0,0.35,0.39581717209211315,39.58,3,0.4458171720921132,3,0.45,3,0.8458171720921133,1,0.9,1
Candidate_061,Information Technology (IT) Analyst,1.0,100.0,0.0,0.0,0.011593913241695043,0.6689690593680807,66.9,0.5628004670143127,0.8024202945082711,80.24,347,357,10,0.266375870790639,26.64,0.0,0.0,0.2808471030778949,0.3341222772360227,33.41,4,0.3742432919614363,4,0.361089132528722,4,0.5884504216525923,2,0.6020721534312726,3
Candidate_061,Continuing Care Assistant,1.0,100.0,0.0,0.0,0.005384631677842047,0.0,0.0,0.4824683666229248,0.32400932649163433,32.4,819,1172,9,0.4396201180333152,43.96,1.0,100.0,0.11340326427207201,0.3013272878787351,30.13,5,0.21752775420331677,11,0.24580419692123545,6,0.08792402360666304,15,0.1,15
Candidate_062,Administrative Assistant,0.8991596638655464,89.91596638655463,1.0,100.0,0.00806531417550917,0.1888387979086318,18.88,0.4910988211631775,0.5005136650935003,50.05,812,890,11,0.4384514673595585,43.85,1.0,100.0,0.525179782782725,0.7128700762546367,71.29,1,0.6878957595093118,1,0.7752311492920752,1,0.23876133179881717,7,0.2699549181177686,3
Candidate_062,Office Manager,0.8920863309352518,89.20863309352518,0.8802953501891214,88.03,0.005375312252095053,0.07304714609511342,7.3,0.468517005443573,0.38150607767659095,38.15,676,1709,13,0.5286438829565303,52.86,1.0,100.0,0.4416304997529993,0.6473592763443053,64.74,2,0.6104493477375911,2,0.6678106425395706,2,0.1641664934673968,11,0.16574243148560208,6
Candidate_062,Office Administrator,0.8821770334928231,88.2177033492823,0.7125966158149186,71.26,0.004389165942604986,0.03059828793194353,3.06,0.47947120666503906,0.4392354062493276,43.92,676,1709,13,0.5286438829565303,52.86,1.0,100.0,0.4031412077224862,0.6088699843137922,60.89,3,0.5664615854170046,3,0.6183244099289108,3,0.1302074069368609,14,0.12753845913874917,8
Candidate_062,"Driver, Truck",0.8811881188118811,88.11881188118811,0.6958608440448676,69.59,0.006144352082766812,0.10615061398812234,10.62,0.4099430739879608,0.07281777933022972,7.28,1423,3705,12,0.8880268984746598,88.8,1.0,100.0,0.269037518181284,0.546642897876216,54.66,4,0.48507682904497085,6,0.4459053805187938,6,0.26252587088542984,4,0.1955355525893101,5
Candidate_062,Inside Sales Representative,0.8745668745668745,87.45668745668745,0.5838070595741572,58.38,0.006061528408904882,0.1025854529663915,10.26,0.44876420497894287,0.27740757837024693,27.74,1876,2449,13,0.8643994601889338,86.44,0.0,0.0,0.30142512328054144,0.4743050153183282,47.43,5,0.5173657472155484,4,0.3875465870749819,8,0.25494825441089997,5,0.09232690766975235,10
Candidate_063,Administrative Assistant,0.7942857142857143,79.42857142857143,1.0,100.0,0.008411841846757436,0.5349100942695931,53.49,0.48650887608528137,0.47986316918591654,47.99,812,890,11,0.4384514673595585,43.85,1.0,100.0,0.5179521092150707,0.7056424026869824,70.56,1,0.6796355611462783,1,0.7659384261336625,1,0.5156183688875862,8,0.5814190848426338,6
Candidate_063,Office Administrator,0.7757177033492824,77.57177033492823,0.7230284741531223,72.3,0.009280013084527325,0.6636179927870539,66.36,0.4917374551296234,0.5045179548284618,50.45,676,1709,13,0.5286438829565303,52.86,1.0,100.0,0.4296412501435545,0.6353700267348605,63.54,2,0.5967473481839397,2,0.6523958930417129,2,0.6366231708209492,5,0.6972561935083486,4
Candidate_063,Office Manager,0.776978417266187,77.6978417266187,0.7418340348788728,74.18,0.011281520391621535,0.9603449380670798,96.03,0.4738853871822357,0.4203385047739997,42.03,676,1709,13,0.5286438829565303,52.86,1.0,100.0,0.40676038887850535,0.6124891654698114,61.25,3,0.5705977924524551,3,0.6229776428437926,3,0.8740047270449699,1,0.9643104442603718,1
Candidate_063,Software Developer,0.7471079691516709,74.7107969151671,0.2962686148491634,29.63,0.011549005018429225,1.0,100.0,0.5968151092529297,1.0,100.0,323,344,8,0.2290858604605659,22.91,0.0,0.0,0.45369401519720715,0.4995111872893203,49.95,4,0.5643246180317786,4,0.5833208766821235,4,0.8458171720921133,2,0.9,2
Candidate_063,Inside Sales Representative,0.7706167706167706,77.06167706167706,0.6469399191106423,64.69,0.007916074881618622,0.4614117779681852,46.14,0.43890711665153503,0.2554023424308886,25.54,1876,2449,13,0.8643994601889338,86.44,0.0,0.0,0.31581979153953577,0.4886996835773225,48.87,5,0.5338167966543992,6,0.40605401769368893,7,0.542009314412335,6,0.4152706001713667,8
