candidate_id,selected_occupation,skill,importance,level,candidate_evidence,skill_gap_priority,demand_percentage,prescriptive_priority_score,prescriptive_priority_percentage,skill_priority_rank,cip_program_count,cip_pathway_available,cip_status,education_action,priority_level,demand_level,prescriptive_action
Candidate_001,Administrative Assistant,Active Listening,4.0,3.75,0.0,0.775,43.85,0.64,64.04,1,0,False,No mapped CIP pathway available,Investigate education/training pathways separately,Medium,Moderate,Consider developing Active Listening as a medium-priority skill gap (64.04%). Investigate relevant education or training pathways separately because no mapped CIP pathway is available.
Candidate_001,Administrative Assistant,Speaking,4.0,3.62,0.0,0.762,43.85,0.633,63.26,2,0,False,No mapped CIP pathway available,Investigate education/training pathways separately,Medium,Moderate,Consider developing Speaking as a medium-priority skill gap (63.26%). Investigate relevant education or training pathways separately because no mapped CIP pathway is available.
Candidate_001,Administrative Assistant,Monitoring,3.12,3.25,0.0,0.637,43.85,0.558,55.76,3,0,False,No mapped CIP pathway available,Investigate education/training pathways separately,Medium,Moderate,Consider developing Monitoring as a medium-priority skill gap (55.76%). Investigate relevant education or training pathways separately because no mapped CIP pathway is available.
Candidate_001,Bookkeeper,Active Listening,3.25,3.75,0.0,0.7,29.92,0.54,53.97,1,1,True,CIP pathway available,Review mapped CIP education pathways,Medium,Lower,Consider developing Active Listening as a medium-priority skill gap (53.97%). Review mapped CIP education pathways for this occupation.
Candidate_001,Bookkeeper,Speaking,3.12,3.12,0.0,0.624,29.92,0.494,49.41,2,1,True,CIP pathway available,Review mapped CIP education pathways,Lower,Lower,Consider developing Speaking as an additional skill for the target occupation. Review mapped CIP education pathways for this occupation.
Candidate_001,Bookkeeper,Monitoring,3.0,2.88,0.0,0.588,29.92,0.472,47.25,3,1,True,CIP pathway available,Review mapped CIP education pathways,Lower,Lower,Consider developing Monitoring as an additional skill for the target occupation. Review mapped CIP education pathways for this occupation.
Candidate_001,Continuing Care Assistant,Active Listening,3.62,3.0,0.0,0.6619999999999999,43.96,0.573,57.3,1,0,False,No mapped CIP pathway available,Investigate education/training pathways separately,Medium,Moderate,Consider developing Active Listening as a medium-priority skill gap (57.30%). Investigate relevant education or training pathways separately because no mapped CIP pathway is available.
Candidate_001,Continuing Care Assistant,Monitoring,3.25,3.0,0.0,0.625,43.96,0.551,55.08,2,0,False,No mapped CIP pathway available,Investigate education/training pathways separately,Medium,Moderate,Consider developing Monitoring as a medium-priority skill gap (55.08%). Investigate relevant education or training pathways separately because no mapped CIP pathway is available.
Candidate_001,Continuing Care Assistant,Speaking,3.12,3.0,0.0,0.612,43.96,0.543,54.3,3,0,False,No mapped CIP pathway available,Investigate education/training pathways separately,Medium,Moderate,Consider developing Speaking as a medium-priority skill gap (54.30%). Investigate relevant education or training pathways separately because no mapped CIP pathway is available.
Candidate_001,Delivery Driver,Active Listening,3.12,2.88,0.0,0.6,37.05,0.508,50.82,1,0,False,No mapped CIP pathway available,Investigate education/training pathways separately,Medium,Lower,Consider developing Active Listening as a medium-priority skill gap (50.82%). Investigate relevant education or training pathways separately because no mapped CIP pathway is available.
Candidate_001,Delivery Driver,Speaking,3.12,2.88,0.0,0.6,37.05,0.508,50.82,1,0,False,No mapped CIP pathway available,Investigate education/training pathways separately,Medium,Lower,Consider developing Speaking as a medium-priority skill gap (50.82%). Investigate relevant education or training pathways separately because no mapped CIP pathway is available.
Candidate_001,Delivery Driver,Monitoring,3.12,2.75,0.0,0.587,37.05,0.5,50.04,2,0,False,No mapped CIP pathway available,Investigate education/training pathways separately,Medium,Lower,Consider developing Monitoring as a medium-priority skill gap (50.04%). Investigate relevant education or training pathways separately because no mapped CIP pathway is available.
Candidate_001,"Driver, Truck",Monitoring,3.12,3.0,0.0,0.612,88.8,0.722,72.24,1,0,False,No mapped CIP pathway available,Investigate education/training pathways separately,High,High,Prioritize developing Monitoring. The skill gap has high prescriptive priority (72.24%) and the occupation has high Canadian labour demand (88.80%). Investigate relevant education or training pathways separately because no mapped CIP pathway is available.
Candidate_001,"Driver, Truck",Active Listening,2.88,3.0,0.0,0.588,88.8,0.708,70.8,2,0,False,No mapped CIP pathway available,Investigate education/training pathways separately,High,High,Prioritize developing Active Listening. The skill gap has high prescriptive priority (70.80%) and the occupation has high Canadian labour demand (88.80%). Investigate relevant education or training pathways separately because no mapped CIP pathway is available.
Candidate_001,"Driver, Truck",Speaking,3.0,2.88,0.0,0.588,88.8,0.708,70.8,2,0,False,No mapped CIP pathway available,Investigate education/training pathways separately,High,High,Prioritize developing Speaking. The skill gap has high prescriptive priority (70.80%) and the occupation has high Canadian labour demand (88.80%). Investigate relevant education or training pathways separately because no mapped CIP pathway is available.
Candidate_001,Food Service Supervisor,Monitoring,3.88,4.0,0.0,0.788,68.33,0.746,74.61,1,0,False,No mapped CIP pathway available,Investigate education/training pathways separately,High,Moderate,Prioritize developing Monitoring. The skill gap has high prescriptive priority (74.61%). Investigate relevant education or training pathways separately because no mapped CIP pathway is available.
Candidate_001,Food Service Supervisor,Speaking,3.88,4.0,0.0,0.788,68.33,0.746,74.61,1,0,False,No mapped CIP pathway available,Investigate education/training pathways separately,High,Moderate,Prioritize developing Speaking. The skill gap has high prescriptive priority (74.61%). Investigate relevant education or training pathways separately because no mapped CIP pathway is available.
Candidate_001,Food Service Supervisor,Active Listening,3.75,3.0,0.0,0.675,68.33,0.678,67.83,2,0,False,No mapped CIP pathway available,Investigate education/training pathways separately,Medium,Moderate,Consider developing Active Listening as a medium-priority skill gap (67.83%). Investigate relevant education or training pathways separately because no mapped CIP pathway is available.
Candidate_001,Information Technology (IT) Analyst,Active Listening,4.0,4.12,0.0,0.812,26.64,0.594,59.38,1,22,True,CIP pathway available,Review mapped CIP education pathways,Medium,Lower,Consider developing Active Listening as a medium-priority skill gap (59.38%). Review mapped CIP education pathways for this occupation.
Candidate_001,Information Technology (IT) Analyst,Speaking,4.0,4.0,0.0,0.8,26.64,0.587,58.66,2,22,True,CIP pathway available,Review mapped CIP education pathways,Medium,Lower,Consider developing Speaking as a medium-priority skill gap (58.66%). Review mapped CIP education pathways for this occupation.
Candidate_001,Information Technology (IT) Analyst,Monitoring,3.62,4.0,0.0,0.762,26.64,0.564,56.38,3,22,True,CIP pathway available,Review mapped CIP education pathways,Medium,Lower,Consider developing Monitoring as a medium-priority skill gap (56.38%). Review mapped CIP education pathways for this occupation.
Candidate_001,Inside Sales Representative,Active Listening,3.75,3.75,0.0,0.75,86.44,0.796,79.58,1,0,False,No mapped CIP pathway available,Investigate education/training pathways separately,High,High,Prioritize developing Active Listening. The skill gap has high prescriptive priority (79.58%) and the occupation has high Canadian labour demand (86.44%). Investigate relevant education or training pathways separately because no mapped CIP pathway is available.
Candidate_001,Inside Sales Representative,Speaking,3.75,3.12,0.0,0.687,86.44,0.758,75.8,2,0,False,No mapped CIP pathway available,Investigate education/training pathways separately,High,High,Prioritize developing Speaking. The skill gap has high prescriptive priority (75.80%) and the occupation has high Canadian labour demand (86.44%). Investigate relevant education or training pathways separately because no mapped CIP pathway is available.
Candidate_001,Inside Sales Representative,Monitoring,3.0,3.12,0.0,0.612,86.44,0.713,71.3,3,0,False,No mapped CIP pathway available,Investigate education/training pathways separately,High,High,Prioritize developing Monitoring. The skill gap has high prescriptive priority (71.30%) and the occupation has high Canadian labour demand (86.44%). Investigate relevant education or training pathways separately because no mapped CIP pathway is available.
Candidate_001,Licensed Practical Nurse (L.P.N.),Active Listening,3.88,4.0,0.0,0.788,30.39,0.594,59.44,1,2,True,CIP pathway available,Review mapped CIP education pathways,Medium,Lower,Consider developing Active Listening as a medium-priority skill gap (59.44%). Review mapped CIP education pathways for this occupation.
Candidate_001,Licensed Practical Nurse (L.P.N.),Monitoring,3.88,4.0,0.0,0.788,30.39,0.594,59.44,1,2,True,CIP pathway available,Review mapped CIP education pathways,Medium,Lower,Consider developing Monitoring as a medium-priority skill gap (59.44%). Review mapped CIP education pathways for this occupation.
Candidate_001,Licensed Practical Nurse (L.P.N.),Speaking,3.88,4.0,0.0,0.788,30.39,0.594,59.44,1,2,True,CIP pathway available,Review mapped CIP education pathways,Medium,Lower,Consider developing Speaking as a medium-priority skill gap (59.44%). Review mapped CIP education pathways for this occupation.
Candidate_001,Office Administrator,Active Listening,4.0,4.0,0.0,0.8,52.86,0.691,69.14,1,0,False,No mapped CIP pathway available,Investigate education/training pathways separately,Medium,Moderate,Consider developing Active Listening as a medium-priority skill gap (69.14%). Investigate relevant education or training pathways separately because no mapped CIP pathway is available.
Candidate_001,Office Administrator,Monitoring,4.0,4.0,0.0,0.8,52.86,0.691,69.14,1,0,False,No mapped CIP pathway available,Investigate education/training pathways separately,Medium,Moderate,Consider developing Monitoring as a medium-priority skill gap (69.14%). Investigate relevant education or training pathways separately because no mapped CIP pathway is available.
Candidate_001,Office Administrator,Speaking,4.0,4.0,0.0,0.8,52.86,0.691,69.14,1,0,False,No mapped CIP pathway available,Investigate education/training pathways separately,Medium,Moderate,Consider developing Speaking as a medium-priority skill gap (69.14%). Investigate relevant education or training pathways separately because no mapped CIP pathway is available.
Candidate_001,Office Manager,Monitoring,4.0,4.0,0.0,0.8,52.86,0.691,69.14,1,0,False,No mapped CIP pathway available,Investigate education/training pathways separately,Medium,Moderate,Consider developing Monitoring as a medium-priority skill gap (69.14%). Investigate relevant education or training pathways separately because no mapped CIP pathway is available.
Candidate_001,Office Manager,Speaking,4.0,4.0,0.0,0.8,52.86,0.691,69.14,1,0,False,No mapped CIP pathway available,Investigate education/training pathways separately,Medium,Moderate,Consider developing Speaking as a medium-priority skill gap (69.14%). Investigate relevant education or training pathways separately because no mapped CIP pathway is available.
Candidate_001,Office Manager,Active Listening,4.0,3.88,0.0,0.788,52.86,0.684,68.42,2,0,False,No mapped CIP pathway available,Investigate education/training pathways separately,Medium,Moderate,Consider developing Active Listening as a medium-priority skill gap (68.42%). Investigate relevant education or training pathways separately because no mapped CIP pathway is available.
Candidate_001,Restaurant Manager,Speaking,3.88,4.0,0.0,0.788,58.65,0.707,70.74,1,0,False,No mapped CIP pathway available,Investigate education/training pathways separately,High,Moderate,Prioritize developing Speaking. The skill gap has high prescriptive priority (70.74%). Investigate relevant education or training pathways separately because no mapped CIP pathway is available.
Candidate_001,Restaurant Manager,Monitoring,3.88,3.88,0.0,0.776,58.65,0.7,70.02,2,0,False,No mapped CIP pathway available,Investigate education/training pathways separately,High,Moderate,Prioritize developing Monitoring. The skill gap has high prescriptive priority (70.02%). Investigate relevant education or training pathways separately because no mapped CIP pathway is available.
Candidate_001,Restaurant Manager,Active Listening,3.88,3.5,0.0,0.738,58.65,0.677,67.74,3,0,False,No mapped CIP pathway available,Investigate education/training pathways separately,Medium,Moderate,Consider developing Active Listening as a medium-priority skill gap (67.74%). Investigate relevant education or training pathways separately because no mapped CIP pathway is available.
Candidate_001,Retail Sales Associate,Active Listening,3.75,3.75,0.0,0.75,86.44,0.796,79.58,1,0,False,No mapped CIP pathway available,Investigate education/training pathways separately,High,High,Prioritize developing Active Listening. The skill gap has high prescriptive priority (79.58%) and the occupation has high Canadian labour demand (86.44%). Investigate relevant education or training pathways separately because no mapped CIP pathway is available.
Candidate_001,Retail Sales Associate,Speaking,3.75,3.12,0.0,0.687,86.44,0.758,75.8,2,0,False,No mapped CIP pathway available,Investigate education/training pathways separately,High,High,Prioritize developing Speaking. The skill gap has high prescriptive priority (75.80%) and the occupation has high Canadian labour demand (86.44%). Investigate relevant education or training pathways separately because no mapped CIP pathway is available.
Candidate_001,Retail Sales Associate,Monitoring,3.0,3.12,0.0,0.612,86.44,0.713,71.3,3,0,False,No mapped CIP pathway available,Investigate education/training pathways separately,High,High,Prioritize developing Monitoring. The skill gap has high prescriptive priority (71.30%) and the occupation has high Canadian labour demand (86.44%). Investigate relevant education or training pathways separately because no mapped CIP pathway is available.
Candidate_001,Secondary School Teacher,Speaking,4.0,4.12,0.0,0.812,36.36,0.633,63.26,1,92,True,CIP pathway available,Review mapped CIP education pathways,Medium,Lower,Consider developing Speaking as a medium-priority skill gap (63.26%). Review mapped CIP education pathways for this occupation.
Candidate_001,Secondary School Teacher,Active Listening,4.0,4.0,0.0,0.8,36.36,0.625,62.54,2,92,True,CIP pathway available,Review mapped CIP education pathways,Medium,Lower,Consider developing Active Listening as a medium-priority skill gap (62.54%). Review mapped CIP education pathways for this occupation.
Candidate_001,Secondary School Teacher,Monitoring,3.88,4.0,0.0,0.788,36.36,0.618,61.82,3,92,True,CIP pathway available,Review mapped CIP education pathways,Medium,Lower,Consider developing Monitoring as a medium-priority skill gap (61.82%). Review mapped CIP education pathways for this occupation.
Candidate_001,Software Developer,Active Listening,3.38,3.88,0.0,0.726,22.91,0.527,52.72,1,20,True,CIP pathway available,Review mapped CIP education pathways,Medium,Lower,Consider developing Active Listening as a medium-priority skill gap (52.72%). Review mapped CIP education pathways for this occupation.
Candidate_001,Software Developer,Speaking,3.12,3.62,0.0,0.6739999999999999,22.91,0.496,49.6,2,20,True,CIP pathway available,Review mapped CIP education pathways,Lower,Lower,Consider developing Speaking as an additional skill for the target occupation. Review mapped CIP education pathways for this occupation.
Candidate_001,Software Developer,Monitoring,3.0,3.5,0.0,0.6499999999999999,22.91,0.482,48.16,3,20,True,CIP pathway available,Review mapped CIP education pathways,Lower,Lower,Consider developing Monitoring as an additional skill for the target occupation. Review mapped CIP education pathways for this occupation.
Candidate_002,Administrative Assistant,Active Listening,4.0,3.75,0.0,0.775,43.85,0.64,64.04,1,0,False,No mapped CIP pathway available,Investigate education/training pathways separately,Medium,Moderate,Consider developing Active Listening as a medium-priority skill gap (64.04%). Investigate relevant education or training pathways separately because no mapped CIP pathway is available.
Candidate_002,Administrative Assistant,Speaking,4.0,3.62,0.0,0.762,43.85,0.633,63.26,2,0,False,No mapped CIP pathway available,Investigate education/training pathways separately,Medium,Moderate,Consider developing Speaking as a medium-priority skill gap (63.26%). Investigate relevant education or training pathways separately because no mapped CIP pathway is available.
Candidate_002,Administrative Assistant,Monitoring,3.12,3.25,0.0,0.637,43.85,0.558,55.76,3,0,False,No mapped CIP pathway available,Investigate education/training pathways separately,Medium,Moderate,Consider developing Monitoring as a medium-priority skill gap (55.76%). Investigate relevant education or training pathways separately because no mapped CIP pathway is available.
Candidate_002,Bookkeeper,Active Listening,3.25,3.75,0.0,0.7,29.92,0.54,53.97,1,0,False,No mapped CIP pathway available,Investigate education/training pathways separately,Medium,Lower,Consider developing Active Listening as a medium-priority skill gap (53.97%). Investigate relevant education or training pathways separately because no mapped CIP pathway is available.
Candidate_002,Bookkeeper,Mathematics,3.38,3.38,0.0,0.6759999999999999,29.92,0.525,52.53,2,0,False,No mapped CIP pathway available,Investigate education/training pathways separately,Medium,Lower,Consider developing Mathematics as a medium-priority skill gap (52.53%). Investigate relevant education or training pathways separately because no mapped CIP pathway is available.
Candidate_002,Bookkeeper,Speaking,3.12,3.12,0.0,0.624,29.92,0.494,49.41,3,0,False,No mapped CIP pathway available,Investigate education/training pathways separately,Lower,Lower,Consider developing Speaking as an additional skill for the target occupation. Investigate relevant education or training pathways separately because no mapped CIP pathway is available.
Candidate_002,Continuing Care Assistant,Active Listening,3.62,3.0,0.0,0.6619999999999999,43.96,0.573,57.3,1,0,False,No mapped CIP pathway available,Investigate education/training pathways separately,Medium,Moderate,Consider developing Active Listening as a medium-priority skill gap (57.30%). Investigate relevant education or training pathways separately because no mapped CIP pathway is available.
Candidate_002,Continuing Care Assistant,Monitoring,3.25,3.0,0.0,0.625,43.96,0.551,55.08,2,0,False,No mapped CIP pathway available,Investigate education/training pathways separately,Medium,Moderate,Consider developing Monitoring as a medium-priority skill gap (55.08%). Investigate relevant education or training pathways separately because no mapped CIP pathway is available.
Candidate_002,Continuing Care Assistant,Speaking,3.12,3.0,0.0,0.612,43.96,0.543,54.3,3,0,False,No mapped CIP pathway available,Investigate education/training pathways separately,Medium,Moderate,Consider developing Speaking as a medium-priority skill gap (54.30%). Investigate relevant education or training pathways separately because no mapped CIP pathway is available.
Candidate_002,Delivery Driver,Active Listening,3.12,2.88,0.0,0.6,37.05,0.508,50.82,1,0,False,No mapped CIP pathway available,Investigate education/training pathways separately,Medium,Lower,Consider developing Active Listening as a medium-priority skill gap (50.82%). Investigate relevant education or training pathways separately because no mapped CIP pathway is available.
Candidate_002,Delivery Driver,Speaking,3.12,2.88,0.0,0.6,37.05,0.508,50.82,1,0,False,No mapped CIP pathway available,Investigate education/training pathways separately,Medium,Lower,Consider developing Speaking as a medium-priority skill gap (50.82%). Investigate relevant education or training pathways separately because no mapped CIP pathway is available.
Candidate_002,Delivery Driver,Monitoring,3.12,2.75,0.0,0.587,37.05,0.5,50.04,2,0,False,No mapped CIP pathway available,Investigate education/training pathways separately,Medium,Lower,Consider developing Monitoring as a medium-priority skill gap (50.04%). Investigate relevant education or training pathways separately because no mapped CIP pathway is available.
Candidate_002,"Driver, Truck",Monitoring,3.12,3.0,0.0,0.612,88.8,0.722,72.24,1,0,False,No mapped CIP pathway available,Investigate education/training pathways separately,High,High,Prioritize developing Monitoring. The skill gap has high prescriptive priority (72.24%) and the occupation has high Canadian labour demand (88.80%). Investigate relevant education or training pathways separately because no mapped CIP pathway is available.
Candidate_002,"Driver, Truck",Active Listening,2.88,3.0,0.0,0.588,88.8,0.708,70.8,2,0,False,No mapped CIP pathway available,Investigate education/training pathways separately,High,High,Prioritize developing Active Listening. The skill gap has high prescriptive priority (70.80%) and the occupation has high Canadian labour demand (88.80%). Investigate relevant education or training pathways separately because no mapped CIP pathway is available.
Candidate_002,"Driver, Truck",Speaking,3.0,2.88,0.0,0.588,88.8,0.708,70.8,2,0,False,No mapped CIP pathway available,Investigate education/training pathways separately,High,High,Prioritize developing Speaking. The skill gap has high prescriptive priority (70.80%) and the occupation has high Canadian labour demand (88.80%). Investigate relevant education or training pathways separately because no mapped CIP pathway is available.
Candidate_002,Food Service Supervisor,Monitoring,3.88,4.0,0.0,0.788,68.33,0.746,74.61,1,0,False,No mapped CIP pathway available,Investigate education/training pathways separately,High,Moderate,Prioritize developing Monitoring. The skill gap has high prescriptive priority (74.61%). Investigate relevant education or training pathways separately because no mapped CIP pathway is available.
Candidate_002,Food Service Supervisor,Speaking,3.88,4.0,0.0,0.788,68.33,0.746,74.61,1,0,False,No mapped CIP pathway available,Investigate education/training pathways separately,High,Moderate,Prioritize developing Speaking. The skill gap has high prescriptive priority (74.61%). Investigate relevant education or training pathways separately because no mapped CIP pathway is available.
Candidate_002,Food Service Supervisor,Active Listening,3.75,3.0,0.0,0.675,68.33,0.678,67.83,2,0,False,No mapped CIP pathway available,Investigate education/training pathways separately,Medium,Moderate,Consider developing Active Listening as a medium-priority skill gap (67.83%). Investigate relevant education or training pathways separately because no mapped CIP pathway is available.
Candidate_002,Information Technology (IT) Analyst,Active Listening,4.0,4.12,0.0,0.812,26.64,0.594,59.38,1,22,True,CIP pathway available,Review mapped CIP education pathways,Medium,Lower,Consider developing Active Listening as a medium-priority skill gap (59.38%). Review mapped CIP education pathways for this occupation.
Candidate_002,Information Technology (IT) Analyst,Speaking,4.0,4.0,0.0,0.8,26.64,0.587,58.66,2,22,True,CIP pathway available,Review mapped CIP education pathways,Medium,Lower,Consider developing Speaking as a medium-priority skill gap (58.66%). Review mapped CIP education pathways for this occupation.
Candidate_002,Information Technology (IT) Analyst,Monitoring,3.62,4.0,0.0,0.762,26.64,0.564,56.38,3,22,True,CIP pathway available,Review mapped CIP education pathways,Medium,Lower,Consider developing Monitoring as a medium-priority skill gap (56.38%). Review mapped CIP education pathways for this occupation.
Candidate_002,Inside Sales Representative,Active Listening,3.75,3.75,0.0,0.75,86.44,0.796,79.58,1,0,False,No mapped CIP pathway available,Investigate education/training pathways separately,High,High,Prioritize developing Active Listening. The skill gap has high prescriptive priority (79.58%) and the occupation has high Canadian labour demand (86.44%). Investigate relevant education or training pathways separately because no mapped CIP pathway is available.
Candidate_002,Inside Sales Representative,Speaking,3.75,3.12,0.0,0.687,86.44,0.758,75.8,2,0,False,No mapped CIP pathway available,Investigate education/training pathways separately,High,High,Prioritize developing Speaking. The skill gap has high prescriptive priority (75.80%) and the occupation has high Canadian labour demand (86.44%). Investigate relevant education or training pathways separately because no mapped CIP pathway is available.
Candidate_002,Inside Sales Representative,Monitoring,3.0,3.12,0.0,0.612,86.44,0.713,71.3,3,0,False,No mapped CIP pathway available,Investigate education/training pathways separately,High,High,Prioritize developing Monitoring. The skill gap has high prescriptive priority (71.30%) and the occupation has high Canadian labour demand (86.44%). Investigate relevant education or training pathways separately because no mapped CIP pathway is available.
Candidate_002,Licensed Practical Nurse (L.P.N.),Active Listening,3.88,4.0,0.0,0.788,30.39,0.594,59.44,1,0,False,No mapped CIP pathway available,Investigate education/training pathways separately,Medium,Lower,Consider developing Active Listening as a medium-priority skill gap (59.44%). Investigate relevant education or training pathways separately because no mapped CIP pathway is available.
Candidate_002,Licensed Practical Nurse (L.P.N.),Monitoring,3.88,4.0,0.0,0.788,30.39,0.594,59.44,1,0,False,No mapped CIP pathway available,Investigate education/training pathways separately,Medium,Lower,Consider developing Monitoring as a medium-priority skill gap (59.44%). Investigate relevant education or training pathways separately because no mapped CIP pathway is available.
Candidate_002,Licensed Practical Nurse (L.P.N.),Speaking,3.88,4.0,0.0,0.788,30.39,0.594,59.44,1,0,False,No mapped CIP pathway available,Investigate education/training pathways separately,Medium,Lower,Consider developing Speaking as a medium-priority skill gap (59.44%). Investigate relevant education or training pathways separately because no mapped CIP pathway is available.
Candidate_002,Office Administrator,Active Listening,4.0,4.0,0.0,0.8,52.86,0.691,69.14,1,13,True,CIP pathway available,Review mapped CIP education pathways,Medium,Moderate,Consider developing Active Listening as a medium-priority skill gap (69.14%). Review mapped CIP education pathways for this occupation.
Candidate_002,Office Administrator,Monitoring,4.0,4.0,0.0,0.8,52.86,0.691,69.14,1,13,True,CIP pathway available,Review mapped CIP education pathways,Medium,Moderate,Consider developing Monitoring as a medium-priority skill gap (69.14%). Review mapped CIP education pathways for this occupation.
Candidate_002,Office Administrator,Speaking,4.0,4.0,0.0,0.8,52.86,0.691,69.14,1,13,True,CIP pathway available,Review mapped CIP education pathways,Medium,Moderate,Consider developing Speaking as a medium-priority skill gap (69.14%). Review mapped CIP education pathways for this occupation.
Candidate_002,Office Manager,Monitoring,4.0,4.0,0.0,0.8,52.86,0.691,69.14,1,13,True,CIP pathway available,Review mapped CIP education pathways,Medium,Moderate,Consider developing Monitoring as a medium-priority skill gap (69.14%). Review mapped CIP education pathways for this occupation.
Candidate_002,Office Manager,Speaking,4.0,4.0,0.0,0.8,52.86,0.691,69.14,1,13,True,CIP pathway available,Review mapped CIP education pathways,Medium,Moderate,Consider developing Speaking as a medium-priority skill gap (69.14%). Review mapped CIP education pathways for this occupation.
Candidate_002,Office Manager,Active Listening,4.0,3.88,0.0,0.788,52.86,0.684,68.42,2,13,True,CIP pathway available,Review mapped CIP education pathways,Medium,Moderate,Consider developing Active Listening as a medium-priority skill gap (68.42%). Review mapped CIP education pathways for this occupation.
Candidate_002,Restaurant Manager,Speaking,3.88,4.0,0.0,0.788,58.65,0.707,70.74,1,0,False,No mapped CIP pathway available,Investigate education/training pathways separately,High,Moderate,Prioritize developing Speaking. The skill gap has high prescriptive priority (70.74%). Investigate relevant education or training pathways separately because no mapped CIP pathway is available.
Candidate_002,Restaurant Manager,Monitoring,3.88,3.88,0.0,0.776,58.65,0.7,70.02,2,0,False,No mapped CIP pathway available,Investigate education/training pathways separately,High,Moderate,Prioritize developing Monitoring. The skill gap has high prescriptive priority (70.02%). Investigate relevant education or training pathways separately because no mapped CIP pathway is available.
Candidate_002,Restaurant Manager,Active Listening,3.88,3.5,0.0,0.738,58.65,0.677,67.74,3,0,False,No mapped CIP pathway available,Investigate education/training pathways separately,Medium,Moderate,Consider developing Active Listening as a medium-priority skill gap (67.74%). Investigate relevant education or training pathways separately because no mapped CIP pathway is available.
Candidate_002,Retail Sales Associate,Active Listening,3.75,3.75,0.0,0.75,86.44,0.796,79.58,1,0,False,No mapped CIP pathway available,Investigate education/training pathways separately,High,High,Prioritize developing Active Listening. The skill gap has high prescriptive priority (79.58%) and the occupation has high Canadian labour demand (86.44%). Investigate relevant education or training pathways separately because no mapped CIP pathway is available.
Candidate_002,Retail Sales Associate,Speaking,3.75,3.12,0.0,0.687,86.44,0.758,75.8,2,0,False,No mapped CIP pathway available,Investigate education/training pathways separately,High,High,Prioritize developing Speaking. The skill gap has high prescriptive priority (75.80%) and the occupation has high Canadian labour demand (86.44%). Investigate relevant education or training pathways separately because no mapped CIP pathway is available.
Candidate_002,Retail Sales Associate,Monitoring,3.0,3.12,0.0,0.612,86.44,0.713,71.3,3,0,False,No mapped CIP pathway available,Investigate education/training pathways separately,High,High,Prioritize developing Monitoring. The skill gap has high prescriptive priority (71.30%) and the occupation has high Canadian labour demand (86.44%). Investigate relevant education or training pathways separately because no mapped CIP pathway is available.
Candidate_002,Secondary School Teacher,Speaking,4.0,4.12,0.0,0.812,36.36,0.633,63.26,1,92,True,CIP pathway available,Review mapped CIP education pathways,Medium,Lower,Consider developing Speaking as a medium-priority skill gap (63.26%). Review mapped CIP education pathways for this occupation.
Candidate_002,Secondary School Teacher,Active Listening,4.0,4.0,0.0,0.8,36.36,0.625,62.54,2,92,True,CIP pathway available,Review mapped CIP education pathways,Medium,Lower,Consider developing Active Listening as a medium-priority skill gap (62.54%). Review mapped CIP education pathways for this occupation.
Candidate_002,Secondary School Teacher,Monitoring,3.88,4.0,0.0,0.788,36.36,0.618,61.82,3,92,True,CIP pathway available,Review mapped CIP education pathways,Medium,Lower,Consider developing Monitoring as a medium-priority skill gap (61.82%). Review mapped CIP education pathways for this occupation.
Candidate_002,Software Developer,Active Listening,3.38,3.88,0.0,0.726,22.91,0.527,52.72,1,20,True,CIP pathway available,Review mapped CIP education pathways,Medium,Lower,Consider developing Active Listening as a medium-priority skill gap (52.72%). Review mapped CIP education pathways for this occupation.
Candidate_002,Software Developer,Speaking,3.12,3.62,0.0,0.6739999999999999,22.91,0.496,49.6,2,20,True,CIP pathway available,Review mapped CIP education pathways,Lower,Lower,Consider developing Speaking as an additional skill for the target occupation. Review mapped CIP education pathways for this occupation.
Candidate_002,Software Developer,Monitoring,3.0,3.5,0.0,0.6499999999999999,22.91,0.482,48.16,3,20,True,CIP pathway available,Review mapped CIP education pathways,Lower,Lower,Consider developing Monitoring as an additional skill for the target occupation. Review mapped CIP education pathways for this occupation.
Candidate_003,Administrative Assistant,Mathematics,2.0,1.62,0.0,0.362,43.85,0.393,39.26,1,2,True,CIP pathway available,Review mapped CIP education pathways,Lower,Moderate,Consider developing Mathematics as an additional skill for the target occupation. Review mapped CIP education pathways for this occupation.
Candidate_003,Administrative Assistant,Science,1.0,0.0,0.0,0.1,43.85,0.235,23.54,2,2,True,CIP pathway available,Review mapped CIP education pathways,Lower,Moderate,Consider developing Science as an additional skill for the target occupation. Review mapped CIP education pathways for this occupation.
Candidate_003,Bookkeeper,Mathematics,3.38,3.38,0.0,0.6759999999999999,29.92,0.525,52.53,1,0,False,No mapped CIP pathway available,Investigate education/training pathways separately,Medium,Lower,Consider developing Mathematics as a medium-priority skill gap (52.53%). Investigate relevant education or training pathways separately because no mapped CIP pathway is available.
Candidate_003,Bookkeeper,Science,1.12,0.12,0.0,0.12400000000000001,29.92,0.194,19.41,2,0,False,No mapped CIP pathway available,Investigate education/training pathways separately,Lower,Lower,Consider developing Science as an additional skill for the target occupation. Investigate relevant education or training pathways separately because no mapped CIP pathway is available.
Candidate_003,Continuing Care Assistant,Mathematics,2.12,1.88,0.0,0.4,43.96,0.416,41.58,1,0,False,No mapped CIP pathway available,Investigate education/training pathways separately,Lower,Moderate,Consider developing Mathematics as an additional skill for the target occupation. Investigate relevant education or training pathways separately because no mapped CIP pathway is available.
Candidate_003,Continuing Care Assistant,Science,1.75,0.88,0.0,0.263,43.96,0.334,33.36,2,0,False,No mapped CIP pathway available,Investigate education/training pathways separately,Lower,Moderate,Consider developing Science as an additional skill for the target occupation. Investigate relevant education or training pathways separately because no mapped CIP pathway is available.
Candidate_003,Delivery Driver,Mathematics,2.25,2.12,0.0,0.43700000000000006,37.05,0.41,41.04,1,0,False,No mapped CIP pathway available,Investigate education/training pathways separately,Lower,Lower,Consider developing Mathematics as an additional skill for the target occupation. Investigate relevant education or training pathways separately because no mapped CIP pathway is available.
Candidate_003,Delivery Driver,Science,1.12,0.12,0.0,0.12400000000000001,37.05,0.223,22.26,2,0,False,No mapped CIP pathway available,Investigate education/training pathways separately,Lower,Lower,Consider developing Science as an additional skill for the target occupation. Investigate relevant education or training pathways separately because no mapped CIP pathway is available.
Candidate_003,"Driver, Truck",Mathematics,2.0,1.88,0.0,0.388,88.8,0.588,58.8,1,1,True,CIP pathway available,Review mapped CIP education pathways,Medium,High,Consider developing Mathematics because the target occupation shows high Canadian labour demand (88.80%). Review mapped CIP education pathways for this occupation.
Candidate_003,"Driver, Truck",Science,1.0,0.0,0.0,0.1,88.8,0.415,41.52,2,1,True,CIP pathway available,Review mapped CIP education pathways,Lower,High,Consider developing Science because the target occupation shows high Canadian labour demand (88.80%). Review mapped CIP education pathways for this occupation.
Candidate_003,Food Service Supervisor,Mathematics,3.0,3.0,0.0,0.6,68.33,0.633,63.33,1,0,False,No mapped CIP pathway available,Investigate education/training pathways separately,Medium,Moderate,Consider developing Mathematics as a medium-priority skill gap (63.33%). Investigate relevant education or training pathways separately because no mapped CIP pathway is available.
Candidate_003,Food Service Supervisor,Science,1.0,0.0,0.0,0.1,68.33,0.333,33.33,2,0,False,No mapped CIP pathway available,Investigate education/training pathways separately,Lower,Moderate,Consider developing Science as an additional skill for the target occupation. Investigate relevant education or training pathways separately because no mapped CIP pathway is available.
Candidate_003,Information Technology (IT) Analyst,Mathematics,3.0,3.38,0.0,0.6379999999999999,26.64,0.489,48.94,1,0,False,No mapped CIP pathway available,Investigate education/training pathways separately,Lower,Lower,Consider developing Mathematics as an additional skill for the target occupation. Investigate relevant education or training pathways separately because no mapped CIP pathway is available.
Candidate_003,Information Technology (IT) Analyst,Science,2.75,3.12,0.0,0.587,26.64,0.459,45.88,2,0,False,No mapped CIP pathway available,Investigate education/training pathways separately,Lower,Lower,Consider developing Science as an additional skill for the target occupation. Investigate relevant education or training pathways separately because no mapped CIP pathway is available.
Candidate_003,Inside Sales Representative,Mathematics,2.62,2.0,0.0,0.462,86.44,0.623,62.3,1,0,False,No CIP pathway in crosswalk,Investigate education/training pathways separately,Medium,High,Consider developing Mathematics because the target occupation shows high Canadian labour demand (86.44%). Investigate relevant education or training pathways separately because no mapped CIP pathway is available.
Candidate_003,Inside Sales Representative,Science,1.0,0.0,0.0,0.1,86.44,0.406,40.58,2,0,False,No CIP pathway in crosswalk,Investigate education/training pathways separately,Lower,High,Consider developing Science because the target occupation shows high Canadian labour demand (86.44%). Investigate relevant education or training pathways separately because no mapped CIP pathway is available.
Candidate_003,Licensed Practical Nurse (L.P.N.),Mathematics,2.88,2.88,0.0,0.576,30.39,0.467,46.72,1,0,False,No mapped CIP pathway available,Investigate education/training pathways separately,Lower,Lower,Consider developing Mathematics as an additional skill for the target occupation. Investigate relevant education or training pathways separately because no mapped CIP pathway is available.
Candidate_003,Licensed Practical Nurse (L.P.N.),Science,2.62,2.62,0.0,0.524,30.39,0.436,43.6,2,0,False,No mapped CIP pathway available,Investigate education/training pathways separately,Lower,Lower,Consider developing Science as an additional skill for the target occupation. Investigate relevant education or training pathways separately because no mapped CIP pathway is available.
Candidate_003,Office Administrator,Mathematics,2.75,2.75,0.0,0.55,52.86,0.541,54.14,1,13,True,CIP pathway available,Review mapped CIP education pathways,Medium,Moderate,Consider developing Mathematics as a medium-priority skill gap (54.14%). Review mapped CIP education pathways for this occupation.
Candidate_003,Office Administrator,Science,1.38,0.38,0.0,0.176,52.86,0.317,31.7,2,13,True,CIP pathway available,Review mapped CIP education pathways,Lower,Moderate,Consider developing Science as an additional skill for the target occupation. Review mapped CIP education pathways for this occupation.
Candidate_003,Office Manager,Mathematics,2.75,2.75,0.0,0.55,52.86,0.541,54.14,1,13,True,CIP pathway available,Review mapped CIP education pathways,Medium,Moderate,Consider developing Mathematics as a medium-priority skill gap (54.14%). Review mapped CIP education pathways for this occupation.
Candidate_003,Office Manager,Science,1.0,0.0,0.0,0.1,52.86,0.271,27.14,2,13,True,CIP pathway available,Review mapped CIP education pathways,Lower,Moderate,Consider developing Science as an additional skill for the target occupation. Review mapped CIP education pathways for this occupation.
Candidate_003,Restaurant Manager,Mathematics,2.88,2.88,0.0,0.576,58.65,0.58,58.02,1,0,False,No mapped CIP pathway available,Investigate education/training pathways separately,Medium,Moderate,Consider developing Mathematics as a medium-priority skill gap (58.02%). Investigate relevant education or training pathways separately because no mapped CIP pathway is available.
Candidate_003,Restaurant Manager,Science,1.62,0.62,0.0,0.224,58.65,0.369,36.9,2,0,False,No mapped CIP pathway available,Investigate education/training pathways separately,Lower,Moderate,Consider developing Science as an additional skill for the target occupation. Investigate relevant education or training pathways separately because no mapped CIP pathway is available.
Candidate_003,Retail Sales Associate,Mathematics,2.62,2.0,0.0,0.462,86.44,0.623,62.3,1,0,False,No mapped CIP pathway available,Investigate education/training pathways separately,Medium,High,Consider developing Mathematics because the target occupation shows high Canadian labour demand (86.44%). Investigate relevant education or training pathways separately because no mapped CIP pathway is available.
Candidate_003,Retail Sales Associate,Science,1.0,0.0,0.0,0.1,86.44,0.406,40.58,2,0,False,No mapped CIP pathway available,Investigate education/training pathways separately,Lower,High,Consider developing Science because the target occupation shows high Canadian labour demand (86.44%). Investigate relevant education or training pathways separately because no mapped CIP pathway is available.
Candidate_003,Secondary School Teacher,Mathematics,2.75,3.0,0.0,0.575,36.36,0.49,49.04,1,0,False,No mapped CIP pathway available,Investigate education/training pathways separately,Lower,Lower,Consider developing Mathematics as an additional skill for the target occupation. Investigate relevant education or training pathways separately because no mapped CIP pathway is available.
Candidate_003,Secondary School Teacher,Science,2.0,1.88,0.0,0.388,36.36,0.378,37.82,2,0,False,No mapped CIP pathway available,Investigate education/training pathways separately,Lower,Lower,Consider developing Science as an additional skill for the target occupation. Investigate relevant education or training pathways separately because no mapped CIP pathway is available.
Candidate_003,Software Developer,Mathematics,2.75,3.25,0.0,0.6000000000000001,22.91,0.452,45.16,1,0,False,No mapped CIP pathway available,Investigate education/training pathways separately,Lower,Lower,Consider developing Mathematics as an additional skill for the target occupation. Investigate relevant education or training pathways separately because no mapped CIP pathway is available.
Candidate_003,Software Developer,Science,2.12,1.88,0.0,0.4,22.91,0.332,33.16,2,0,False,No mapped CIP pathway available,Investigate education/training pathways separately,Lower,Lower,Consider developing Science as an additional skill for the target occupation. Investigate relevant education or training pathways separately because no mapped CIP pathway is available.
Candidate_004,Administrative Assistant,Active Listening,4.0,3.75,0.0,0.775,43.85,0.64,64.04,1,0,False,No mapped CIP pathway available,Investigate education/training pathways separately,Medium,Moderate,Consider developing Active Listening as a medium-priority skill gap (64.04%). Investigate relevant education or training pathways separately because no mapped CIP pathway is available.
Candidate_004,Administrative Assistant,Speaking,4.0,3.62,0.0,0.762,43.85,0.633,63.26,2,0,False,No mapped CIP pathway available,Investigate education/training pathways separately,Medium,Moderate,Consider developing Speaking as a medium-priority skill gap (63.26%). Investigate relevant education or training pathways separately because no mapped CIP pathway is available.
Candidate_004,Bookkeeper,Active Listening,3.25,3.75,0.0,0.7,29.92,0.54,53.97,1,1,True,CIP pathway available,Review mapped CIP education pathways,Medium,Lower,Consider developing Active Listening as a medium-priority skill gap (53.97%). Review mapped CIP education pathways for this occupation.
Candidate_004,Bookkeeper,Speaking,3.12,3.12,0.0,0.624,29.92,0.494,49.41,2,1,True,CIP pathway available,Review mapped CIP education pathways,Lower,Lower,Consider developing Speaking as an additional skill for the target occupation. Review mapped CIP education pathways for this occupation.
Candidate_004,Continuing Care Assistant,Active Listening,3.62,3.0,0.0,0.6619999999999999,43.96,0.573,57.3,1,0,False,No mapped CIP pathway available,Investigate education/training pathways separately,Medium,Moderate,Consider developing Active Listening as a medium-priority skill gap (57.30%). Investigate relevant education or training pathways separately because no mapped CIP pathway is available.
Candidate_004,Continuing Care Assistant,Speaking,3.12,3.0,0.0,0.612,43.96,0.543,54.3,2,0,False,No mapped CIP pathway available,Investigate education/training pathways separately,Medium,Moderate,Consider developing Speaking as a medium-priority skill gap (54.30%). Investigate relevant education or training pathways separately because no mapped CIP pathway is available.
Candidate_004,Delivery Driver,Active Listening,3.12,2.88,0.0,0.6,37.05,0.508,50.82,1,0,False,No mapped CIP pathway available,Investigate education/training pathways separately,Medium,Lower,Consider developing Active Listening as a medium-priority skill gap (50.82%). Investigate relevant education or training pathways separately because no mapped CIP pathway is available.
Candidate_004,Delivery Driver,Speaking,3.12,2.88,0.0,0.6,37.05,0.508,50.82,1,0,False,No mapped CIP pathway available,Investigate education/training pathways separately,Medium,Lower,Consider developing Speaking as a medium-priority skill gap (50.82%). Investigate relevant education or training pathways separately because no mapped CIP pathway is available.
Candidate_004,"Driver, Truck",Active Listening,2.88,3.0,0.0,0.588,88.8,0.708,70.8,1,0,False,No mapped CIP pathway available,Investigate education/training pathways separately,High,High,Prioritize developing Active Listening. The skill gap has high prescriptive priority (70.80%) and the occupation has high Canadian labour demand (88.80%). Investigate relevant education or training pathways separately because no mapped CIP pathway is available.
Candidate_004,"Driver, Truck",Speaking,3.0,2.88,0.0,0.588,88.8,0.708,70.8,1,0,False,No mapped CIP pathway available,Investigate education/training pathways separately,High,High,Prioritize developing Speaking. The skill gap has high prescriptive priority (70.80%) and the occupation has high Canadian labour demand (88.80%). Investigate relevant education or training pathways separately because no mapped CIP pathway is available.
Candidate_004,Food Service Supervisor,Speaking,3.88,4.0,0.0,0.788,68.33,0.746,74.61,1,0,False,No mapped CIP pathway available,Investigate education/training pathways separately,High,Moderate,Prioritize developing Speaking. The skill gap has high prescriptive priority (74.61%). Investigate relevant education or training pathways separately because no mapped CIP pathway is available.
Candidate_004,Food Service Supervisor,Active Listening,3.75,3.0,0.0,0.675,68.33,0.678,67.83,2,0,False,No mapped CIP pathway available,Investigate education/training pathways separately,Medium,Moderate,Consider developing Active Listening as a medium-priority skill gap (67.83%). Investigate relevant education or training pathways separately because no mapped CIP pathway is available.
Candidate_004,Information Technology (IT) Analyst,Active Listening,4.0,4.12,0.0,0.812,26.64,0.594,59.38,1,22,True,CIP pathway available,Review mapped CIP education pathways,Medium,Lower,Consider developing Active Listening as a medium-priority skill gap (59.38%). Review mapped CIP education pathways for this occupation.
Candidate_004,Information Technology (IT) Analyst,Speaking,4.0,4.0,0.0,0.8,26.64,0.587,58.66,2,22,True,CIP pathway available,Review mapped CIP education pathways,Medium,Lower,Consider developing Speaking as a medium-priority skill gap (58.66%). Review mapped CIP education pathways for this occupation.
Candidate_004,Inside Sales Representative,Active Listening,3.75,3.75,0.0,0.75,86.44,0.796,79.58,1,0,False,No mapped CIP pathway available,Investigate education/training pathways separately,High,High,Prioritize developing Active Listening. The skill gap has high prescriptive priority (79.58%) and the occupation has high Canadian labour demand (86.44%). Investigate relevant education or training pathways separately because no mapped CIP pathway is available.
Candidate_004,Inside Sales Representative,Speaking,3.75,3.12,0.0,0.687,86.44,0.758,75.8,2,0,False,No mapped CIP pathway available,Investigate education/training pathways separately,High,High,Prioritize developing Speaking. The skill gap has high prescriptive priority (75.80%) and the occupation has high Canadian labour demand (86.44%). Investigate relevant education or training pathways separately because no mapped CIP pathway is available.
Candidate_004,Licensed Practical Nurse (L.P.N.),Active Listening,3.88,4.0,0.0,0.788,30.39,0.594,59.44,1,2,True,CIP pathway available,Review mapped CIP education pathways,Medium,Lower,Consider developing Active Listening as a medium-priority skill gap (59.44%). Review mapped CIP education pathways for this occupation.
Candidate_004,Licensed Practical Nurse (L.P.N.),Speaking,3.88,4.0,0.0,0.788,30.39,0.594,59.44,1,2,True,CIP pathway available,Review mapped CIP education pathways,Medium,Lower,Consider developing Speaking as a medium-priority skill gap (59.44%). Review mapped CIP education pathways for this occupation.
Candidate_004,Office Administrator,Active Listening,4.0,4.0,0.0,0.8,52.86,0.691,69.14,1,0,False,No mapped CIP pathway available,Investigate education/training pathways separately,Medium,Moderate,Consider developing Active Listening as a medium-priority skill gap (69.14%). Investigate relevant education or training pathways separately because no mapped CIP pathway is available.
Candidate_004,Office Administrator,Speaking,4.0,4.0,0.0,0.8,52.86,0.691,69.14,1,0,False,No mapped CIP pathway available,Investigate education/training pathways separately,Medium,Moderate,Consider developing Speaking as a medium-priority skill gap (69.14%). Investigate relevant education or training pathways separately because no mapped CIP pathway is available.
Candidate_004,Office Manager,Speaking,4.0,4.0,0.0,0.8,52.86,0.691,69.14,1,0,False,No mapped CIP pathway available,Investigate education/training pathways separately,Medium,Moderate,Consider developing Speaking as a medium-priority skill gap (69.14%). Investigate relevant education or training pathways separately because no mapped CIP pathway is available.
Candidate_004,Office Manager,Active Listening,4.0,3.88,0.0,0.788,52.86,0.684,68.42,2,0,False,No mapped CIP pathway available,Investigate education/training pathways separately,Medium,Moderate,Consider developing Active Listening as a medium-priority skill gap (68.42%). Investigate relevant education or training pathways separately because no mapped CIP pathway is available.
Candidate_004,Restaurant Manager,Speaking,3.88,4.0,0.0,0.788,58.65,0.707,70.74,1,0,False,No mapped CIP pathway available,Investigate education/training pathways separately,High,Moderate,Prioritize developing Speaking. The skill gap has high prescriptive priority (70.74%). Investigate relevant education or training pathways separately because no mapped CIP pathway is available.
Candidate_004,Restaurant Manager,Active Listening,3.88,3.5,0.0,0.738,58.65,0.677,67.74,2,0,False,No mapped CIP pathway available,Investigate education/training pathways separately,Medium,Moderate,Consider developing Active Listening as a medium-priority skill gap (67.74%). Investigate relevant education or training pathways separately because no mapped CIP pathway is available.
Candidate_004,Retail Sales Associate,Active Listening,3.75,3.75,0.0,0.75,86.44,0.796,79.58,1,0,False,No mapped CIP pathway available,Investigate education/training pathways separately,High,High,Prioritize developing Active Listening. The skill gap has high prescriptive priority (79.58%) and the occupation has high Canadian labour demand (86.44%). Investigate relevant education or training pathways separately because no mapped CIP pathway is available.
Candidate_004,Retail Sales Associate,Speaking,3.75,3.12,0.0,0.687,86.44,0.758,75.8,2,0,False,No mapped CIP pathway available,Investigate education/training pathways separately,High,High,Prioritize developing Speaking. The skill gap has high prescriptive priority (75.80%) and the occupation has high Canadian labour demand (86.44%). Investigate relevant education or training pathways separately because no mapped CIP pathway is available.
Candidate_004,Secondary School Teacher,Speaking,4.0,4.12,0.0,0.812,36.36,0.633,63.26,1,92,True,CIP pathway available,Review mapped CIP education pathways,Medium,Lower,Consider developing Speaking as a medium-priority skill gap (63.26%). Review mapped CIP education pathways for this occupation.
Candidate_004,Secondary School Teacher,Active Listening,4.0,4.0,0.0,0.8,36.36,0.625,62.54,2,92,True,CIP pathway available,Review mapped CIP education pathways,Medium,Lower,Consider developing Active Listening as a medium-priority skill gap (62.54%). Review mapped CIP education pathways for this occupation.
Candidate_004,Software Developer,Active Listening,3.38,3.88,0.0,0.726,22.91,0.527,52.72,1,20,True,CIP pathway available,Review mapped CIP education pathways,Medium,Lower,Consider developing Active Listening as a medium-priority skill gap (52.72%). Review mapped CIP education pathways for this occupation.
Candidate_004,Software Developer,Speaking,3.12,3.62,0.0,0.6739999999999999,22.91,0.496,49.6,2,20,True,CIP pathway available,Review mapped CIP education pathways,Lower,Lower,Consider developing Speaking as an additional skill for the target occupation. Review mapped CIP education pathways for this occupation.
Candidate_005,Administrative Assistant,Active Listening,4.0,3.75,0.0,0.775,43.85,0.64,64.04,1,0,False,No mapped CIP pathway available,Investigate education/training pathways separately,Medium,Moderate,Consider developing Active Listening as a medium-priority skill gap (64.04%). Investigate relevant education or training pathways separately because no mapped CIP pathway is available.
Candidate_005,Administrative Assistant,Speaking,4.0,3.62,0.0,0.762,43.85,0.633,63.26,2,0,False,No mapped CIP pathway available,Investigate education/training pathways separately,Medium,Moderate,Consider developing Speaking as a medium-priority skill gap (63.26%). Investigate relevant education or training pathways separately because no mapped CIP pathway is available.
Candidate_005,Administrative Assistant,Writing,3.75,3.5,0.0,0.725,43.85,0.61,61.04,3,0,False,No mapped CIP pathway available,Investigate education/training pathways separately,Medium,Moderate,Consider developing Writing as a medium-priority skill gap (61.04%). Investigate relevant education or training pathways separately because no mapped CIP pathway is available.
Candidate_005,Bookkeeper,Active Listening,3.25,3.75,0.0,0.7,29.92,0.54,53.97,1,1,True,CIP pathway available,Review mapped CIP education pathways,Medium,Lower,Consider developing Active Listening as a medium-priority skill gap (53.97%). Review mapped CIP education pathways for this occupation.
Candidate_005,Bookkeeper,Speaking,3.12,3.12,0.0,0.624,29.92,0.494,49.41,2,1,True,CIP pathway available,Review mapped CIP education pathways,Lower,Lower,Consider developing Speaking as an additional skill for the target occupation. Review mapped CIP education pathways for this occupation.
Candidate_005,Bookkeeper,Writing,3.12,3.12,0.0,0.624,29.92,0.494,49.41,2,1,True,CIP pathway available,Review mapped CIP education pathways,Lower,Lower,Consider developing Writing as an additional skill for the target occupation. Review mapped CIP education pathways for this occupation.
Candidate_005,Continuing Care Assistant,Active Listening,3.62,3.0,0.0,0.6619999999999999,43.96,0.573,57.3,1,0,False,No mapped CIP pathway available,Investigate education/training pathways separately,Medium,Moderate,Consider developing Active Listening as a medium-priority skill gap (57.30%). Investigate relevant education or training pathways separately because no mapped CIP pathway is available.
Candidate_005,Continuing Care Assistant,Monitoring,3.25,3.0,0.0,0.625,43.96,0.551,55.08,2,0,False,No mapped CIP pathway available,Investigate education/training pathways separately,Medium,Moderate,Consider developing Monitoring as a medium-priority skill gap (55.08%). Investigate relevant education or training pathways separately because no mapped CIP pathway is available.
Candidate_005,Continuing Care Assistant,Speaking,3.12,3.0,0.0,0.612,43.96,0.543,54.3,3,0,False,No mapped CIP pathway available,Investigate education/training pathways separately,Medium,Moderate,Consider developing Speaking as a medium-priority skill gap (54.30%). Investigate relevant education or training pathways separately because no mapped CIP pathway is available.
Candidate_005,Delivery Driver,Active Listening,3.12,2.88,0.0,0.6,37.05,0.508,50.82,1,0,False,No mapped CIP pathway available,Investigate education/training pathways separately,Medium,Lower,Consider developing Active Listening as a medium-priority skill gap (50.82%). Investigate relevant education or training pathways separately because no mapped CIP pathway is available.
Candidate_005,Delivery Driver,Speaking,3.12,2.88,0.0,0.6,37.05,0.508,50.82,1,0,False,No mapped CIP pathway available,Investigate education/training pathways separately,Medium,Lower,Consider developing Speaking as a medium-priority skill gap (50.82%). Investigate relevant education or training pathways separately because no mapped CIP pathway is available.
Candidate_005,Delivery Driver,Monitoring,3.12,2.75,0.0,0.587,37.05,0.5,50.04,2,0,False,No mapped CIP pathway available,Investigate education/training pathways separately,Medium,Lower,Consider developing Monitoring as a medium-priority skill gap (50.04%). Investigate relevant education or training pathways separately because no mapped CIP pathway is available.
Candidate_005,"Driver, Truck",Monitoring,3.12,3.0,0.0,0.612,88.8,0.722,72.24,1,0,False,No mapped CIP pathway available,Investigate education/training pathways separately,High,High,Prioritize developing Monitoring. The skill gap has high prescriptive priority (72.24%) and the occupation has high Canadian labour demand (88.80%). Investigate relevant education or training pathways separately because no mapped CIP pathway is available.
Candidate_005,"Driver, Truck",Active Listening,2.88,3.0,0.0,0.588,88.8,0.708,70.8,2,0,False,No mapped CIP pathway available,Investigate education/training pathways separately,High,High,Prioritize developing Active Listening. The skill gap has high prescriptive priority (70.80%) and the occupation has high Canadian labour demand (88.80%). Investigate relevant education or training pathways separately because no mapped CIP pathway is available.
Candidate_005,"Driver, Truck",Speaking,3.0,2.88,0.0,0.588,88.8,0.708,70.8,2,0,False,No mapped CIP pathway available,Investigate education/training pathways separately,High,High,Prioritize developing Speaking. The skill gap has high prescriptive priority (70.80%) and the occupation has high Canadian labour demand (88.80%). Investigate relevant education or training pathways separately because no mapped CIP pathway is available.
Candidate_005,Food Service Supervisor,Monitoring,3.88,4.0,0.0,0.788,68.33,0.746,74.61,1,0,False,No mapped CIP pathway available,Investigate education/training pathways separately,High,Moderate,Prioritize developing Monitoring. The skill gap has high prescriptive priority (74.61%). Investigate relevant education or training pathways separately because no mapped CIP pathway is available.
Candidate_005,Food Service Supervisor,Speaking,3.88,4.0,0.0,0.788,68.33,0.746,74.61,1,0,False,No mapped CIP pathway available,Investigate education/training pathways separately,High,Moderate,Prioritize developing Speaking. The skill gap has high prescriptive priority (74.61%). Investigate relevant education or training pathways separately because no mapped CIP pathway is available.
Candidate_005,Food Service Supervisor,Active Listening,3.75,3.0,0.0,0.675,68.33,0.678,67.83,2,0,False,No mapped CIP pathway available,Investigate education/training pathways separately,Medium,Moderate,Consider developing Active Listening as a medium-priority skill gap (67.83%). Investigate relevant education or training pathways separately because no mapped CIP pathway is available.
Candidate_005,Information Technology (IT) Analyst,Active Listening,4.0,4.12,0.0,0.812,26.64,0.594,59.38,1,0,False,No mapped CIP pathway available,Investigate education/training pathways separately,Medium,Lower,Consider developing Active Listening as a medium-priority skill gap (59.38%). Investigate relevant education or training pathways separately because no mapped CIP pathway is available.
Candidate_005,Information Technology (IT) Analyst,Speaking,4.0,4.0,0.0,0.8,26.64,0.587,58.66,2,0,False,No mapped CIP pathway available,Investigate education/training pathways separately,Medium,Lower,Consider developing Speaking as a medium-priority skill gap (58.66%). Investigate relevant education or training pathways separately because no mapped CIP pathway is available.
Candidate_005,Information Technology (IT) Analyst,Writing,4.0,4.0,0.0,0.8,26.64,0.587,58.66,2,0,False,No mapped CIP pathway available,Investigate education/training pathways separately,Medium,Lower,Consider developing Writing as a medium-priority skill gap (58.66%). Investigate relevant education or training pathways separately because no mapped CIP pathway is available.
Candidate_005,Inside Sales Representative,Active Listening,3.75,3.75,0.0,0.75,86.44,0.796,79.58,1,0,False,No mapped CIP pathway available,Investigate education/training pathways separately,High,High,Prioritize developing Active Listening. The skill gap has high prescriptive priority (79.58%) and the occupation has high Canadian labour demand (86.44%). Investigate relevant education or training pathways separately because no mapped CIP pathway is available.
Candidate_005,Inside Sales Representative,Speaking,3.75,3.12,0.0,0.687,86.44,0.758,75.8,2,0,False,No mapped CIP pathway available,Investigate education/training pathways separately,High,High,Prioritize developing Speaking. The skill gap has high prescriptive priority (75.80%) and the occupation has high Canadian labour demand (86.44%). Investigate relevant education or training pathways separately because no mapped CIP pathway is available.
Candidate_005,Inside Sales Representative,Monitoring,3.0,3.12,0.0,0.612,86.44,0.713,71.3,3,0,False,No mapped CIP pathway available,Investigate education/training pathways separately,High,High,Prioritize developing Monitoring. The skill gap has high prescriptive priority (71.30%) and the occupation has high Canadian labour demand (86.44%). Investigate relevant education or training pathways separately because no mapped CIP pathway is available.
Candidate_005,Licensed Practical Nurse (L.P.N.),Active Listening,3.88,4.0,0.0,0.788,30.39,0.594,59.44,1,0,False,No mapped CIP pathway available,Investigate education/training pathways separately,Medium,Lower,Consider developing Active Listening as a medium-priority skill gap (59.44%). Investigate relevant education or training pathways separately because no mapped CIP pathway is available.
Candidate_005,Licensed Practical Nurse (L.P.N.),Monitoring,3.88,4.0,0.0,0.788,30.39,0.594,59.44,1,0,False,No mapped CIP pathway available,Investigate education/training pathways separately,Medium,Lower,Consider developing Monitoring as a medium-priority skill gap (59.44%). Investigate relevant education or training pathways separately because no mapped CIP pathway is available.
Candidate_005,Licensed Practical Nurse (L.P.N.),Speaking,3.88,4.0,0.0,0.788,30.39,0.594,59.44,1,0,False,No mapped CIP pathway available,Investigate education/training pathways separately,Medium,Lower,Consider developing Speaking as a medium-priority skill gap (59.44%). Investigate relevant education or training pathways separately because no mapped CIP pathway is available.
Candidate_005,Office Administrator,Active Listening,4.0,4.0,0.0,0.8,52.86,0.691,69.14,1,13,True,CIP pathway available,Review mapped CIP education pathways,Medium,Moderate,Consider developing Active Listening as a medium-priority skill gap (69.14%). Review mapped CIP education pathways for this occupation.
Candidate_005,Office Administrator,Monitoring,4.0,4.0,0.0,0.8,52.86,0.691,69.14,1,13,True,CIP pathway available,Review mapped CIP education pathways,Medium,Moderate,Consider developing Monitoring as a medium-priority skill gap (69.14%). Review mapped CIP education pathways for this occupation.
Candidate_005,Office Administrator,Speaking,4.0,4.0,0.0,0.8,52.86,0.691,69.14,1,13,True,CIP pathway available,Review mapped CIP education pathways,Medium,Moderate,Consider developing Speaking as a medium-priority skill gap (69.14%). Review mapped CIP education pathways for this occupation.
Candidate_005,Office Manager,Monitoring,4.0,4.0,0.0,0.8,52.86,0.691,69.14,1,13,True,CIP pathway available,Review mapped CIP education pathways,Medium,Moderate,Consider developing Monitoring as a medium-priority skill gap (69.14%). Review mapped CIP education pathways for this occupation.
Candidate_005,Office Manager,Speaking,4.0,4.0,0.0,0.8,52.86,0.691,69.14,1,13,True,CIP pathway available,Review mapped CIP education pathways,Medium,Moderate,Consider developing Speaking as a medium-priority skill gap (69.14%). Review mapped CIP education pathways for this occupation.
Candidate_005,Office Manager,Active Listening,4.0,3.88,0.0,0.788,52.86,0.684,68.42,2,13,True,CIP pathway available,Review mapped CIP education pathways,Medium,Moderate,Consider developing Active Listening as a medium-priority skill gap (68.42%). Review mapped CIP education pathways for this occupation.
Candidate_005,Restaurant Manager,Speaking,3.88,4.0,0.0,0.788,58.65,0.707,70.74,1,0,False,No mapped CIP pathway available,Investigate education/training pathways separately,High,Moderate,Prioritize developing Speaking. The skill gap has high prescriptive priority (70.74%). Investigate relevant education or training pathways separately because no mapped CIP pathway is available.
Candidate_005,Restaurant Manager,Monitoring,3.88,3.88,0.0,0.776,58.65,0.7,70.02,2,0,False,No mapped CIP pathway available,Investigate education/training pathways separately,High,Moderate,Prioritize developing Monitoring. The skill gap has high prescriptive priority (70.02%). Investigate relevant education or training pathways separately because no mapped CIP pathway is available.
Candidate_005,Restaurant Manager,Active Listening,3.88,3.5,0.0,0.738,58.65,0.677,67.74,3,0,False,No mapped CIP pathway available,Investigate education/training pathways separately,Medium,Moderate,Consider developing Active Listening as a medium-priority skill gap (67.74%). Investigate relevant education or training pathways separately because no mapped CIP pathway is available.
Candidate_005,Retail Sales Associate,Active Listening,3.75,3.75,0.0,0.75,86.44,0.796,79.58,1,0,False,No mapped CIP pathway available,Investigate education/training pathways separately,High,High,Prioritize developing Active Listening. The skill gap has high prescriptive priority (79.58%) and the occupation has high Canadian labour demand (86.44%). Investigate relevant education or training pathways separately because no mapped CIP pathway is available.
Candidate_005,Retail Sales Associate,Speaking,3.75,3.12,0.0,0.687,86.44,0.758,75.8,2,0,False,No mapped CIP pathway available,Investigate education/training pathways separately,High,High,Prioritize developing Speaking. The skill gap has high prescriptive priority (75.80%) and the occupation has high Canadian labour demand (86.44%). Investigate relevant education or training pathways separately because no mapped CIP pathway is available.
Candidate_005,Retail Sales Associate,Monitoring,3.0,3.12,0.0,0.612,86.44,0.713,71.3,3,0,False,No mapped CIP pathway available,Investigate education/training pathways separately,High,High,Prioritize developing Monitoring. The skill gap has high prescriptive priority (71.30%) and the occupation has high Canadian labour demand (86.44%). Investigate relevant education or training pathways separately because no mapped CIP pathway is available.
Candidate_005,Secondary School Teacher,Speaking,4.0,4.12,0.0,0.812,36.36,0.633,63.26,1,92,True,CIP pathway available,Review mapped CIP education pathways,Medium,Lower,Consider developing Speaking as a medium-priority skill gap (63.26%). Review mapped CIP education pathways for this occupation.
Candidate_005,Secondary School Teacher,Active Listening,4.0,4.0,0.0,0.8,36.36,0.625,62.54,2,92,True,CIP pathway available,Review mapped CIP education pathways,Medium,Lower,Consider developing Active Listening as a medium-priority skill gap (62.54%). Review mapped CIP education pathways for this occupation.
Candidate_005,Secondary School Teacher,Monitoring,3.88,4.0,0.0,0.788,36.36,0.618,61.82,3,92,True,CIP pathway available,Review mapped CIP education pathways,Medium,Lower,Consider developing Monitoring as a medium-priority skill gap (61.82%). Review mapped CIP education pathways for this occupation.
Candidate_005,Software Developer,Active Listening,3.38,3.88,0.0,0.726,22.91,0.527,52.72,1,20,True,CIP pathway available,Review mapped CIP education pathways,Medium,Lower,Consider developing Active Listening as a medium-priority skill gap (52.72%). Review mapped CIP education pathways for this occupation.
Candidate_005,Software Developer,Writing,3.25,3.62,0.0,0.687,22.91,0.504,50.38,2,20,True,CIP pathway available,Review mapped CIP education pathways,Medium,Lower,Consider developing Writing as a medium-priority skill gap (50.38%). Review mapped CIP education pathways for this occupation.
Candidate_005,Software Developer,Speaking,3.12,3.62,0.0,0.6739999999999999,22.91,0.496,49.6,3,20,True,CIP pathway available,Review mapped CIP education pathways,Lower,Lower,Consider developing Speaking as an additional skill for the target occupation. Review mapped CIP education pathways for this occupation.
Candidate_006,Administrative Assistant,Monitoring,3.12,3.25,0.0,0.637,43.85,0.558,55.76,1,2,True,CIP pathway available,Review mapped CIP education pathways,Medium,Moderate,Consider developing Monitoring as a medium-priority skill gap (55.76%). Review mapped CIP education pathways for this occupation.
Candidate_006,Bookkeeper,Monitoring,3.0,2.88,0.0,0.588,29.92,0.472,47.25,1,0,False,No mapped CIP pathway available,Investigate education/training pathways separately,Lower,Lower,Consider developing Monitoring as an additional skill for the target occupation. Investigate relevant education or training pathways separately because no mapped CIP pathway is available.
Candidate_006,Continuing Care Assistant,Monitoring,3.25,3.0,0.0,0.625,43.96,0.551,55.08,1,0,False,No mapped CIP pathway available,Investigate education/training pathways separately,Medium,Moderate,Consider developing Monitoring as a medium-priority skill gap (55.08%). Investigate relevant education or training pathways separately because no mapped CIP pathway is available.
Candidate_006,Delivery Driver,Monitoring,3.12,2.75,0.0,0.587,37.05,0.5,50.04,1,0,False,No mapped CIP pathway available,Investigate education/training pathways separately,Medium,Lower,Consider developing Monitoring as a medium-priority skill gap (50.04%). Investigate relevant education or training pathways separately because no mapped CIP pathway is available.
Candidate_006,"Driver, Truck",Monitoring,3.12,3.0,0.0,0.612,88.8,0.722,72.24,1,0,False,No mapped CIP pathway available,Investigate education/training pathways separately,High,High,Prioritize developing Monitoring. The skill gap has high prescriptive priority (72.24%) and the occupation has high Canadian labour demand (88.80%). Investigate relevant education or training pathways separately because no mapped CIP pathway is available.
Candidate_006,Food Service Supervisor,Monitoring,3.88,4.0,0.0,0.788,68.33,0.746,74.61,1,0,False,No mapped CIP pathway available,Investigate education/training pathways separately,High,Moderate,Prioritize developing Monitoring. The skill gap has high prescriptive priority (74.61%). Investigate relevant education or training pathways separately because no mapped CIP pathway is available.
Candidate_006,Information Technology (IT) Analyst,Monitoring,3.62,4.0,0.0,0.762,26.64,0.564,56.38,1,22,True,CIP pathway available,Review mapped CIP education pathways,Medium,Lower,Consider developing Monitoring as a medium-priority skill gap (56.38%). Review mapped CIP education pathways for this occupation.
Candidate_006,Inside Sales Representative,Monitoring,3.0,3.12,0.0,0.612,86.44,0.713,71.3,1,0,False,No CIP pathway in crosswalk,Investigate education/training pathways separately,High,High,Prioritize developing Monitoring. The skill gap has high prescriptive priority (71.30%) and the occupation has high Canadian labour demand (86.44%). Investigate relevant education or training pathways separately because no mapped CIP pathway is available.
Candidate_006,Licensed Practical Nurse (L.P.N.),Monitoring,3.88,4.0,0.0,0.788,30.39,0.594,59.44,1,0,False,No mapped CIP pathway available,Investigate education/training pathways separately,Medium,Lower,Consider developing Monitoring as a medium-priority skill gap (59.44%). Investigate relevant education or training pathways separately because no mapped CIP pathway is available.
Candidate_006,Office Administrator,Monitoring,4.0,4.0,0.0,0.8,52.86,0.691,69.14,1,0,False,No mapped CIP pathway available,Investigate education/training pathways separately,Medium,Moderate,Consider developing Monitoring as a medium-priority skill gap (69.14%). Investigate relevant education or training pathways separately because no mapped CIP pathway is available.
Candidate_006,Office Manager,Monitoring,4.0,4.0,0.0,0.8,52.86,0.691,69.14,1,0,False,No mapped CIP pathway available,Investigate education/training pathways separately,Medium,Moderate,Consider developing Monitoring as a medium-priority skill gap (69.14%). Investigate relevant education or training pathways separately because no mapped CIP pathway is available.
Candidate_006,Restaurant Manager,Monitoring,3.88,3.88,0.0,0.776,58.65,0.7,70.02,1,0,False,No mapped CIP pathway available,Investigate education/training pathways separately,High,Moderate,Prioritize developing Monitoring. The skill gap has high prescriptive priority (70.02%). Investigate relevant education or training pathways separately because no mapped CIP pathway is available.
Candidate_006,Retail Sales Associate,Monitoring,3.0,3.12,0.0,0.612,86.44,0.713,71.3,1,0,False,No CIP pathway in crosswalk,Investigate education/training pathways separately,High,High,Prioritize developing Monitoring. The skill gap has high prescriptive priority (71.30%) and the occupation has high Canadian labour demand (86.44%). Investigate relevant education or training pathways separately because no mapped CIP pathway is available.
Candidate_006,Secondary School Teacher,Monitoring,3.88,4.0,0.0,0.788,36.36,0.618,61.82,1,0,False,No mapped CIP pathway available,Investigate education/training pathways separately,Medium,Lower,Consider developing Monitoring as a medium-priority skill gap (61.82%). Investigate relevant education or training pathways separately because no mapped CIP pathway is available.
Candidate_006,Software Developer,Monitoring,3.0,3.5,0.0,0.6499999999999999,22.91,0.482,48.16,1,20,True,CIP pathway available,Review mapped CIP education pathways,Lower,Lower,Consider developing Monitoring as an additional skill for the target occupation. Review mapped CIP education pathways for this occupation.
Candidate_008,Administrative Assistant,Active Listening,4.0,3.75,0.0,0.775,43.85,0.64,64.04,1,0,False,No mapped CIP pathway available,Investigate education/training pathways separately,Medium,Moderate,Consider developing Active Listening as a medium-priority skill gap (64.04%). Investigate relevant education or training pathways separately because no mapped CIP pathway is available.
Candidate_008,Administrative Assistant,Speaking,4.0,3.62,0.0,0.762,43.85,0.633,63.26,2,0,False,No mapped CIP pathway available,Investigate education/training pathways separately,Medium,Moderate,Consider developing Speaking as a medium-priority skill gap (63.26%). Investigate relevant education or training pathways separately because no mapped CIP pathway is available.
Candidate_008,Administrative Assistant,Writing,3.75,3.5,0.0,0.725,43.85,0.61,61.04,3,0,False,No mapped CIP pathway available,Investigate education/training pathways separately,Medium,Moderate,Consider developing Writing as a medium-priority skill gap (61.04%). Investigate relevant education or training pathways separately because no mapped CIP pathway is available.
Candidate_008,Bookkeeper,Active Listening,3.25,3.75,0.0,0.7,29.92,0.54,53.97,1,0,False,No mapped CIP pathway available,Investigate education/training pathways separately,Medium,Lower,Consider developing Active Listening as a medium-priority skill gap (53.97%). Investigate relevant education or training pathways separately because no mapped CIP pathway is available.
Candidate_008,Bookkeeper,Speaking,3.12,3.12,0.0,0.624,29.92,0.494,49.41,2,0,False,No mapped CIP pathway available,Investigate education/training pathways separately,Lower,Lower,Consider developing Speaking as an additional skill for the target occupation. Investigate relevant education or training pathways separately because no mapped CIP pathway is available.
Candidate_008,Bookkeeper,Writing,3.12,3.12,0.0,0.624,29.92,0.494,49.41,2,0,False,No mapped CIP pathway available,Investigate education/training pathways separately,Lower,Lower,Consider developing Writing as an additional skill for the target occupation. Investigate relevant education or training pathways separately because no mapped CIP pathway is available.
Candidate_008,Continuing Care Assistant,Active Listening,3.62,3.0,0.0,0.6619999999999999,43.96,0.573,57.3,1,0,False,No mapped CIP pathway available,Investigate education/training pathways separately,Medium,Moderate,Consider developing Active Listening as a medium-priority skill gap (57.30%). Investigate relevant education or training pathways separately because no mapped CIP pathway is available.
Candidate_008,Continuing Care Assistant,Speaking,3.12,3.0,0.0,0.612,43.96,0.543,54.3,2,0,False,No mapped CIP pathway available,Investigate education/training pathways separately,Medium,Moderate,Consider developing Speaking as a medium-priority skill gap (54.30%). Investigate relevant education or training pathways separately because no mapped CIP pathway is available.
Candidate_008,Continuing Care Assistant,Writing,2.75,2.75,0.0,0.55,43.96,0.506,50.58,3,0,False,No mapped CIP pathway available,Investigate education/training pathways separately,Medium,Moderate,Consider developing Writing as a medium-priority skill gap (50.58%). Investigate relevant education or training pathways separately because no mapped CIP pathway is available.
Candidate_008,Delivery Driver,Active Listening,3.12,2.88,0.0,0.6,37.05,0.508,50.82,1,0,False,No mapped CIP pathway available,Investigate education/training pathways separately,Medium,Lower,Consider developing Active Listening as a medium-priority skill gap (50.82%). Investigate relevant education or training pathways separately because no mapped CIP pathway is available.
Candidate_008,Delivery Driver,Speaking,3.12,2.88,0.0,0.6,37.05,0.508,50.82,1,0,False,No mapped CIP pathway available,Investigate education/training pathways separately,Medium,Lower,Consider developing Speaking as a medium-priority skill gap (50.82%). Investigate relevant education or training pathways separately because no mapped CIP pathway is available.
Candidate_008,Delivery Driver,Writing,2.75,2.5,0.0,0.525,37.05,0.463,46.32,2,0,False,No mapped CIP pathway available,Investigate education/training pathways separately,Lower,Lower,Consider developing Writing as an additional skill for the target occupation. Investigate relevant education or training pathways separately because no mapped CIP pathway is available.
Candidate_008,"Driver, Truck",Active Listening,2.88,3.0,0.0,0.588,88.8,0.708,70.8,1,0,False,No mapped CIP pathway available,Investigate education/training pathways separately,High,High,Prioritize developing Active Listening. The skill gap has high prescriptive priority (70.80%) and the occupation has high Canadian labour demand (88.80%). Investigate relevant education or training pathways separately because no mapped CIP pathway is available.
Candidate_008,"Driver, Truck",Speaking,3.0,2.88,0.0,0.588,88.8,0.708,70.8,1,0,False,No mapped CIP pathway available,Investigate education/training pathways separately,High,High,Prioritize developing Speaking. The skill gap has high prescriptive priority (70.80%) and the occupation has high Canadian labour demand (88.80%). Investigate relevant education or training pathways separately because no mapped CIP pathway is available.
Candidate_008,"Driver, Truck",Writing,2.75,2.62,0.0,0.537,88.8,0.677,67.74,2,0,False,No mapped CIP pathway available,Investigate education/training pathways separately,Medium,High,Consider developing Writing because the target occupation shows high Canadian labour demand (88.80%). Investigate relevant education or training pathways separately because no mapped CIP pathway is available.
Candidate_008,Food Service Supervisor,Speaking,3.88,4.0,0.0,0.788,68.33,0.746,74.61,1,0,False,No mapped CIP pathway available,Investigate education/training pathways separately,High,Moderate,Prioritize developing Speaking. The skill gap has high prescriptive priority (74.61%). Investigate relevant education or training pathways separately because no mapped CIP pathway is available.
Candidate_008,Food Service Supervisor,Active Listening,3.75,3.0,0.0,0.675,68.33,0.678,67.83,2,0,False,No mapped CIP pathway available,Investigate education/training pathways separately,Medium,Moderate,Consider developing Active Listening as a medium-priority skill gap (67.83%). Investigate relevant education or training pathways separately because no mapped CIP pathway is available.
Candidate_008,Food Service Supervisor,Writing,3.0,3.12,0.0,0.612,68.33,0.641,64.05,3,0,False,No mapped CIP pathway available,Investigate education/training pathways separately,Medium,Moderate,Consider developing Writing as a medium-priority skill gap (64.05%). Investigate relevant education or training pathways separately because no mapped CIP pathway is available.
Candidate_008,Information Technology (IT) Analyst,Active Listening,4.0,4.12,0.0,0.812,26.64,0.594,59.38,1,22,True,CIP pathway available,Review mapped CIP education pathways,Medium,Lower,Consider developing Active Listening as a medium-priority skill gap (59.38%). Review mapped CIP education pathways for this occupation.
Candidate_008,Information Technology (IT) Analyst,Speaking,4.0,4.0,0.0,0.8,26.64,0.587,58.66,2,22,True,CIP pathway available,Review mapped CIP education pathways,Medium,Lower,Consider developing Speaking as a medium-priority skill gap (58.66%). Review mapped CIP education pathways for this occupation.
Candidate_008,Information Technology (IT) Analyst,Writing,4.0,4.0,0.0,0.8,26.64,0.587,58.66,2,22,True,CIP pathway available,Review mapped CIP education pathways,Medium,Lower,Consider developing Writing as a medium-priority skill gap (58.66%). Review mapped CIP education pathways for this occupation.
Candidate_008,Inside Sales Representative,Active Listening,3.75,3.75,0.0,0.75,86.44,0.796,79.58,1,0,False,No mapped CIP pathway available,Investigate education/training pathways separately,High,High,Prioritize developing Active Listening. The skill gap has high prescriptive priority (79.58%) and the occupation has high Canadian labour demand (86.44%). Investigate relevant education or training pathways separately because no mapped CIP pathway is available.
Candidate_008,Inside Sales Representative,Speaking,3.75,3.12,0.0,0.687,86.44,0.758,75.8,2,0,False,No mapped CIP pathway available,Investigate education/training pathways separately,High,High,Prioritize developing Speaking. The skill gap has high prescriptive priority (75.80%) and the occupation has high Canadian labour demand (86.44%). Investigate relevant education or training pathways separately because no mapped CIP pathway is available.
Candidate_008,Inside Sales Representative,Writing,3.0,3.0,0.0,0.6,86.44,0.706,70.58,3,0,False,No mapped CIP pathway available,Investigate education/training pathways separately,High,High,Prioritize developing Writing. The skill gap has high prescriptive priority (70.58%) and the occupation has high Canadian labour demand (86.44%). Investigate relevant education or training pathways separately because no mapped CIP pathway is available.
Candidate_008,Licensed Practical Nurse (L.P.N.),Active Listening,3.88,4.0,0.0,0.788,30.39,0.594,59.44,1,2,True,CIP pathway available,Review mapped CIP education pathways,Medium,Lower,Consider developing Active Listening as a medium-priority skill gap (59.44%). Review mapped CIP education pathways for this occupation.
Candidate_008,Licensed Practical Nurse (L.P.N.),Speaking,3.88,4.0,0.0,0.788,30.39,0.594,59.44,1,2,True,CIP pathway available,Review mapped CIP education pathways,Medium,Lower,Consider developing Speaking as a medium-priority skill gap (59.44%). Review mapped CIP education pathways for this occupation.
Candidate_008,Licensed Practical Nurse (L.P.N.),Writing,3.25,3.12,0.0,0.637,30.39,0.504,50.38,2,2,True,CIP pathway available,Review mapped CIP education pathways,Medium,Lower,Consider developing Writing as a medium-priority skill gap (50.38%). Review mapped CIP education pathways for this occupation.
Candidate_008,Office Administrator,Active Listening,4.0,4.0,0.0,0.8,52.86,0.691,69.14,1,0,False,No mapped CIP pathway available,Investigate education/training pathways separately,Medium,Moderate,Consider developing Active Listening as a medium-priority skill gap (69.14%). Investigate relevant education or training pathways separately because no mapped CIP pathway is available.
Candidate_008,Office Administrator,Speaking,4.0,4.0,0.0,0.8,52.86,0.691,69.14,1,0,False,No mapped CIP pathway available,Investigate education/training pathways separately,Medium,Moderate,Consider developing Speaking as a medium-priority skill gap (69.14%). Investigate relevant education or training pathways separately because no mapped CIP pathway is available.
Candidate_008,Office Administrator,Writing,3.75,3.75,0.0,0.75,52.86,0.661,66.14,2,0,False,No mapped CIP pathway available,Investigate education/training pathways separately,Medium,Moderate,Consider developing Writing as a medium-priority skill gap (66.14%). Investigate relevant education or training pathways separately because no mapped CIP pathway is available.
Candidate_008,Office Manager,Speaking,4.0,4.0,0.0,0.8,52.86,0.691,69.14,1,0,False,No mapped CIP pathway available,Investigate education/training pathways separately,Medium,Moderate,Consider developing Speaking as a medium-priority skill gap (69.14%). Investigate relevant education or training pathways separately because no mapped CIP pathway is available.
Candidate_008,Office Manager,Active Listening,4.0,3.88,0.0,0.788,52.86,0.684,68.42,2,0,False,No mapped CIP pathway available,Investigate education/training pathways separately,Medium,Moderate,Consider developing Active Listening as a medium-priority skill gap (68.42%). Investigate relevant education or training pathways separately because no mapped CIP pathway is available.
Candidate_008,Office Manager,Writing,3.75,3.75,0.0,0.75,52.86,0.661,66.14,3,0,False,No mapped CIP pathway available,Investigate education/training pathways separately,Medium,Moderate,Consider developing Writing as a medium-priority skill gap (66.14%). Investigate relevant education or training pathways separately because no mapped CIP pathway is available.
Candidate_008,Restaurant Manager,Speaking,3.88,4.0,0.0,0.788,58.65,0.707,70.74,1,10,True,CIP pathway available,Review mapped CIP education pathways,High,Moderate,Prioritize developing Speaking. The skill gap has high prescriptive priority (70.74%). Review mapped CIP education pathways for this occupation.
Candidate_008,Restaurant Manager,Active Listening,3.88,3.5,0.0,0.738,58.65,0.677,67.74,2,10,True,CIP pathway available,Review mapped CIP education pathways,Medium,Moderate,Consider developing Active Listening as a medium-priority skill gap (67.74%). Review mapped CIP education pathways for this occupation.
Candidate_008,Restaurant Manager,Writing,3.0,3.12,0.0,0.612,58.65,0.602,60.18,3,10,True,CIP pathway available,Review mapped CIP education pathways,Medium,Moderate,Consider developing Writing as a medium-priority skill gap (60.18%). Review mapped CIP education pathways for this occupation.
Candidate_008,Retail Sales Associate,Active Listening,3.75,3.75,0.0,0.75,86.44,0.796,79.58,1,0,False,No mapped CIP pathway available,Investigate education/training pathways separately,High,High,Prioritize developing Active Listening. The skill gap has high prescriptive priority (79.58%) and the occupation has high Canadian labour demand (86.44%). Investigate relevant education or training pathways separately because no mapped CIP pathway is available.
Candidate_008,Retail Sales Associate,Speaking,3.75,3.12,0.0,0.687,86.44,0.758,75.8,2,0,False,No mapped CIP pathway available,Investigate education/training pathways separately,High,High,Prioritize developing Speaking. The skill gap has high prescriptive priority (75.80%) and the occupation has high Canadian labour demand (86.44%). Investigate relevant education or training pathways separately because no mapped CIP pathway is available.
Candidate_008,Retail Sales Associate,Writing,3.0,3.0,0.0,0.6,86.44,0.706,70.58,3,0,False,No mapped CIP pathway available,Investigate education/training pathways separately,High,High,Prioritize developing Writing. The skill gap has high prescriptive priority (70.58%) and the occupation has high Canadian labour demand (86.44%). Investigate relevant education or training pathways separately because no mapped CIP pathway is available.
Candidate_008,Secondary School Teacher,Speaking,4.0,4.12,0.0,0.812,36.36,0.633,63.26,1,92,True,CIP pathway available,Review mapped CIP education pathways,Medium,Lower,Consider developing Speaking as a medium-priority skill gap (63.26%). Review mapped CIP education pathways for this occupation.
Candidate_008,Secondary School Teacher,Active Listening,4.0,4.0,0.0,0.8,36.36,0.625,62.54,2,92,True,CIP pathway available,Review mapped CIP education pathways,Medium,Lower,Consider developing Active Listening as a medium-priority skill gap (62.54%). Review mapped CIP education pathways for this occupation.
Candidate_008,Secondary School Teacher,Writing,3.62,3.75,0.0,0.737,36.36,0.588,58.76,3,92,True,CIP pathway available,Review mapped CIP education pathways,Medium,Lower,Consider developing Writing as a medium-priority skill gap (58.76%). Review mapped CIP education pathways for this occupation.
Candidate_008,Software Developer,Active Listening,3.38,3.88,0.0,0.726,22.91,0.527,52.72,1,20,True,CIP pathway available,Review mapped CIP education pathways,Medium,Lower,Consider developing Active Listening as a medium-priority skill gap (52.72%). Review mapped CIP education pathways for this occupation.
Candidate_008,Software Developer,Writing,3.25,3.62,0.0,0.687,22.91,0.504,50.38,2,20,True,CIP pathway available,Review mapped CIP education pathways,Medium,Lower,Consider developing Writing as a medium-priority skill gap (50.38%). Review mapped CIP education pathways for this occupation.
Candidate_008,Software Developer,Speaking,3.12,3.62,0.0,0.6739999999999999,22.91,0.496,49.6,3,20,True,CIP pathway available,Review mapped CIP education pathways,Lower,Lower,Consider developing Speaking as an additional skill for the target occupation. Review mapped CIP education pathways for this occupation.
Candidate_009,Administrative Assistant,Active Listening,4.0,3.75,0.0,0.775,43.85,0.64,64.04,1,2,True,CIP pathway available,Review mapped CIP education pathways,Medium,Moderate,Consider developing Active Listening as a medium-priority skill gap (64.04%). Review mapped CIP education pathways for this occupation.
Candidate_009,Administrative Assistant,Speaking,4.0,3.62,0.0,0.762,43.85,0.633,63.26,2,2,True,CIP pathway available,Review mapped CIP education pathways,Medium,Moderate,Consider developing Speaking as a medium-priority skill gap (63.26%). Review mapped CIP education pathways for this occupation.
Candidate_009,Administrative Assistant,Critical Thinking,3.0,3.62,0.0,0.6619999999999999,43.85,0.573,57.26,3,2,True,CIP pathway available,Review mapped CIP education pathways,Medium,Moderate,Consider developing Critical Thinking as a medium-priority skill gap (57.26%). Review mapped CIP education pathways for this occupation.
Candidate_009,Bookkeeper,Active Listening,3.25,3.75,0.0,0.7,29.92,0.54,53.97,1,1,True,CIP pathway available,Review mapped CIP education pathways,Medium,Lower,Consider developing Active Listening as a medium-priority skill gap (53.97%). Review mapped CIP education pathways for this occupation.
Candidate_009,Bookkeeper,Mathematics,3.38,3.38,0.0,0.6759999999999999,29.92,0.525,52.53,2,1,True,CIP pathway available,Review mapped CIP education pathways,Medium,Lower,Consider developing Mathematics as a medium-priority skill gap (52.53%). Review mapped CIP education pathways for this occupation.
Candidate_009,Bookkeeper,Critical Thinking,3.25,3.25,0.0,0.65,29.92,0.51,50.97,3,1,True,CIP pathway available,Review mapped CIP education pathways,Medium,Lower,Consider developing Critical Thinking as a medium-priority skill gap (50.97%). Review mapped CIP education pathways for this occupation.
Candidate_009,Continuing Care Assistant,Active Listening,3.62,3.0,0.0,0.6619999999999999,43.96,0.573,57.3,1,0,False,No mapped CIP pathway available,Investigate education/training pathways separately,Medium,Moderate,Consider developing Active Listening as a medium-priority skill gap (57.30%). Investigate relevant education or training pathways separately because no mapped CIP pathway is available.
Candidate_009,Continuing Care Assistant,Monitoring,3.25,3.0,0.0,0.625,43.96,0.551,55.08,2,0,False,No mapped CIP pathway available,Investigate education/training pathways separately,Medium,Moderate,Consider developing Monitoring as a medium-priority skill gap (55.08%). Investigate relevant education or training pathways separately because no mapped CIP pathway is available.
Candidate_009,Continuing Care Assistant,Critical Thinking,3.12,3.12,0.0,0.624,43.96,0.55,55.02,3,0,False,No mapped CIP pathway available,Investigate education/training pathways separately,Medium,Moderate,Consider developing Critical Thinking as a medium-priority skill gap (55.02%). Investigate relevant education or training pathways separately because no mapped CIP pathway is available.
Candidate_009,Delivery Driver,Active Listening,3.12,2.88,0.0,0.6,37.05,0.508,50.82,1,1,True,CIP pathway available,Review mapped CIP education pathways,Medium,Lower,Consider developing Active Listening as a medium-priority skill gap (50.82%). Review mapped CIP education pathways for this occupation.
Candidate_009,Delivery Driver,Speaking,3.12,2.88,0.0,0.6,37.05,0.508,50.82,1,1,True,CIP pathway available,Review mapped CIP education pathways,Medium,Lower,Consider developing Speaking as a medium-priority skill gap (50.82%). Review mapped CIP education pathways for this occupation.
Candidate_009,Delivery Driver,Monitoring,3.12,2.75,0.0,0.587,37.05,0.5,50.04,2,1,True,CIP pathway available,Review mapped CIP education pathways,Medium,Lower,Consider developing Monitoring as a medium-priority skill gap (50.04%). Review mapped CIP education pathways for this occupation.
Candidate_009,"Driver, Truck",Monitoring,3.12,3.0,0.0,0.612,88.8,0.722,72.24,1,1,True,CIP pathway available,Review mapped CIP education pathways,High,High,Prioritize developing Monitoring. The skill gap has high prescriptive priority (72.24%) and the occupation has high Canadian labour demand (88.80%). Review mapped CIP education pathways for this occupation.
Candidate_009,"Driver, Truck",Active Listening,2.88,3.0,0.0,0.588,88.8,0.708,70.8,2,1,True,CIP pathway available,Review mapped CIP education pathways,High,High,Prioritize developing Active Listening. The skill gap has high prescriptive priority (70.80%) and the occupation has high Canadian labour demand (88.80%). Review mapped CIP education pathways for this occupation.
Candidate_009,"Driver, Truck",Critical Thinking,3.0,2.88,0.0,0.588,88.8,0.708,70.8,2,1,True,CIP pathway available,Review mapped CIP education pathways,High,High,Prioritize developing Critical Thinking. The skill gap has high prescriptive priority (70.80%) and the occupation has high Canadian labour demand (88.80%). Review mapped CIP education pathways for this occupation.
Candidate_009,Food Service Supervisor,Monitoring,3.88,4.0,0.0,0.788,68.33,0.746,74.61,1,0,False,No mapped CIP pathway available,Investigate education/training pathways separately,High,Moderate,Prioritize developing Monitoring. The skill gap has high prescriptive priority (74.61%). Investigate relevant education or training pathways separately because no mapped CIP pathway is available.
Candidate_009,Food Service Supervisor,Speaking,3.88,4.0,0.0,0.788,68.33,0.746,74.61,1,0,False,No mapped CIP pathway available,Investigate education/training pathways separately,High,Moderate,Prioritize developing Speaking. The skill gap has high prescriptive priority (74.61%). Investigate relevant education or training pathways separately because no mapped CIP pathway is available.
Candidate_009,Food Service Supervisor,Critical Thinking,3.12,3.75,0.0,0.687,68.33,0.686,68.55,2,0,False,No mapped CIP pathway available,Investigate education/training pathways separately,Medium,Moderate,Consider developing Critical Thinking as a medium-priority skill gap (68.55%). Investigate relevant education or training pathways separately because no mapped CIP pathway is available.
Candidate_009,Information Technology (IT) Analyst,Active Learning,3.75,4.75,0.0,0.85,26.64,0.617,61.66,1,0,False,No mapped CIP pathway available,Investigate education/training pathways separately,Medium,Lower,Consider developing Active Learning as a medium-priority skill gap (61.66%). Investigate relevant education or training pathways separately because no mapped CIP pathway is available.
Candidate_009,Information Technology (IT) Analyst,Active Listening,4.0,4.12,0.0,0.812,26.64,0.594,59.38,2,0,False,No mapped CIP pathway available,Investigate education/training pathways separately,Medium,Lower,Consider developing Active Listening as a medium-priority skill gap (59.38%). Investigate relevant education or training pathways separately because no mapped CIP pathway is available.
Candidate_009,Information Technology (IT) Analyst,Critical Thinking,4.0,4.12,0.0,0.812,26.64,0.594,59.38,2,0,False,No mapped CIP pathway available,Investigate education/training pathways separately,Medium,Lower,Consider developing Critical Thinking as a medium-priority skill gap (59.38%). Investigate relevant education or training pathways separately because no mapped CIP pathway is available.
Candidate_009,Inside Sales Representative,Active Listening,3.75,3.75,0.0,0.75,86.44,0.796,79.58,1,0,False,No mapped CIP pathway available,Investigate education/training pathways separately,High,High,Prioritize developing Active Listening. The skill gap has high prescriptive priority (79.58%) and the occupation has high Canadian labour demand (86.44%). Investigate relevant education or training pathways separately because no mapped CIP pathway is available.
Candidate_009,Inside Sales Representative,Speaking,3.75,3.12,0.0,0.687,86.44,0.758,75.8,2,0,False,No mapped CIP pathway available,Investigate education/training pathways separately,High,High,Prioritize developing Speaking. The skill gap has high prescriptive priority (75.80%) and the occupation has high Canadian labour demand (86.44%). Investigate relevant education or training pathways separately because no mapped CIP pathway is available.
Candidate_009,Inside Sales Representative,Critical Thinking,3.12,3.12,0.0,0.624,86.44,0.72,72.02,3,0,False,No mapped CIP pathway available,Investigate education/training pathways separately,High,High,Prioritize developing Critical Thinking. The skill gap has high prescriptive priority (72.02%) and the occupation has high Canadian labour demand (86.44%). Investigate relevant education or training pathways separately because no mapped CIP pathway is available.
Candidate_009,Licensed Practical Nurse (L.P.N.),Active Listening,3.88,4.0,0.0,0.788,30.39,0.594,59.44,1,0,False,No mapped CIP pathway available,Investigate education/training pathways separately,Medium,Lower,Consider developing Active Listening as a medium-priority skill gap (59.44%). Investigate relevant education or training pathways separately because no mapped CIP pathway is available.
Candidate_009,Licensed Practical Nurse (L.P.N.),Monitoring,3.88,4.0,0.0,0.788,30.39,0.594,59.44,1,0,False,No mapped CIP pathway available,Investigate education/training pathways separately,Medium,Lower,Consider developing Monitoring as a medium-priority skill gap (59.44%). Investigate relevant education or training pathways separately because no mapped CIP pathway is available.
Candidate_009,Licensed Practical Nurse (L.P.N.),Speaking,3.88,4.0,0.0,0.788,30.39,0.594,59.44,1,0,False,No mapped CIP pathway available,Investigate education/training pathways separately,Medium,Lower,Consider developing Speaking as a medium-priority skill gap (59.44%). Investigate relevant education or training pathways separately because no mapped CIP pathway is available.
Candidate_009,Office Administrator,Active Listening,4.0,4.0,0.0,0.8,52.86,0.691,69.14,1,13,True,CIP pathway available,Review mapped CIP education pathways,Medium,Moderate,Consider developing Active Listening as a medium-priority skill gap (69.14%). Review mapped CIP education pathways for this occupation.
Candidate_009,Office Administrator,Monitoring,4.0,4.0,0.0,0.8,52.86,0.691,69.14,1,13,True,CIP pathway available,Review mapped CIP education pathways,Medium,Moderate,Consider developing Monitoring as a medium-priority skill gap (69.14%). Review mapped CIP education pathways for this occupation.
Candidate_009,Office Administrator,Speaking,4.0,4.0,0.0,0.8,52.86,0.691,69.14,1,13,True,CIP pathway available,Review mapped CIP education pathways,Medium,Moderate,Consider developing Speaking as a medium-priority skill gap (69.14%). Review mapped CIP education pathways for this occupation.
Candidate_009,Office Manager,Monitoring,4.0,4.0,0.0,0.8,52.86,0.691,69.14,1,0,False,No mapped CIP pathway available,Investigate education/training pathways separately,Medium,Moderate,Consider developing Monitoring as a medium-priority skill gap (69.14%). Investigate relevant education or training pathways separately because no mapped CIP pathway is available.
Candidate_009,Office Manager,Speaking,4.0,4.0,0.0,0.8,52.86,0.691,69.14,1,0,False,No mapped CIP pathway available,Investigate education/training pathways separately,Medium,Moderate,Consider developing Speaking as a medium-priority skill gap (69.14%). Investigate relevant education or training pathways separately because no mapped CIP pathway is available.
Candidate_009,Office Manager,Active Listening,4.0,3.88,0.0,0.788,52.86,0.684,68.42,2,0,False,No mapped CIP pathway available,Investigate education/training pathways separately,Medium,Moderate,Consider developing Active Listening as a medium-priority skill gap (68.42%). Investigate relevant education or training pathways separately because no mapped CIP pathway is available.
Candidate_009,Restaurant Manager,Speaking,3.88,4.0,0.0,0.788,58.65,0.707,70.74,1,0,False,No mapped CIP pathway available,Investigate education/training pathways separately,High,Moderate,Prioritize developing Speaking. The skill gap has high prescriptive priority (70.74%). Investigate relevant education or training pathways separately because no mapped CIP pathway is available.
Candidate_009,Restaurant Manager,Monitoring,3.88,3.88,0.0,0.776,58.65,0.7,70.02,2,0,False,No mapped CIP pathway available,Investigate education/training pathways separately,High,Moderate,Prioritize developing Monitoring. The skill gap has high prescriptive priority (70.02%). Investigate relevant education or training pathways separately because no mapped CIP pathway is available.
Candidate_009,Restaurant Manager,Active Listening,3.88,3.5,0.0,0.738,58.65,0.677,67.74,3,0,False,No mapped CIP pathway available,Investigate education/training pathways separately,Medium,Moderate,Consider developing Active Listening as a medium-priority skill gap (67.74%). Investigate relevant education or training pathways separately because no mapped CIP pathway is available.
Candidate_009,Retail Sales Associate,Active Listening,3.75,3.75,0.0,0.75,86.44,0.796,79.58,1,0,False,No mapped CIP pathway available,Investigate education/training pathways separately,High,High,Prioritize developing Active Listening. The skill gap has high prescriptive priority (79.58%) and the occupation has high Canadian labour demand (86.44%). Investigate relevant education or training pathways separately because no mapped CIP pathway is available.
Candidate_009,Retail Sales Associate,Speaking,3.75,3.12,0.0,0.687,86.44,0.758,75.8,2,0,False,No mapped CIP pathway available,Investigate education/training pathways separately,High,High,Prioritize developing Speaking. The skill gap has high prescriptive priority (75.80%) and the occupation has high Canadian labour demand (86.44%). Investigate relevant education or training pathways separately because no mapped CIP pathway is available.
Candidate_009,Retail Sales Associate,Critical Thinking,3.12,3.12,0.0,0.624,86.44,0.72,72.02,3,0,False,No mapped CIP pathway available,Investigate education/training pathways separately,High,High,Prioritize developing Critical Thinking. The skill gap has high prescriptive priority (72.02%) and the occupation has high Canadian labour demand (86.44%). Investigate relevant education or training pathways separately because no mapped CIP pathway is available.
Candidate_009,Secondary School Teacher,Learning Strategies,4.0,4.25,0.0,0.825,36.36,0.64,64.04,1,0,False,No mapped CIP pathway available,Investigate education/training pathways separately,Medium,Lower,Consider developing Learning Strategies as a medium-priority skill gap (64.04%). Investigate relevant education or training pathways separately because no mapped CIP pathway is available.
Candidate_009,Secondary School Teacher,Speaking,4.0,4.12,0.0,0.812,36.36,0.633,63.26,2,0,False,No mapped CIP pathway available,Investigate education/training pathways separately,Medium,Lower,Consider developing Speaking as a medium-priority skill gap (63.26%). Investigate relevant education or training pathways separately because no mapped CIP pathway is available.
Candidate_009,Secondary School Teacher,Active Listening,4.0,4.0,0.0,0.8,36.36,0.625,62.54,3,0,False,No mapped CIP pathway available,Investigate education/training pathways separately,Medium,Lower,Consider developing Active Listening as a medium-priority skill gap (62.54%). Investigate relevant education or training pathways separately because no mapped CIP pathway is available.
Candidate_009,Software Developer,Critical Thinking,3.88,4.12,0.0,0.8,22.91,0.572,57.16,1,0,False,No mapped CIP pathway available,Investigate education/training pathways separately,Medium,Lower,Consider developing Critical Thinking as a medium-priority skill gap (57.16%). Investigate relevant education or training pathways separately because no mapped CIP pathway is available.
Candidate_009,Software Developer,Active Listening,3.38,3.88,0.0,0.726,22.91,0.527,52.72,2,0,False,No mapped CIP pathway available,Investigate education/training pathways separately,Medium,Lower,Consider developing Active Listening as a medium-priority skill gap (52.72%). Investigate relevant education or training pathways separately because no mapped CIP pathway is available.
Candidate_009,Software Developer,Active Learning,3.5,3.62,0.0,0.712,22.91,0.519,51.88,3,0,False,No mapped CIP pathway available,Investigate education/training pathways separately,Medium,Lower,Consider developing Active Learning as a medium-priority skill gap (51.88%). Investigate relevant education or training pathways separately because no mapped CIP pathway is available.
Candidate_010,Administrative Assistant,Science,1.0,0.0,0.0,0.1,43.85,0.235,23.54,1,2,True,CIP pathway available,Review mapped CIP education pathways,Lower,Moderate,Consider developing Science as an additional skill for the target occupation. Review mapped CIP education pathways for this occupation.
Candidate_010,Bookkeeper,Science,1.12,0.12,0.0,0.12400000000000001,29.92,0.194,19.41,1,0,False,No mapped CIP pathway available,Investigate education/training pathways separately,Lower,Lower,Consider developing Science as an additional skill for the target occupation. Investigate relevant education or training pathways separately because no mapped CIP pathway is available.
Candidate_010,Continuing Care Assistant,Science,1.75,0.88,0.0,0.263,43.96,0.334,33.36,1,0,False,No mapped CIP pathway available,Investigate education/training pathways separately,Lower,Moderate,Consider developing Science as an additional skill for the target occupation. Investigate relevant education or training pathways separately because no mapped CIP pathway is available.
Candidate_010,Delivery Driver,Science,1.12,0.12,0.0,0.12400000000000001,37.05,0.223,22.26,1,0,False,No mapped CIP pathway available,Investigate education/training pathways separately,Lower,Lower,Consider developing Science as an additional skill for the target occupation. Investigate relevant education or training pathways separately because no mapped CIP pathway is available.
Candidate_010,"Driver, Truck",Science,1.0,0.0,0.0,0.1,88.8,0.415,41.52,1,0,False,No mapped CIP pathway available,Investigate education/training pathways separately,Lower,High,Consider developing Science because the target occupation shows high Canadian labour demand (88.80%). Investigate relevant education or training pathways separately because no mapped CIP pathway is available.
Candidate_010,Food Service Supervisor,Science,1.0,0.0,0.0,0.1,68.33,0.333,33.33,1,5,True,CIP pathway available,Review mapped CIP education pathways,Lower,Moderate,Consider developing Science as an additional skill for the target occupation. Review mapped CIP education pathways for this occupation.
Candidate_010,Information Technology (IT) Analyst,Science,2.75,3.12,0.0,0.587,26.64,0.459,45.88,1,0,False,No mapped CIP pathway available,Investigate education/training pathways separately,Lower,Lower,Consider developing Science as an additional skill for the target occupation. Investigate relevant education or training pathways separately because no mapped CIP pathway is available.
Candidate_010,Inside Sales Representative,Science,1.0,0.0,0.0,0.1,86.44,0.406,40.58,1,0,False,No CIP pathway in crosswalk,Investigate education/training pathways separately,Lower,High,Consider developing Science because the target occupation shows high Canadian labour demand (86.44%). Investigate relevant education or training pathways separately because no mapped CIP pathway is available.
Candidate_010,Licensed Practical Nurse (L.P.N.),Science,2.62,2.62,0.0,0.524,30.39,0.436,43.6,1,0,False,No mapped CIP pathway available,Investigate education/training pathways separately,Lower,Lower,Consider developing Science as an additional skill for the target occupation. Investigate relevant education or training pathways separately because no mapped CIP pathway is available.
Candidate_010,Office Administrator,Science,1.38,0.38,0.0,0.176,52.86,0.317,31.7,1,0,False,No mapped CIP pathway available,Investigate education/training pathways separately,Lower,Moderate,Consider developing Science as an additional skill for the target occupation. Investigate relevant education or training pathways separately because no mapped CIP pathway is available.
Candidate_010,Office Manager,Science,1.0,0.0,0.0,0.1,52.86,0.271,27.14,1,13,True,CIP pathway available,Review mapped CIP education pathways,Lower,Moderate,Consider developing Science as an additional skill for the target occupation. Review mapped CIP education pathways for this occupation.
Candidate_010,Restaurant Manager,Science,1.62,0.62,0.0,0.224,58.65,0.369,36.9,1,0,False,No mapped CIP pathway available,Investigate education/training pathways separately,Lower,Moderate,Consider developing Science as an additional skill for the target occupation. Investigate relevant education or training pathways separately because no mapped CIP pathway is available.
Candidate_010,Retail Sales Associate,Science,1.0,0.0,0.0,0.1,86.44,0.406,40.58,1,0,False,No CIP pathway in crosswalk,Investigate education/training pathways separately,Lower,High,Consider developing Science because the target occupation shows high Canadian labour demand (86.44%). Investigate relevant education or training pathways separately because no mapped CIP pathway is available.
Candidate_010,Secondary School Teacher,Science,2.0,1.88,0.0,0.388,36.36,0.378,37.82,1,0,False,No mapped CIP pathway available,Investigate education/training pathways separately,Lower,Lower,Consider developing Science as an additional skill for the target occupation. Investigate relevant education or training pathways separately because no mapped CIP pathway is available.
Candidate_010,Software Developer,Science,2.12,1.88,0.0,0.4,22.91,0.332,33.16,1,0,False,No mapped CIP pathway available,Investigate education/training pathways separately,Lower,Lower,Consider developing Science as an additional skill for the target occupation. Investigate relevant education or training pathways separately because no mapped CIP pathway is available.
Candidate_011,Administrative Assistant,Active Listening,4.0,3.75,0.0,0.775,43.85,0.64,64.04,1,0,False,No mapped CIP pathway available,Investigate education/training pathways separately,Medium,Moderate,Consider developing Active Listening as a medium-priority skill gap (64.04%). Investigate relevant education or training pathways separately because no mapped CIP pathway is available.
Candidate_011,Administrative Assistant,Speaking,4.0,3.62,0.0,0.762,43.85,0.633,63.26,2,0,False,No mapped CIP pathway available,Investigate education/training pathways separately,Medium,Moderate,Consider developing Speaking as a medium-priority skill gap (63.26%). Investigate relevant education or training pathways separately because no mapped CIP pathway is available.
Candidate_011,Administrative Assistant,Mathematics,2.0,1.62,0.0,0.362,43.85,0.393,39.26,3,0,False,No mapped CIP pathway available,Investigate education/training pathways separately,Lower,Moderate,Consider developing Mathematics as an additional skill for the target occupation. Investigate relevant education or training pathways separately because no mapped CIP pathway is available.
Candidate_011,Bookkeeper,Active Listening,3.25,3.75,0.0,0.7,29.92,0.54,53.97,1,0,False,No mapped CIP pathway available,Investigate education/training pathways separately,Medium,Lower,Consider developing Active Listening as a medium-priority skill gap (53.97%). Investigate relevant education or training pathways separately because no mapped CIP pathway is available.
Candidate_011,Bookkeeper,Mathematics,3.38,3.38,0.0,0.6759999999999999,29.92,0.525,52.53,2,0,False,No mapped CIP pathway available,Investigate education/training pathways separately,Medium,Lower,Consider developing Mathematics as a medium-priority skill gap (52.53%). Investigate relevant education or training pathways separately because no mapped CIP pathway is available.
Candidate_011,Bookkeeper,Speaking,3.12,3.12,0.0,0.624,29.92,0.494,49.41,3,0,False,No mapped CIP pathway available,Investigate education/training pathways separately,Lower,Lower,Consider developing Speaking as an additional skill for the target occupation. Investigate relevant education or training pathways separately because no mapped CIP pathway is available.
Candidate_011,Continuing Care Assistant,Active Listening,3.62,3.0,0.0,0.6619999999999999,43.96,0.573,57.3,1,0,False,No mapped CIP pathway available,Investigate education/training pathways separately,Medium,Moderate,Consider developing Active Listening as a medium-priority skill gap (57.30%). Investigate relevant education or training pathways separately because no mapped CIP pathway is available.
Candidate_011,Continuing Care Assistant,Speaking,3.12,3.0,0.0,0.612,43.96,0.543,54.3,2,0,False,No mapped CIP pathway available,Investigate education/training pathways separately,Medium,Moderate,Consider developing Speaking as a medium-priority skill gap (54.30%). Investigate relevant education or training pathways separately because no mapped CIP pathway is available.
Candidate_011,Continuing Care Assistant,Mathematics,2.12,1.88,0.0,0.4,43.96,0.416,41.58,3,0,False,No mapped CIP pathway available,Investigate education/training pathways separately,Lower,Moderate,Consider developing Mathematics as an additional skill for the target occupation. Investigate relevant education or training pathways separately because no mapped CIP pathway is available.
Candidate_011,Delivery Driver,Active Listening,3.12,2.88,0.0,0.6,37.05,0.508,50.82,1,0,False,No mapped CIP pathway available,Investigate education/training pathways separately,Medium,Lower,Consider developing Active Listening as a medium-priority skill gap (50.82%). Investigate relevant education or training pathways separately because no mapped CIP pathway is available.
Candidate_011,Delivery Driver,Speaking,3.12,2.88,0.0,0.6,37.05,0.508,50.82,1,0,False,No mapped CIP pathway available,Investigate education/training pathways separately,Medium,Lower,Consider developing Speaking as a medium-priority skill gap (50.82%). Investigate relevant education or training pathways separately because no mapped CIP pathway is available.
Candidate_011,Delivery Driver,Mathematics,2.25,2.12,0.0,0.43700000000000006,37.05,0.41,41.04,2,0,False,No mapped CIP pathway available,Investigate education/training pathways separately,Lower,Lower,Consider developing Mathematics as an additional skill for the target occupation. Investigate relevant education or training pathways separately because no mapped CIP pathway is available.
Candidate_011,"Driver, Truck",Active Listening,2.88,3.0,0.0,0.588,88.8,0.708,70.8,1,1,True,CIP pathway available,Review mapped CIP education pathways,High,High,Prioritize developing Active Listening. The skill gap has high prescriptive priority (70.80%) and the occupation has high Canadian labour demand (88.80%). Review mapped CIP education pathways for this occupation.
Candidate_011,"Driver, Truck",Speaking,3.0,2.88,0.0,0.588,88.8,0.708,70.8,1,1,True,CIP pathway available,Review mapped CIP education pathways,High,High,Prioritize developing Speaking. The skill gap has high prescriptive priority (70.80%) and the occupation has high Canadian labour demand (88.80%). Review mapped CIP education pathways for this occupation.
Candidate_011,"Driver, Truck",Mathematics,2.0,1.88,0.0,0.388,88.8,0.588,58.8,2,1,True,CIP pathway available,Review mapped CIP education pathways,Medium,High,Consider developing Mathematics because the target occupation shows high Canadian labour demand (88.80%). Review mapped CIP education pathways for this occupation.
Candidate_011,Food Service Supervisor,Speaking,3.88,4.0,0.0,0.788,68.33,0.746,74.61,1,0,False,No mapped CIP pathway available,Investigate education/training pathways separately,High,Moderate,Prioritize developing Speaking. The skill gap has high prescriptive priority (74.61%). Investigate relevant education or training pathways separately because no mapped CIP pathway is available.
Candidate_011,Food Service Supervisor,Active Listening,3.75,3.0,0.0,0.675,68.33,0.678,67.83,2,0,False,No mapped CIP pathway available,Investigate education/training pathways separately,Medium,Moderate,Consider developing Active Listening as a medium-priority skill gap (67.83%). Investigate relevant education or training pathways separately because no mapped CIP pathway is available.
Candidate_011,Food Service Supervisor,Mathematics,3.0,3.0,0.0,0.6,68.33,0.633,63.33,3,0,False,No mapped CIP pathway available,Investigate education/training pathways separately,Medium,Moderate,Consider developing Mathematics as a medium-priority skill gap (63.33%). Investigate relevant education or training pathways separately because no mapped CIP pathway is available.
Candidate_011,Information Technology (IT) Analyst,Active Listening,4.0,4.12,0.0,0.812,26.64,0.594,59.38,1,0,False,No mapped CIP pathway available,Investigate education/training pathways separately,Medium,Lower,Consider developing Active Listening as a medium-priority skill gap (59.38%). Investigate relevant education or training pathways separately because no mapped CIP pathway is available.
Candidate_011,Information Technology (IT) Analyst,Speaking,4.0,4.0,0.0,0.8,26.64,0.587,58.66,2,0,False,No mapped CIP pathway available,Investigate education/training pathways separately,Medium,Lower,Consider developing Speaking as a medium-priority skill gap (58.66%). Investigate relevant education or training pathways separately because no mapped CIP pathway is available.
Candidate_011,Information Technology (IT) Analyst,Mathematics,3.0,3.38,0.0,0.6379999999999999,26.64,0.489,48.94,3,0,False,No mapped CIP pathway available,Investigate education/training pathways separately,Lower,Lower,Consider developing Mathematics as an additional skill for the target occupation. Investigate relevant education or training pathways separately because no mapped CIP pathway is available.
Candidate_011,Inside Sales Representative,Active Listening,3.75,3.75,0.0,0.75,86.44,0.796,79.58,1,0,False,No mapped CIP pathway available,Investigate education/training pathways separately,High,High,Prioritize developing Active Listening. The skill gap has high prescriptive priority (79.58%) and the occupation has high Canadian labour demand (86.44%). Investigate relevant education or training pathways separately because no mapped CIP pathway is available.
Candidate_011,Inside Sales Representative,Speaking,3.75,3.12,0.0,0.687,86.44,0.758,75.8,2,0,False,No mapped CIP pathway available,Investigate education/training pathways separately,High,High,Prioritize developing Speaking. The skill gap has high prescriptive priority (75.80%) and the occupation has high Canadian labour demand (86.44%). Investigate relevant education or training pathways separately because no mapped CIP pathway is available.
Candidate_011,Inside Sales Representative,Mathematics,2.62,2.0,0.0,0.462,86.44,0.623,62.3,3,0,False,No mapped CIP pathway available,Investigate education/training pathways separately,Medium,High,Consider developing Mathematics because the target occupation shows high Canadian labour demand (86.44%). Investigate relevant education or training pathways separately because no mapped CIP pathway is available.
Candidate_011,Licensed Practical Nurse (L.P.N.),Active Listening,3.88,4.0,0.0,0.788,30.39,0.594,59.44,1,0,False,No mapped CIP pathway available,Investigate education/training pathways separately,Medium,Lower,Consider developing Active Listening as a medium-priority skill gap (59.44%). Investigate relevant education or training pathways separately because no mapped CIP pathway is available.
Candidate_011,Licensed Practical Nurse (L.P.N.),Speaking,3.88,4.0,0.0,0.788,30.39,0.594,59.44,1,0,False,No mapped CIP pathway available,Investigate education/training pathways separately,Medium,Lower,Consider developing Speaking as a medium-priority skill gap (59.44%). Investigate relevant education or training pathways separately because no mapped CIP pathway is available.
Candidate_011,Licensed Practical Nurse (L.P.N.),Mathematics,2.88,2.88,0.0,0.576,30.39,0.467,46.72,2,0,False,No mapped CIP pathway available,Investigate education/training pathways separately,Lower,Lower,Consider developing Mathematics as an additional skill for the target occupation. Investigate relevant education or training pathways separately because no mapped CIP pathway is available.
Candidate_011,Office Administrator,Active Listening,4.0,4.0,0.0,0.8,52.86,0.691,69.14,1,13,True,CIP pathway available,Review mapped CIP education pathways,Medium,Moderate,Consider developing Active Listening as a medium-priority skill gap (69.14%). Review mapped CIP education pathways for this occupation.
Candidate_011,Office Administrator,Speaking,4.0,4.0,0.0,0.8,52.86,0.691,69.14,1,13,True,CIP pathway available,Review mapped CIP education pathways,Medium,Moderate,Consider developing Speaking as a medium-priority skill gap (69.14%). Review mapped CIP education pathways for this occupation.
Candidate_011,Office Administrator,Mathematics,2.75,2.75,0.0,0.55,52.86,0.541,54.14,2,13,True,CIP pathway available,Review mapped CIP education pathways,Medium,Moderate,Consider developing Mathematics as a medium-priority skill gap (54.14%). Review mapped CIP education pathways for this occupation.
Candidate_011,Office Manager,Speaking,4.0,4.0,0.0,0.8,52.86,0.691,69.14,1,13,True,CIP pathway available,Review mapped CIP education pathways,Medium,Moderate,Consider developing Speaking as a medium-priority skill gap (69.14%). Review mapped CIP education pathways for this occupation.
Candidate_011,Office Manager,Active Listening,4.0,3.88,0.0,0.788,52.86,0.684,68.42,2,13,True,CIP pathway available,Review mapped CIP education pathways,Medium,Moderate,Consider developing Active Listening as a medium-priority skill gap (68.42%). Review mapped CIP education pathways for this occupation.
Candidate_011,Office Manager,Mathematics,2.75,2.75,0.0,0.55,52.86,0.541,54.14,3,13,True,CIP pathway available,Review mapped CIP education pathways,Medium,Moderate,Consider developing Mathematics as a medium-priority skill gap (54.14%). Review mapped CIP education pathways for this occupation.
Candidate_011,Restaurant Manager,Speaking,3.88,4.0,0.0,0.788,58.65,0.707,70.74,1,0,False,No mapped CIP pathway available,Investigate education/training pathways separately,High,Moderate,Prioritize developing Speaking. The skill gap has high prescriptive priority (70.74%). Investigate relevant education or training pathways separately because no mapped CIP pathway is available.
Candidate_011,Restaurant Manager,Active Listening,3.88,3.5,0.0,0.738,58.65,0.677,67.74,2,0,False,No mapped CIP pathway available,Investigate education/training pathways separately,Medium,Moderate,Consider developing Active Listening as a medium-priority skill gap (67.74%). Investigate relevant education or training pathways separately because no mapped CIP pathway is available.
Candidate_011,Restaurant Manager,Mathematics,2.88,2.88,0.0,0.576,58.65,0.58,58.02,3,0,False,No mapped CIP pathway available,Investigate education/training pathways separately,Medium,Moderate,Consider developing Mathematics as a medium-priority skill gap (58.02%). Investigate relevant education or training pathways separately because no mapped CIP pathway is available.
Candidate_011,Retail Sales Associate,Active Listening,3.75,3.75,0.0,0.75,86.44,0.796,79.58,1,0,False,No mapped CIP pathway available,Investigate education/training pathways separately,High,High,Prioritize developing Active Listening. The skill gap has high prescriptive priority (79.58%) and the occupation has high Canadian labour demand (86.44%). Investigate relevant education or training pathways separately because no mapped CIP pathway is available.
Candidate_011,Retail Sales Associate,Speaking,3.75,3.12,0.0,0.687,86.44,0.758,75.8,2,0,False,No mapped CIP pathway available,Investigate education/training pathways separately,High,High,Prioritize developing Speaking. The skill gap has high prescriptive priority (75.80%) and the occupation has high Canadian labour demand (86.44%). Investigate relevant education or training pathways separately because no mapped CIP pathway is available.
Candidate_011,Retail Sales Associate,Mathematics,2.62,2.0,0.0,0.462,86.44,0.623,62.3,3,0,False,No mapped CIP pathway available,Investigate education/training pathways separately,Medium,High,Consider developing Mathematics because the target occupation shows high Canadian labour demand (86.44%). Investigate relevant education or training pathways separately because no mapped CIP pathway is available.
Candidate_011,Secondary School Teacher,Speaking,4.0,4.12,0.0,0.812,36.36,0.633,63.26,1,92,True,CIP pathway available,Review mapped CIP education pathways,Medium,Lower,Consider developing Speaking as a medium-priority skill gap (63.26%). Review mapped CIP education pathways for this occupation.
Candidate_011,Secondary School Teacher,Active Listening,4.0,4.0,0.0,0.8,36.36,0.625,62.54,2,92,True,CIP pathway available,Review mapped CIP education pathways,Medium,Lower,Consider developing Active Listening as a medium-priority skill gap (62.54%). Review mapped CIP education pathways for this occupation.
Candidate_011,Secondary School Teacher,Mathematics,2.75,3.0,0.0,0.575,36.36,0.49,49.04,3,92,True,CIP pathway available,Review mapped CIP education pathways,Lower,Lower,Consider developing Mathematics as an additional skill for the target occupation. Review mapped CIP education pathways for this occupation.
Candidate_011,Software Developer,Active Listening,3.38,3.88,0.0,0.726,22.91,0.527,52.72,1,20,True,CIP pathway available,Review mapped CIP education pathways,Medium,Lower,Consider developing Active Listening as a medium-priority skill gap (52.72%). Review mapped CIP education pathways for this occupation.
Candidate_011,Software Developer,Speaking,3.12,3.62,0.0,0.6739999999999999,22.91,0.496,49.6,2,20,True,CIP pathway available,Review mapped CIP education pathways,Lower,Lower,Consider developing Speaking as an additional skill for the target occupation. Review mapped CIP education pathways for this occupation.
Candidate_011,Software Developer,Mathematics,2.75,3.25,0.0,0.6000000000000001,22.91,0.452,45.16,3,20,True,CIP pathway available,Review mapped CIP education pathways,Lower,Lower,Consider developing Mathematics as an additional skill for the target occupation. Review mapped CIP education pathways for this occupation.
Candidate_012,Administrative Assistant,Active Listening,4.0,3.75,0.0,0.775,43.85,0.64,64.04,1,0,False,No mapped CIP pathway available,Investigate education/training pathways separately,Medium,Moderate,Consider developing Active Listening as a medium-priority skill gap (64.04%). Investigate relevant education or training pathways separately because no mapped CIP pathway is available.
Candidate_012,Administrative Assistant,Speaking,4.0,3.62,0.0,0.762,43.85,0.633,63.26,2,0,False,No mapped CIP pathway available,Investigate education/training pathways separately,Medium,Moderate,Consider developing Speaking as a medium-priority skill gap (63.26%). Investigate relevant education or training pathways separately because no mapped CIP pathway is available.
Candidate_012,Administrative Assistant,Writing,3.75,3.5,0.0,0.725,43.85,0.61,61.04,3,0,False,No mapped CIP pathway available,Investigate education/training pathways separately,Medium,Moderate,Consider developing Writing as a medium-priority skill gap (61.04%). Investigate relevant education or training pathways separately because no mapped CIP pathway is available.
Candidate_012,Bookkeeper,Active Listening,3.25,3.75,0.0,0.7,29.92,0.54,53.97,1,0,False,No mapped CIP pathway available,Investigate education/training pathways separately,Medium,Lower,Consider developing Active Listening as a medium-priority skill gap (53.97%). Investigate relevant education or training pathways separately because no mapped CIP pathway is available.
Candidate_012,Bookkeeper,Speaking,3.12,3.12,0.0,0.624,29.92,0.494,49.41,2,0,False,No mapped CIP pathway available,Investigate education/training pathways separately,Lower,Lower,Consider developing Speaking as an additional skill for the target occupation. Investigate relevant education or training pathways separately because no mapped CIP pathway is available.
Candidate_012,Bookkeeper,Writing,3.12,3.12,0.0,0.624,29.92,0.494,49.41,2,0,False,No mapped CIP pathway available,Investigate education/training pathways separately,Lower,Lower,Consider developing Writing as an additional skill for the target occupation. Investigate relevant education or training pathways separately because no mapped CIP pathway is available.
Candidate_012,Continuing Care Assistant,Active Listening,3.62,3.0,0.0,0.6619999999999999,43.96,0.573,57.3,1,0,False,No mapped CIP pathway available,Investigate education/training pathways separately,Medium,Moderate,Consider developing Active Listening as a medium-priority skill gap (57.30%). Investigate relevant education or training pathways separately because no mapped CIP pathway is available.
Candidate_012,Continuing Care Assistant,Speaking,3.12,3.0,0.0,0.612,43.96,0.543,54.3,2,0,False,No mapped CIP pathway available,Investigate education/training pathways separately,Medium,Moderate,Consider developing Speaking as a medium-priority skill gap (54.30%). Investigate relevant education or training pathways separately because no mapped CIP pathway is available.
Candidate_012,Continuing Care Assistant,Writing,2.75,2.75,0.0,0.55,43.96,0.506,50.58,3,0,False,No mapped CIP pathway available,Investigate education/training pathways separately,Medium,Moderate,Consider developing Writing as a medium-priority skill gap (50.58%). Investigate relevant education or training pathways separately because no mapped CIP pathway is available.
Candidate_012,Delivery Driver,Active Listening,3.12,2.88,0.0,0.6,37.05,0.508,50.82,1,0,False,No mapped CIP pathway available,Investigate education/training pathways separately,Medium,Lower,Consider developing Active Listening as a medium-priority skill gap (50.82%). Investigate relevant education or training pathways separately because no mapped CIP pathway is available.
Candidate_012,Delivery Driver,Speaking,3.12,2.88,0.0,0.6,37.05,0.508,50.82,1,0,False,No mapped CIP pathway available,Investigate education/training pathways separately,Medium,Lower,Consider developing Speaking as a medium-priority skill gap (50.82%). Investigate relevant education or training pathways separately because no mapped CIP pathway is available.
Candidate_012,Delivery Driver,Writing,2.75,2.5,0.0,0.525,37.05,0.463,46.32,2,0,False,No mapped CIP pathway available,Investigate education/training pathways separately,Lower,Lower,Consider developing Writing as an additional skill for the target occupation. Investigate relevant education or training pathways separately because no mapped CIP pathway is available.
Candidate_012,"Driver, Truck",Active Listening,2.88,3.0,0.0,0.588,88.8,0.708,70.8,1,0,False,No mapped CIP pathway available,Investigate education/training pathways separately,High,High,Prioritize developing Active Listening. The skill gap has high prescriptive priority (70.80%) and the occupation has high Canadian labour demand (88.80%). Investigate relevant education or training pathways separately because no mapped CIP pathway is available.
Candidate_012,"Driver, Truck",Speaking,3.0,2.88,0.0,0.588,88.8,0.708,70.8,1,0,False,No mapped CIP pathway available,Investigate education/training pathways separately,High,High,Prioritize developing Speaking. The skill gap has high prescriptive priority (70.80%) and the occupation has high Canadian labour demand (88.80%). Investigate relevant education or training pathways separately because no mapped CIP pathway is available.
Candidate_012,"Driver, Truck",Writing,2.75,2.62,0.0,0.537,88.8,0.677,67.74,2,0,False,No mapped CIP pathway available,Investigate education/training pathways separately,Medium,High,Consider developing Writing because the target occupation shows high Canadian labour demand (88.80%). Investigate relevant education or training pathways separately because no mapped CIP pathway is available.
Candidate_012,Food Service Supervisor,Speaking,3.88,4.0,0.0,0.788,68.33,0.746,74.61,1,0,False,No mapped CIP pathway available,Investigate education/training pathways separately,High,Moderate,Prioritize developing Speaking. The skill gap has high prescriptive priority (74.61%). Investigate relevant education or training pathways separately because no mapped CIP pathway is available.
Candidate_012,Food Service Supervisor,Active Listening,3.75,3.0,0.0,0.675,68.33,0.678,67.83,2,0,False,No mapped CIP pathway available,Investigate education/training pathways separately,Medium,Moderate,Consider developing Active Listening as a medium-priority skill gap (67.83%). Investigate relevant education or training pathways separately because no mapped CIP pathway is available.
Candidate_012,Food Service Supervisor,Writing,3.0,3.12,0.0,0.612,68.33,0.641,64.05,3,0,False,No mapped CIP pathway available,Investigate education/training pathways separately,Medium,Moderate,Consider developing Writing as a medium-priority skill gap (64.05%). Investigate relevant education or training pathways separately because no mapped CIP pathway is available.
Candidate_012,Information Technology (IT) Analyst,Active Listening,4.0,4.12,0.0,0.812,26.64,0.594,59.38,1,22,True,CIP pathway available,Review mapped CIP education pathways,Medium,Lower,Consider developing Active Listening as a medium-priority skill gap (59.38%). Review mapped CIP education pathways for this occupation.
Candidate_012,Information Technology (IT) Analyst,Speaking,4.0,4.0,0.0,0.8,26.64,0.587,58.66,2,22,True,CIP pathway available,Review mapped CIP education pathways,Medium,Lower,Consider developing Speaking as a medium-priority skill gap (58.66%). Review mapped CIP education pathways for this occupation.
Candidate_012,Information Technology (IT) Analyst,Writing,4.0,4.0,0.0,0.8,26.64,0.587,58.66,2,22,True,CIP pathway available,Review mapped CIP education pathways,Medium,Lower,Consider developing Writing as a medium-priority skill gap (58.66%). Review mapped CIP education pathways for this occupation.
Candidate_012,Inside Sales Representative,Active Listening,3.75,3.75,0.0,0.75,86.44,0.796,79.58,1,0,False,No mapped CIP pathway available,Investigate education/training pathways separately,High,High,Prioritize developing Active Listening. The skill gap has high prescriptive priority (79.58%) and the occupation has high Canadian labour demand (86.44%). Investigate relevant education or training pathways separately because no mapped CIP pathway is available.
Candidate_012,Inside Sales Representative,Speaking,3.75,3.12,0.0,0.687,86.44,0.758,75.8,2,0,False,No mapped CIP pathway available,Investigate education/training pathways separately,High,High,Prioritize developing Speaking. The skill gap has high prescriptive priority (75.80%) and the occupation has high Canadian labour demand (86.44%). Investigate relevant education or training pathways separately because no mapped CIP pathway is available.
Candidate_012,Inside Sales Representative,Writing,3.0,3.0,0.0,0.6,86.44,0.706,70.58,3,0,False,No mapped CIP pathway available,Investigate education/training pathways separately,High,High,Prioritize developing Writing. The skill gap has high prescriptive priority (70.58%) and the occupation has high Canadian labour demand (86.44%). Investigate relevant education or training pathways separately because no mapped CIP pathway is available.
Candidate_012,Licensed Practical Nurse (L.P.N.),Active Listening,3.88,4.0,0.0,0.788,30.39,0.594,59.44,1,2,True,CIP pathway available,Review mapped CIP education pathways,Medium,Lower,Consider developing Active Listening as a medium-priority skill gap (59.44%). Review mapped CIP education pathways for this occupation.
Candidate_012,Licensed Practical Nurse (L.P.N.),Speaking,3.88,4.0,0.0,0.788,30.39,0.594,59.44,1,2,True,CIP pathway available,Review mapped CIP education pathways,Medium,Lower,Consider developing Speaking as a medium-priority skill gap (59.44%). Review mapped CIP education pathways for this occupation.
Candidate_012,Licensed Practical Nurse (L.P.N.),Writing,3.25,3.12,0.0,0.637,30.39,0.504,50.38,2,2,True,CIP pathway available,Review mapped CIP education pathways,Medium,Lower,Consider developing Writing as a medium-priority skill gap (50.38%). Review mapped CIP education pathways for this occupation.
Candidate_012,Office Administrator,Active Listening,4.0,4.0,0.0,0.8,52.86,0.691,69.14,1,0,False,No mapped CIP pathway available,Investigate education/training pathways separately,Medium,Moderate,Consider developing Active Listening as a medium-priority skill gap (69.14%). Investigate relevant education or training pathways separately because no mapped CIP pathway is available.
Candidate_012,Office Administrator,Speaking,4.0,4.0,0.0,0.8,52.86,0.691,69.14,1,0,False,No mapped CIP pathway available,Investigate education/training pathways separately,Medium,Moderate,Consider developing Speaking as a medium-priority skill gap (69.14%). Investigate relevant education or training pathways separately because no mapped CIP pathway is available.
Candidate_012,Office Administrator,Writing,3.75,3.75,0.0,0.75,52.86,0.661,66.14,2,0,False,No mapped CIP pathway available,Investigate education/training pathways separately,Medium,Moderate,Consider developing Writing as a medium-priority skill gap (66.14%). Investigate relevant education or training pathways separately because no mapped CIP pathway is available.
Candidate_012,Office Manager,Speaking,4.0,4.0,0.0,0.8,52.86,0.691,69.14,1,0,False,No mapped CIP pathway available,Investigate education/training pathways separately,Medium,Moderate,Consider developing Speaking as a medium-priority skill gap (69.14%). Investigate relevant education or training pathways separately because no mapped CIP pathway is available.
Candidate_012,Office Manager,Active Listening,4.0,3.88,0.0,0.788,52.86,0.684,68.42,2,0,False,No mapped CIP pathway available,Investigate education/training pathways separately,Medium,Moderate,Consider developing Active Listening as a medium-priority skill gap (68.42%). Investigate relevant education or training pathways separately because no mapped CIP pathway is available.
Candidate_012,Office Manager,Writing,3.75,3.75,0.0,0.75,52.86,0.661,66.14,3,0,False,No mapped CIP pathway available,Investigate education/training pathways separately,Medium,Moderate,Consider developing Writing as a medium-priority skill gap (66.14%). Investigate relevant education or training pathways separately because no mapped CIP pathway is available.
Candidate_012,Restaurant Manager,Speaking,3.88,4.0,0.0,0.788,58.65,0.707,70.74,1,10,True,CIP pathway available,Review mapped CIP education pathways,High,Moderate,Prioritize developing Speaking. The skill gap has high prescriptive priority (70.74%). Review mapped CIP education pathways for this occupation.
Candidate_012,Restaurant Manager,Active Listening,3.88,3.5,0.0,0.738,58.65,0.677,67.74,2,10,True,CIP pathway available,Review mapped CIP education pathways,Medium,Moderate,Consider developing Active Listening as a medium-priority skill gap (67.74%). Review mapped CIP education pathways for this occupation.
Candidate_012,Restaurant Manager,Writing,3.0,3.12,0.0,0.612,58.65,0.602,60.18,3,10,True,CIP pathway available,Review mapped CIP education pathways,Medium,Moderate,Consider developing Writing as a medium-priority skill gap (60.18%). Review mapped CIP education pathways for this occupation.
Candidate_012,Retail Sales Associate,Active Listening,3.75,3.75,0.0,0.75,86.44,0.796,79.58,1,0,False,No mapped CIP pathway available,Investigate education/training pathways separately,High,High,Prioritize developing Active Listening. The skill gap has high prescriptive priority (79.58%) and the occupation has high Canadian labour demand (86.44%). Investigate relevant education or training pathways separately because no mapped CIP pathway is available.
Candidate_012,Retail Sales Associate,Speaking,3.75,3.12,0.0,0.687,86.44,0.758,75.8,2,0,False,No mapped CIP pathway available,Investigate education/training pathways separately,High,High,Prioritize developing Speaking. The skill gap has high prescriptive priority (75.80%) and the occupation has high Canadian labour demand (86.44%). Investigate relevant education or training pathways separately because no mapped CIP pathway is available.
Candidate_012,Retail Sales Associate,Writing,3.0,3.0,0.0,0.6,86.44,0.706,70.58,3,0,False,No mapped CIP pathway available,Investigate education/training pathways separately,High,High,Prioritize developing Writing. The skill gap has high prescriptive priority (70.58%) and the occupation has high Canadian labour demand (86.44%). Investigate relevant education or training pathways separately because no mapped CIP pathway is available.
Candidate_012,Secondary School Teacher,Speaking,4.0,4.12,0.0,0.812,36.36,0.633,63.26,1,92,True,CIP pathway available,Review mapped CIP education pathways,Medium,Lower,Consider developing Speaking as a medium-priority skill gap (63.26%). Review mapped CIP education pathways for this occupation.
Candidate_012,Secondary School Teacher,Active Listening,4.0,4.0,0.0,0.8,36.36,0.625,62.54,2,92,True,CIP pathway available,Review mapped CIP education pathways,Medium,Lower,Consider developing Active Listening as a medium-priority skill gap (62.54%). Review mapped CIP education pathways for this occupation.
Candidate_012,Secondary School Teacher,Writing,3.62,3.75,0.0,0.737,36.36,0.588,58.76,3,92,True,CIP pathway available,Review mapped CIP education pathways,Medium,Lower,Consider developing Writing as a medium-priority skill gap (58.76%). Review mapped CIP education pathways for this occupation.
Candidate_012,Software Developer,Active Listening,3.38,3.88,0.0,0.726,22.91,0.527,52.72,1,20,True,CIP pathway available,Review mapped CIP education pathways,Medium,Lower,Consider developing Active Listening as a medium-priority skill gap (52.72%). Review mapped CIP education pathways for this occupation.
Candidate_012,Software Developer,Writing,3.25,3.62,0.0,0.687,22.91,0.504,50.38,2,20,True,CIP pathway available,Review mapped CIP education pathways,Medium,Lower,Consider developing Writing as a medium-priority skill gap (50.38%). Review mapped CIP education pathways for this occupation.
Candidate_012,Software Developer,Speaking,3.12,3.62,0.0,0.6739999999999999,22.91,0.496,49.6,3,20,True,CIP pathway available,Review mapped CIP education pathways,Lower,Lower,Consider developing Speaking as an additional skill for the target occupation. Review mapped CIP education pathways for this occupation.
Candidate_013,Administrative Assistant,Active Listening,4.0,3.75,0.0,0.775,43.85,0.64,64.04,1,0,False,No mapped CIP pathway available,Investigate education/training pathways separately,Medium,Moderate,Consider developing Active Listening as a medium-priority skill gap (64.04%). Investigate relevant education or training pathways separately because no mapped CIP pathway is available.
Candidate_013,Administrative Assistant,Speaking,4.0,3.62,0.0,0.762,43.85,0.633,63.26,2,0,False,No mapped CIP pathway available,Investigate education/training pathways separately,Medium,Moderate,Consider developing Speaking as a medium-priority skill gap (63.26%). Investigate relevant education or training pathways separately because no mapped CIP pathway is available.
Candidate_013,Administrative Assistant,Writing,3.75,3.5,0.0,0.725,43.85,0.61,61.04,3,0,False,No mapped CIP pathway available,Investigate education/training pathways separately,Medium,Moderate,Consider developing Writing as a medium-priority skill gap (61.04%). Investigate relevant education or training pathways separately because no mapped CIP pathway is available.
Candidate_013,Bookkeeper,Active Listening,3.25,3.75,0.0,0.7,29.92,0.54,53.97,1,1,True,CIP pathway available,Review mapped CIP education pathways,Medium,Lower,Consider developing Active Listening as a medium-priority skill gap (53.97%). Review mapped CIP education pathways for this occupation.
Candidate_013,Bookkeeper,Speaking,3.12,3.12,0.0,0.624,29.92,0.494,49.41,2,1,True,CIP pathway available,Review mapped CIP education pathways,Lower,Lower,Consider developing Speaking as an additional skill for the target occupation. Review mapped CIP education pathways for this occupation.
Candidate_013,Bookkeeper,Writing,3.12,3.12,0.0,0.624,29.92,0.494,49.41,2,1,True,CIP pathway available,Review mapped CIP education pathways,Lower,Lower,Consider developing Writing as an additional skill for the target occupation. Review mapped CIP education pathways for this occupation.
Candidate_013,Continuing Care Assistant,Active Listening,3.62,3.0,0.0,0.6619999999999999,43.96,0.573,57.3,1,0,False,No mapped CIP pathway available,Investigate education/training pathways separately,Medium,Moderate,Consider developing Active Listening as a medium-priority skill gap (57.30%). Investigate relevant education or training pathways separately because no mapped CIP pathway is available.
Candidate_013,Continuing Care Assistant,Monitoring,3.25,3.0,0.0,0.625,43.96,0.551,55.08,2,0,False,No mapped CIP pathway available,Investigate education/training pathways separately,Medium,Moderate,Consider developing Monitoring as a medium-priority skill gap (55.08%). Investigate relevant education or training pathways separately because no mapped CIP pathway is available.
Candidate_013,Continuing Care Assistant,Speaking,3.12,3.0,0.0,0.612,43.96,0.543,54.3,3,0,False,No mapped CIP pathway available,Investigate education/training pathways separately,Medium,Moderate,Consider developing Speaking as a medium-priority skill gap (54.30%). Investigate relevant education or training pathways separately because no mapped CIP pathway is available.
Candidate_013,Delivery Driver,Active Listening,3.12,2.88,0.0,0.6,37.05,0.508,50.82,1,0,False,No mapped CIP pathway available,Investigate education/training pathways separately,Medium,Lower,Consider developing Active Listening as a medium-priority skill gap (50.82%). Investigate relevant education or training pathways separately because no mapped CIP pathway is available.
Candidate_013,Delivery Driver,Speaking,3.12,2.88,0.0,0.6,37.05,0.508,50.82,1,0,False,No mapped CIP pathway available,Investigate education/training pathways separately,Medium,Lower,Consider developing Speaking as a medium-priority skill gap (50.82%). Investigate relevant education or training pathways separately because no mapped CIP pathway is available.
Candidate_013,Delivery Driver,Monitoring,3.12,2.75,0.0,0.587,37.05,0.5,50.04,2,0,False,No mapped CIP pathway available,Investigate education/training pathways separately,Medium,Lower,Consider developing Monitoring as a medium-priority skill gap (50.04%). Investigate relevant education or training pathways separately because no mapped CIP pathway is available.
Candidate_013,"Driver, Truck",Monitoring,3.12,3.0,0.0,0.612,88.8,0.722,72.24,1,0,False,No mapped CIP pathway available,Investigate education/training pathways separately,High,High,Prioritize developing Monitoring. The skill gap has high prescriptive priority (72.24%) and the occupation has high Canadian labour demand (88.80%). Investigate relevant education or training pathways separately because no mapped CIP pathway is available.
Candidate_013,"Driver, Truck",Active Listening,2.88,3.0,0.0,0.588,88.8,0.708,70.8,2,0,False,No mapped CIP pathway available,Investigate education/training pathways separately,High,High,Prioritize developing Active Listening. The skill gap has high prescriptive priority (70.80%) and the occupation has high Canadian labour demand (88.80%). Investigate relevant education or training pathways separately because no mapped CIP pathway is available.
Candidate_013,"Driver, Truck",Speaking,3.0,2.88,0.0,0.588,88.8,0.708,70.8,2,0,False,No mapped CIP pathway available,Investigate education/training pathways separately,High,High,Prioritize developing Speaking. The skill gap has high prescriptive priority (70.80%) and the occupation has high Canadian labour demand (88.80%). Investigate relevant education or training pathways separately because no mapped CIP pathway is available.
Candidate_013,Food Service Supervisor,Monitoring,3.88,4.0,0.0,0.788,68.33,0.746,74.61,1,0,False,No mapped CIP pathway available,Investigate education/training pathways separately,High,Moderate,Prioritize developing Monitoring. The skill gap has high prescriptive priority (74.61%). Investigate relevant education or training pathways separately because no mapped CIP pathway is available.
Candidate_013,Food Service Supervisor,Speaking,3.88,4.0,0.0,0.788,68.33,0.746,74.61,1,0,False,No mapped CIP pathway available,Investigate education/training pathways separately,High,Moderate,Prioritize developing Speaking. The skill gap has high prescriptive priority (74.61%). Investigate relevant education or training pathways separately because no mapped CIP pathway is available.
Candidate_013,Food Service Supervisor,Active Listening,3.75,3.0,0.0,0.675,68.33,0.678,67.83,2,0,False,No mapped CIP pathway available,Investigate education/training pathways separately,Medium,Moderate,Consider developing Active Listening as a medium-priority skill gap (67.83%). Investigate relevant education or training pathways separately because no mapped CIP pathway is available.
Candidate_013,Information Technology (IT) Analyst,Active Listening,4.0,4.12,0.0,0.812,26.64,0.594,59.38,1,0,False,No mapped CIP pathway available,Investigate education/training pathways separately,Medium,Lower,Consider developing Active Listening as a medium-priority skill gap (59.38%). Investigate relevant education or training pathways separately because no mapped CIP pathway is available.
Candidate_013,Information Technology (IT) Analyst,Speaking,4.0,4.0,0.0,0.8,26.64,0.587,58.66,2,0,False,No mapped CIP pathway available,Investigate education/training pathways separately,Medium,Lower,Consider developing Speaking as a medium-priority skill gap (58.66%). Investigate relevant education or training pathways separately because no mapped CIP pathway is available.
Candidate_013,Information Technology (IT) Analyst,Writing,4.0,4.0,0.0,0.8,26.64,0.587,58.66,2,0,False,No mapped CIP pathway available,Investigate education/training pathways separately,Medium,Lower,Consider developing Writing as a medium-priority skill gap (58.66%). Investigate relevant education or training pathways separately because no mapped CIP pathway is available.
Candidate_013,Inside Sales Representative,Active Listening,3.75,3.75,0.0,0.75,86.44,0.796,79.58,1,0,False,No mapped CIP pathway available,Investigate education/training pathways separately,High,High,Prioritize developing Active Listening. The skill gap has high prescriptive priority (79.58%) and the occupation has high Canadian labour demand (86.44%). Investigate relevant education or training pathways separately because no mapped CIP pathway is available.
Candidate_013,Inside Sales Representative,Speaking,3.75,3.12,0.0,0.687,86.44,0.758,75.8,2,0,False,No mapped CIP pathway available,Investigate education/training pathways separately,High,High,Prioritize developing Speaking. The skill gap has high prescriptive priority (75.80%) and the occupation has high Canadian labour demand (86.44%). Investigate relevant education or training pathways separately because no mapped CIP pathway is available.
Candidate_013,Inside Sales Representative,Monitoring,3.0,3.12,0.0,0.612,86.44,0.713,71.3,3,0,False,No mapped CIP pathway available,Investigate education/training pathways separately,High,High,Prioritize developing Monitoring. The skill gap has high prescriptive priority (71.30%) and the occupation has high Canadian labour demand (86.44%). Investigate relevant education or training pathways separately because no mapped CIP pathway is available.
Candidate_013,Licensed Practical Nurse (L.P.N.),Active Listening,3.88,4.0,0.0,0.788,30.39,0.594,59.44,1,0,False,No mapped CIP pathway available,Investigate education/training pathways separately,Medium,Lower,Consider developing Active Listening as a medium-priority skill gap (59.44%). Investigate relevant education or training pathways separately because no mapped CIP pathway is available.
Candidate_013,Licensed Practical Nurse (L.P.N.),Monitoring,3.88,4.0,0.0,0.788,30.39,0.594,59.44,1,0,False,No mapped CIP pathway available,Investigate education/training pathways separately,Medium,Lower,Consider developing Monitoring as a medium-priority skill gap (59.44%). Investigate relevant education or training pathways separately because no mapped CIP pathway is available.
Candidate_013,Licensed Practical Nurse (L.P.N.),Speaking,3.88,4.0,0.0,0.788,30.39,0.594,59.44,1,0,False,No mapped CIP pathway available,Investigate education/training pathways separately,Medium,Lower,Consider developing Speaking as a medium-priority skill gap (59.44%). Investigate relevant education or training pathways separately because no mapped CIP pathway is available.
Candidate_013,Office Administrator,Active Listening,4.0,4.0,0.0,0.8,52.86,0.691,69.14,1,13,True,CIP pathway available,Review mapped CIP education pathways,Medium,Moderate,Consider developing Active Listening as a medium-priority skill gap (69.14%). Review mapped CIP education pathways for this occupation.
Candidate_013,Office Administrator,Monitoring,4.0,4.0,0.0,0.8,52.86,0.691,69.14,1,13,True,CIP pathway available,Review mapped CIP education pathways,Medium,Moderate,Consider developing Monitoring as a medium-priority skill gap (69.14%). Review mapped CIP education pathways for this occupation.
Candidate_013,Office Administrator,Speaking,4.0,4.0,0.0,0.8,52.86,0.691,69.14,1,13,True,CIP pathway available,Review mapped CIP education pathways,Medium,Moderate,Consider developing Speaking as a medium-priority skill gap (69.14%). Review mapped CIP education pathways for this occupation.
Candidate_013,Office Manager,Monitoring,4.0,4.0,0.0,0.8,52.86,0.691,69.14,1,13,True,CIP pathway available,Review mapped CIP education pathways,Medium,Moderate,Consider developing Monitoring as a medium-priority skill gap (69.14%). Review mapped CIP education pathways for this occupation.
Candidate_013,Office Manager,Speaking,4.0,4.0,0.0,0.8,52.86,0.691,69.14,1,13,True,CIP pathway available,Review mapped CIP education pathways,Medium,Moderate,Consider developing Speaking as a medium-priority skill gap (69.14%). Review mapped CIP education pathways for this occupation.
Candidate_013,Office Manager,Active Listening,4.0,3.88,0.0,0.788,52.86,0.684,68.42,2,13,True,CIP pathway available,Review mapped CIP education pathways,Medium,Moderate,Consider developing Active Listening as a medium-priority skill gap (68.42%). Review mapped CIP education pathways for this occupation.
Candidate_013,Restaurant Manager,Speaking,3.88,4.0,0.0,0.788,58.65,0.707,70.74,1,0,False,No mapped CIP pathway available,Investigate education/training pathways separately,High,Moderate,Prioritize developing Speaking. The skill gap has high prescriptive priority (70.74%). Investigate relevant education or training pathways separately because no mapped CIP pathway is available.
Candidate_013,Restaurant Manager,Monitoring,3.88,3.88,0.0,0.776,58.65,0.7,70.02,2,0,False,No mapped CIP pathway available,Investigate education/training pathways separately,High,Moderate,Prioritize developing Monitoring. The skill gap has high prescriptive priority (70.02%). Investigate relevant education or training pathways separately because no mapped CIP pathway is available.
Candidate_013,Restaurant Manager,Active Listening,3.88,3.5,0.0,0.738,58.65,0.677,67.74,3,0,False,No mapped CIP pathway available,Investigate education/training pathways separately,Medium,Moderate,Consider developing Active Listening as a medium-priority skill gap (67.74%). Investigate relevant education or training pathways separately because no mapped CIP pathway is available.
Candidate_013,Retail Sales Associate,Active Listening,3.75,3.75,0.0,0.75,86.44,0.796,79.58,1,0,False,No mapped CIP pathway available,Investigate education/training pathways separately,High,High,Prioritize developing Active Listening. The skill gap has high prescriptive priority (79.58%) and the occupation has high Canadian labour demand (86.44%). Investigate relevant education or training pathways separately because no mapped CIP pathway is available.
Candidate_013,Retail Sales Associate,Speaking,3.75,3.12,0.0,0.687,86.44,0.758,75.8,2,0,False,No mapped CIP pathway available,Investigate education/training pathways separately,High,High,Prioritize developing Speaking. The skill gap has high prescriptive priority (75.80%) and the occupation has high Canadian labour demand (86.44%). Investigate relevant education or training pathways separately because no mapped CIP pathway is available.
Candidate_013,Retail Sales Associate,Monitoring,3.0,3.12,0.0,0.612,86.44,0.713,71.3,3,0,False,No mapped CIP pathway available,Investigate education/training pathways separately,High,High,Prioritize developing Monitoring. The skill gap has high prescriptive priority (71.30%) and the occupation has high Canadian labour demand (86.44%). Investigate relevant education or training pathways separately because no mapped CIP pathway is available.
Candidate_013,Secondary School Teacher,Speaking,4.0,4.12,0.0,0.812,36.36,0.633,63.26,1,92,True,CIP pathway available,Review mapped CIP education pathways,Medium,Lower,Consider developing Speaking as a medium-priority skill gap (63.26%). Review mapped CIP education pathways for this occupation.
Candidate_013,Secondary School Teacher,Active Listening,4.0,4.0,0.0,0.8,36.36,0.625,62.54,2,92,True,CIP pathway available,Review mapped CIP education pathways,Medium,Lower,Consider developing Active Listening as a medium-priority skill gap (62.54%). Review mapped CIP education pathways for this occupation.
Candidate_013,Secondary School Teacher,Monitoring,3.88,4.0,0.0,0.788,36.36,0.618,61.82,3,92,True,CIP pathway available,Review mapped CIP education pathways,Medium,Lower,Consider developing Monitoring as a medium-priority skill gap (61.82%). Review mapped CIP education pathways for this occupation.
Candidate_013,Software Developer,Active Listening,3.38,3.88,0.0,0.726,22.91,0.527,52.72,1,20,True,CIP pathway available,Review mapped CIP education pathways,Medium,Lower,Consider developing Active Listening as a medium-priority skill gap (52.72%). Review mapped CIP education pathways for this occupation.
Candidate_013,Software Developer,Writing,3.25,3.62,0.0,0.687,22.91,0.504,50.38,2,20,True,CIP pathway available,Review mapped CIP education pathways,Medium,Lower,Consider developing Writing as a medium-priority skill gap (50.38%). Review mapped CIP education pathways for this occupation.
Candidate_013,Software Developer,Speaking,3.12,3.62,0.0,0.6739999999999999,22.91,0.496,49.6,3,20,True,CIP pathway available,Review mapped CIP education pathways,Lower,Lower,Consider developing Speaking as an additional skill for the target occupation. Review mapped CIP education pathways for this occupation.
Candidate_014,Administrative Assistant,Active Listening,4.0,3.75,0.0,0.775,43.85,0.64,64.04,1,0,False,No mapped CIP pathway available,Investigate education/training pathways separately,Medium,Moderate,Consider developing Active Listening as a medium-priority skill gap (64.04%). Investigate relevant education or training pathways separately because no mapped CIP pathway is available.
Candidate_014,Administrative Assistant,Speaking,4.0,3.62,0.0,0.762,43.85,0.633,63.26,2,0,False,No mapped CIP pathway available,Investigate education/training pathways separately,Medium,Moderate,Consider developing Speaking as a medium-priority skill gap (63.26%). Investigate relevant education or training pathways separately because no mapped CIP pathway is available.
Candidate_014,Administrative Assistant,Writing,3.75,3.5,0.0,0.725,43.85,0.61,61.04,3,0,False,No mapped CIP pathway available,Investigate education/training pathways separately,Medium,Moderate,Consider developing Writing as a medium-priority skill gap (61.04%). Investigate relevant education or training pathways separately because no mapped CIP pathway is available.
Candidate_014,Bookkeeper,Active Listening,3.25,3.75,0.0,0.7,29.92,0.54,53.97,1,1,True,CIP pathway available,Review mapped CIP education pathways,Medium,Lower,Consider developing Active Listening as a medium-priority skill gap (53.97%). Review mapped CIP education pathways for this occupation.
Candidate_014,Bookkeeper,Speaking,3.12,3.12,0.0,0.624,29.92,0.494,49.41,2,1,True,CIP pathway available,Review mapped CIP education pathways,Lower,Lower,Consider developing Speaking as an additional skill for the target occupation. Review mapped CIP education pathways for this occupation.
Candidate_014,Bookkeeper,Writing,3.12,3.12,0.0,0.624,29.92,0.494,49.41,2,1,True,CIP pathway available,Review mapped CIP education pathways,Lower,Lower,Consider developing Writing as an additional skill for the target occupation. Review mapped CIP education pathways for this occupation.
Candidate_014,Continuing Care Assistant,Active Listening,3.62,3.0,0.0,0.6619999999999999,43.96,0.573,57.3,1,0,False,No mapped CIP pathway available,Investigate education/training pathways separately,Medium,Moderate,Consider developing Active Listening as a medium-priority skill gap (57.30%). Investigate relevant education or training pathways separately because no mapped CIP pathway is available.
Candidate_014,Continuing Care Assistant,Monitoring,3.25,3.0,0.0,0.625,43.96,0.551,55.08,2,0,False,No mapped CIP pathway available,Investigate education/training pathways separately,Medium,Moderate,Consider developing Monitoring as a medium-priority skill gap (55.08%). Investigate relevant education or training pathways separately because no mapped CIP pathway is available.
Candidate_014,Continuing Care Assistant,Speaking,3.12,3.0,0.0,0.612,43.96,0.543,54.3,3,0,False,No mapped CIP pathway available,Investigate education/training pathways separately,Medium,Moderate,Consider developing Speaking as a medium-priority skill gap (54.30%). Investigate relevant education or training pathways separately because no mapped CIP pathway is available.
Candidate_014,Delivery Driver,Active Listening,3.12,2.88,0.0,0.6,37.05,0.508,50.82,1,0,False,No mapped CIP pathway available,Investigate education/training pathways separately,Medium,Lower,Consider developing Active Listening as a medium-priority skill gap (50.82%). Investigate relevant education or training pathways separately because no mapped CIP pathway is available.
Candidate_014,Delivery Driver,Speaking,3.12,2.88,0.0,0.6,37.05,0.508,50.82,1,0,False,No mapped CIP pathway available,Investigate education/training pathways separately,Medium,Lower,Consider developing Speaking as a medium-priority skill gap (50.82%). Investigate relevant education or training pathways separately because no mapped CIP pathway is available.
Candidate_014,Delivery Driver,Monitoring,3.12,2.75,0.0,0.587,37.05,0.5,50.04,2,0,False,No mapped CIP pathway available,Investigate education/training pathways separately,Medium,Lower,Consider developing Monitoring as a medium-priority skill gap (50.04%). Investigate relevant education or training pathways separately because no mapped CIP pathway is available.
Candidate_014,"Driver, Truck",Monitoring,3.12,3.0,0.0,0.612,88.8,0.722,72.24,1,0,False,No mapped CIP pathway available,Investigate education/training pathways separately,High,High,Prioritize developing Monitoring. The skill gap has high prescriptive priority (72.24%) and the occupation has high Canadian labour demand (88.80%). Investigate relevant education or training pathways separately because no mapped CIP pathway is available.
Candidate_014,"Driver, Truck",Active Listening,2.88,3.0,0.0,0.588,88.8,0.708,70.8,2,0,False,No mapped CIP pathway available,Investigate education/training pathways separately,High,High,Prioritize developing Active Listening. The skill gap has high prescriptive priority (70.80%) and the occupation has high Canadian labour demand (88.80%). Investigate relevant education or training pathways separately because no mapped CIP pathway is available.
Candidate_014,"Driver, Truck",Speaking,3.0,2.88,0.0,0.588,88.8,0.708,70.8,2,0,False,No mapped CIP pathway available,Investigate education/training pathways separately,High,High,Prioritize developing Speaking. The skill gap has high prescriptive priority (70.80%) and the occupation has high Canadian labour demand (88.80%). Investigate relevant education or training pathways separately because no mapped CIP pathway is available.
Candidate_014,Food Service Supervisor,Monitoring,3.88,4.0,0.0,0.788,68.33,0.746,74.61,1,0,False,No mapped CIP pathway available,Investigate education/training pathways separately,High,Moderate,Prioritize developing Monitoring. The skill gap has high prescriptive priority (74.61%). Investigate relevant education or training pathways separately because no mapped CIP pathway is available.
Candidate_014,Food Service Supervisor,Speaking,3.88,4.0,0.0,0.788,68.33,0.746,74.61,1,0,False,No mapped CIP pathway available,Investigate education/training pathways separately,High,Moderate,Prioritize developing Speaking. The skill gap has high prescriptive priority (74.61%). Investigate relevant education or training pathways separately because no mapped CIP pathway is available.
Candidate_014,Food Service Supervisor,Active Listening,3.75,3.0,0.0,0.675,68.33,0.678,67.83,2,0,False,No mapped CIP pathway available,Investigate education/training pathways separately,Medium,Moderate,Consider developing Active Listening as a medium-priority skill gap (67.83%). Investigate relevant education or training pathways separately because no mapped CIP pathway is available.
Candidate_014,Information Technology (IT) Analyst,Active Listening,4.0,4.12,0.0,0.812,26.64,0.594,59.38,1,22,True,CIP pathway available,Review mapped CIP education pathways,Medium,Lower,Consider developing Active Listening as a medium-priority skill gap (59.38%). Review mapped CIP education pathways for this occupation.
Candidate_014,Information Technology (IT) Analyst,Speaking,4.0,4.0,0.0,0.8,26.64,0.587,58.66,2,22,True,CIP pathway available,Review mapped CIP education pathways,Medium,Lower,Consider developing Speaking as a medium-priority skill gap (58.66%). Review mapped CIP education pathways for this occupation.
Candidate_014,Information Technology (IT) Analyst,Writing,4.0,4.0,0.0,0.8,26.64,0.587,58.66,2,22,True,CIP pathway available,Review mapped CIP education pathways,Medium,Lower,Consider developing Writing as a medium-priority skill gap (58.66%). Review mapped CIP education pathways for this occupation.
Candidate_014,Inside Sales Representative,Active Listening,3.75,3.75,0.0,0.75,86.44,0.796,79.58,1,0,False,No mapped CIP pathway available,Investigate education/training pathways separately,High,High,Prioritize developing Active Listening. The skill gap has high prescriptive priority (79.58%) and the occupation has high Canadian labour demand (86.44%). Investigate relevant education or training pathways separately because no mapped CIP pathway is available.
Candidate_014,Inside Sales Representative,Speaking,3.75,3.12,0.0,0.687,86.44,0.758,75.8,2,0,False,No mapped CIP pathway available,Investigate education/training pathways separately,High,High,Prioritize developing Speaking. The skill gap has high prescriptive priority (75.80%) and the occupation has high Canadian labour demand (86.44%). Investigate relevant education or training pathways separately because no mapped CIP pathway is available.
Candidate_014,Inside Sales Representative,Monitoring,3.0,3.12,0.0,0.612,86.44,0.713,71.3,3,0,False,No mapped CIP pathway available,Investigate education/training pathways separately,High,High,Prioritize developing Monitoring. The skill gap has high prescriptive priority (71.30%) and the occupation has high Canadian labour demand (86.44%). Investigate relevant education or training pathways separately because no mapped CIP pathway is available.
Candidate_014,Licensed Practical Nurse (L.P.N.),Active Listening,3.88,4.0,0.0,0.788,30.39,0.594,59.44,1,2,True,CIP pathway available,Review mapped CIP education pathways,Medium,Lower,Consider developing Active Listening as a medium-priority skill gap (59.44%). Review mapped CIP education pathways for this occupation.
Candidate_014,Licensed Practical Nurse (L.P.N.),Monitoring,3.88,4.0,0.0,0.788,30.39,0.594,59.44,1,2,True,CIP pathway available,Review mapped CIP education pathways,Medium,Lower,Consider developing Monitoring as a medium-priority skill gap (59.44%). Review mapped CIP education pathways for this occupation.
Candidate_014,Licensed Practical Nurse (L.P.N.),Speaking,3.88,4.0,0.0,0.788,30.39,0.594,59.44,1,2,True,CIP pathway available,Review mapped CIP education pathways,Medium,Lower,Consider developing Speaking as a medium-priority skill gap (59.44%). Review mapped CIP education pathways for this occupation.
Candidate_014,Office Administrator,Active Listening,4.0,4.0,0.0,0.8,52.86,0.691,69.14,1,0,False,No mapped CIP pathway available,Investigate education/training pathways separately,Medium,Moderate,Consider developing Active Listening as a medium-priority skill gap (69.14%). Investigate relevant education or training pathways separately because no mapped CIP pathway is available.
Candidate_014,Office Administrator,Monitoring,4.0,4.0,0.0,0.8,52.86,0.691,69.14,1,0,False,No mapped CIP pathway available,Investigate education/training pathways separately,Medium,Moderate,Consider developing Monitoring as a medium-priority skill gap (69.14%). Investigate relevant education or training pathways separately because no mapped CIP pathway is available.
Candidate_014,Office Administrator,Speaking,4.0,4.0,0.0,0.8,52.86,0.691,69.14,1,0,False,No mapped CIP pathway available,Investigate education/training pathways separately,Medium,Moderate,Consider developing Speaking as a medium-priority skill gap (69.14%). Investigate relevant education or training pathways separately because no mapped CIP pathway is available.
Candidate_014,Office Manager,Monitoring,4.0,4.0,0.0,0.8,52.86,0.691,69.14,1,0,False,No mapped CIP pathway available,Investigate education/training pathways separately,Medium,Moderate,Consider developing Monitoring as a medium-priority skill gap (69.14%). Investigate relevant education or training pathways separately because no mapped CIP pathway is available.
Candidate_014,Office Manager,Speaking,4.0,4.0,0.0,0.8,52.86,0.691,69.14,1,0,False,No mapped CIP pathway available,Investigate education/training pathways separately,Medium,Moderate,Consider developing Speaking as a medium-priority skill gap (69.14%). Investigate relevant education or training pathways separately because no mapped CIP pathway is available.
Candidate_014,Office Manager,Active Listening,4.0,3.88,0.0,0.788,52.86,0.684,68.42,2,0,False,No mapped CIP pathway available,Investigate education/training pathways separately,Medium,Moderate,Consider developing Active Listening as a medium-priority skill gap (68.42%). Investigate relevant education or training pathways separately because no mapped CIP pathway is available.
Candidate_014,Restaurant Manager,Speaking,3.88,4.0,0.0,0.788,58.65,0.707,70.74,1,0,False,No mapped CIP pathway available,Investigate education/training pathways separately,High,Moderate,Prioritize developing Speaking. The skill gap has high prescriptive priority (70.74%). Investigate relevant education or training pathways separately because no mapped CIP pathway is available.
Candidate_014,Restaurant Manager,Monitoring,3.88,3.88,0.0,0.776,58.65,0.7,70.02,2,0,False,No mapped CIP pathway available,Investigate education/training pathways separately,High,Moderate,Prioritize developing Monitoring. The skill gap has high prescriptive priority (70.02%). Investigate relevant education or training pathways separately because no mapped CIP pathway is available.
Candidate_014,Restaurant Manager,Active Listening,3.88,3.5,0.0,0.738,58.65,0.677,67.74,3,0,False,No mapped CIP pathway available,Investigate education/training pathways separately,Medium,Moderate,Consider developing Active Listening as a medium-priority skill gap (67.74%). Investigate relevant education or training pathways separately because no mapped CIP pathway is available.
Candidate_014,Retail Sales Associate,Active Listening,3.75,3.75,0.0,0.75,86.44,0.796,79.58,1,0,False,No mapped CIP pathway available,Investigate education/training pathways separately,High,High,Prioritize developing Active Listening. The skill gap has high prescriptive priority (79.58%) and the occupation has high Canadian labour demand (86.44%). Investigate relevant education or training pathways separately because no mapped CIP pathway is available.
Candidate_014,Retail Sales Associate,Speaking,3.75,3.12,0.0,0.687,86.44,0.758,75.8,2,0,False,No mapped CIP pathway available,Investigate education/training pathways separately,High,High,Prioritize developing Speaking. The skill gap has high prescriptive priority (75.80%) and the occupation has high Canadian labour demand (86.44%). Investigate relevant education or training pathways separately because no mapped CIP pathway is available.
Candidate_014,Retail Sales Associate,Monitoring,3.0,3.12,0.0,0.612,86.44,0.713,71.3,3,0,False,No mapped CIP pathway available,Investigate education/training pathways separately,High,High,Prioritize developing Monitoring. The skill gap has high prescriptive priority (71.30%) and the occupation has high Canadian labour demand (86.44%). Investigate relevant education or training pathways separately because no mapped CIP pathway is available.
Candidate_014,Secondary School Teacher,Speaking,4.0,4.12,0.0,0.812,36.36,0.633,63.26,1,92,True,CIP pathway available,Review mapped CIP education pathways,Medium,Lower,Consider developing Speaking as a medium-priority skill gap (63.26%). Review mapped CIP education pathways for this occupation.
Candidate_014,Secondary School Teacher,Active Listening,4.0,4.0,0.0,0.8,36.36,0.625,62.54,2,92,True,CIP pathway available,Review mapped CIP education pathways,Medium,Lower,Consider developing Active Listening as a medium-priority skill gap (62.54%). Review mapped CIP education pathways for this occupation.
Candidate_014,Secondary School Teacher,Monitoring,3.88,4.0,0.0,0.788,36.36,0.618,61.82,3,92,True,CIP pathway available,Review mapped CIP education pathways,Medium,Lower,Consider developing Monitoring as a medium-priority skill gap (61.82%). Review mapped CIP education pathways for this occupation.
Candidate_014,Software Developer,Active Listening,3.38,3.88,0.0,0.726,22.91,0.527,52.72,1,20,True,CIP pathway available,Review mapped CIP education pathways,Medium,Lower,Consider developing Active Listening as a medium-priority skill gap (52.72%). Review mapped CIP education pathways for this occupation.
Candidate_014,Software Developer,Writing,3.25,3.62,0.0,0.687,22.91,0.504,50.38,2,20,True,CIP pathway available,Review mapped CIP education pathways,Medium,Lower,Consider developing Writing as a medium-priority skill gap (50.38%). Review mapped CIP education pathways for this occupation.
Candidate_014,Software Developer,Speaking,3.12,3.62,0.0,0.6739999999999999,22.91,0.496,49.6,3,20,True,CIP pathway available,Review mapped CIP education pathways,Lower,Lower,Consider developing Speaking as an additional skill for the target occupation. Review mapped CIP education pathways for this occupation.
Candidate_016,Administrative Assistant,Writing,3.75,3.5,0.0,0.725,43.85,0.61,61.04,1,0,False,No mapped CIP pathway available,Investigate education/training pathways separately,Medium,Moderate,Consider developing Writing as a medium-priority skill gap (61.04%). Investigate relevant education or training pathways separately because no mapped CIP pathway is available.
Candidate_016,Administrative Assistant,Monitoring,3.12,3.25,0.0,0.637,43.85,0.558,55.76,2,0,False,No mapped CIP pathway available,Investigate education/training pathways separately,Medium,Moderate,Consider developing Monitoring as a medium-priority skill gap (55.76%). Investigate relevant education or training pathways separately because no mapped CIP pathway is available.
Candidate_016,Bookkeeper,Writing,3.12,3.12,0.0,0.624,29.92,0.494,49.41,1,0,False,No mapped CIP pathway available,Investigate education/training pathways separately,Lower,Lower,Consider developing Writing as an additional skill for the target occupation. Investigate relevant education or training pathways separately because no mapped CIP pathway is available.
Candidate_016,Bookkeeper,Monitoring,3.0,2.88,0.0,0.588,29.92,0.472,47.25,2,0,False,No mapped CIP pathway available,Investigate education/training pathways separately,Lower,Lower,Consider developing Monitoring as an additional skill for the target occupation. Investigate relevant education or training pathways separately because no mapped CIP pathway is available.
Candidate_016,Continuing Care Assistant,Monitoring,3.25,3.0,0.0,0.625,43.96,0.551,55.08,1,0,False,No mapped CIP pathway available,Investigate education/training pathways separately,Medium,Moderate,Consider developing Monitoring as a medium-priority skill gap (55.08%). Investigate relevant education or training pathways separately because no mapped CIP pathway is available.
Candidate_016,Continuing Care Assistant,Writing,2.75,2.75,0.0,0.55,43.96,0.506,50.58,2,0,False,No mapped CIP pathway available,Investigate education/training pathways separately,Medium,Moderate,Consider developing Writing as a medium-priority skill gap (50.58%). Investigate relevant education or training pathways separately because no mapped CIP pathway is available.
Candidate_016,Delivery Driver,Monitoring,3.12,2.75,0.0,0.587,37.05,0.5,50.04,1,0,False,No mapped CIP pathway available,Investigate education/training pathways separately,Medium,Lower,Consider developing Monitoring as a medium-priority skill gap (50.04%). Investigate relevant education or training pathways separately because no mapped CIP pathway is available.
Candidate_016,Delivery Driver,Writing,2.75,2.5,0.0,0.525,37.05,0.463,46.32,2,0,False,No mapped CIP pathway available,Investigate education/training pathways separately,Lower,Lower,Consider developing Writing as an additional skill for the target occupation. Investigate relevant education or training pathways separately because no mapped CIP pathway is available.
Candidate_016,"Driver, Truck",Monitoring,3.12,3.0,0.0,0.612,88.8,0.722,72.24,1,0,False,No mapped CIP pathway available,Investigate education/training pathways separately,High,High,Prioritize developing Monitoring. The skill gap has high prescriptive priority (72.24%) and the occupation has high Canadian labour demand (88.80%). Investigate relevant education or training pathways separately because no mapped CIP pathway is available.
Candidate_016,"Driver, Truck",Writing,2.75,2.62,0.0,0.537,88.8,0.677,67.74,2,0,False,No mapped CIP pathway available,Investigate education/training pathways separately,Medium,High,Consider developing Writing because the target occupation shows high Canadian labour demand (88.80%). Investigate relevant education or training pathways separately because no mapped CIP pathway is available.
Candidate_016,Food Service Supervisor,Monitoring,3.88,4.0,0.0,0.788,68.33,0.746,74.61,1,0,False,No mapped CIP pathway available,Investigate education/training pathways separately,High,Moderate,Prioritize developing Monitoring. The skill gap has high prescriptive priority (74.61%). Investigate relevant education or training pathways separately because no mapped CIP pathway is available.
Candidate_016,Food Service Supervisor,Writing,3.0,3.12,0.0,0.612,68.33,0.641,64.05,2,0,False,No mapped CIP pathway available,Investigate education/training pathways separately,Medium,Moderate,Consider developing Writing as a medium-priority skill gap (64.05%). Investigate relevant education or training pathways separately because no mapped CIP pathway is available.
Candidate_016,Information Technology (IT) Analyst,Writing,4.0,4.0,0.0,0.8,26.64,0.587,58.66,1,22,True,CIP pathway available,Review mapped CIP education pathways,Medium,Lower,Consider developing Writing as a medium-priority skill gap (58.66%). Review mapped CIP education pathways for this occupation.
Candidate_016,Information Technology (IT) Analyst,Monitoring,3.62,4.0,0.0,0.762,26.64,0.564,56.38,2,22,True,CIP pathway available,Review mapped CIP education pathways,Medium,Lower,Consider developing Monitoring as a medium-priority skill gap (56.38%). Review mapped CIP education pathways for this occupation.
Candidate_016,Inside Sales Representative,Monitoring,3.0,3.12,0.0,0.612,86.44,0.713,71.3,1,0,False,No CIP pathway in crosswalk,Investigate education/training pathways separately,High,High,Prioritize developing Monitoring. The skill gap has high prescriptive priority (71.30%) and the occupation has high Canadian labour demand (86.44%). Investigate relevant education or training pathways separately because no mapped CIP pathway is available.
Candidate_016,Inside Sales Representative,Writing,3.0,3.0,0.0,0.6,86.44,0.706,70.58,2,0,False,No CIP pathway in crosswalk,Investigate education/training pathways separately,High,High,Prioritize developing Writing. The skill gap has high prescriptive priority (70.58%) and the occupation has high Canadian labour demand (86.44%). Investigate relevant education or training pathways separately because no mapped CIP pathway is available.
Candidate_016,Licensed Practical Nurse (L.P.N.),Monitoring,3.88,4.0,0.0,0.788,30.39,0.594,59.44,1,2,True,CIP pathway available,Review mapped CIP education pathways,Medium,Lower,Consider developing Monitoring as a medium-priority skill gap (59.44%). Review mapped CIP education pathways for this occupation.
Candidate_016,Licensed Practical Nurse (L.P.N.),Writing,3.25,3.12,0.0,0.637,30.39,0.504,50.38,2,2,True,CIP pathway available,Review mapped CIP education pathways,Medium,Lower,Consider developing Writing as a medium-priority skill gap (50.38%). Review mapped CIP education pathways for this occupation.
Candidate_016,Office Administrator,Monitoring,4.0,4.0,0.0,0.8,52.86,0.691,69.14,1,0,False,No mapped CIP pathway available,Investigate education/training pathways separately,Medium,Moderate,Consider developing Monitoring as a medium-priority skill gap (69.14%). Investigate relevant education or training pathways separately because no mapped CIP pathway is available.
Candidate_016,Office Administrator,Writing,3.75,3.75,0.0,0.75,52.86,0.661,66.14,2,0,False,No mapped CIP pathway available,Investigate education/training pathways separately,Medium,Moderate,Consider developing Writing as a medium-priority skill gap (66.14%). Investigate relevant education or training pathways separately because no mapped CIP pathway is available.
Candidate_016,Office Manager,Monitoring,4.0,4.0,0.0,0.8,52.86,0.691,69.14,1,0,False,No mapped CIP pathway available,Investigate education/training pathways separately,Medium,Moderate,Consider developing Monitoring as a medium-priority skill gap (69.14%). Investigate relevant education or training pathways separately because no mapped CIP pathway is available.
Candidate_016,Office Manager,Writing,3.75,3.75,0.0,0.75,52.86,0.661,66.14,2,0,False,No mapped CIP pathway available,Investigate education/training pathways separately,Medium,Moderate,Consider developing Writing as a medium-priority skill gap (66.14%). Investigate relevant education or training pathways separately because no mapped CIP pathway is available.
Candidate_016,Restaurant Manager,Monitoring,3.88,3.88,0.0,0.776,58.65,0.7,70.02,1,0,False,No mapped CIP pathway available,Investigate education/training pathways separately,High,Moderate,Prioritize developing Monitoring. The skill gap has high prescriptive priority (70.02%). Investigate relevant education or training pathways separately because no mapped CIP pathway is available.
Candidate_016,Restaurant Manager,Writing,3.0,3.12,0.0,0.612,58.65,0.602,60.18,2,0,False,No mapped CIP pathway available,Investigate education/training pathways separately,Medium,Moderate,Consider developing Writing as a medium-priority skill gap (60.18%). Investigate relevant education or training pathways separately because no mapped CIP pathway is available.
Candidate_016,Retail Sales Associate,Monitoring,3.0,3.12,0.0,0.612,86.44,0.713,71.3,1,0,False,No CIP pathway in crosswalk,Investigate education/training pathways separately,High,High,Prioritize developing Monitoring. The skill gap has high prescriptive priority (71.30%) and the occupation has high Canadian labour demand (86.44%). Investigate relevant education or training pathways separately because no mapped CIP pathway is available.
Candidate_016,Retail Sales Associate,Writing,3.0,3.0,0.0,0.6,86.44,0.706,70.58,2,0,False,No CIP pathway in crosswalk,Investigate education/training pathways separately,High,High,Prioritize developing Writing. The skill gap has high prescriptive priority (70.58%) and the occupation has high Canadian labour demand (86.44%). Investigate relevant education or training pathways separately because no mapped CIP pathway is available.
Candidate_016,Secondary School Teacher,Monitoring,3.88,4.0,0.0,0.788,36.36,0.618,61.82,1,0,False,No mapped CIP pathway available,Investigate education/training pathways separately,Medium,Lower,Consider developing Monitoring as a medium-priority skill gap (61.82%). Investigate relevant education or training pathways separately because no mapped CIP pathway is available.
Candidate_016,Secondary School Teacher,Writing,3.62,3.75,0.0,0.737,36.36,0.588,58.76,2,0,False,No mapped CIP pathway available,Investigate education/training pathways separately,Medium,Lower,Consider developing Writing as a medium-priority skill gap (58.76%). Investigate relevant education or training pathways separately because no mapped CIP pathway is available.
Candidate_016,Software Developer,Writing,3.25,3.62,0.0,0.687,22.91,0.504,50.38,1,20,True,CIP pathway available,Review mapped CIP education pathways,Medium,Lower,Consider developing Writing as a medium-priority skill gap (50.38%). Review mapped CIP education pathways for this occupation.
Candidate_016,Software Developer,Monitoring,3.0,3.5,0.0,0.6499999999999999,22.91,0.482,48.16,2,20,True,CIP pathway available,Review mapped CIP education pathways,Lower,Lower,Consider developing Monitoring as an additional skill for the target occupation. Review mapped CIP education pathways for this occupation.
Candidate_017,Administrative Assistant,Monitoring,3.12,3.25,0.0,0.637,43.85,0.558,55.76,1,2,True,CIP pathway available,Review mapped CIP education pathways,Medium,Moderate,Consider developing Monitoring as a medium-priority skill gap (55.76%). Review mapped CIP education pathways for this occupation.
Candidate_017,Administrative Assistant,Science,1.0,0.0,0.0,0.1,43.85,0.235,23.54,2,2,True,CIP pathway available,Review mapped CIP education pathways,Lower,Moderate,Consider developing Science as an additional skill for the target occupation. Review mapped CIP education pathways for this occupation.
Candidate_017,Bookkeeper,Monitoring,3.0,2.88,0.0,0.588,29.92,0.472,47.25,1,0,False,No mapped CIP pathway available,Investigate education/training pathways separately,Lower,Lower,Consider developing Monitoring as an additional skill for the target occupation. Investigate relevant education or training pathways separately because no mapped CIP pathway is available.
Candidate_017,Bookkeeper,Science,1.12,0.12,0.0,0.12400000000000001,29.92,0.194,19.41,2,0,False,No mapped CIP pathway available,Investigate education/training pathways separately,Lower,Lower,Consider developing Science as an additional skill for the target occupation. Investigate relevant education or training pathways separately because no mapped CIP pathway is available.
Candidate_017,Continuing Care Assistant,Monitoring,3.25,3.0,0.0,0.625,43.96,0.551,55.08,1,0,False,No mapped CIP pathway available,Investigate education/training pathways separately,Medium,Moderate,Consider developing Monitoring as a medium-priority skill gap (55.08%). Investigate relevant education or training pathways separately because no mapped CIP pathway is available.
Candidate_017,Continuing Care Assistant,Science,1.75,0.88,0.0,0.263,43.96,0.334,33.36,2,0,False,No mapped CIP pathway available,Investigate education/training pathways separately,Lower,Moderate,Consider developing Science as an additional skill for the target occupation. Investigate relevant education or training pathways separately because no mapped CIP pathway is available.
Candidate_017,Delivery Driver,Monitoring,3.12,2.75,0.0,0.587,37.05,0.5,50.04,1,0,False,No mapped CIP pathway available,Investigate education/training pathways separately,Medium,Lower,Consider developing Monitoring as a medium-priority skill gap (50.04%). Investigate relevant education or training pathways separately because no mapped CIP pathway is available.
Candidate_017,Delivery Driver,Science,1.12,0.12,0.0,0.12400000000000001,37.05,0.223,22.26,2,0,False,No mapped CIP pathway available,Investigate education/training pathways separately,Lower,Lower,Consider developing Science as an additional skill for the target occupation. Investigate relevant education or training pathways separately because no mapped CIP pathway is available.
Candidate_017,"Driver, Truck",Monitoring,3.12,3.0,0.0,0.612,88.8,0.722,72.24,1,0,False,No mapped CIP pathway available,Investigate education/training pathways separately,High,High,Prioritize developing Monitoring. The skill gap has high prescriptive priority (72.24%) and the occupation has high Canadian labour demand (88.80%). Investigate relevant education or training pathways separately because no mapped CIP pathway is available.
Candidate_017,"Driver, Truck",Science,1.0,0.0,0.0,0.1,88.8,0.415,41.52,2,0,False,No mapped CIP pathway available,Investigate education/training pathways separately,Lower,High,Consider developing Science because the target occupation shows high Canadian labour demand (88.80%). Investigate relevant education or training pathways separately because no mapped CIP pathway is available.
Candidate_017,Food Service Supervisor,Monitoring,3.88,4.0,0.0,0.788,68.33,0.746,74.61,1,0,False,No mapped CIP pathway available,Investigate education/training pathways separately,High,Moderate,Prioritize developing Monitoring. The skill gap has high prescriptive priority (74.61%). Investigate relevant education or training pathways separately because no mapped CIP pathway is available.
Candidate_017,Food Service Supervisor,Science,1.0,0.0,0.0,0.1,68.33,0.333,33.33,2,0,False,No mapped CIP pathway available,Investigate education/training pathways separately,Lower,Moderate,Consider developing Science as an additional skill for the target occupation. Investigate relevant education or training pathways separately because no mapped CIP pathway is available.
Candidate_017,Information Technology (IT) Analyst,Monitoring,3.62,4.0,0.0,0.762,26.64,0.564,56.38,1,0,False,No mapped CIP pathway available,Investigate education/training pathways separately,Medium,Lower,Consider developing Monitoring as a medium-priority skill gap (56.38%). Investigate relevant education or training pathways separately because no mapped CIP pathway is available.
Candidate_017,Information Technology (IT) Analyst,Science,2.75,3.12,0.0,0.587,26.64,0.459,45.88,2,0,False,No mapped CIP pathway available,Investigate education/training pathways separately,Lower,Lower,Consider developing Science as an additional skill for the target occupation. Investigate relevant education or training pathways separately because no mapped CIP pathway is available.
Candidate_017,Inside Sales Representative,Monitoring,3.0,3.12,0.0,0.612,86.44,0.713,71.3,1,0,False,No CIP pathway in crosswalk,Investigate education/training pathways separately,High,High,Prioritize developing Monitoring. The skill gap has high prescriptive priority (71.30%) and the occupation has high Canadian labour demand (86.44%). Investigate relevant education or training pathways separately because no mapped CIP pathway is available.
Candidate_017,Inside Sales Representative,Science,1.0,0.0,0.0,0.1,86.44,0.406,40.58,2,0,False,No CIP pathway in crosswalk,Investigate education/training pathways separately,Lower,High,Consider developing Science because the target occupation shows high Canadian labour demand (86.44%). Investigate relevant education or training pathways separately because no mapped CIP pathway is available.
Candidate_017,Licensed Practical Nurse (L.P.N.),Monitoring,3.88,4.0,0.0,0.788,30.39,0.594,59.44,1,0,False,No mapped CIP pathway available,Investigate education/training pathways separately,Medium,Lower,Consider developing Monitoring as a medium-priority skill gap (59.44%). Investigate relevant education or training pathways separately because no mapped CIP pathway is available.
Candidate_017,Licensed Practical Nurse (L.P.N.),Science,2.62,2.62,0.0,0.524,30.39,0.436,43.6,2,0,False,No mapped CIP pathway available,Investigate education/training pathways separately,Lower,Lower,Consider developing Science as an additional skill for the target occupation. Investigate relevant education or training pathways separately because no mapped CIP pathway is available.
Candidate_017,Office Administrator,Monitoring,4.0,4.0,0.0,0.8,52.86,0.691,69.14,1,13,True,CIP pathway available,Review mapped CIP education pathways,Medium,Moderate,Consider developing Monitoring as a medium-priority skill gap (69.14%). Review mapped CIP education pathways for this occupation.
Candidate_017,Office Administrator,Science,1.38,0.38,0.0,0.176,52.86,0.317,31.7,2,13,True,CIP pathway available,Review mapped CIP education pathways,Lower,Moderate,Consider developing Science as an additional skill for the target occupation. Review mapped CIP education pathways for this occupation.
Candidate_017,Office Manager,Monitoring,4.0,4.0,0.0,0.8,52.86,0.691,69.14,1,13,True,CIP pathway available,Review mapped CIP education pathways,Medium,Moderate,Consider developing Monitoring as a medium-priority skill gap (69.14%). Review mapped CIP education pathways for this occupation.
Candidate_017,Office Manager,Science,1.0,0.0,0.0,0.1,52.86,0.271,27.14,2,13,True,CIP pathway available,Review mapped CIP education pathways,Lower,Moderate,Consider developing Science as an additional skill for the target occupation. Review mapped CIP education pathways for this occupation.
Candidate_017,Restaurant Manager,Monitoring,3.88,3.88,0.0,0.776,58.65,0.7,70.02,1,0,False,No mapped CIP pathway available,Investigate education/training pathways separately,High,Moderate,Prioritize developing Monitoring. The skill gap has high prescriptive priority (70.02%). Investigate relevant education or training pathways separately because no mapped CIP pathway is available.
Candidate_017,Restaurant Manager,Science,1.62,0.62,0.0,0.224,58.65,0.369,36.9,2,0,False,No mapped CIP pathway available,Investigate education/training pathways separately,Lower,Moderate,Consider developing Science as an additional skill for the target occupation. Investigate relevant education or training pathways separately because no mapped CIP pathway is available.
Candidate_017,Retail Sales Associate,Monitoring,3.0,3.12,0.0,0.612,86.44,0.713,71.3,1,0,False,No CIP pathway in crosswalk,Investigate education/training pathways separately,High,High,Prioritize developing Monitoring. The skill gap has high prescriptive priority (71.30%) and the occupation has high Canadian labour demand (86.44%). Investigate relevant education or training pathways separately because no mapped CIP pathway is available.
Candidate_017,Retail Sales Associate,Science,1.0,0.0,0.0,0.1,86.44,0.406,40.58,2,0,False,No CIP pathway in crosswalk,Investigate education/training pathways separately,Lower,High,Consider developing Science because the target occupation shows high Canadian labour demand (86.44%). Investigate relevant education or training pathways separately because no mapped CIP pathway is available.
Candidate_017,Secondary School Teacher,Monitoring,3.88,4.0,0.0,0.788,36.36,0.618,61.82,1,0,False,No mapped CIP pathway available,Investigate education/training pathways separately,Medium,Lower,Consider developing Monitoring as a medium-priority skill gap (61.82%). Investigate relevant education or training pathways separately because no mapped CIP pathway is available.
Candidate_017,Secondary School Teacher,Science,2.0,1.88,0.0,0.388,36.36,0.378,37.82,2,0,False,No mapped CIP pathway available,Investigate education/training pathways separately,Lower,Lower,Consider developing Science as an additional skill for the target occupation. Investigate relevant education or training pathways separately because no mapped CIP pathway is available.
Candidate_017,Software Developer,Monitoring,3.0,3.5,0.0,0.6499999999999999,22.91,0.482,48.16,1,0,False,No mapped CIP pathway available,Investigate education/training pathways separately,Lower,Lower,Consider developing Monitoring as an additional skill for the target occupation. Investigate relevant education or training pathways separately because no mapped CIP pathway is available.
Candidate_017,Software Developer,Science,2.12,1.88,0.0,0.4,22.91,0.332,33.16,2,0,False,No mapped CIP pathway available,Investigate education/training pathways separately,Lower,Lower,Consider developing Science as an additional skill for the target occupation. Investigate relevant education or training pathways separately because no mapped CIP pathway is available.
Candidate_019,Administrative Assistant,Active Listening,4.0,3.75,0.0,0.775,43.85,0.64,64.04,1,0,False,No mapped CIP pathway available,Investigate education/training pathways separately,Medium,Moderate,Consider developing Active Listening as a medium-priority skill gap (64.04%). Investigate relevant education or training pathways separately because no mapped CIP pathway is available.
Candidate_019,Administrative Assistant,Speaking,4.0,3.62,0.0,0.762,43.85,0.633,63.26,2,0,False,No mapped CIP pathway available,Investigate education/training pathways separately,Medium,Moderate,Consider developing Speaking as a medium-priority skill gap (63.26%). Investigate relevant education or training pathways separately because no mapped CIP pathway is available.
Candidate_019,Administrative Assistant,Science,1.0,0.0,0.0,0.1,43.85,0.235,23.54,3,0,False,No mapped CIP pathway available,Investigate education/training pathways separately,Lower,Moderate,Consider developing Science as an additional skill for the target occupation. Investigate relevant education or training pathways separately because no mapped CIP pathway is available.
Candidate_019,Bookkeeper,Active Listening,3.25,3.75,0.0,0.7,29.92,0.54,53.97,1,1,True,CIP pathway available,Review mapped CIP education pathways,Medium,Lower,Consider developing Active Listening as a medium-priority skill gap (53.97%). Review mapped CIP education pathways for this occupation.
Candidate_019,Bookkeeper,Speaking,3.12,3.12,0.0,0.624,29.92,0.494,49.41,2,1,True,CIP pathway available,Review mapped CIP education pathways,Lower,Lower,Consider developing Speaking as an additional skill for the target occupation. Review mapped CIP education pathways for this occupation.
Candidate_019,Bookkeeper,Science,1.12,0.12,0.0,0.12400000000000001,29.92,0.194,19.41,3,1,True,CIP pathway available,Review mapped CIP education pathways,Lower,Lower,Consider developing Science as an additional skill for the target occupation. Review mapped CIP education pathways for this occupation.
Candidate_019,Continuing Care Assistant,Active Listening,3.62,3.0,0.0,0.6619999999999999,43.96,0.573,57.3,1,0,False,No mapped CIP pathway available,Investigate education/training pathways separately,Medium,Moderate,Consider developing Active Listening as a medium-priority skill gap (57.30%). Investigate relevant education or training pathways separately because no mapped CIP pathway is available.
Candidate_019,Continuing Care Assistant,Speaking,3.12,3.0,0.0,0.612,43.96,0.543,54.3,2,0,False,No mapped CIP pathway available,Investigate education/training pathways separately,Medium,Moderate,Consider developing Speaking as a medium-priority skill gap (54.30%). Investigate relevant education or training pathways separately because no mapped CIP pathway is available.
Candidate_019,Continuing Care Assistant,Science,1.75,0.88,0.0,0.263,43.96,0.334,33.36,3,0,False,No mapped CIP pathway available,Investigate education/training pathways separately,Lower,Moderate,Consider developing Science as an additional skill for the target occupation. Investigate relevant education or training pathways separately because no mapped CIP pathway is available.
Candidate_019,Delivery Driver,Active Listening,3.12,2.88,0.0,0.6,37.05,0.508,50.82,1,0,False,No mapped CIP pathway available,Investigate education/training pathways separately,Medium,Lower,Consider developing Active Listening as a medium-priority skill gap (50.82%). Investigate relevant education or training pathways separately because no mapped CIP pathway is available.
Candidate_019,Delivery Driver,Speaking,3.12,2.88,0.0,0.6,37.05,0.508,50.82,1,0,False,No mapped CIP pathway available,Investigate education/training pathways separately,Medium,Lower,Consider developing Speaking as a medium-priority skill gap (50.82%). Investigate relevant education or training pathways separately because no mapped CIP pathway is available.
Candidate_019,Delivery Driver,Science,1.12,0.12,0.0,0.12400000000000001,37.05,0.223,22.26,2,0,False,No mapped CIP pathway available,Investigate education/training pathways separately,Lower,Lower,Consider developing Science as an additional skill for the target occupation. Investigate relevant education or training pathways separately because no mapped CIP pathway is available.
Candidate_019,"Driver, Truck",Active Listening,2.88,3.0,0.0,0.588,88.8,0.708,70.8,1,1,True,CIP pathway available,Review mapped CIP education pathways,High,High,Prioritize developing Active Listening. The skill gap has high prescriptive priority (70.80%) and the occupation has high Canadian labour demand (88.80%). Review mapped CIP education pathways for this occupation.
Candidate_019,"Driver, Truck",Speaking,3.0,2.88,0.0,0.588,88.8,0.708,70.8,1,1,True,CIP pathway available,Review mapped CIP education pathways,High,High,Prioritize developing Speaking. The skill gap has high prescriptive priority (70.80%) and the occupation has high Canadian labour demand (88.80%). Review mapped CIP education pathways for this occupation.
Candidate_019,"Driver, Truck",Science,1.0,0.0,0.0,0.1,88.8,0.415,41.52,2,1,True,CIP pathway available,Review mapped CIP education pathways,Lower,High,Consider developing Science because the target occupation shows high Canadian labour demand (88.80%). Review mapped CIP education pathways for this occupation.
Candidate_019,Food Service Supervisor,Speaking,3.88,4.0,0.0,0.788,68.33,0.746,74.61,1,0,False,No mapped CIP pathway available,Investigate education/training pathways separately,High,Moderate,Prioritize developing Speaking. The skill gap has high prescriptive priority (74.61%). Investigate relevant education or training pathways separately because no mapped CIP pathway is available.
Candidate_019,Food Service Supervisor,Active Listening,3.75,3.0,0.0,0.675,68.33,0.678,67.83,2,0,False,No mapped CIP pathway available,Investigate education/training pathways separately,Medium,Moderate,Consider developing Active Listening as a medium-priority skill gap (67.83%). Investigate relevant education or training pathways separately because no mapped CIP pathway is available.
Candidate_019,Food Service Supervisor,Science,1.0,0.0,0.0,0.1,68.33,0.333,33.33,3,0,False,No mapped CIP pathway available,Investigate education/training pathways separately,Lower,Moderate,Consider developing Science as an additional skill for the target occupation. Investigate relevant education or training pathways separately because no mapped CIP pathway is available.
Candidate_019,Information Technology (IT) Analyst,Active Listening,4.0,4.12,0.0,0.812,26.64,0.594,59.38,1,0,False,No mapped CIP pathway available,Investigate education/training pathways separately,Medium,Lower,Consider developing Active Listening as a medium-priority skill gap (59.38%). Investigate relevant education or training pathways separately because no mapped CIP pathway is available.
Candidate_019,Information Technology (IT) Analyst,Speaking,4.0,4.0,0.0,0.8,26.64,0.587,58.66,2,0,False,No mapped CIP pathway available,Investigate education/training pathways separately,Medium,Lower,Consider developing Speaking as a medium-priority skill gap (58.66%). Investigate relevant education or training pathways separately because no mapped CIP pathway is available.
Candidate_019,Information Technology (IT) Analyst,Science,2.75,3.12,0.0,0.587,26.64,0.459,45.88,3,0,False,No mapped CIP pathway available,Investigate education/training pathways separately,Lower,Lower,Consider developing Science as an additional skill for the target occupation. Investigate relevant education or training pathways separately because no mapped CIP pathway is available.
Candidate_019,Inside Sales Representative,Active Listening,3.75,3.75,0.0,0.75,86.44,0.796,79.58,1,0,False,No mapped CIP pathway available,Investigate education/training pathways separately,High,High,Prioritize developing Active Listening. The skill gap has high prescriptive priority (79.58%) and the occupation has high Canadian labour demand (86.44%). Investigate relevant education or training pathways separately because no mapped CIP pathway is available.
Candidate_019,Inside Sales Representative,Speaking,3.75,3.12,0.0,0.687,86.44,0.758,75.8,2,0,False,No mapped CIP pathway available,Investigate education/training pathways separately,High,High,Prioritize developing Speaking. The skill gap has high prescriptive priority (75.80%) and the occupation has high Canadian labour demand (86.44%). Investigate relevant education or training pathways separately because no mapped CIP pathway is available.
Candidate_019,Inside Sales Representative,Science,1.0,0.0,0.0,0.1,86.44,0.406,40.58,3,0,False,No mapped CIP pathway available,Investigate education/training pathways separately,Lower,High,Consider developing Science because the target occupation shows high Canadian labour demand (86.44%). Investigate relevant education or training pathways separately because no mapped CIP pathway is available.
Candidate_019,Licensed Practical Nurse (L.P.N.),Active Listening,3.88,4.0,0.0,0.788,30.39,0.594,59.44,1,0,False,No mapped CIP pathway available,Investigate education/training pathways separately,Medium,Lower,Consider developing Active Listening as a medium-priority skill gap (59.44%). Investigate relevant education or training pathways separately because no mapped CIP pathway is available.
Candidate_019,Licensed Practical Nurse (L.P.N.),Speaking,3.88,4.0,0.0,0.788,30.39,0.594,59.44,1,0,False,No mapped CIP pathway available,Investigate education/training pathways separately,Medium,Lower,Consider developing Speaking as a medium-priority skill gap (59.44%). Investigate relevant education or training pathways separately because no mapped CIP pathway is available.
Candidate_019,Licensed Practical Nurse (L.P.N.),Science,2.62,2.62,0.0,0.524,30.39,0.436,43.6,2,0,False,No mapped CIP pathway available,Investigate education/training pathways separately,Lower,Lower,Consider developing Science as an additional skill for the target occupation. Investigate relevant education or training pathways separately because no mapped CIP pathway is available.
Candidate_019,Office Administrator,Active Listening,4.0,4.0,0.0,0.8,52.86,0.691,69.14,1,13,True,CIP pathway available,Review mapped CIP education pathways,Medium,Moderate,Consider developing Active Listening as a medium-priority skill gap (69.14%). Review mapped CIP education pathways for this occupation.
Candidate_019,Office Administrator,Speaking,4.0,4.0,0.0,0.8,52.86,0.691,69.14,1,13,True,CIP pathway available,Review mapped CIP education pathways,Medium,Moderate,Consider developing Speaking as a medium-priority skill gap (69.14%). Review mapped CIP education pathways for this occupation.
Candidate_019,Office Administrator,Science,1.38,0.38,0.0,0.176,52.86,0.317,31.7,2,13,True,CIP pathway available,Review mapped CIP education pathways,Lower,Moderate,Consider developing Science as an additional skill for the target occupation. Review mapped CIP education pathways for this occupation.
Candidate_019,Office Manager,Speaking,4.0,4.0,0.0,0.8,52.86,0.691,69.14,1,13,True,CIP pathway available,Review mapped CIP education pathways,Medium,Moderate,Consider developing Speaking as a medium-priority skill gap (69.14%). Review mapped CIP education pathways for this occupation.
Candidate_019,Office Manager,Active Listening,4.0,3.88,0.0,0.788,52.86,0.684,68.42,2,13,True,CIP pathway available,Review mapped CIP education pathways,Medium,Moderate,Consider developing Active Listening as a medium-priority skill gap (68.42%). Review mapped CIP education pathways for this occupation.
Candidate_019,Office Manager,Science,1.0,0.0,0.0,0.1,52.86,0.271,27.14,3,13,True,CIP pathway available,Review mapped CIP education pathways,Lower,Moderate,Consider developing Science as an additional skill for the target occupation. Review mapped CIP education pathways for this occupation.
Candidate_019,Restaurant Manager,Speaking,3.88,4.0,0.0,0.788,58.65,0.707,70.74,1,0,False,No mapped CIP pathway available,Investigate education/training pathways separately,High,Moderate,Prioritize developing Speaking. The skill gap has high prescriptive priority (70.74%). Investigate relevant education or training pathways separately because no mapped CIP pathway is available.
Candidate_019,Restaurant Manager,Active Listening,3.88,3.5,0.0,0.738,58.65,0.677,67.74,2,0,False,No mapped CIP pathway available,Investigate education/training pathways separately,Medium,Moderate,Consider developing Active Listening as a medium-priority skill gap (67.74%). Investigate relevant education or training pathways separately because no mapped CIP pathway is available.
Candidate_019,Restaurant Manager,Science,1.62,0.62,0.0,0.224,58.65,0.369,36.9,3,0,False,No mapped CIP pathway available,Investigate education/training pathways separately,Lower,Moderate,Consider developing Science as an additional skill for the target occupation. Investigate relevant education or training pathways separately because no mapped CIP pathway is available.
Candidate_019,Retail Sales Associate,Active Listening,3.75,3.75,0.0,0.75,86.44,0.796,79.58,1,0,False,No mapped CIP pathway available,Investigate education/training pathways separately,High,High,Prioritize developing Active Listening. The skill gap has high prescriptive priority (79.58%) and the occupation has high Canadian labour demand (86.44%). Investigate relevant education or training pathways separately because no mapped CIP pathway is available.
Candidate_019,Retail Sales Associate,Speaking,3.75,3.12,0.0,0.687,86.44,0.758,75.8,2,0,False,No mapped CIP pathway available,Investigate education/training pathways separately,High,High,Prioritize developing Speaking. The skill gap has high prescriptive priority (75.80%) and the occupation has high Canadian labour demand (86.44%). Investigate relevant education or training pathways separately because no mapped CIP pathway is available.
Candidate_019,Retail Sales Associate,Science,1.0,0.0,0.0,0.1,86.44,0.406,40.58,3,0,False,No mapped CIP pathway available,Investigate education/training pathways separately,Lower,High,Consider developing Science because the target occupation shows high Canadian labour demand (86.44%). Investigate relevant education or training pathways separately because no mapped CIP pathway is available.
Candidate_019,Secondary School Teacher,Speaking,4.0,4.12,0.0,0.812,36.36,0.633,63.26,1,0,False,No mapped CIP pathway available,Investigate education/training pathways separately,Medium,Lower,Consider developing Speaking as a medium-priority skill gap (63.26%). Investigate relevant education or training pathways separately because no mapped CIP pathway is available.
Candidate_019,Secondary School Teacher,Active Listening,4.0,4.0,0.0,0.8,36.36,0.625,62.54,2,0,False,No mapped CIP pathway available,Investigate education/training pathways separately,Medium,Lower,Consider developing Active Listening as a medium-priority skill gap (62.54%). Investigate relevant education or training pathways separately because no mapped CIP pathway is available.
Candidate_019,Secondary School Teacher,Science,2.0,1.88,0.0,0.388,36.36,0.378,37.82,3,0,False,No mapped CIP pathway available,Investigate education/training pathways separately,Lower,Lower,Consider developing Science as an additional skill for the target occupation. Investigate relevant education or training pathways separately because no mapped CIP pathway is available.
Candidate_019,Software Developer,Active Listening,3.38,3.88,0.0,0.726,22.91,0.527,52.72,1,20,True,CIP pathway available,Review mapped CIP education pathways,Medium,Lower,Consider developing Active Listening as a medium-priority skill gap (52.72%). Review mapped CIP education pathways for this occupation.
Candidate_019,Software Developer,Speaking,3.12,3.62,0.0,0.6739999999999999,22.91,0.496,49.6,2,20,True,CIP pathway available,Review mapped CIP education pathways,Lower,Lower,Consider developing Speaking as an additional skill for the target occupation. Review mapped CIP education pathways for this occupation.
Candidate_019,Software Developer,Science,2.12,1.88,0.0,0.4,22.91,0.332,33.16,3,20,True,CIP pathway available,Review mapped CIP education pathways,Lower,Lower,Consider developing Science as an additional skill for the target occupation. Review mapped CIP education pathways for this occupation.
Candidate_020,Administrative Assistant,Active Listening,4.0,3.75,0.0,0.775,43.85,0.64,64.04,1,0,False,No mapped CIP pathway available,Investigate education/training pathways separately,Medium,Moderate,Consider developing Active Listening as a medium-priority skill gap (64.04%). Investigate relevant education or training pathways separately because no mapped CIP pathway is available.
Candidate_020,Administrative Assistant,Speaking,4.0,3.62,0.0,0.762,43.85,0.633,63.26,2,0,False,No mapped CIP pathway available,Investigate education/training pathways separately,Medium,Moderate,Consider developing Speaking as a medium-priority skill gap (63.26%). Investigate relevant education or training pathways separately because no mapped CIP pathway is available.
Candidate_020,Administrative Assistant,Monitoring,3.12,3.25,0.0,0.637,43.85,0.558,55.76,3,0,False,No mapped CIP pathway available,Investigate education/training pathways separately,Medium,Moderate,Consider developing Monitoring as a medium-priority skill gap (55.76%). Investigate relevant education or training pathways separately because no mapped CIP pathway is available.
Candidate_020,Bookkeeper,Active Listening,3.25,3.75,0.0,0.7,29.92,0.54,53.97,1,1,True,CIP pathway available,Review mapped CIP education pathways,Medium,Lower,Consider developing Active Listening as a medium-priority skill gap (53.97%). Review mapped CIP education pathways for this occupation.
Candidate_020,Bookkeeper,Speaking,3.12,3.12,0.0,0.624,29.92,0.494,49.41,2,1,True,CIP pathway available,Review mapped CIP education pathways,Lower,Lower,Consider developing Speaking as an additional skill for the target occupation. Review mapped CIP education pathways for this occupation.
Candidate_020,Bookkeeper,Monitoring,3.0,2.88,0.0,0.588,29.92,0.472,47.25,3,1,True,CIP pathway available,Review mapped CIP education pathways,Lower,Lower,Consider developing Monitoring as an additional skill for the target occupation. Review mapped CIP education pathways for this occupation.
Candidate_020,Continuing Care Assistant,Active Listening,3.62,3.0,0.0,0.6619999999999999,43.96,0.573,57.3,1,0,False,No mapped CIP pathway available,Investigate education/training pathways separately,Medium,Moderate,Consider developing Active Listening as a medium-priority skill gap (57.30%). Investigate relevant education or training pathways separately because no mapped CIP pathway is available.
Candidate_020,Continuing Care Assistant,Monitoring,3.25,3.0,0.0,0.625,43.96,0.551,55.08,2,0,False,No mapped CIP pathway available,Investigate education/training pathways separately,Medium,Moderate,Consider developing Monitoring as a medium-priority skill gap (55.08%). Investigate relevant education or training pathways separately because no mapped CIP pathway is available.
Candidate_020,Continuing Care Assistant,Speaking,3.12,3.0,0.0,0.612,43.96,0.543,54.3,3,0,False,No mapped CIP pathway available,Investigate education/training pathways separately,Medium,Moderate,Consider developing Speaking as a medium-priority skill gap (54.30%). Investigate relevant education or training pathways separately because no mapped CIP pathway is available.
Candidate_020,Delivery Driver,Active Listening,3.12,2.88,0.0,0.6,37.05,0.508,50.82,1,0,False,No mapped CIP pathway available,Investigate education/training pathways separately,Medium,Lower,Consider developing Active Listening as a medium-priority skill gap (50.82%). Investigate relevant education or training pathways separately because no mapped CIP pathway is available.
Candidate_020,Delivery Driver,Speaking,3.12,2.88,0.0,0.6,37.05,0.508,50.82,1,0,False,No mapped CIP pathway available,Investigate education/training pathways separately,Medium,Lower,Consider developing Speaking as a medium-priority skill gap (50.82%). Investigate relevant education or training pathways separately because no mapped CIP pathway is available.
Candidate_020,Delivery Driver,Monitoring,3.12,2.75,0.0,0.587,37.05,0.5,50.04,2,0,False,No mapped CIP pathway available,Investigate education/training pathways separately,Medium,Lower,Consider developing Monitoring as a medium-priority skill gap (50.04%). Investigate relevant education or training pathways separately because no mapped CIP pathway is available.
Candidate_020,"Driver, Truck",Monitoring,3.12,3.0,0.0,0.612,88.8,0.722,72.24,1,0,False,No mapped CIP pathway available,Investigate education/training pathways separately,High,High,Prioritize developing Monitoring. The skill gap has high prescriptive priority (72.24%) and the occupation has high Canadian labour demand (88.80%). Investigate relevant education or training pathways separately because no mapped CIP pathway is available.
Candidate_020,"Driver, Truck",Active Listening,2.88,3.0,0.0,0.588,88.8,0.708,70.8,2,0,False,No mapped CIP pathway available,Investigate education/training pathways separately,High,High,Prioritize developing Active Listening. The skill gap has high prescriptive priority (70.80%) and the occupation has high Canadian labour demand (88.80%). Investigate relevant education or training pathways separately because no mapped CIP pathway is available.
Candidate_020,"Driver, Truck",Speaking,3.0,2.88,0.0,0.588,88.8,0.708,70.8,2,0,False,No mapped CIP pathway available,Investigate education/training pathways separately,High,High,Prioritize developing Speaking. The skill gap has high prescriptive priority (70.80%) and the occupation has high Canadian labour demand (88.80%). Investigate relevant education or training pathways separately because no mapped CIP pathway is available.
Candidate_020,Food Service Supervisor,Monitoring,3.88,4.0,0.0,0.788,68.33,0.746,74.61,1,0,False,No mapped CIP pathway available,Investigate education/training pathways separately,High,Moderate,Prioritize developing Monitoring. The skill gap has high prescriptive priority (74.61%). Investigate relevant education or training pathways separately because no mapped CIP pathway is available.
Candidate_020,Food Service Supervisor,Speaking,3.88,4.0,0.0,0.788,68.33,0.746,74.61,1,0,False,No mapped CIP pathway available,Investigate education/training pathways separately,High,Moderate,Prioritize developing Speaking. The skill gap has high prescriptive priority (74.61%). Investigate relevant education or training pathways separately because no mapped CIP pathway is available.
Candidate_020,Food Service Supervisor,Active Listening,3.75,3.0,0.0,0.675,68.33,0.678,67.83,2,0,False,No mapped CIP pathway available,Investigate education/training pathways separately,Medium,Moderate,Consider developing Active Listening as a medium-priority skill gap (67.83%). Investigate relevant education or training pathways separately because no mapped CIP pathway is available.
Candidate_020,Information Technology (IT) Analyst,Active Listening,4.0,4.12,0.0,0.812,26.64,0.594,59.38,1,0,False,No mapped CIP pathway available,Investigate education/training pathways separately,Medium,Lower,Consider developing Active Listening as a medium-priority skill gap (59.38%). Investigate relevant education or training pathways separately because no mapped CIP pathway is available.
Candidate_020,Information Technology (IT) Analyst,Speaking,4.0,4.0,0.0,0.8,26.64,0.587,58.66,2,0,False,No mapped CIP pathway available,Investigate education/training pathways separately,Medium,Lower,Consider developing Speaking as a medium-priority skill gap (58.66%). Investigate relevant education or training pathways separately because no mapped CIP pathway is available.
Candidate_020,Information Technology (IT) Analyst,Monitoring,3.62,4.0,0.0,0.762,26.64,0.564,56.38,3,0,False,No mapped CIP pathway available,Investigate education/training pathways separately,Medium,Lower,Consider developing Monitoring as a medium-priority skill gap (56.38%). Investigate relevant education or training pathways separately because no mapped CIP pathway is available.
Candidate_020,Inside Sales Representative,Active Listening,3.75,3.75,0.0,0.75,86.44,0.796,79.58,1,0,False,No mapped CIP pathway available,Investigate education/training pathways separately,High,High,Prioritize developing Active Listening. The skill gap has high prescriptive priority (79.58%) and the occupation has high Canadian labour demand (86.44%). Investigate relevant education or training pathways separately because no mapped CIP pathway is available.
Candidate_020,Inside Sales Representative,Speaking,3.75,3.12,0.0,0.687,86.44,0.758,75.8,2,0,False,No mapped CIP pathway available,Investigate education/training pathways separately,High,High,Prioritize developing Speaking. The skill gap has high prescriptive priority (75.80%) and the occupation has high Canadian labour demand (86.44%). Investigate relevant education or training pathways separately because no mapped CIP pathway is available.
Candidate_020,Inside Sales Representative,Monitoring,3.0,3.12,0.0,0.612,86.44,0.713,71.3,3,0,False,No mapped CIP pathway available,Investigate education/training pathways separately,High,High,Prioritize developing Monitoring. The skill gap has high prescriptive priority (71.30%) and the occupation has high Canadian labour demand (86.44%). Investigate relevant education or training pathways separately because no mapped CIP pathway is available.
Candidate_020,Licensed Practical Nurse (L.P.N.),Active Listening,3.88,4.0,0.0,0.788,30.39,0.594,59.44,1,0,False,No mapped CIP pathway available,Investigate education/training pathways separately,Medium,Lower,Consider developing Active Listening as a medium-priority skill gap (59.44%). Investigate relevant education or training pathways separately because no mapped CIP pathway is available.
Candidate_020,Licensed Practical Nurse (L.P.N.),Monitoring,3.88,4.0,0.0,0.788,30.39,0.594,59.44,1,0,False,No mapped CIP pathway available,Investigate education/training pathways separately,Medium,Lower,Consider developing Monitoring as a medium-priority skill gap (59.44%). Investigate relevant education or training pathways separately because no mapped CIP pathway is available.
Candidate_020,Licensed Practical Nurse (L.P.N.),Speaking,3.88,4.0,0.0,0.788,30.39,0.594,59.44,1,0,False,No mapped CIP pathway available,Investigate education/training pathways separately,Medium,Lower,Consider developing Speaking as a medium-priority skill gap (59.44%). Investigate relevant education or training pathways separately because no mapped CIP pathway is available.
Candidate_020,Office Administrator,Active Listening,4.0,4.0,0.0,0.8,52.86,0.691,69.14,1,13,True,CIP pathway available,Review mapped CIP education pathways,Medium,Moderate,Consider developing Active Listening as a medium-priority skill gap (69.14%). Review mapped CIP education pathways for this occupation.
Candidate_020,Office Administrator,Monitoring,4.0,4.0,0.0,0.8,52.86,0.691,69.14,1,13,True,CIP pathway available,Review mapped CIP education pathways,Medium,Moderate,Consider developing Monitoring as a medium-priority skill gap (69.14%). Review mapped CIP education pathways for this occupation.
Candidate_020,Office Administrator,Speaking,4.0,4.0,0.0,0.8,52.86,0.691,69.14,1,13,True,CIP pathway available,Review mapped CIP education pathways,Medium,Moderate,Consider developing Speaking as a medium-priority skill gap (69.14%). Review mapped CIP education pathways for this occupation.
Candidate_020,Office Manager,Monitoring,4.0,4.0,0.0,0.8,52.86,0.691,69.14,1,13,True,CIP pathway available,Review mapped CIP education pathways,Medium,Moderate,Consider developing Monitoring as a medium-priority skill gap (69.14%). Review mapped CIP education pathways for this occupation.
Candidate_020,Office Manager,Speaking,4.0,4.0,0.0,0.8,52.86,0.691,69.14,1,13,True,CIP pathway available,Review mapped CIP education pathways,Medium,Moderate,Consider developing Speaking as a medium-priority skill gap (69.14%). Review mapped CIP education pathways for this occupation.
Candidate_020,Office Manager,Active Listening,4.0,3.88,0.0,0.788,52.86,0.684,68.42,2,13,True,CIP pathway available,Review mapped CIP education pathways,Medium,Moderate,Consider developing Active Listening as a medium-priority skill gap (68.42%). Review mapped CIP education pathways for this occupation.
Candidate_020,Restaurant Manager,Speaking,3.88,4.0,0.0,0.788,58.65,0.707,70.74,1,0,False,No mapped CIP pathway available,Investigate education/training pathways separately,High,Moderate,Prioritize developing Speaking. The skill gap has high prescriptive priority (70.74%). Investigate relevant education or training pathways separately because no mapped CIP pathway is available.
Candidate_020,Restaurant Manager,Monitoring,3.88,3.88,0.0,0.776,58.65,0.7,70.02,2,0,False,No mapped CIP pathway available,Investigate education/training pathways separately,High,Moderate,Prioritize developing Monitoring. The skill gap has high prescriptive priority (70.02%). Investigate relevant education or training pathways separately because no mapped CIP pathway is available.
Candidate_020,Restaurant Manager,Active Listening,3.88,3.5,0.0,0.738,58.65,0.677,67.74,3,0,False,No mapped CIP pathway available,Investigate education/training pathways separately,Medium,Moderate,Consider developing Active Listening as a medium-priority skill gap (67.74%). Investigate relevant education or training pathways separately because no mapped CIP pathway is available.
Candidate_020,Retail Sales Associate,Active Listening,3.75,3.75,0.0,0.75,86.44,0.796,79.58,1,0,False,No mapped CIP pathway available,Investigate education/training pathways separately,High,High,Prioritize developing Active Listening. The skill gap has high prescriptive priority (79.58%) and the occupation has high Canadian labour demand (86.44%). Investigate relevant education or training pathways separately because no mapped CIP pathway is available.
Candidate_020,Retail Sales Associate,Speaking,3.75,3.12,0.0,0.687,86.44,0.758,75.8,2,0,False,No mapped CIP pathway available,Investigate education/training pathways separately,High,High,Prioritize developing Speaking. The skill gap has high prescriptive priority (75.80%) and the occupation has high Canadian labour demand (86.44%). Investigate relevant education or training pathways separately because no mapped CIP pathway is available.
Candidate_020,Retail Sales Associate,Monitoring,3.0,3.12,0.0,0.612,86.44,0.713,71.3,3,0,False,No mapped CIP pathway available,Investigate education/training pathways separately,High,High,Prioritize developing Monitoring. The skill gap has high prescriptive priority (71.30%) and the occupation has high Canadian labour demand (86.44%). Investigate relevant education or training pathways separately because no mapped CIP pathway is available.
Candidate_020,Secondary School Teacher,Speaking,4.0,4.12,0.0,0.812,36.36,0.633,63.26,1,92,True,CIP pathway available,Review mapped CIP education pathways,Medium,Lower,Consider developing Speaking as a medium-priority skill gap (63.26%). Review mapped CIP education pathways for this occupation.
Candidate_020,Secondary School Teacher,Active Listening,4.0,4.0,0.0,0.8,36.36,0.625,62.54,2,92,True,CIP pathway available,Review mapped CIP education pathways,Medium,Lower,Consider developing Active Listening as a medium-priority skill gap (62.54%). Review mapped CIP education pathways for this occupation.
Candidate_020,Secondary School Teacher,Monitoring,3.88,4.0,0.0,0.788,36.36,0.618,61.82,3,92,True,CIP pathway available,Review mapped CIP education pathways,Medium,Lower,Consider developing Monitoring as a medium-priority skill gap (61.82%). Review mapped CIP education pathways for this occupation.
Candidate_020,Software Developer,Active Listening,3.38,3.88,0.0,0.726,22.91,0.527,52.72,1,20,True,CIP pathway available,Review mapped CIP education pathways,Medium,Lower,Consider developing Active Listening as a medium-priority skill gap (52.72%). Review mapped CIP education pathways for this occupation.
Candidate_020,Software Developer,Speaking,3.12,3.62,0.0,0.6739999999999999,22.91,0.496,49.6,2,20,True,CIP pathway available,Review mapped CIP education pathways,Lower,Lower,Consider developing Speaking as an additional skill for the target occupation. Review mapped CIP education pathways for this occupation.
Candidate_020,Software Developer,Monitoring,3.0,3.5,0.0,0.6499999999999999,22.91,0.482,48.16,3,20,True,CIP pathway available,Review mapped CIP education pathways,Lower,Lower,Consider developing Monitoring as an additional skill for the target occupation. Review mapped CIP education pathways for this occupation.
Candidate_021,Administrative Assistant,Active Listening,4.0,3.75,0.0,0.775,43.85,0.64,64.04,1,0,False,No mapped CIP pathway available,Investigate education/training pathways separately,Medium,Moderate,Consider developing Active Listening as a medium-priority skill gap (64.04%). Investigate relevant education or training pathways separately because no mapped CIP pathway is available.
Candidate_021,Administrative Assistant,Speaking,4.0,3.62,0.0,0.762,43.85,0.633,63.26,2,0,False,No mapped CIP pathway available,Investigate education/training pathways separately,Medium,Moderate,Consider developing Speaking as a medium-priority skill gap (63.26%). Investigate relevant education or training pathways separately because no mapped CIP pathway is available.
Candidate_021,Administrative Assistant,Monitoring,3.12,3.25,0.0,0.637,43.85,0.558,55.76,3,0,False,No mapped CIP pathway available,Investigate education/training pathways separately,Medium,Moderate,Consider developing Monitoring as a medium-priority skill gap (55.76%). Investigate relevant education or training pathways separately because no mapped CIP pathway is available.
Candidate_021,Bookkeeper,Active Listening,3.25,3.75,0.0,0.7,29.92,0.54,53.97,1,1,True,CIP pathway available,Review mapped CIP education pathways,Medium,Lower,Consider developing Active Listening as a medium-priority skill gap (53.97%). Review mapped CIP education pathways for this occupation.
Candidate_021,Bookkeeper,Speaking,3.12,3.12,0.0,0.624,29.92,0.494,49.41,2,1,True,CIP pathway available,Review mapped CIP education pathways,Lower,Lower,Consider developing Speaking as an additional skill for the target occupation. Review mapped CIP education pathways for this occupation.
Candidate_021,Bookkeeper,Monitoring,3.0,2.88,0.0,0.588,29.92,0.472,47.25,3,1,True,CIP pathway available,Review mapped CIP education pathways,Lower,Lower,Consider developing Monitoring as an additional skill for the target occupation. Review mapped CIP education pathways for this occupation.
Candidate_021,Continuing Care Assistant,Active Listening,3.62,3.0,0.0,0.6619999999999999,43.96,0.573,57.3,1,0,False,No mapped CIP pathway available,Investigate education/training pathways separately,Medium,Moderate,Consider developing Active Listening as a medium-priority skill gap (57.30%). Investigate relevant education or training pathways separately because no mapped CIP pathway is available.
Candidate_021,Continuing Care Assistant,Monitoring,3.25,3.0,0.0,0.625,43.96,0.551,55.08,2,0,False,No mapped CIP pathway available,Investigate education/training pathways separately,Medium,Moderate,Consider developing Monitoring as a medium-priority skill gap (55.08%). Investigate relevant education or training pathways separately because no mapped CIP pathway is available.
Candidate_021,Continuing Care Assistant,Speaking,3.12,3.0,0.0,0.612,43.96,0.543,54.3,3,0,False,No mapped CIP pathway available,Investigate education/training pathways separately,Medium,Moderate,Consider developing Speaking as a medium-priority skill gap (54.30%). Investigate relevant education or training pathways separately because no mapped CIP pathway is available.
Candidate_021,Delivery Driver,Active Listening,3.12,2.88,0.0,0.6,37.05,0.508,50.82,1,0,False,No mapped CIP pathway available,Investigate education/training pathways separately,Medium,Lower,Consider developing Active Listening as a medium-priority skill gap (50.82%). Investigate relevant education or training pathways separately because no mapped CIP pathway is available.
Candidate_021,Delivery Driver,Speaking,3.12,2.88,0.0,0.6,37.05,0.508,50.82,1,0,False,No mapped CIP pathway available,Investigate education/training pathways separately,Medium,Lower,Consider developing Speaking as a medium-priority skill gap (50.82%). Investigate relevant education or training pathways separately because no mapped CIP pathway is available.
Candidate_021,Delivery Driver,Monitoring,3.12,2.75,0.0,0.587,37.05,0.5,50.04,2,0,False,No mapped CIP pathway available,Investigate education/training pathways separately,Medium,Lower,Consider developing Monitoring as a medium-priority skill gap (50.04%). Investigate relevant education or training pathways separately because no mapped CIP pathway is available.
Candidate_021,"Driver, Truck",Monitoring,3.12,3.0,0.0,0.612,88.8,0.722,72.24,1,0,False,No mapped CIP pathway available,Investigate education/training pathways separately,High,High,Prioritize developing Monitoring. The skill gap has high prescriptive priority (72.24%) and the occupation has high Canadian labour demand (88.80%). Investigate relevant education or training pathways separately because no mapped CIP pathway is available.
Candidate_021,"Driver, Truck",Active Listening,2.88,3.0,0.0,0.588,88.8,0.708,70.8,2,0,False,No mapped CIP pathway available,Investigate education/training pathways separately,High,High,Prioritize developing Active Listening. The skill gap has high prescriptive priority (70.80%) and the occupation has high Canadian labour demand (88.80%). Investigate relevant education or training pathways separately because no mapped CIP pathway is available.
Candidate_021,"Driver, Truck",Speaking,3.0,2.88,0.0,0.588,88.8,0.708,70.8,2,0,False,No mapped CIP pathway available,Investigate education/training pathways separately,High,High,Prioritize developing Speaking. The skill gap has high prescriptive priority (70.80%) and the occupation has high Canadian labour demand (88.80%). Investigate relevant education or training pathways separately because no mapped CIP pathway is available.
Candidate_021,Food Service Supervisor,Monitoring,3.88,4.0,0.0,0.788,68.33,0.746,74.61,1,0,False,No mapped CIP pathway available,Investigate education/training pathways separately,High,Moderate,Prioritize developing Monitoring. The skill gap has high prescriptive priority (74.61%). Investigate relevant education or training pathways separately because no mapped CIP pathway is available.
Candidate_021,Food Service Supervisor,Speaking,3.88,4.0,0.0,0.788,68.33,0.746,74.61,1,0,False,No mapped CIP pathway available,Investigate education/training pathways separately,High,Moderate,Prioritize developing Speaking. The skill gap has high prescriptive priority (74.61%). Investigate relevant education or training pathways separately because no mapped CIP pathway is available.
Candidate_021,Food Service Supervisor,Active Listening,3.75,3.0,0.0,0.675,68.33,0.678,67.83,2,0,False,No mapped CIP pathway available,Investigate education/training pathways separately,Medium,Moderate,Consider developing Active Listening as a medium-priority skill gap (67.83%). Investigate relevant education or training pathways separately because no mapped CIP pathway is available.
Candidate_021,Information Technology (IT) Analyst,Active Listening,4.0,4.12,0.0,0.812,26.64,0.594,59.38,1,0,False,No mapped CIP pathway available,Investigate education/training pathways separately,Medium,Lower,Consider developing Active Listening as a medium-priority skill gap (59.38%). Investigate relevant education or training pathways separately because no mapped CIP pathway is available.
Candidate_021,Information Technology (IT) Analyst,Speaking,4.0,4.0,0.0,0.8,26.64,0.587,58.66,2,0,False,No mapped CIP pathway available,Investigate education/training pathways separately,Medium,Lower,Consider developing Speaking as a medium-priority skill gap (58.66%). Investigate relevant education or training pathways separately because no mapped CIP pathway is available.
Candidate_021,Information Technology (IT) Analyst,Monitoring,3.62,4.0,0.0,0.762,26.64,0.564,56.38,3,0,False,No mapped CIP pathway available,Investigate education/training pathways separately,Medium,Lower,Consider developing Monitoring as a medium-priority skill gap (56.38%). Investigate relevant education or training pathways separately because no mapped CIP pathway is available.
Candidate_021,Inside Sales Representative,Active Listening,3.75,3.75,0.0,0.75,86.44,0.796,79.58,1,0,False,No mapped CIP pathway available,Investigate education/training pathways separately,High,High,Prioritize developing Active Listening. The skill gap has high prescriptive priority (79.58%) and the occupation has high Canadian labour demand (86.44%). Investigate relevant education or training pathways separately because no mapped CIP pathway is available.
Candidate_021,Inside Sales Representative,Speaking,3.75,3.12,0.0,0.687,86.44,0.758,75.8,2,0,False,No mapped CIP pathway available,Investigate education/training pathways separately,High,High,Prioritize developing Speaking. The skill gap has high prescriptive priority (75.80%) and the occupation has high Canadian labour demand (86.44%). Investigate relevant education or training pathways separately because no mapped CIP pathway is available.
Candidate_021,Inside Sales Representative,Monitoring,3.0,3.12,0.0,0.612,86.44,0.713,71.3,3,0,False,No mapped CIP pathway available,Investigate education/training pathways separately,High,High,Prioritize developing Monitoring. The skill gap has high prescriptive priority (71.30%) and the occupation has high Canadian labour demand (86.44%). Investigate relevant education or training pathways separately because no mapped CIP pathway is available.
Candidate_021,Licensed Practical Nurse (L.P.N.),Active Listening,3.88,4.0,0.0,0.788,30.39,0.594,59.44,1,0,False,No mapped CIP pathway available,Investigate education/training pathways separately,Medium,Lower,Consider developing Active Listening as a medium-priority skill gap (59.44%). Investigate relevant education or training pathways separately because no mapped CIP pathway is available.
Candidate_021,Licensed Practical Nurse (L.P.N.),Monitoring,3.88,4.0,0.0,0.788,30.39,0.594,59.44,1,0,False,No mapped CIP pathway available,Investigate education/training pathways separately,Medium,Lower,Consider developing Monitoring as a medium-priority skill gap (59.44%). Investigate relevant education or training pathways separately because no mapped CIP pathway is available.
Candidate_021,Licensed Practical Nurse (L.P.N.),Speaking,3.88,4.0,0.0,0.788,30.39,0.594,59.44,1,0,False,No mapped CIP pathway available,Investigate education/training pathways separately,Medium,Lower,Consider developing Speaking as a medium-priority skill gap (59.44%). Investigate relevant education or training pathways separately because no mapped CIP pathway is available.
Candidate_021,Office Administrator,Active Listening,4.0,4.0,0.0,0.8,52.86,0.691,69.14,1,13,True,CIP pathway available,Review mapped CIP education pathways,Medium,Moderate,Consider developing Active Listening as a medium-priority skill gap (69.14%). Review mapped CIP education pathways for this occupation.
Candidate_021,Office Administrator,Monitoring,4.0,4.0,0.0,0.8,52.86,0.691,69.14,1,13,True,CIP pathway available,Review mapped CIP education pathways,Medium,Moderate,Consider developing Monitoring as a medium-priority skill gap (69.14%). Review mapped CIP education pathways for this occupation.
Candidate_021,Office Administrator,Speaking,4.0,4.0,0.0,0.8,52.86,0.691,69.14,1,13,True,CIP pathway available,Review mapped CIP education pathways,Medium,Moderate,Consider developing Speaking as a medium-priority skill gap (69.14%). Review mapped CIP education pathways for this occupation.
Candidate_021,Office Manager,Monitoring,4.0,4.0,0.0,0.8,52.86,0.691,69.14,1,13,True,CIP pathway available,Review mapped CIP education pathways,Medium,Moderate,Consider developing Monitoring as a medium-priority skill gap (69.14%). Review mapped CIP education pathways for this occupation.
Candidate_021,Office Manager,Speaking,4.0,4.0,0.0,0.8,52.86,0.691,69.14,1,13,True,CIP pathway available,Review mapped CIP education pathways,Medium,Moderate,Consider developing Speaking as a medium-priority skill gap (69.14%). Review mapped CIP education pathways for this occupation.
Candidate_021,Office Manager,Active Listening,4.0,3.88,0.0,0.788,52.86,0.684,68.42,2,13,True,CIP pathway available,Review mapped CIP education pathways,Medium,Moderate,Consider developing Active Listening as a medium-priority skill gap (68.42%). Review mapped CIP education pathways for this occupation.
Candidate_021,Restaurant Manager,Speaking,3.88,4.0,0.0,0.788,58.65,0.707,70.74,1,0,False,No mapped CIP pathway available,Investigate education/training pathways separately,High,Moderate,Prioritize developing Speaking. The skill gap has high prescriptive priority (70.74%). Investigate relevant education or training pathways separately because no mapped CIP pathway is available.
Candidate_021,Restaurant Manager,Monitoring,3.88,3.88,0.0,0.776,58.65,0.7,70.02,2,0,False,No mapped CIP pathway available,Investigate education/training pathways separately,High,Moderate,Prioritize developing Monitoring. The skill gap has high prescriptive priority (70.02%). Investigate relevant education or training pathways separately because no mapped CIP pathway is available.
Candidate_021,Restaurant Manager,Active Listening,3.88,3.5,0.0,0.738,58.65,0.677,67.74,3,0,False,No mapped CIP pathway available,Investigate education/training pathways separately,Medium,Moderate,Consider developing Active Listening as a medium-priority skill gap (67.74%). Investigate relevant education or training pathways separately because no mapped CIP pathway is available.
Candidate_021,Retail Sales Associate,Active Listening,3.75,3.75,0.0,0.75,86.44,0.796,79.58,1,0,False,No mapped CIP pathway available,Investigate education/training pathways separately,High,High,Prioritize developing Active Listening. The skill gap has high prescriptive priority (79.58%) and the occupation has high Canadian labour demand (86.44%). Investigate relevant education or training pathways separately because no mapped CIP pathway is available.
Candidate_021,Retail Sales Associate,Speaking,3.75,3.12,0.0,0.687,86.44,0.758,75.8,2,0,False,No mapped CIP pathway available,Investigate education/training pathways separately,High,High,Prioritize developing Speaking. The skill gap has high prescriptive priority (75.80%) and the occupation has high Canadian labour demand (86.44%). Investigate relevant education or training pathways separately because no mapped CIP pathway is available.
Candidate_021,Retail Sales Associate,Monitoring,3.0,3.12,0.0,0.612,86.44,0.713,71.3,3,0,False,No mapped CIP pathway available,Investigate education/training pathways separately,High,High,Prioritize developing Monitoring. The skill gap has high prescriptive priority (71.30%) and the occupation has high Canadian labour demand (86.44%). Investigate relevant education or training pathways separately because no mapped CIP pathway is available.
Candidate_021,Secondary School Teacher,Speaking,4.0,4.12,0.0,0.812,36.36,0.633,63.26,1,92,True,CIP pathway available,Review mapped CIP education pathways,Medium,Lower,Consider developing Speaking as a medium-priority skill gap (63.26%). Review mapped CIP education pathways for this occupation.
Candidate_021,Secondary School Teacher,Active Listening,4.0,4.0,0.0,0.8,36.36,0.625,62.54,2,92,True,CIP pathway available,Review mapped CIP education pathways,Medium,Lower,Consider developing Active Listening as a medium-priority skill gap (62.54%). Review mapped CIP education pathways for this occupation.
Candidate_021,Secondary School Teacher,Monitoring,3.88,4.0,0.0,0.788,36.36,0.618,61.82,3,92,True,CIP pathway available,Review mapped CIP education pathways,Medium,Lower,Consider developing Monitoring as a medium-priority skill gap (61.82%). Review mapped CIP education pathways for this occupation.
Candidate_021,Software Developer,Active Listening,3.38,3.88,0.0,0.726,22.91,0.527,52.72,1,20,True,CIP pathway available,Review mapped CIP education pathways,Medium,Lower,Consider developing Active Listening as a medium-priority skill gap (52.72%). Review mapped CIP education pathways for this occupation.
Candidate_021,Software Developer,Speaking,3.12,3.62,0.0,0.6739999999999999,22.91,0.496,49.6,2,20,True,CIP pathway available,Review mapped CIP education pathways,Lower,Lower,Consider developing Speaking as an additional skill for the target occupation. Review mapped CIP education pathways for this occupation.
Candidate_021,Software Developer,Monitoring,3.0,3.5,0.0,0.6499999999999999,22.91,0.482,48.16,3,20,True,CIP pathway available,Review mapped CIP education pathways,Lower,Lower,Consider developing Monitoring as an additional skill for the target occupation. Review mapped CIP education pathways for this occupation.
Candidate_022,Administrative Assistant,Science,1.0,0.0,0.0,0.1,43.85,0.235,23.54,1,2,True,CIP pathway available,Review mapped CIP education pathways,Lower,Moderate,Consider developing Science as an additional skill for the target occupation. Review mapped CIP education pathways for this occupation.
Candidate_022,Bookkeeper,Science,1.12,0.12,0.0,0.12400000000000001,29.92,0.194,19.41,1,0,False,No mapped CIP pathway available,Investigate education/training pathways separately,Lower,Lower,Consider developing Science as an additional skill for the target occupation. Investigate relevant education or training pathways separately because no mapped CIP pathway is available.
Candidate_022,Continuing Care Assistant,Science,1.75,0.88,0.0,0.263,43.96,0.334,33.36,1,0,False,No mapped CIP pathway available,Investigate education/training pathways separately,Lower,Moderate,Consider developing Science as an additional skill for the target occupation. Investigate relevant education or training pathways separately because no mapped CIP pathway is available.
Candidate_022,Delivery Driver,Science,1.12,0.12,0.0,0.12400000000000001,37.05,0.223,22.26,1,0,False,No mapped CIP pathway available,Investigate education/training pathways separately,Lower,Lower,Consider developing Science as an additional skill for the target occupation. Investigate relevant education or training pathways separately because no mapped CIP pathway is available.
Candidate_022,"Driver, Truck",Science,1.0,0.0,0.0,0.1,88.8,0.415,41.52,1,0,False,No mapped CIP pathway available,Investigate education/training pathways separately,Lower,High,Consider developing Science because the target occupation shows high Canadian labour demand (88.80%). Investigate relevant education or training pathways separately because no mapped CIP pathway is available.
Candidate_022,Food Service Supervisor,Science,1.0,0.0,0.0,0.1,68.33,0.333,33.33,1,5,True,CIP pathway available,Review mapped CIP education pathways,Lower,Moderate,Consider developing Science as an additional skill for the target occupation. Review mapped CIP education pathways for this occupation.
Candidate_022,Information Technology (IT) Analyst,Science,2.75,3.12,0.0,0.587,26.64,0.459,45.88,1,0,False,No mapped CIP pathway available,Investigate education/training pathways separately,Lower,Lower,Consider developing Science as an additional skill for the target occupation. Investigate relevant education or training pathways separately because no mapped CIP pathway is available.
Candidate_022,Inside Sales Representative,Science,1.0,0.0,0.0,0.1,86.44,0.406,40.58,1,0,False,No CIP pathway in crosswalk,Investigate education/training pathways separately,Lower,High,Consider developing Science because the target occupation shows high Canadian labour demand (86.44%). Investigate relevant education or training pathways separately because no mapped CIP pathway is available.
Candidate_022,Licensed Practical Nurse (L.P.N.),Science,2.62,2.62,0.0,0.524,30.39,0.436,43.6,1,0,False,No mapped CIP pathway available,Investigate education/training pathways separately,Lower,Lower,Consider developing Science as an additional skill for the target occupation. Investigate relevant education or training pathways separately because no mapped CIP pathway is available.
Candidate_022,Office Administrator,Science,1.38,0.38,0.0,0.176,52.86,0.317,31.7,1,0,False,No mapped CIP pathway available,Investigate education/training pathways separately,Lower,Moderate,Consider developing Science as an additional skill for the target occupation. Investigate relevant education or training pathways separately because no mapped CIP pathway is available.
Candidate_022,Office Manager,Science,1.0,0.0,0.0,0.1,52.86,0.271,27.14,1,13,True,CIP pathway available,Review mapped CIP education pathways,Lower,Moderate,Consider developing Science as an additional skill for the target occupation. Review mapped CIP education pathways for this occupation.
Candidate_022,Restaurant Manager,Science,1.62,0.62,0.0,0.224,58.65,0.369,36.9,1,0,False,No mapped CIP pathway available,Investigate education/training pathways separately,Lower,Moderate,Consider developing Science as an additional skill for the target occupation. Investigate relevant education or training pathways separately because no mapped CIP pathway is available.
Candidate_022,Retail Sales Associate,Science,1.0,0.0,0.0,0.1,86.44,0.406,40.58,1,0,False,No CIP pathway in crosswalk,Investigate education/training pathways separately,Lower,High,Consider developing Science because the target occupation shows high Canadian labour demand (86.44%). Investigate relevant education or training pathways separately because no mapped CIP pathway is available.
Candidate_022,Secondary School Teacher,Science,2.0,1.88,0.0,0.388,36.36,0.378,37.82,1,0,False,No mapped CIP pathway available,Investigate education/training pathways separately,Lower,Lower,Consider developing Science as an additional skill for the target occupation. Investigate relevant education or training pathways separately because no mapped CIP pathway is available.
Candidate_022,Software Developer,Science,2.12,1.88,0.0,0.4,22.91,0.332,33.16,1,0,False,No mapped CIP pathway available,Investigate education/training pathways separately,Lower,Lower,Consider developing Science as an additional skill for the target occupation. Investigate relevant education or training pathways separately because no mapped CIP pathway is available.
Candidate_023,Administrative Assistant,Active Listening,4.0,3.75,0.0,0.775,43.85,0.64,64.04,1,0,False,No mapped CIP pathway available,Investigate education/training pathways separately,Medium,Moderate,Consider developing Active Listening as a medium-priority skill gap (64.04%). Investigate relevant education or training pathways separately because no mapped CIP pathway is available.
Candidate_023,Administrative Assistant,Speaking,4.0,3.62,0.0,0.762,43.85,0.633,63.26,2,0,False,No mapped CIP pathway available,Investigate education/training pathways separately,Medium,Moderate,Consider developing Speaking as a medium-priority skill gap (63.26%). Investigate relevant education or training pathways separately because no mapped CIP pathway is available.
Candidate_023,Administrative Assistant,Monitoring,3.12,3.25,0.0,0.637,43.85,0.558,55.76,3,0,False,No mapped CIP pathway available,Investigate education/training pathways separately,Medium,Moderate,Consider developing Monitoring as a medium-priority skill gap (55.76%). Investigate relevant education or training pathways separately because no mapped CIP pathway is available.
Candidate_023,Bookkeeper,Active Listening,3.25,3.75,0.0,0.7,29.92,0.54,53.97,1,0,False,No mapped CIP pathway available,Investigate education/training pathways separately,Medium,Lower,Consider developing Active Listening as a medium-priority skill gap (53.97%). Investigate relevant education or training pathways separately because no mapped CIP pathway is available.
Candidate_023,Bookkeeper,Mathematics,3.38,3.38,0.0,0.6759999999999999,29.92,0.525,52.53,2,0,False,No mapped CIP pathway available,Investigate education/training pathways separately,Medium,Lower,Consider developing Mathematics as a medium-priority skill gap (52.53%). Investigate relevant education or training pathways separately because no mapped CIP pathway is available.
Candidate_023,Bookkeeper,Speaking,3.12,3.12,0.0,0.624,29.92,0.494,49.41,3,0,False,No mapped CIP pathway available,Investigate education/training pathways separately,Lower,Lower,Consider developing Speaking as an additional skill for the target occupation. Investigate relevant education or training pathways separately because no mapped CIP pathway is available.
Candidate_023,Continuing Care Assistant,Active Listening,3.62,3.0,0.0,0.6619999999999999,43.96,0.573,57.3,1,0,False,No mapped CIP pathway available,Investigate education/training pathways separately,Medium,Moderate,Consider developing Active Listening as a medium-priority skill gap (57.30%). Investigate relevant education or training pathways separately because no mapped CIP pathway is available.
Candidate_023,Continuing Care Assistant,Monitoring,3.25,3.0,0.0,0.625,43.96,0.551,55.08,2,0,False,No mapped CIP pathway available,Investigate education/training pathways separately,Medium,Moderate,Consider developing Monitoring as a medium-priority skill gap (55.08%). Investigate relevant education or training pathways separately because no mapped CIP pathway is available.
Candidate_023,Continuing Care Assistant,Speaking,3.12,3.0,0.0,0.612,43.96,0.543,54.3,3,0,False,No mapped CIP pathway available,Investigate education/training pathways separately,Medium,Moderate,Consider developing Speaking as a medium-priority skill gap (54.30%). Investigate relevant education or training pathways separately because no mapped CIP pathway is available.
Candidate_023,Delivery Driver,Active Listening,3.12,2.88,0.0,0.6,37.05,0.508,50.82,1,0,False,No mapped CIP pathway available,Investigate education/training pathways separately,Medium,Lower,Consider developing Active Listening as a medium-priority skill gap (50.82%). Investigate relevant education or training pathways separately because no mapped CIP pathway is available.
Candidate_023,Delivery Driver,Speaking,3.12,2.88,0.0,0.6,37.05,0.508,50.82,1,0,False,No mapped CIP pathway available,Investigate education/training pathways separately,Medium,Lower,Consider developing Speaking as a medium-priority skill gap (50.82%). Investigate relevant education or training pathways separately because no mapped CIP pathway is available.
Candidate_023,Delivery Driver,Monitoring,3.12,2.75,0.0,0.587,37.05,0.5,50.04,2,0,False,No mapped CIP pathway available,Investigate education/training pathways separately,Medium,Lower,Consider developing Monitoring as a medium-priority skill gap (50.04%). Investigate relevant education or training pathways separately because no mapped CIP pathway is available.
Candidate_023,"Driver, Truck",Monitoring,3.12,3.0,0.0,0.612,88.8,0.722,72.24,1,0,False,No mapped CIP pathway available,Investigate education/training pathways separately,High,High,Prioritize developing Monitoring. The skill gap has high prescriptive priority (72.24%) and the occupation has high Canadian labour demand (88.80%). Investigate relevant education or training pathways separately because no mapped CIP pathway is available.
Candidate_023,"Driver, Truck",Active Listening,2.88,3.0,0.0,0.588,88.8,0.708,70.8,2,0,False,No mapped CIP pathway available,Investigate education/training pathways separately,High,High,Prioritize developing Active Listening. The skill gap has high prescriptive priority (70.80%) and the occupation has high Canadian labour demand (88.80%). Investigate relevant education or training pathways separately because no mapped CIP pathway is available.
Candidate_023,"Driver, Truck",Speaking,3.0,2.88,0.0,0.588,88.8,0.708,70.8,2,0,False,No mapped CIP pathway available,Investigate education/training pathways separately,High,High,Prioritize developing Speaking. The skill gap has high prescriptive priority (70.80%) and the occupation has high Canadian labour demand (88.80%). Investigate relevant education or training pathways separately because no mapped CIP pathway is available.
Candidate_023,Food Service Supervisor,Monitoring,3.88,4.0,0.0,0.788,68.33,0.746,74.61,1,0,False,No mapped CIP pathway available,Investigate education/training pathways separately,High,Moderate,Prioritize developing Monitoring. The skill gap has high prescriptive priority (74.61%). Investigate relevant education or training pathways separately because no mapped CIP pathway is available.
Candidate_023,Food Service Supervisor,Speaking,3.88,4.0,0.0,0.788,68.33,0.746,74.61,1,0,False,No mapped CIP pathway available,Investigate education/training pathways separately,High,Moderate,Prioritize developing Speaking. The skill gap has high prescriptive priority (74.61%). Investigate relevant education or training pathways separately because no mapped CIP pathway is available.
Candidate_023,Food Service Supervisor,Active Listening,3.75,3.0,0.0,0.675,68.33,0.678,67.83,2,0,False,No mapped CIP pathway available,Investigate education/training pathways separately,Medium,Moderate,Consider developing Active Listening as a medium-priority skill gap (67.83%). Investigate relevant education or training pathways separately because no mapped CIP pathway is available.
Candidate_023,Information Technology (IT) Analyst,Active Listening,4.0,4.12,0.0,0.812,26.64,0.594,59.38,1,22,True,CIP pathway available,Review mapped CIP education pathways,Medium,Lower,Consider developing Active Listening as a medium-priority skill gap (59.38%). Review mapped CIP education pathways for this occupation.
Candidate_023,Information Technology (IT) Analyst,Speaking,4.0,4.0,0.0,0.8,26.64,0.587,58.66,2,22,True,CIP pathway available,Review mapped CIP education pathways,Medium,Lower,Consider developing Speaking as a medium-priority skill gap (58.66%). Review mapped CIP education pathways for this occupation.
Candidate_023,Information Technology (IT) Analyst,Monitoring,3.62,4.0,0.0,0.762,26.64,0.564,56.38,3,22,True,CIP pathway available,Review mapped CIP education pathways,Medium,Lower,Consider developing Monitoring as a medium-priority skill gap (56.38%). Review mapped CIP education pathways for this occupation.
Candidate_023,Inside Sales Representative,Active Listening,3.75,3.75,0.0,0.75,86.44,0.796,79.58,1,0,False,No mapped CIP pathway available,Investigate education/training pathways separately,High,High,Prioritize developing Active Listening. The skill gap has high prescriptive priority (79.58%) and the occupation has high Canadian labour demand (86.44%). Investigate relevant education or training pathways separately because no mapped CIP pathway is available.
Candidate_023,Inside Sales Representative,Speaking,3.75,3.12,0.0,0.687,86.44,0.758,75.8,2,0,False,No mapped CIP pathway available,Investigate education/training pathways separately,High,High,Prioritize developing Speaking. The skill gap has high prescriptive priority (75.80%) and the occupation has high Canadian labour demand (86.44%). Investigate relevant education or training pathways separately because no mapped CIP pathway is available.
Candidate_023,Inside Sales Representative,Monitoring,3.0,3.12,0.0,0.612,86.44,0.713,71.3,3,0,False,No mapped CIP pathway available,Investigate education/training pathways separately,High,High,Prioritize developing Monitoring. The skill gap has high prescriptive priority (71.30%) and the occupation has high Canadian labour demand (86.44%). Investigate relevant education or training pathways separately because no mapped CIP pathway is available.
Candidate_023,Licensed Practical Nurse (L.P.N.),Active Listening,3.88,4.0,0.0,0.788,30.39,0.594,59.44,1,0,False,No mapped CIP pathway available,Investigate education/training pathways separately,Medium,Lower,Consider developing Active Listening as a medium-priority skill gap (59.44%). Investigate relevant education or training pathways separately because no mapped CIP pathway is available.
Candidate_023,Licensed Practical Nurse (L.P.N.),Monitoring,3.88,4.0,0.0,0.788,30.39,0.594,59.44,1,0,False,No mapped CIP pathway available,Investigate education/training pathways separately,Medium,Lower,Consider developing Monitoring as a medium-priority skill gap (59.44%). Investigate relevant education or training pathways separately because no mapped CIP pathway is available.
Candidate_023,Licensed Practical Nurse (L.P.N.),Speaking,3.88,4.0,0.0,0.788,30.39,0.594,59.44,1,0,False,No mapped CIP pathway available,Investigate education/training pathways separately,Medium,Lower,Consider developing Speaking as a medium-priority skill gap (59.44%). Investigate relevant education or training pathways separately because no mapped CIP pathway is available.
Candidate_023,Office Administrator,Active Listening,4.0,4.0,0.0,0.8,52.86,0.691,69.14,1,13,True,CIP pathway available,Review mapped CIP education pathways,Medium,Moderate,Consider developing Active Listening as a medium-priority skill gap (69.14%). Review mapped CIP education pathways for this occupation.
Candidate_023,Office Administrator,Monitoring,4.0,4.0,0.0,0.8,52.86,0.691,69.14,1,13,True,CIP pathway available,Review mapped CIP education pathways,Medium,Moderate,Consider developing Monitoring as a medium-priority skill gap (69.14%). Review mapped CIP education pathways for this occupation.
Candidate_023,Office Administrator,Speaking,4.0,4.0,0.0,0.8,52.86,0.691,69.14,1,13,True,CIP pathway available,Review mapped CIP education pathways,Medium,Moderate,Consider developing Speaking as a medium-priority skill gap (69.14%). Review mapped CIP education pathways for this occupation.
Candidate_023,Office Manager,Monitoring,4.0,4.0,0.0,0.8,52.86,0.691,69.14,1,13,True,CIP pathway available,Review mapped CIP education pathways,Medium,Moderate,Consider developing Monitoring as a medium-priority skill gap (69.14%). Review mapped CIP education pathways for this occupation.
Candidate_023,Office Manager,Speaking,4.0,4.0,0.0,0.8,52.86,0.691,69.14,1,13,True,CIP pathway available,Review mapped CIP education pathways,Medium,Moderate,Consider developing Speaking as a medium-priority skill gap (69.14%). Review mapped CIP education pathways for this occupation.
Candidate_023,Office Manager,Active Listening,4.0,3.88,0.0,0.788,52.86,0.684,68.42,2,13,True,CIP pathway available,Review mapped CIP education pathways,Medium,Moderate,Consider developing Active Listening as a medium-priority skill gap (68.42%). Review mapped CIP education pathways for this occupation.
Candidate_023,Restaurant Manager,Speaking,3.88,4.0,0.0,0.788,58.65,0.707,70.74,1,0,False,No mapped CIP pathway available,Investigate education/training pathways separately,High,Moderate,Prioritize developing Speaking. The skill gap has high prescriptive priority (70.74%). Investigate relevant education or training pathways separately because no mapped CIP pathway is available.
Candidate_023,Restaurant Manager,Monitoring,3.88,3.88,0.0,0.776,58.65,0.7,70.02,2,0,False,No mapped CIP pathway available,Investigate education/training pathways separately,High,Moderate,Prioritize developing Monitoring. The skill gap has high prescriptive priority (70.02%). Investigate relevant education or training pathways separately because no mapped CIP pathway is available.
Candidate_023,Restaurant Manager,Active Listening,3.88,3.5,0.0,0.738,58.65,0.677,67.74,3,0,False,No mapped CIP pathway available,Investigate education/training pathways separately,Medium,Moderate,Consider developing Active Listening as a medium-priority skill gap (67.74%). Investigate relevant education or training pathways separately because no mapped CIP pathway is available.
Candidate_023,Retail Sales Associate,Active Listening,3.75,3.75,0.0,0.75,86.44,0.796,79.58,1,0,False,No mapped CIP pathway available,Investigate education/training pathways separately,High,High,Prioritize developing Active Listening. The skill gap has high prescriptive priority (79.58%) and the occupation has high Canadian labour demand (86.44%). Investigate relevant education or training pathways separately because no mapped CIP pathway is available.
Candidate_023,Retail Sales Associate,Speaking,3.75,3.12,0.0,0.687,86.44,0.758,75.8,2,0,False,No mapped CIP pathway available,Investigate education/training pathways separately,High,High,Prioritize developing Speaking. The skill gap has high prescriptive priority (75.80%) and the occupation has high Canadian labour demand (86.44%). Investigate relevant education or training pathways separately because no mapped CIP pathway is available.
Candidate_023,Retail Sales Associate,Monitoring,3.0,3.12,0.0,0.612,86.44,0.713,71.3,3,0,False,No mapped CIP pathway available,Investigate education/training pathways separately,High,High,Prioritize developing Monitoring. The skill gap has high prescriptive priority (71.30%) and the occupation has high Canadian labour demand (86.44%). Investigate relevant education or training pathways separately because no mapped CIP pathway is available.
Candidate_023,Secondary School Teacher,Speaking,4.0,4.12,0.0,0.812,36.36,0.633,63.26,1,92,True,CIP pathway available,Review mapped CIP education pathways,Medium,Lower,Consider developing Speaking as a medium-priority skill gap (63.26%). Review mapped CIP education pathways for this occupation.
Candidate_023,Secondary School Teacher,Active Listening,4.0,4.0,0.0,0.8,36.36,0.625,62.54,2,92,True,CIP pathway available,Review mapped CIP education pathways,Medium,Lower,Consider developing Active Listening as a medium-priority skill gap (62.54%). Review mapped CIP education pathways for this occupation.
Candidate_023,Secondary School Teacher,Monitoring,3.88,4.0,0.0,0.788,36.36,0.618,61.82,3,92,True,CIP pathway available,Review mapped CIP education pathways,Medium,Lower,Consider developing Monitoring as a medium-priority skill gap (61.82%). Review mapped CIP education pathways for this occupation.
Candidate_023,Software Developer,Active Listening,3.38,3.88,0.0,0.726,22.91,0.527,52.72,1,20,True,CIP pathway available,Review mapped CIP education pathways,Medium,Lower,Consider developing Active Listening as a medium-priority skill gap (52.72%). Review mapped CIP education pathways for this occupation.
Candidate_023,Software Developer,Speaking,3.12,3.62,0.0,0.6739999999999999,22.91,0.496,49.6,2,20,True,CIP pathway available,Review mapped CIP education pathways,Lower,Lower,Consider developing Speaking as an additional skill for the target occupation. Review mapped CIP education pathways for this occupation.
Candidate_023,Software Developer,Monitoring,3.0,3.5,0.0,0.6499999999999999,22.91,0.482,48.16,3,20,True,CIP pathway available,Review mapped CIP education pathways,Lower,Lower,Consider developing Monitoring as an additional skill for the target occupation. Review mapped CIP education pathways for this occupation.
Candidate_024,Administrative Assistant,Active Listening,4.0,3.75,0.0,0.775,43.85,0.64,64.04,1,0,False,No mapped CIP pathway available,Investigate education/training pathways separately,Medium,Moderate,Consider developing Active Listening as a medium-priority skill gap (64.04%). Investigate relevant education or training pathways separately because no mapped CIP pathway is available.
Candidate_024,Administrative Assistant,Speaking,4.0,3.62,0.0,0.762,43.85,0.633,63.26,2,0,False,No mapped CIP pathway available,Investigate education/training pathways separately,Medium,Moderate,Consider developing Speaking as a medium-priority skill gap (63.26%). Investigate relevant education or training pathways separately because no mapped CIP pathway is available.
Candidate_024,Administrative Assistant,Science,1.0,0.0,0.0,0.1,43.85,0.235,23.54,3,0,False,No mapped CIP pathway available,Investigate education/training pathways separately,Lower,Moderate,Consider developing Science as an additional skill for the target occupation. Investigate relevant education or training pathways separately because no mapped CIP pathway is available.
Candidate_024,Bookkeeper,Active Listening,3.25,3.75,0.0,0.7,29.92,0.54,53.97,1,1,True,CIP pathway available,Review mapped CIP education pathways,Medium,Lower,Consider developing Active Listening as a medium-priority skill gap (53.97%). Review mapped CIP education pathways for this occupation.
Candidate_024,Bookkeeper,Speaking,3.12,3.12,0.0,0.624,29.92,0.494,49.41,2,1,True,CIP pathway available,Review mapped CIP education pathways,Lower,Lower,Consider developing Speaking as an additional skill for the target occupation. Review mapped CIP education pathways for this occupation.
Candidate_024,Bookkeeper,Science,1.12,0.12,0.0,0.12400000000000001,29.92,0.194,19.41,3,1,True,CIP pathway available,Review mapped CIP education pathways,Lower,Lower,Consider developing Science as an additional skill for the target occupation. Review mapped CIP education pathways for this occupation.
Candidate_024,Continuing Care Assistant,Active Listening,3.62,3.0,0.0,0.6619999999999999,43.96,0.573,57.3,1,0,False,No mapped CIP pathway available,Investigate education/training pathways separately,Medium,Moderate,Consider developing Active Listening as a medium-priority skill gap (57.30%). Investigate relevant education or training pathways separately because no mapped CIP pathway is available.
Candidate_024,Continuing Care Assistant,Speaking,3.12,3.0,0.0,0.612,43.96,0.543,54.3,2,0,False,No mapped CIP pathway available,Investigate education/training pathways separately,Medium,Moderate,Consider developing Speaking as a medium-priority skill gap (54.30%). Investigate relevant education or training pathways separately because no mapped CIP pathway is available.
Candidate_024,Continuing Care Assistant,Science,1.75,0.88,0.0,0.263,43.96,0.334,33.36,3,0,False,No mapped CIP pathway available,Investigate education/training pathways separately,Lower,Moderate,Consider developing Science as an additional skill for the target occupation. Investigate relevant education or training pathways separately because no mapped CIP pathway is available.
Candidate_024,Delivery Driver,Active Listening,3.12,2.88,0.0,0.6,37.05,0.508,50.82,1,0,False,No mapped CIP pathway available,Investigate education/training pathways separately,Medium,Lower,Consider developing Active Listening as a medium-priority skill gap (50.82%). Investigate relevant education or training pathways separately because no mapped CIP pathway is available.
Candidate_024,Delivery Driver,Speaking,3.12,2.88,0.0,0.6,37.05,0.508,50.82,1,0,False,No mapped CIP pathway available,Investigate education/training pathways separately,Medium,Lower,Consider developing Speaking as a medium-priority skill gap (50.82%). Investigate relevant education or training pathways separately because no mapped CIP pathway is available.
Candidate_024,Delivery Driver,Science,1.12,0.12,0.0,0.12400000000000001,37.05,0.223,22.26,2,0,False,No mapped CIP pathway available,Investigate education/training pathways separately,Lower,Lower,Consider developing Science as an additional skill for the target occupation. Investigate relevant education or training pathways separately because no mapped CIP pathway is available.
Candidate_024,"Driver, Truck",Active Listening,2.88,3.0,0.0,0.588,88.8,0.708,70.8,1,1,True,CIP pathway available,Review mapped CIP education pathways,High,High,Prioritize developing Active Listening. The skill gap has high prescriptive priority (70.80%) and the occupation has high Canadian labour demand (88.80%). Review mapped CIP education pathways for this occupation.
Candidate_024,"Driver, Truck",Speaking,3.0,2.88,0.0,0.588,88.8,0.708,70.8,1,1,True,CIP pathway available,Review mapped CIP education pathways,High,High,Prioritize developing Speaking. The skill gap has high prescriptive priority (70.80%) and the occupation has high Canadian labour demand (88.80%). Review mapped CIP education pathways for this occupation.
Candidate_024,"Driver, Truck",Science,1.0,0.0,0.0,0.1,88.8,0.415,41.52,2,1,True,CIP pathway available,Review mapped CIP education pathways,Lower,High,Consider developing Science because the target occupation shows high Canadian labour demand (88.80%). Review mapped CIP education pathways for this occupation.
Candidate_024,Food Service Supervisor,Speaking,3.88,4.0,0.0,0.788,68.33,0.746,74.61,1,0,False,No mapped CIP pathway available,Investigate education/training pathways separately,High,Moderate,Prioritize developing Speaking. The skill gap has high prescriptive priority (74.61%). Investigate relevant education or training pathways separately because no mapped CIP pathway is available.
Candidate_024,Food Service Supervisor,Active Listening,3.75,3.0,0.0,0.675,68.33,0.678,67.83,2,0,False,No mapped CIP pathway available,Investigate education/training pathways separately,Medium,Moderate,Consider developing Active Listening as a medium-priority skill gap (67.83%). Investigate relevant education or training pathways separately because no mapped CIP pathway is available.
Candidate_024,Food Service Supervisor,Science,1.0,0.0,0.0,0.1,68.33,0.333,33.33,3,0,False,No mapped CIP pathway available,Investigate education/training pathways separately,Lower,Moderate,Consider developing Science as an additional skill for the target occupation. Investigate relevant education or training pathways separately because no mapped CIP pathway is available.
Candidate_024,Information Technology (IT) Analyst,Active Listening,4.0,4.12,0.0,0.812,26.64,0.594,59.38,1,0,False,No mapped CIP pathway available,Investigate education/training pathways separately,Medium,Lower,Consider developing Active Listening as a medium-priority skill gap (59.38%). Investigate relevant education or training pathways separately because no mapped CIP pathway is available.
Candidate_024,Information Technology (IT) Analyst,Speaking,4.0,4.0,0.0,0.8,26.64,0.587,58.66,2,0,False,No mapped CIP pathway available,Investigate education/training pathways separately,Medium,Lower,Consider developing Speaking as a medium-priority skill gap (58.66%). Investigate relevant education or training pathways separately because no mapped CIP pathway is available.
Candidate_024,Information Technology (IT) Analyst,Science,2.75,3.12,0.0,0.587,26.64,0.459,45.88,3,0,False,No mapped CIP pathway available,Investigate education/training pathways separately,Lower,Lower,Consider developing Science as an additional skill for the target occupation. Investigate relevant education or training pathways separately because no mapped CIP pathway is available.
Candidate_024,Inside Sales Representative,Active Listening,3.75,3.75,0.0,0.75,86.44,0.796,79.58,1,0,False,No mapped CIP pathway available,Investigate education/training pathways separately,High,High,Prioritize developing Active Listening. The skill gap has high prescriptive priority (79.58%) and the occupation has high Canadian labour demand (86.44%). Investigate relevant education or training pathways separately because no mapped CIP pathway is available.
Candidate_024,Inside Sales Representative,Speaking,3.75,3.12,0.0,0.687,86.44,0.758,75.8,2,0,False,No mapped CIP pathway available,Investigate education/training pathways separately,High,High,Prioritize developing Speaking. The skill gap has high prescriptive priority (75.80%) and the occupation has high Canadian labour demand (86.44%). Investigate relevant education or training pathways separately because no mapped CIP pathway is available.
Candidate_024,Inside Sales Representative,Science,1.0,0.0,0.0,0.1,86.44,0.406,40.58,3,0,False,No mapped CIP pathway available,Investigate education/training pathways separately,Lower,High,Consider developing Science because the target occupation shows high Canadian labour demand (86.44%). Investigate relevant education or training pathways separately because no mapped CIP pathway is available.
Candidate_024,Licensed Practical Nurse (L.P.N.),Active Listening,3.88,4.0,0.0,0.788,30.39,0.594,59.44,1,0,False,No mapped CIP pathway available,Investigate education/training pathways separately,Medium,Lower,Consider developing Active Listening as a medium-priority skill gap (59.44%). Investigate relevant education or training pathways separately because no mapped CIP pathway is available.
Candidate_024,Licensed Practical Nurse (L.P.N.),Speaking,3.88,4.0,0.0,0.788,30.39,0.594,59.44,1,0,False,No mapped CIP pathway available,Investigate education/training pathways separately,Medium,Lower,Consider developing Speaking as a medium-priority skill gap (59.44%). Investigate relevant education or training pathways separately because no mapped CIP pathway is available.
Candidate_024,Licensed Practical Nurse (L.P.N.),Science,2.62,2.62,0.0,0.524,30.39,0.436,43.6,2,0,False,No mapped CIP pathway available,Investigate education/training pathways separately,Lower,Lower,Consider developing Science as an additional skill for the target occupation. Investigate relevant education or training pathways separately because no mapped CIP pathway is available.
Candidate_024,Office Administrator,Active Listening,4.0,4.0,0.0,0.8,52.86,0.691,69.14,1,13,True,CIP pathway available,Review mapped CIP education pathways,Medium,Moderate,Consider developing Active Listening as a medium-priority skill gap (69.14%). Review mapped CIP education pathways for this occupation.
Candidate_024,Office Administrator,Speaking,4.0,4.0,0.0,0.8,52.86,0.691,69.14,1,13,True,CIP pathway available,Review mapped CIP education pathways,Medium,Moderate,Consider developing Speaking as a medium-priority skill gap (69.14%). Review mapped CIP education pathways for this occupation.
Candidate_024,Office Administrator,Science,1.38,0.38,0.0,0.176,52.86,0.317,31.7,2,13,True,CIP pathway available,Review mapped CIP education pathways,Lower,Moderate,Consider developing Science as an additional skill for the target occupation. Review mapped CIP education pathways for this occupation.
Candidate_024,Office Manager,Speaking,4.0,4.0,0.0,0.8,52.86,0.691,69.14,1,13,True,CIP pathway available,Review mapped CIP education pathways,Medium,Moderate,Consider developing Speaking as a medium-priority skill gap (69.14%). Review mapped CIP education pathways for this occupation.
Candidate_024,Office Manager,Active Listening,4.0,3.88,0.0,0.788,52.86,0.684,68.42,2,13,True,CIP pathway available,Review mapped CIP education pathways,Medium,Moderate,Consider developing Active Listening as a medium-priority skill gap (68.42%). Review mapped CIP education pathways for this occupation.
Candidate_024,Office Manager,Science,1.0,0.0,0.0,0.1,52.86,0.271,27.14,3,13,True,CIP pathway available,Review mapped CIP education pathways,Lower,Moderate,Consider developing Science as an additional skill for the target occupation. Review mapped CIP education pathways for this occupation.
Candidate_024,Restaurant Manager,Speaking,3.88,4.0,0.0,0.788,58.65,0.707,70.74,1,0,False,No mapped CIP pathway available,Investigate education/training pathways separately,High,Moderate,Prioritize developing Speaking. The skill gap has high prescriptive priority (70.74%). Investigate relevant education or training pathways separately because no mapped CIP pathway is available.
Candidate_024,Restaurant Manager,Active Listening,3.88,3.5,0.0,0.738,58.65,0.677,67.74,2,0,False,No mapped CIP pathway available,Investigate education/training pathways separately,Medium,Moderate,Consider developing Active Listening as a medium-priority skill gap (67.74%). Investigate relevant education or training pathways separately because no mapped CIP pathway is available.
Candidate_024,Restaurant Manager,Science,1.62,0.62,0.0,0.224,58.65,0.369,36.9,3,0,False,No mapped CIP pathway available,Investigate education/training pathways separately,Lower,Moderate,Consider developing Science as an additional skill for the target occupation. Investigate relevant education or training pathways separately because no mapped CIP pathway is available.
Candidate_024,Retail Sales Associate,Active Listening,3.75,3.75,0.0,0.75,86.44,0.796,79.58,1,0,False,No mapped CIP pathway available,Investigate education/training pathways separately,High,High,Prioritize developing Active Listening. The skill gap has high prescriptive priority (79.58%) and the occupation has high Canadian labour demand (86.44%). Investigate relevant education or training pathways separately because no mapped CIP pathway is available.
Candidate_024,Retail Sales Associate,Speaking,3.75,3.12,0.0,0.687,86.44,0.758,75.8,2,0,False,No mapped CIP pathway available,Investigate education/training pathways separately,High,High,Prioritize developing Speaking. The skill gap has high prescriptive priority (75.80%) and the occupation has high Canadian labour demand (86.44%). Investigate relevant education or training pathways separately because no mapped CIP pathway is available.
Candidate_024,Retail Sales Associate,Science,1.0,0.0,0.0,0.1,86.44,0.406,40.58,3,0,False,No mapped CIP pathway available,Investigate education/training pathways separately,Lower,High,Consider developing Science because the target occupation shows high Canadian labour demand (86.44%). Investigate relevant education or training pathways separately because no mapped CIP pathway is available.
Candidate_024,Secondary School Teacher,Speaking,4.0,4.12,0.0,0.812,36.36,0.633,63.26,1,0,False,No mapped CIP pathway available,Investigate education/training pathways separately,Medium,Lower,Consider developing Speaking as a medium-priority skill gap (63.26%). Investigate relevant education or training pathways separately because no mapped CIP pathway is available.
Candidate_024,Secondary School Teacher,Active Listening,4.0,4.0,0.0,0.8,36.36,0.625,62.54,2,0,False,No mapped CIP pathway available,Investigate education/training pathways separately,Medium,Lower,Consider developing Active Listening as a medium-priority skill gap (62.54%). Investigate relevant education or training pathways separately because no mapped CIP pathway is available.
Candidate_024,Secondary School Teacher,Science,2.0,1.88,0.0,0.388,36.36,0.378,37.82,3,0,False,No mapped CIP pathway available,Investigate education/training pathways separately,Lower,Lower,Consider developing Science as an additional skill for the target occupation. Investigate relevant education or training pathways separately because no mapped CIP pathway is available.
Candidate_024,Software Developer,Active Listening,3.38,3.88,0.0,0.726,22.91,0.527,52.72,1,20,True,CIP pathway available,Review mapped CIP education pathways,Medium,Lower,Consider developing Active Listening as a medium-priority skill gap (52.72%). Review mapped CIP education pathways for this occupation.
Candidate_024,Software Developer,Speaking,3.12,3.62,0.0,0.6739999999999999,22.91,0.496,49.6,2,20,True,CIP pathway available,Review mapped CIP education pathways,Lower,Lower,Consider developing Speaking as an additional skill for the target occupation. Review mapped CIP education pathways for this occupation.
Candidate_024,Software Developer,Science,2.12,1.88,0.0,0.4,22.91,0.332,33.16,3,20,True,CIP pathway available,Review mapped CIP education pathways,Lower,Lower,Consider developing Science as an additional skill for the target occupation. Review mapped CIP education pathways for this occupation.
Candidate_025,Administrative Assistant,Active Listening,4.0,3.75,0.0,0.775,43.85,0.64,64.04,1,0,False,No mapped CIP pathway available,Investigate education/training pathways separately,Medium,Moderate,Consider developing Active Listening as a medium-priority skill gap (64.04%). Investigate relevant education or training pathways separately because no mapped CIP pathway is available.
Candidate_025,Administrative Assistant,Speaking,4.0,3.62,0.0,0.762,43.85,0.633,63.26,2,0,False,No mapped CIP pathway available,Investigate education/training pathways separately,Medium,Moderate,Consider developing Speaking as a medium-priority skill gap (63.26%). Investigate relevant education or training pathways separately because no mapped CIP pathway is available.
Candidate_025,Administrative Assistant,Monitoring,3.12,3.25,0.0,0.637,43.85,0.558,55.76,3,0,False,No mapped CIP pathway available,Investigate education/training pathways separately,Medium,Moderate,Consider developing Monitoring as a medium-priority skill gap (55.76%). Investigate relevant education or training pathways separately because no mapped CIP pathway is available.
Candidate_025,Bookkeeper,Active Listening,3.25,3.75,0.0,0.7,29.92,0.54,53.97,1,1,True,CIP pathway available,Review mapped CIP education pathways,Medium,Lower,Consider developing Active Listening as a medium-priority skill gap (53.97%). Review mapped CIP education pathways for this occupation.
Candidate_025,Bookkeeper,Speaking,3.12,3.12,0.0,0.624,29.92,0.494,49.41,2,1,True,CIP pathway available,Review mapped CIP education pathways,Lower,Lower,Consider developing Speaking as an additional skill for the target occupation. Review mapped CIP education pathways for this occupation.
Candidate_025,Bookkeeper,Monitoring,3.0,2.88,0.0,0.588,29.92,0.472,47.25,3,1,True,CIP pathway available,Review mapped CIP education pathways,Lower,Lower,Consider developing Monitoring as an additional skill for the target occupation. Review mapped CIP education pathways for this occupation.
Candidate_025,Continuing Care Assistant,Active Listening,3.62,3.0,0.0,0.6619999999999999,43.96,0.573,57.3,1,0,False,No mapped CIP pathway available,Investigate education/training pathways separately,Medium,Moderate,Consider developing Active Listening as a medium-priority skill gap (57.30%). Investigate relevant education or training pathways separately because no mapped CIP pathway is available.
Candidate_025,Continuing Care Assistant,Monitoring,3.25,3.0,0.0,0.625,43.96,0.551,55.08,2,0,False,No mapped CIP pathway available,Investigate education/training pathways separately,Medium,Moderate,Consider developing Monitoring as a medium-priority skill gap (55.08%). Investigate relevant education or training pathways separately because no mapped CIP pathway is available.
Candidate_025,Continuing Care Assistant,Speaking,3.12,3.0,0.0,0.612,43.96,0.543,54.3,3,0,False,No mapped CIP pathway available,Investigate education/training pathways separately,Medium,Moderate,Consider developing Speaking as a medium-priority skill gap (54.30%). Investigate relevant education or training pathways separately because no mapped CIP pathway is available.
Candidate_025,Delivery Driver,Active Listening,3.12,2.88,0.0,0.6,37.05,0.508,50.82,1,0,False,No mapped CIP pathway available,Investigate education/training pathways separately,Medium,Lower,Consider developing Active Listening as a medium-priority skill gap (50.82%). Investigate relevant education or training pathways separately because no mapped CIP pathway is available.
Candidate_025,Delivery Driver,Speaking,3.12,2.88,0.0,0.6,37.05,0.508,50.82,1,0,False,No mapped CIP pathway available,Investigate education/training pathways separately,Medium,Lower,Consider developing Speaking as a medium-priority skill gap (50.82%). Investigate relevant education or training pathways separately because no mapped CIP pathway is available.
Candidate_025,Delivery Driver,Monitoring,3.12,2.75,0.0,0.587,37.05,0.5,50.04,2,0,False,No mapped CIP pathway available,Investigate education/training pathways separately,Medium,Lower,Consider developing Monitoring as a medium-priority skill gap (50.04%). Investigate relevant education or training pathways separately because no mapped CIP pathway is available.
Candidate_025,"Driver, Truck",Monitoring,3.12,3.0,0.0,0.612,88.8,0.722,72.24,1,0,False,No mapped CIP pathway available,Investigate education/training pathways separately,High,High,Prioritize developing Monitoring. The skill gap has high prescriptive priority (72.24%) and the occupation has high Canadian labour demand (88.80%). Investigate relevant education or training pathways separately because no mapped CIP pathway is available.
Candidate_025,"Driver, Truck",Active Listening,2.88,3.0,0.0,0.588,88.8,0.708,70.8,2,0,False,No mapped CIP pathway available,Investigate education/training pathways separately,High,High,Prioritize developing Active Listening. The skill gap has high prescriptive priority (70.80%) and the occupation has high Canadian labour demand (88.80%). Investigate relevant education or training pathways separately because no mapped CIP pathway is available.
Candidate_025,"Driver, Truck",Speaking,3.0,2.88,0.0,0.588,88.8,0.708,70.8,2,0,False,No mapped CIP pathway available,Investigate education/training pathways separately,High,High,Prioritize developing Speaking. The skill gap has high prescriptive priority (70.80%) and the occupation has high Canadian labour demand (88.80%). Investigate relevant education or training pathways separately because no mapped CIP pathway is available.
Candidate_025,Food Service Supervisor,Monitoring,3.88,4.0,0.0,0.788,68.33,0.746,74.61,1,0,False,No mapped CIP pathway available,Investigate education/training pathways separately,High,Moderate,Prioritize developing Monitoring. The skill gap has high prescriptive priority (74.61%). Investigate relevant education or training pathways separately because no mapped CIP pathway is available.
Candidate_025,Food Service Supervisor,Speaking,3.88,4.0,0.0,0.788,68.33,0.746,74.61,1,0,False,No mapped CIP pathway available,Investigate education/training pathways separately,High,Moderate,Prioritize developing Speaking. The skill gap has high prescriptive priority (74.61%). Investigate relevant education or training pathways separately because no mapped CIP pathway is available.
Candidate_025,Food Service Supervisor,Active Listening,3.75,3.0,0.0,0.675,68.33,0.678,67.83,2,0,False,No mapped CIP pathway available,Investigate education/training pathways separately,Medium,Moderate,Consider developing Active Listening as a medium-priority skill gap (67.83%). Investigate relevant education or training pathways separately because no mapped CIP pathway is available.
Candidate_025,Information Technology (IT) Analyst,Active Listening,4.0,4.12,0.0,0.812,26.64,0.594,59.38,1,22,True,CIP pathway available,Review mapped CIP education pathways,Medium,Lower,Consider developing Active Listening as a medium-priority skill gap (59.38%). Review mapped CIP education pathways for this occupation.
Candidate_025,Information Technology (IT) Analyst,Speaking,4.0,4.0,0.0,0.8,26.64,0.587,58.66,2,22,True,CIP pathway available,Review mapped CIP education pathways,Medium,Lower,Consider developing Speaking as a medium-priority skill gap (58.66%). Review mapped CIP education pathways for this occupation.
Candidate_025,Information Technology (IT) Analyst,Monitoring,3.62,4.0,0.0,0.762,26.64,0.564,56.38,3,22,True,CIP pathway available,Review mapped CIP education pathways,Medium,Lower,Consider developing Monitoring as a medium-priority skill gap (56.38%). Review mapped CIP education pathways for this occupation.
Candidate_025,Inside Sales Representative,Active Listening,3.75,3.75,0.0,0.75,86.44,0.796,79.58,1,0,False,No mapped CIP pathway available,Investigate education/training pathways separately,High,High,Prioritize developing Active Listening. The skill gap has high prescriptive priority (79.58%) and the occupation has high Canadian labour demand (86.44%). Investigate relevant education or training pathways separately because no mapped CIP pathway is available.
Candidate_025,Inside Sales Representative,Speaking,3.75,3.12,0.0,0.687,86.44,0.758,75.8,2,0,False,No mapped CIP pathway available,Investigate education/training pathways separately,High,High,Prioritize developing Speaking. The skill gap has high prescriptive priority (75.80%) and the occupation has high Canadian labour demand (86.44%). Investigate relevant education or training pathways separately because no mapped CIP pathway is available.
Candidate_025,Inside Sales Representative,Monitoring,3.0,3.12,0.0,0.612,86.44,0.713,71.3,3,0,False,No mapped CIP pathway available,Investigate education/training pathways separately,High,High,Prioritize developing Monitoring. The skill gap has high prescriptive priority (71.30%) and the occupation has high Canadian labour demand (86.44%). Investigate relevant education or training pathways separately because no mapped CIP pathway is available.
Candidate_025,Licensed Practical Nurse (L.P.N.),Active Listening,3.88,4.0,0.0,0.788,30.39,0.594,59.44,1,2,True,CIP pathway available,Review mapped CIP education pathways,Medium,Lower,Consider developing Active Listening as a medium-priority skill gap (59.44%). Review mapped CIP education pathways for this occupation.
Candidate_025,Licensed Practical Nurse (L.P.N.),Monitoring,3.88,4.0,0.0,0.788,30.39,0.594,59.44,1,2,True,CIP pathway available,Review mapped CIP education pathways,Medium,Lower,Consider developing Monitoring as a medium-priority skill gap (59.44%). Review mapped CIP education pathways for this occupation.
Candidate_025,Licensed Practical Nurse (L.P.N.),Speaking,3.88,4.0,0.0,0.788,30.39,0.594,59.44,1,2,True,CIP pathway available,Review mapped CIP education pathways,Medium,Lower,Consider developing Speaking as a medium-priority skill gap (59.44%). Review mapped CIP education pathways for this occupation.
Candidate_025,Office Administrator,Active Listening,4.0,4.0,0.0,0.8,52.86,0.691,69.14,1,0,False,No mapped CIP pathway available,Investigate education/training pathways separately,Medium,Moderate,Consider developing Active Listening as a medium-priority skill gap (69.14%). Investigate relevant education or training pathways separately because no mapped CIP pathway is available.
Candidate_025,Office Administrator,Monitoring,4.0,4.0,0.0,0.8,52.86,0.691,69.14,1,0,False,No mapped CIP pathway available,Investigate education/training pathways separately,Medium,Moderate,Consider developing Monitoring as a medium-priority skill gap (69.14%). Investigate relevant education or training pathways separately because no mapped CIP pathway is available.
Candidate_025,Office Administrator,Speaking,4.0,4.0,0.0,0.8,52.86,0.691,69.14,1,0,False,No mapped CIP pathway available,Investigate education/training pathways separately,Medium,Moderate,Consider developing Speaking as a medium-priority skill gap (69.14%). Investigate relevant education or training pathways separately because no mapped CIP pathway is available.
Candidate_025,Office Manager,Monitoring,4.0,4.0,0.0,0.8,52.86,0.691,69.14,1,0,False,No mapped CIP pathway available,Investigate education/training pathways separately,Medium,Moderate,Consider developing Monitoring as a medium-priority skill gap (69.14%). Investigate relevant education or training pathways separately because no mapped CIP pathway is available.
Candidate_025,Office Manager,Speaking,4.0,4.0,0.0,0.8,52.86,0.691,69.14,1,0,False,No mapped CIP pathway available,Investigate education/training pathways separately,Medium,Moderate,Consider developing Speaking as a medium-priority skill gap (69.14%). Investigate relevant education or training pathways separately because no mapped CIP pathway is available.
Candidate_025,Office Manager,Active Listening,4.0,3.88,0.0,0.788,52.86,0.684,68.42,2,0,False,No mapped CIP pathway available,Investigate education/training pathways separately,Medium,Moderate,Consider developing Active Listening as a medium-priority skill gap (68.42%). Investigate relevant education or training pathways separately because no mapped CIP pathway is available.
Candidate_025,Restaurant Manager,Speaking,3.88,4.0,0.0,0.788,58.65,0.707,70.74,1,0,False,No mapped CIP pathway available,Investigate education/training pathways separately,High,Moderate,Prioritize developing Speaking. The skill gap has high prescriptive priority (70.74%). Investigate relevant education or training pathways separately because no mapped CIP pathway is available.
Candidate_025,Restaurant Manager,Monitoring,3.88,3.88,0.0,0.776,58.65,0.7,70.02,2,0,False,No mapped CIP pathway available,Investigate education/training pathways separately,High,Moderate,Prioritize developing Monitoring. The skill gap has high prescriptive priority (70.02%). Investigate relevant education or training pathways separately because no mapped CIP pathway is available.
Candidate_025,Restaurant Manager,Active Listening,3.88,3.5,0.0,0.738,58.65,0.677,67.74,3,0,False,No mapped CIP pathway available,Investigate education/training pathways separately,Medium,Moderate,Consider developing Active Listening as a medium-priority skill gap (67.74%). Investigate relevant education or training pathways separately because no mapped CIP pathway is available.
Candidate_025,Retail Sales Associate,Active Listening,3.75,3.75,0.0,0.75,86.44,0.796,79.58,1,0,False,No mapped CIP pathway available,Investigate education/training pathways separately,High,High,Prioritize developing Active Listening. The skill gap has high prescriptive priority (79.58%) and the occupation has high Canadian labour demand (86.44%). Investigate relevant education or training pathways separately because no mapped CIP pathway is available.
Candidate_025,Retail Sales Associate,Speaking,3.75,3.12,0.0,0.687,86.44,0.758,75.8,2,0,False,No mapped CIP pathway available,Investigate education/training pathways separately,High,High,Prioritize developing Speaking. The skill gap has high prescriptive priority (75.80%) and the occupation has high Canadian labour demand (86.44%). Investigate relevant education or training pathways separately because no mapped CIP pathway is available.
Candidate_025,Retail Sales Associate,Monitoring,3.0,3.12,0.0,0.612,86.44,0.713,71.3,3,0,False,No mapped CIP pathway available,Investigate education/training pathways separately,High,High,Prioritize developing Monitoring. The skill gap has high prescriptive priority (71.30%) and the occupation has high Canadian labour demand (86.44%). Investigate relevant education or training pathways separately because no mapped CIP pathway is available.
Candidate_025,Secondary School Teacher,Speaking,4.0,4.12,0.0,0.812,36.36,0.633,63.26,1,92,True,CIP pathway available,Review mapped CIP education pathways,Medium,Lower,Consider developing Speaking as a medium-priority skill gap (63.26%). Review mapped CIP education pathways for this occupation.
Candidate_025,Secondary School Teacher,Active Listening,4.0,4.0,0.0,0.8,36.36,0.625,62.54,2,92,True,CIP pathway available,Review mapped CIP education pathways,Medium,Lower,Consider developing Active Listening as a medium-priority skill gap (62.54%). Review mapped CIP education pathways for this occupation.
Candidate_025,Secondary School Teacher,Monitoring,3.88,4.0,0.0,0.788,36.36,0.618,61.82,3,92,True,CIP pathway available,Review mapped CIP education pathways,Medium,Lower,Consider developing Monitoring as a medium-priority skill gap (61.82%). Review mapped CIP education pathways for this occupation.
Candidate_025,Software Developer,Active Listening,3.38,3.88,0.0,0.726,22.91,0.527,52.72,1,20,True,CIP pathway available,Review mapped CIP education pathways,Medium,Lower,Consider developing Active Listening as a medium-priority skill gap (52.72%). Review mapped CIP education pathways for this occupation.
Candidate_025,Software Developer,Speaking,3.12,3.62,0.0,0.6739999999999999,22.91,0.496,49.6,2,20,True,CIP pathway available,Review mapped CIP education pathways,Lower,Lower,Consider developing Speaking as an additional skill for the target occupation. Review mapped CIP education pathways for this occupation.
Candidate_025,Software Developer,Monitoring,3.0,3.5,0.0,0.6499999999999999,22.91,0.482,48.16,3,20,True,CIP pathway available,Review mapped CIP education pathways,Lower,Lower,Consider developing Monitoring as an additional skill for the target occupation. Review mapped CIP education pathways for this occupation.
Candidate_026,Administrative Assistant,Active Listening,4.0,3.75,0.0,0.775,43.85,0.64,64.04,1,0,False,No mapped CIP pathway available,Investigate education/training pathways separately,Medium,Moderate,Consider developing Active Listening as a medium-priority skill gap (64.04%). Investigate relevant education or training pathways separately because no mapped CIP pathway is available.
Candidate_026,Administrative Assistant,Speaking,4.0,3.62,0.0,0.762,43.85,0.633,63.26,2,0,False,No mapped CIP pathway available,Investigate education/training pathways separately,Medium,Moderate,Consider developing Speaking as a medium-priority skill gap (63.26%). Investigate relevant education or training pathways separately because no mapped CIP pathway is available.
Candidate_026,Administrative Assistant,Writing,3.75,3.5,0.0,0.725,43.85,0.61,61.04,3,0,False,No mapped CIP pathway available,Investigate education/training pathways separately,Medium,Moderate,Consider developing Writing as a medium-priority skill gap (61.04%). Investigate relevant education or training pathways separately because no mapped CIP pathway is available.
Candidate_026,Bookkeeper,Active Listening,3.25,3.75,0.0,0.7,29.92,0.54,53.97,1,0,False,No mapped CIP pathway available,Investigate education/training pathways separately,Medium,Lower,Consider developing Active Listening as a medium-priority skill gap (53.97%). Investigate relevant education or training pathways separately because no mapped CIP pathway is available.
Candidate_026,Bookkeeper,Speaking,3.12,3.12,0.0,0.624,29.92,0.494,49.41,2,0,False,No mapped CIP pathway available,Investigate education/training pathways separately,Lower,Lower,Consider developing Speaking as an additional skill for the target occupation. Investigate relevant education or training pathways separately because no mapped CIP pathway is available.
Candidate_026,Bookkeeper,Writing,3.12,3.12,0.0,0.624,29.92,0.494,49.41,2,0,False,No mapped CIP pathway available,Investigate education/training pathways separately,Lower,Lower,Consider developing Writing as an additional skill for the target occupation. Investigate relevant education or training pathways separately because no mapped CIP pathway is available.
Candidate_026,Continuing Care Assistant,Active Listening,3.62,3.0,0.0,0.6619999999999999,43.96,0.573,57.3,1,0,False,No mapped CIP pathway available,Investigate education/training pathways separately,Medium,Moderate,Consider developing Active Listening as a medium-priority skill gap (57.30%). Investigate relevant education or training pathways separately because no mapped CIP pathway is available.
Candidate_026,Continuing Care Assistant,Speaking,3.12,3.0,0.0,0.612,43.96,0.543,54.3,2,0,False,No mapped CIP pathway available,Investigate education/training pathways separately,Medium,Moderate,Consider developing Speaking as a medium-priority skill gap (54.30%). Investigate relevant education or training pathways separately because no mapped CIP pathway is available.
Candidate_026,Continuing Care Assistant,Writing,2.75,2.75,0.0,0.55,43.96,0.506,50.58,3,0,False,No mapped CIP pathway available,Investigate education/training pathways separately,Medium,Moderate,Consider developing Writing as a medium-priority skill gap (50.58%). Investigate relevant education or training pathways separately because no mapped CIP pathway is available.
Candidate_026,Delivery Driver,Active Listening,3.12,2.88,0.0,0.6,37.05,0.508,50.82,1,0,False,No mapped CIP pathway available,Investigate education/training pathways separately,Medium,Lower,Consider developing Active Listening as a medium-priority skill gap (50.82%). Investigate relevant education or training pathways separately because no mapped CIP pathway is available.
Candidate_026,Delivery Driver,Speaking,3.12,2.88,0.0,0.6,37.05,0.508,50.82,1,0,False,No mapped CIP pathway available,Investigate education/training pathways separately,Medium,Lower,Consider developing Speaking as a medium-priority skill gap (50.82%). Investigate relevant education or training pathways separately because no mapped CIP pathway is available.
Candidate_026,Delivery Driver,Writing,2.75,2.5,0.0,0.525,37.05,0.463,46.32,2,0,False,No mapped CIP pathway available,Investigate education/training pathways separately,Lower,Lower,Consider developing Writing as an additional skill for the target occupation. Investigate relevant education or training pathways separately because no mapped CIP pathway is available.
Candidate_026,"Driver, Truck",Active Listening,2.88,3.0,0.0,0.588,88.8,0.708,70.8,1,0,False,No mapped CIP pathway available,Investigate education/training pathways separately,High,High,Prioritize developing Active Listening. The skill gap has high prescriptive priority (70.80%) and the occupation has high Canadian labour demand (88.80%). Investigate relevant education or training pathways separately because no mapped CIP pathway is available.
Candidate_026,"Driver, Truck",Speaking,3.0,2.88,0.0,0.588,88.8,0.708,70.8,1,0,False,No mapped CIP pathway available,Investigate education/training pathways separately,High,High,Prioritize developing Speaking. The skill gap has high prescriptive priority (70.80%) and the occupation has high Canadian labour demand (88.80%). Investigate relevant education or training pathways separately because no mapped CIP pathway is available.
Candidate_026,"Driver, Truck",Writing,2.75,2.62,0.0,0.537,88.8,0.677,67.74,2,0,False,No mapped CIP pathway available,Investigate education/training pathways separately,Medium,High,Consider developing Writing because the target occupation shows high Canadian labour demand (88.80%). Investigate relevant education or training pathways separately because no mapped CIP pathway is available.
Candidate_026,Food Service Supervisor,Speaking,3.88,4.0,0.0,0.788,68.33,0.746,74.61,1,0,False,No mapped CIP pathway available,Investigate education/training pathways separately,High,Moderate,Prioritize developing Speaking. The skill gap has high prescriptive priority (74.61%). Investigate relevant education or training pathways separately because no mapped CIP pathway is available.
Candidate_026,Food Service Supervisor,Active Listening,3.75,3.0,0.0,0.675,68.33,0.678,67.83,2,0,False,No mapped CIP pathway available,Investigate education/training pathways separately,Medium,Moderate,Consider developing Active Listening as a medium-priority skill gap (67.83%). Investigate relevant education or training pathways separately because no mapped CIP pathway is available.
Candidate_026,Food Service Supervisor,Writing,3.0,3.12,0.0,0.612,68.33,0.641,64.05,3,0,False,No mapped CIP pathway available,Investigate education/training pathways separately,Medium,Moderate,Consider developing Writing as a medium-priority skill gap (64.05%). Investigate relevant education or training pathways separately because no mapped CIP pathway is available.
Candidate_026,Information Technology (IT) Analyst,Active Listening,4.0,4.12,0.0,0.812,26.64,0.594,59.38,1,22,True,CIP pathway available,Review mapped CIP education pathways,Medium,Lower,Consider developing Active Listening as a medium-priority skill gap (59.38%). Review mapped CIP education pathways for this occupation.
Candidate_026,Information Technology (IT) Analyst,Speaking,4.0,4.0,0.0,0.8,26.64,0.587,58.66,2,22,True,CIP pathway available,Review mapped CIP education pathways,Medium,Lower,Consider developing Speaking as a medium-priority skill gap (58.66%). Review mapped CIP education pathways for this occupation.
Candidate_026,Information Technology (IT) Analyst,Writing,4.0,4.0,0.0,0.8,26.64,0.587,58.66,2,22,True,CIP pathway available,Review mapped CIP education pathways,Medium,Lower,Consider developing Writing as a medium-priority skill gap (58.66%). Review mapped CIP education pathways for this occupation.
Candidate_026,Inside Sales Representative,Active Listening,3.75,3.75,0.0,0.75,86.44,0.796,79.58,1,0,False,No mapped CIP pathway available,Investigate education/training pathways separately,High,High,Prioritize developing Active Listening. The skill gap has high prescriptive priority (79.58%) and the occupation has high Canadian labour demand (86.44%). Investigate relevant education or training pathways separately because no mapped CIP pathway is available.
Candidate_026,Inside Sales Representative,Speaking,3.75,3.12,0.0,0.687,86.44,0.758,75.8,2,0,False,No mapped CIP pathway available,Investigate education/training pathways separately,High,High,Prioritize developing Speaking. The skill gap has high prescriptive priority (75.80%) and the occupation has high Canadian labour demand (86.44%). Investigate relevant education or training pathways separately because no mapped CIP pathway is available.
Candidate_026,Inside Sales Representative,Writing,3.0,3.0,0.0,0.6,86.44,0.706,70.58,3,0,False,No mapped CIP pathway available,Investigate education/training pathways separately,High,High,Prioritize developing Writing. The skill gap has high prescriptive priority (70.58%) and the occupation has high Canadian labour demand (86.44%). Investigate relevant education or training pathways separately because no mapped CIP pathway is available.
Candidate_026,Licensed Practical Nurse (L.P.N.),Active Listening,3.88,4.0,0.0,0.788,30.39,0.594,59.44,1,2,True,CIP pathway available,Review mapped CIP education pathways,Medium,Lower,Consider developing Active Listening as a medium-priority skill gap (59.44%). Review mapped CIP education pathways for this occupation.
Candidate_026,Licensed Practical Nurse (L.P.N.),Speaking,3.88,4.0,0.0,0.788,30.39,0.594,59.44,1,2,True,CIP pathway available,Review mapped CIP education pathways,Medium,Lower,Consider developing Speaking as a medium-priority skill gap (59.44%). Review mapped CIP education pathways for this occupation.
Candidate_026,Licensed Practical Nurse (L.P.N.),Writing,3.25,3.12,0.0,0.637,30.39,0.504,50.38,2,2,True,CIP pathway available,Review mapped CIP education pathways,Medium,Lower,Consider developing Writing as a medium-priority skill gap (50.38%). Review mapped CIP education pathways for this occupation.
Candidate_026,Office Administrator,Active Listening,4.0,4.0,0.0,0.8,52.86,0.691,69.14,1,0,False,No mapped CIP pathway available,Investigate education/training pathways separately,Medium,Moderate,Consider developing Active Listening as a medium-priority skill gap (69.14%). Investigate relevant education or training pathways separately because no mapped CIP pathway is available.
Candidate_026,Office Administrator,Speaking,4.0,4.0,0.0,0.8,52.86,0.691,69.14,1,0,False,No mapped CIP pathway available,Investigate education/training pathways separately,Medium,Moderate,Consider developing Speaking as a medium-priority skill gap (69.14%). Investigate relevant education or training pathways separately because no mapped CIP pathway is available.
Candidate_026,Office Administrator,Writing,3.75,3.75,0.0,0.75,52.86,0.661,66.14,2,0,False,No mapped CIP pathway available,Investigate education/training pathways separately,Medium,Moderate,Consider developing Writing as a medium-priority skill gap (66.14%). Investigate relevant education or training pathways separately because no mapped CIP pathway is available.
Candidate_026,Office Manager,Speaking,4.0,4.0,0.0,0.8,52.86,0.691,69.14,1,0,False,No mapped CIP pathway available,Investigate education/training pathways separately,Medium,Moderate,Consider developing Speaking as a medium-priority skill gap (69.14%). Investigate relevant education or training pathways separately because no mapped CIP pathway is available.
Candidate_026,Office Manager,Active Listening,4.0,3.88,0.0,0.788,52.86,0.684,68.42,2,0,False,No mapped CIP pathway available,Investigate education/training pathways separately,Medium,Moderate,Consider developing Active Listening as a medium-priority skill gap (68.42%). Investigate relevant education or training pathways separately because no mapped CIP pathway is available.
Candidate_026,Office Manager,Writing,3.75,3.75,0.0,0.75,52.86,0.661,66.14,3,0,False,No mapped CIP pathway available,Investigate education/training pathways separately,Medium,Moderate,Consider developing Writing as a medium-priority skill gap (66.14%). Investigate relevant education or training pathways separately because no mapped CIP pathway is available.
Candidate_026,Restaurant Manager,Speaking,3.88,4.0,0.0,0.788,58.65,0.707,70.74,1,10,True,CIP pathway available,Review mapped CIP education pathways,High,Moderate,Prioritize developing Speaking. The skill gap has high prescriptive priority (70.74%). Review mapped CIP education pathways for this occupation.
Candidate_026,Restaurant Manager,Active Listening,3.88,3.5,0.0,0.738,58.65,0.677,67.74,2,10,True,CIP pathway available,Review mapped CIP education pathways,Medium,Moderate,Consider developing Active Listening as a medium-priority skill gap (67.74%). Review mapped CIP education pathways for this occupation.
Candidate_026,Restaurant Manager,Writing,3.0,3.12,0.0,0.612,58.65,0.602,60.18,3,10,True,CIP pathway available,Review mapped CIP education pathways,Medium,Moderate,Consider developing Writing as a medium-priority skill gap (60.18%). Review mapped CIP education pathways for this occupation.
Candidate_026,Retail Sales Associate,Active Listening,3.75,3.75,0.0,0.75,86.44,0.796,79.58,1,0,False,No mapped CIP pathway available,Investigate education/training pathways separately,High,High,Prioritize developing Active Listening. The skill gap has high prescriptive priority (79.58%) and the occupation has high Canadian labour demand (86.44%). Investigate relevant education or training pathways separately because no mapped CIP pathway is available.
Candidate_026,Retail Sales Associate,Speaking,3.75,3.12,0.0,0.687,86.44,0.758,75.8,2,0,False,No mapped CIP pathway available,Investigate education/training pathways separately,High,High,Prioritize developing Speaking. The skill gap has high prescriptive priority (75.80%) and the occupation has high Canadian labour demand (86.44%). Investigate relevant education or training pathways separately because no mapped CIP pathway is available.
Candidate_026,Retail Sales Associate,Writing,3.0,3.0,0.0,0.6,86.44,0.706,70.58,3,0,False,No mapped CIP pathway available,Investigate education/training pathways separately,High,High,Prioritize developing Writing. The skill gap has high prescriptive priority (70.58%) and the occupation has high Canadian labour demand (86.44%). Investigate relevant education or training pathways separately because no mapped CIP pathway is available.
Candidate_026,Secondary School Teacher,Speaking,4.0,4.12,0.0,0.812,36.36,0.633,63.26,1,92,True,CIP pathway available,Review mapped CIP education pathways,Medium,Lower,Consider developing Speaking as a medium-priority skill gap (63.26%). Review mapped CIP education pathways for this occupation.
Candidate_026,Secondary School Teacher,Active Listening,4.0,4.0,0.0,0.8,36.36,0.625,62.54,2,92,True,CIP pathway available,Review mapped CIP education pathways,Medium,Lower,Consider developing Active Listening as a medium-priority skill gap (62.54%). Review mapped CIP education pathways for this occupation.
Candidate_026,Secondary School Teacher,Writing,3.62,3.75,0.0,0.737,36.36,0.588,58.76,3,92,True,CIP pathway available,Review mapped CIP education pathways,Medium,Lower,Consider developing Writing as a medium-priority skill gap (58.76%). Review mapped CIP education pathways for this occupation.
Candidate_026,Software Developer,Active Listening,3.38,3.88,0.0,0.726,22.91,0.527,52.72,1,20,True,CIP pathway available,Review mapped CIP education pathways,Medium,Lower,Consider developing Active Listening as a medium-priority skill gap (52.72%). Review mapped CIP education pathways for this occupation.
Candidate_026,Software Developer,Writing,3.25,3.62,0.0,0.687,22.91,0.504,50.38,2,20,True,CIP pathway available,Review mapped CIP education pathways,Medium,Lower,Consider developing Writing as a medium-priority skill gap (50.38%). Review mapped CIP education pathways for this occupation.
Candidate_026,Software Developer,Speaking,3.12,3.62,0.0,0.6739999999999999,22.91,0.496,49.6,3,20,True,CIP pathway available,Review mapped CIP education pathways,Lower,Lower,Consider developing Speaking as an additional skill for the target occupation. Review mapped CIP education pathways for this occupation.
Candidate_027,Administrative Assistant,Active Listening,4.0,3.75,0.0,0.775,43.85,0.64,64.04,1,0,False,No mapped CIP pathway available,Investigate education/training pathways separately,Medium,Moderate,Consider developing Active Listening as a medium-priority skill gap (64.04%). Investigate relevant education or training pathways separately because no mapped CIP pathway is available.
Candidate_027,Administrative Assistant,Speaking,4.0,3.62,0.0,0.762,43.85,0.633,63.26,2,0,False,No mapped CIP pathway available,Investigate education/training pathways separately,Medium,Moderate,Consider developing Speaking as a medium-priority skill gap (63.26%). Investigate relevant education or training pathways separately because no mapped CIP pathway is available.
Candidate_027,Administrative Assistant,Monitoring,3.12,3.25,0.0,0.637,43.85,0.558,55.76,3,0,False,No mapped CIP pathway available,Investigate education/training pathways separately,Medium,Moderate,Consider developing Monitoring as a medium-priority skill gap (55.76%). Investigate relevant education or training pathways separately because no mapped CIP pathway is available.
Candidate_027,Bookkeeper,Active Listening,3.25,3.75,0.0,0.7,29.92,0.54,53.97,1,0,False,No mapped CIP pathway available,Investigate education/training pathways separately,Medium,Lower,Consider developing Active Listening as a medium-priority skill gap (53.97%). Investigate relevant education or training pathways separately because no mapped CIP pathway is available.
Candidate_027,Bookkeeper,Mathematics,3.38,3.38,0.0,0.6759999999999999,29.92,0.525,52.53,2,0,False,No mapped CIP pathway available,Investigate education/training pathways separately,Medium,Lower,Consider developing Mathematics as a medium-priority skill gap (52.53%). Investigate relevant education or training pathways separately because no mapped CIP pathway is available.
Candidate_027,Bookkeeper,Speaking,3.12,3.12,0.0,0.624,29.92,0.494,49.41,3,0,False,No mapped CIP pathway available,Investigate education/training pathways separately,Lower,Lower,Consider developing Speaking as an additional skill for the target occupation. Investigate relevant education or training pathways separately because no mapped CIP pathway is available.
Candidate_027,Continuing Care Assistant,Active Listening,3.62,3.0,0.0,0.6619999999999999,43.96,0.573,57.3,1,0,False,No mapped CIP pathway available,Investigate education/training pathways separately,Medium,Moderate,Consider developing Active Listening as a medium-priority skill gap (57.30%). Investigate relevant education or training pathways separately because no mapped CIP pathway is available.
Candidate_027,Continuing Care Assistant,Monitoring,3.25,3.0,0.0,0.625,43.96,0.551,55.08,2,0,False,No mapped CIP pathway available,Investigate education/training pathways separately,Medium,Moderate,Consider developing Monitoring as a medium-priority skill gap (55.08%). Investigate relevant education or training pathways separately because no mapped CIP pathway is available.
Candidate_027,Continuing Care Assistant,Speaking,3.12,3.0,0.0,0.612,43.96,0.543,54.3,3,0,False,No mapped CIP pathway available,Investigate education/training pathways separately,Medium,Moderate,Consider developing Speaking as a medium-priority skill gap (54.30%). Investigate relevant education or training pathways separately because no mapped CIP pathway is available.
Candidate_027,Delivery Driver,Active Listening,3.12,2.88,0.0,0.6,37.05,0.508,50.82,1,0,False,No mapped CIP pathway available,Investigate education/training pathways separately,Medium,Lower,Consider developing Active Listening as a medium-priority skill gap (50.82%). Investigate relevant education or training pathways separately because no mapped CIP pathway is available.
Candidate_027,Delivery Driver,Speaking,3.12,2.88,0.0,0.6,37.05,0.508,50.82,1,0,False,No mapped CIP pathway available,Investigate education/training pathways separately,Medium,Lower,Consider developing Speaking as a medium-priority skill gap (50.82%). Investigate relevant education or training pathways separately because no mapped CIP pathway is available.
Candidate_027,Delivery Driver,Monitoring,3.12,2.75,0.0,0.587,37.05,0.5,50.04,2,0,False,No mapped CIP pathway available,Investigate education/training pathways separately,Medium,Lower,Consider developing Monitoring as a medium-priority skill gap (50.04%). Investigate relevant education or training pathways separately because no mapped CIP pathway is available.
Candidate_027,"Driver, Truck",Monitoring,3.12,3.0,0.0,0.612,88.8,0.722,72.24,1,0,False,No mapped CIP pathway available,Investigate education/training pathways separately,High,High,Prioritize developing Monitoring. The skill gap has high prescriptive priority (72.24%) and the occupation has high Canadian labour demand (88.80%). Investigate relevant education or training pathways separately because no mapped CIP pathway is available.
Candidate_027,"Driver, Truck",Active Listening,2.88,3.0,0.0,0.588,88.8,0.708,70.8,2,0,False,No mapped CIP pathway available,Investigate education/training pathways separately,High,High,Prioritize developing Active Listening. The skill gap has high prescriptive priority (70.80%) and the occupation has high Canadian labour demand (88.80%). Investigate relevant education or training pathways separately because no mapped CIP pathway is available.
Candidate_027,"Driver, Truck",Speaking,3.0,2.88,0.0,0.588,88.8,0.708,70.8,2,0,False,No mapped CIP pathway available,Investigate education/training pathways separately,High,High,Prioritize developing Speaking. The skill gap has high prescriptive priority (70.80%) and the occupation has high Canadian labour demand (88.80%). Investigate relevant education or training pathways separately because no mapped CIP pathway is available.
Candidate_027,Food Service Supervisor,Monitoring,3.88,4.0,0.0,0.788,68.33,0.746,74.61,1,0,False,No mapped CIP pathway available,Investigate education/training pathways separately,High,Moderate,Prioritize developing Monitoring. The skill gap has high prescriptive priority (74.61%). Investigate relevant education or training pathways separately because no mapped CIP pathway is available.
Candidate_027,Food Service Supervisor,Speaking,3.88,4.0,0.0,0.788,68.33,0.746,74.61,1,0,False,No mapped CIP pathway available,Investigate education/training pathways separately,High,Moderate,Prioritize developing Speaking. The skill gap has high prescriptive priority (74.61%). Investigate relevant education or training pathways separately because no mapped CIP pathway is available.
Candidate_027,Food Service Supervisor,Active Listening,3.75,3.0,0.0,0.675,68.33,0.678,67.83,2,0,False,No mapped CIP pathway available,Investigate education/training pathways separately,Medium,Moderate,Consider developing Active Listening as a medium-priority skill gap (67.83%). Investigate relevant education or training pathways separately because no mapped CIP pathway is available.
Candidate_027,Information Technology (IT) Analyst,Active Listening,4.0,4.12,0.0,0.812,26.64,0.594,59.38,1,22,True,CIP pathway available,Review mapped CIP education pathways,Medium,Lower,Consider developing Active Listening as a medium-priority skill gap (59.38%). Review mapped CIP education pathways for this occupation.
Candidate_027,Information Technology (IT) Analyst,Speaking,4.0,4.0,0.0,0.8,26.64,0.587,58.66,2,22,True,CIP pathway available,Review mapped CIP education pathways,Medium,Lower,Consider developing Speaking as a medium-priority skill gap (58.66%). Review mapped CIP education pathways for this occupation.
Candidate_027,Information Technology (IT) Analyst,Monitoring,3.62,4.0,0.0,0.762,26.64,0.564,56.38,3,22,True,CIP pathway available,Review mapped CIP education pathways,Medium,Lower,Consider developing Monitoring as a medium-priority skill gap (56.38%). Review mapped CIP education pathways for this occupation.
Candidate_027,Inside Sales Representative,Active Listening,3.75,3.75,0.0,0.75,86.44,0.796,79.58,1,0,False,No mapped CIP pathway available,Investigate education/training pathways separately,High,High,Prioritize developing Active Listening. The skill gap has high prescriptive priority (79.58%) and the occupation has high Canadian labour demand (86.44%). Investigate relevant education or training pathways separately because no mapped CIP pathway is available.
Candidate_027,Inside Sales Representative,Speaking,3.75,3.12,0.0,0.687,86.44,0.758,75.8,2,0,False,No mapped CIP pathway available,Investigate education/training pathways separately,High,High,Prioritize developing Speaking. The skill gap has high prescriptive priority (75.80%) and the occupation has high Canadian labour demand (86.44%). Investigate relevant education or training pathways separately because no mapped CIP pathway is available.
Candidate_027,Inside Sales Representative,Monitoring,3.0,3.12,0.0,0.612,86.44,0.713,71.3,3,0,False,No mapped CIP pathway available,Investigate education/training pathways separately,High,High,Prioritize developing Monitoring. The skill gap has high prescriptive priority (71.30%) and the occupation has high Canadian labour demand (86.44%). Investigate relevant education or training pathways separately because no mapped CIP pathway is available.
Candidate_027,Licensed Practical Nurse (L.P.N.),Active Listening,3.88,4.0,0.0,0.788,30.39,0.594,59.44,1,0,False,No mapped CIP pathway available,Investigate education/training pathways separately,Medium,Lower,Consider developing Active Listening as a medium-priority skill gap (59.44%). Investigate relevant education or training pathways separately because no mapped CIP pathway is available.
Candidate_027,Licensed Practical Nurse (L.P.N.),Monitoring,3.88,4.0,0.0,0.788,30.39,0.594,59.44,1,0,False,No mapped CIP pathway available,Investigate education/training pathways separately,Medium,Lower,Consider developing Monitoring as a medium-priority skill gap (59.44%). Investigate relevant education or training pathways separately because no mapped CIP pathway is available.
Candidate_027,Licensed Practical Nurse (L.P.N.),Speaking,3.88,4.0,0.0,0.788,30.39,0.594,59.44,1,0,False,No mapped CIP pathway available,Investigate education/training pathways separately,Medium,Lower,Consider developing Speaking as a medium-priority skill gap (59.44%). Investigate relevant education or training pathways separately because no mapped CIP pathway is available.
Candidate_027,Office Administrator,Active Listening,4.0,4.0,0.0,0.8,52.86,0.691,69.14,1,13,True,CIP pathway available,Review mapped CIP education pathways,Medium,Moderate,Consider developing Active Listening as a medium-priority skill gap (69.14%). Review mapped CIP education pathways for this occupation.
Candidate_027,Office Administrator,Monitoring,4.0,4.0,0.0,0.8,52.86,0.691,69.14,1,13,True,CIP pathway available,Review mapped CIP education pathways,Medium,Moderate,Consider developing Monitoring as a medium-priority skill gap (69.14%). Review mapped CIP education pathways for this occupation.
Candidate_027,Office Administrator,Speaking,4.0,4.0,0.0,0.8,52.86,0.691,69.14,1,13,True,CIP pathway available,Review mapped CIP education pathways,Medium,Moderate,Consider developing Speaking as a medium-priority skill gap (69.14%). Review mapped CIP education pathways for this occupation.
Candidate_027,Office Manager,Monitoring,4.0,4.0,0.0,0.8,52.86,0.691,69.14,1,13,True,CIP pathway available,Review mapped CIP education pathways,Medium,Moderate,Consider developing Monitoring as a medium-priority skill gap (69.14%). Review mapped CIP education pathways for this occupation.
Candidate_027,Office Manager,Speaking,4.0,4.0,0.0,0.8,52.86,0.691,69.14,1,13,True,CIP pathway available,Review mapped CIP education pathways,Medium,Moderate,Consider developing Speaking as a medium-priority skill gap (69.14%). Review mapped CIP education pathways for this occupation.
Candidate_027,Office Manager,Active Listening,4.0,3.88,0.0,0.788,52.86,0.684,68.42,2,13,True,CIP pathway available,Review mapped CIP education pathways,Medium,Moderate,Consider developing Active Listening as a medium-priority skill gap (68.42%). Review mapped CIP education pathways for this occupation.
Candidate_027,Restaurant Manager,Speaking,3.88,4.0,0.0,0.788,58.65,0.707,70.74,1,0,False,No mapped CIP pathway available,Investigate education/training pathways separately,High,Moderate,Prioritize developing Speaking. The skill gap has high prescriptive priority (70.74%). Investigate relevant education or training pathways separately because no mapped CIP pathway is available.
Candidate_027,Restaurant Manager,Monitoring,3.88,3.88,0.0,0.776,58.65,0.7,70.02,2,0,False,No mapped CIP pathway available,Investigate education/training pathways separately,High,Moderate,Prioritize developing Monitoring. The skill gap has high prescriptive priority (70.02%). Investigate relevant education or training pathways separately because no mapped CIP pathway is available.
Candidate_027,Restaurant Manager,Active Listening,3.88,3.5,0.0,0.738,58.65,0.677,67.74,3,0,False,No mapped CIP pathway available,Investigate education/training pathways separately,Medium,Moderate,Consider developing Active Listening as a medium-priority skill gap (67.74%). Investigate relevant education or training pathways separately because no mapped CIP pathway is available.
Candidate_027,Retail Sales Associate,Active Listening,3.75,3.75,0.0,0.75,86.44,0.796,79.58,1,0,False,No mapped CIP pathway available,Investigate education/training pathways separately,High,High,Prioritize developing Active Listening. The skill gap has high prescriptive priority (79.58%) and the occupation has high Canadian labour demand (86.44%). Investigate relevant education or training pathways separately because no mapped CIP pathway is available.
Candidate_027,Retail Sales Associate,Speaking,3.75,3.12,0.0,0.687,86.44,0.758,75.8,2,0,False,No mapped CIP pathway available,Investigate education/training pathways separately,High,High,Prioritize developing Speaking. The skill gap has high prescriptive priority (75.80%) and the occupation has high Canadian labour demand (86.44%). Investigate relevant education or training pathways separately because no mapped CIP pathway is available.
Candidate_027,Retail Sales Associate,Monitoring,3.0,3.12,0.0,0.612,86.44,0.713,71.3,3,0,False,No mapped CIP pathway available,Investigate education/training pathways separately,High,High,Prioritize developing Monitoring. The skill gap has high prescriptive priority (71.30%) and the occupation has high Canadian labour demand (86.44%). Investigate relevant education or training pathways separately because no mapped CIP pathway is available.
Candidate_027,Secondary School Teacher,Speaking,4.0,4.12,0.0,0.812,36.36,0.633,63.26,1,92,True,CIP pathway available,Review mapped CIP education pathways,Medium,Lower,Consider developing Speaking as a medium-priority skill gap (63.26%). Review mapped CIP education pathways for this occupation.
Candidate_027,Secondary School Teacher,Active Listening,4.0,4.0,0.0,0.8,36.36,0.625,62.54,2,92,True,CIP pathway available,Review mapped CIP education pathways,Medium,Lower,Consider developing Active Listening as a medium-priority skill gap (62.54%). Review mapped CIP education pathways for this occupation.
Candidate_027,Secondary School Teacher,Monitoring,3.88,4.0,0.0,0.788,36.36,0.618,61.82,3,92,True,CIP pathway available,Review mapped CIP education pathways,Medium,Lower,Consider developing Monitoring as a medium-priority skill gap (61.82%). Review mapped CIP education pathways for this occupation.
Candidate_027,Software Developer,Active Listening,3.38,3.88,0.0,0.726,22.91,0.527,52.72,1,20,True,CIP pathway available,Review mapped CIP education pathways,Medium,Lower,Consider developing Active Listening as a medium-priority skill gap (52.72%). Review mapped CIP education pathways for this occupation.
Candidate_027,Software Developer,Speaking,3.12,3.62,0.0,0.6739999999999999,22.91,0.496,49.6,2,20,True,CIP pathway available,Review mapped CIP education pathways,Lower,Lower,Consider developing Speaking as an additional skill for the target occupation. Review mapped CIP education pathways for this occupation.
Candidate_027,Software Developer,Monitoring,3.0,3.5,0.0,0.6499999999999999,22.91,0.482,48.16,3,20,True,CIP pathway available,Review mapped CIP education pathways,Lower,Lower,Consider developing Monitoring as an additional skill for the target occupation. Review mapped CIP education pathways for this occupation.
Candidate_028,Administrative Assistant,Active Listening,4.0,3.75,0.0,0.775,43.85,0.64,64.04,1,0,False,No mapped CIP pathway available,Investigate education/training pathways separately,Medium,Moderate,Consider developing Active Listening as a medium-priority skill gap (64.04%). Investigate relevant education or training pathways separately because no mapped CIP pathway is available.
Candidate_028,Administrative Assistant,Speaking,4.0,3.62,0.0,0.762,43.85,0.633,63.26,2,0,False,No mapped CIP pathway available,Investigate education/training pathways separately,Medium,Moderate,Consider developing Speaking as a medium-priority skill gap (63.26%). Investigate relevant education or training pathways separately because no mapped CIP pathway is available.
Candidate_028,Administrative Assistant,Monitoring,3.12,3.25,0.0,0.637,43.85,0.558,55.76,3,0,False,No mapped CIP pathway available,Investigate education/training pathways separately,Medium,Moderate,Consider developing Monitoring as a medium-priority skill gap (55.76%). Investigate relevant education or training pathways separately because no mapped CIP pathway is available.
Candidate_028,Bookkeeper,Active Listening,3.25,3.75,0.0,0.7,29.92,0.54,53.97,1,0,False,No mapped CIP pathway available,Investigate education/training pathways separately,Medium,Lower,Consider developing Active Listening as a medium-priority skill gap (53.97%). Investigate relevant education or training pathways separately because no mapped CIP pathway is available.
Candidate_028,Bookkeeper,Mathematics,3.38,3.38,0.0,0.6759999999999999,29.92,0.525,52.53,2,0,False,No mapped CIP pathway available,Investigate education/training pathways separately,Medium,Lower,Consider developing Mathematics as a medium-priority skill gap (52.53%). Investigate relevant education or training pathways separately because no mapped CIP pathway is available.
Candidate_028,Bookkeeper,Speaking,3.12,3.12,0.0,0.624,29.92,0.494,49.41,3,0,False,No mapped CIP pathway available,Investigate education/training pathways separately,Lower,Lower,Consider developing Speaking as an additional skill for the target occupation. Investigate relevant education or training pathways separately because no mapped CIP pathway is available.
Candidate_028,Continuing Care Assistant,Active Listening,3.62,3.0,0.0,0.6619999999999999,43.96,0.573,57.3,1,0,False,No mapped CIP pathway available,Investigate education/training pathways separately,Medium,Moderate,Consider developing Active Listening as a medium-priority skill gap (57.30%). Investigate relevant education or training pathways separately because no mapped CIP pathway is available.
Candidate_028,Continuing Care Assistant,Monitoring,3.25,3.0,0.0,0.625,43.96,0.551,55.08,2,0,False,No mapped CIP pathway available,Investigate education/training pathways separately,Medium,Moderate,Consider developing Monitoring as a medium-priority skill gap (55.08%). Investigate relevant education or training pathways separately because no mapped CIP pathway is available.
Candidate_028,Continuing Care Assistant,Speaking,3.12,3.0,0.0,0.612,43.96,0.543,54.3,3,0,False,No mapped CIP pathway available,Investigate education/training pathways separately,Medium,Moderate,Consider developing Speaking as a medium-priority skill gap (54.30%). Investigate relevant education or training pathways separately because no mapped CIP pathway is available.
Candidate_028,Delivery Driver,Active Listening,3.12,2.88,0.0,0.6,37.05,0.508,50.82,1,0,False,No mapped CIP pathway available,Investigate education/training pathways separately,Medium,Lower,Consider developing Active Listening as a medium-priority skill gap (50.82%). Investigate relevant education or training pathways separately because no mapped CIP pathway is available.
Candidate_028,Delivery Driver,Speaking,3.12,2.88,0.0,0.6,37.05,0.508,50.82,1,0,False,No mapped CIP pathway available,Investigate education/training pathways separately,Medium,Lower,Consider developing Speaking as a medium-priority skill gap (50.82%). Investigate relevant education or training pathways separately because no mapped CIP pathway is available.
Candidate_028,Delivery Driver,Monitoring,3.12,2.75,0.0,0.587,37.05,0.5,50.04,2,0,False,No mapped CIP pathway available,Investigate education/training pathways separately,Medium,Lower,Consider developing Monitoring as a medium-priority skill gap (50.04%). Investigate relevant education or training pathways separately because no mapped CIP pathway is available.
Candidate_028,"Driver, Truck",Monitoring,3.12,3.0,0.0,0.612,88.8,0.722,72.24,1,0,False,No mapped CIP pathway available,Investigate education/training pathways separately,High,High,Prioritize developing Monitoring. The skill gap has high prescriptive priority (72.24%) and the occupation has high Canadian labour demand (88.80%). Investigate relevant education or training pathways separately because no mapped CIP pathway is available.
Candidate_028,"Driver, Truck",Active Listening,2.88,3.0,0.0,0.588,88.8,0.708,70.8,2,0,False,No mapped CIP pathway available,Investigate education/training pathways separately,High,High,Prioritize developing Active Listening. The skill gap has high prescriptive priority (70.80%) and the occupation has high Canadian labour demand (88.80%). Investigate relevant education or training pathways separately because no mapped CIP pathway is available.
Candidate_028,"Driver, Truck",Speaking,3.0,2.88,0.0,0.588,88.8,0.708,70.8,2,0,False,No mapped CIP pathway available,Investigate education/training pathways separately,High,High,Prioritize developing Speaking. The skill gap has high prescriptive priority (70.80%) and the occupation has high Canadian labour demand (88.80%). Investigate relevant education or training pathways separately because no mapped CIP pathway is available.
Candidate_028,Food Service Supervisor,Monitoring,3.88,4.0,0.0,0.788,68.33,0.746,74.61,1,0,False,No mapped CIP pathway available,Investigate education/training pathways separately,High,Moderate,Prioritize developing Monitoring. The skill gap has high prescriptive priority (74.61%). Investigate relevant education or training pathways separately because no mapped CIP pathway is available.
Candidate_028,Food Service Supervisor,Speaking,3.88,4.0,0.0,0.788,68.33,0.746,74.61,1,0,False,No mapped CIP pathway available,Investigate education/training pathways separately,High,Moderate,Prioritize developing Speaking. The skill gap has high prescriptive priority (74.61%). Investigate relevant education or training pathways separately because no mapped CIP pathway is available.
Candidate_028,Food Service Supervisor,Active Listening,3.75,3.0,0.0,0.675,68.33,0.678,67.83,2,0,False,No mapped CIP pathway available,Investigate education/training pathways separately,Medium,Moderate,Consider developing Active Listening as a medium-priority skill gap (67.83%). Investigate relevant education or training pathways separately because no mapped CIP pathway is available.
Candidate_028,Information Technology (IT) Analyst,Active Listening,4.0,4.12,0.0,0.812,26.64,0.594,59.38,1,22,True,CIP pathway available,Review mapped CIP education pathways,Medium,Lower,Consider developing Active Listening as a medium-priority skill gap (59.38%). Review mapped CIP education pathways for this occupation.
Candidate_028,Information Technology (IT) Analyst,Speaking,4.0,4.0,0.0,0.8,26.64,0.587,58.66,2,22,True,CIP pathway available,Review mapped CIP education pathways,Medium,Lower,Consider developing Speaking as a medium-priority skill gap (58.66%). Review mapped CIP education pathways for this occupation.
Candidate_028,Information Technology (IT) Analyst,Monitoring,3.62,4.0,0.0,0.762,26.64,0.564,56.38,3,22,True,CIP pathway available,Review mapped CIP education pathways,Medium,Lower,Consider developing Monitoring as a medium-priority skill gap (56.38%). Review mapped CIP education pathways for this occupation.
Candidate_028,Inside Sales Representative,Active Listening,3.75,3.75,0.0,0.75,86.44,0.796,79.58,1,0,False,No mapped CIP pathway available,Investigate education/training pathways separately,High,High,Prioritize developing Active Listening. The skill gap has high prescriptive priority (79.58%) and the occupation has high Canadian labour demand (86.44%). Investigate relevant education or training pathways separately because no mapped CIP pathway is available.
Candidate_028,Inside Sales Representative,Speaking,3.75,3.12,0.0,0.687,86.44,0.758,75.8,2,0,False,No mapped CIP pathway available,Investigate education/training pathways separately,High,High,Prioritize developing Speaking. The skill gap has high prescriptive priority (75.80%) and the occupation has high Canadian labour demand (86.44%). Investigate relevant education or training pathways separately because no mapped CIP pathway is available.
Candidate_028,Inside Sales Representative,Monitoring,3.0,3.12,0.0,0.612,86.44,0.713,71.3,3,0,False,No mapped CIP pathway available,Investigate education/training pathways separately,High,High,Prioritize developing Monitoring. The skill gap has high prescriptive priority (71.30%) and the occupation has high Canadian labour demand (86.44%). Investigate relevant education or training pathways separately because no mapped CIP pathway is available.
Candidate_028,Licensed Practical Nurse (L.P.N.),Active Listening,3.88,4.0,0.0,0.788,30.39,0.594,59.44,1,0,False,No mapped CIP pathway available,Investigate education/training pathways separately,Medium,Lower,Consider developing Active Listening as a medium-priority skill gap (59.44%). Investigate relevant education or training pathways separately because no mapped CIP pathway is available.
Candidate_028,Licensed Practical Nurse (L.P.N.),Monitoring,3.88,4.0,0.0,0.788,30.39,0.594,59.44,1,0,False,No mapped CIP pathway available,Investigate education/training pathways separately,Medium,Lower,Consider developing Monitoring as a medium-priority skill gap (59.44%). Investigate relevant education or training pathways separately because no mapped CIP pathway is available.
Candidate_028,Licensed Practical Nurse (L.P.N.),Speaking,3.88,4.0,0.0,0.788,30.39,0.594,59.44,1,0,False,No mapped CIP pathway available,Investigate education/training pathways separately,Medium,Lower,Consider developing Speaking as a medium-priority skill gap (59.44%). Investigate relevant education or training pathways separately because no mapped CIP pathway is available.
Candidate_028,Office Administrator,Active Listening,4.0,4.0,0.0,0.8,52.86,0.691,69.14,1,13,True,CIP pathway available,Review mapped CIP education pathways,Medium,Moderate,Consider developing Active Listening as a medium-priority skill gap (69.14%). Review mapped CIP education pathways for this occupation.
Candidate_028,Office Administrator,Monitoring,4.0,4.0,0.0,0.8,52.86,0.691,69.14,1,13,True,CIP pathway available,Review mapped CIP education pathways,Medium,Moderate,Consider developing Monitoring as a medium-priority skill gap (69.14%). Review mapped CIP education pathways for this occupation.
Candidate_028,Office Administrator,Speaking,4.0,4.0,0.0,0.8,52.86,0.691,69.14,1,13,True,CIP pathway available,Review mapped CIP education pathways,Medium,Moderate,Consider developing Speaking as a medium-priority skill gap (69.14%). Review mapped CIP education pathways for this occupation.
Candidate_028,Office Manager,Monitoring,4.0,4.0,0.0,0.8,52.86,0.691,69.14,1,13,True,CIP pathway available,Review mapped CIP education pathways,Medium,Moderate,Consider developing Monitoring as a medium-priority skill gap (69.14%). Review mapped CIP education pathways for this occupation.
Candidate_028,Office Manager,Speaking,4.0,4.0,0.0,0.8,52.86,0.691,69.14,1,13,True,CIP pathway available,Review mapped CIP education pathways,Medium,Moderate,Consider developing Speaking as a medium-priority skill gap (69.14%). Review mapped CIP education pathways for this occupation.
Candidate_028,Office Manager,Active Listening,4.0,3.88,0.0,0.788,52.86,0.684,68.42,2,13,True,CIP pathway available,Review mapped CIP education pathways,Medium,Moderate,Consider developing Active Listening as a medium-priority skill gap (68.42%). Review mapped CIP education pathways for this occupation.
Candidate_028,Restaurant Manager,Speaking,3.88,4.0,0.0,0.788,58.65,0.707,70.74,1,0,False,No mapped CIP pathway available,Investigate education/training pathways separately,High,Moderate,Prioritize developing Speaking. The skill gap has high prescriptive priority (70.74%). Investigate relevant education or training pathways separately because no mapped CIP pathway is available.
Candidate_028,Restaurant Manager,Monitoring,3.88,3.88,0.0,0.776,58.65,0.7,70.02,2,0,False,No mapped CIP pathway available,Investigate education/training pathways separately,High,Moderate,Prioritize developing Monitoring. The skill gap has high prescriptive priority (70.02%). Investigate relevant education or training pathways separately because no mapped CIP pathway is available.
Candidate_028,Restaurant Manager,Active Listening,3.88,3.5,0.0,0.738,58.65,0.677,67.74,3,0,False,No mapped CIP pathway available,Investigate education/training pathways separately,Medium,Moderate,Consider developing Active Listening as a medium-priority skill gap (67.74%). Investigate relevant education or training pathways separately because no mapped CIP pathway is available.
Candidate_028,Retail Sales Associate,Active Listening,3.75,3.75,0.0,0.75,86.44,0.796,79.58,1,0,False,No mapped CIP pathway available,Investigate education/training pathways separately,High,High,Prioritize developing Active Listening. The skill gap has high prescriptive priority (79.58%) and the occupation has high Canadian labour demand (86.44%). Investigate relevant education or training pathways separately because no mapped CIP pathway is available.
Candidate_028,Retail Sales Associate,Speaking,3.75,3.12,0.0,0.687,86.44,0.758,75.8,2,0,False,No mapped CIP pathway available,Investigate education/training pathways separately,High,High,Prioritize developing Speaking. The skill gap has high prescriptive priority (75.80%) and the occupation has high Canadian labour demand (86.44%). Investigate relevant education or training pathways separately because no mapped CIP pathway is available.
Candidate_028,Retail Sales Associate,Monitoring,3.0,3.12,0.0,0.612,86.44,0.713,71.3,3,0,False,No mapped CIP pathway available,Investigate education/training pathways separately,High,High,Prioritize developing Monitoring. The skill gap has high prescriptive priority (71.30%) and the occupation has high Canadian labour demand (86.44%). Investigate relevant education or training pathways separately because no mapped CIP pathway is available.
Candidate_028,Secondary School Teacher,Speaking,4.0,4.12,0.0,0.812,36.36,0.633,63.26,1,92,True,CIP pathway available,Review mapped CIP education pathways,Medium,Lower,Consider developing Speaking as a medium-priority skill gap (63.26%). Review mapped CIP education pathways for this occupation.
Candidate_028,Secondary School Teacher,Active Listening,4.0,4.0,0.0,0.8,36.36,0.625,62.54,2,92,True,CIP pathway available,Review mapped CIP education pathways,Medium,Lower,Consider developing Active Listening as a medium-priority skill gap (62.54%). Review mapped CIP education pathways for this occupation.
Candidate_028,Secondary School Teacher,Monitoring,3.88,4.0,0.0,0.788,36.36,0.618,61.82,3,92,True,CIP pathway available,Review mapped CIP education pathways,Medium,Lower,Consider developing Monitoring as a medium-priority skill gap (61.82%). Review mapped CIP education pathways for this occupation.
Candidate_028,Software Developer,Active Listening,3.38,3.88,0.0,0.726,22.91,0.527,52.72,1,20,True,CIP pathway available,Review mapped CIP education pathways,Medium,Lower,Consider developing Active Listening as a medium-priority skill gap (52.72%). Review mapped CIP education pathways for this occupation.
Candidate_028,Software Developer,Speaking,3.12,3.62,0.0,0.6739999999999999,22.91,0.496,49.6,2,20,True,CIP pathway available,Review mapped CIP education pathways,Lower,Lower,Consider developing Speaking as an additional skill for the target occupation. Review mapped CIP education pathways for this occupation.
Candidate_028,Software Developer,Monitoring,3.0,3.5,0.0,0.6499999999999999,22.91,0.482,48.16,3,20,True,CIP pathway available,Review mapped CIP education pathways,Lower,Lower,Consider developing Monitoring as an additional skill for the target occupation. Review mapped CIP education pathways for this occupation.
Candidate_030,Administrative Assistant,Active Listening,4.0,3.75,0.0,0.775,43.85,0.64,64.04,1,0,False,No mapped CIP pathway available,Investigate education/training pathways separately,Medium,Moderate,Consider developing Active Listening as a medium-priority skill gap (64.04%). Investigate relevant education or training pathways separately because no mapped CIP pathway is available.
Candidate_030,Administrative Assistant,Speaking,4.0,3.62,0.0,0.762,43.85,0.633,63.26,2,0,False,No mapped CIP pathway available,Investigate education/training pathways separately,Medium,Moderate,Consider developing Speaking as a medium-priority skill gap (63.26%). Investigate relevant education or training pathways separately because no mapped CIP pathway is available.
Candidate_030,Administrative Assistant,Monitoring,3.12,3.25,0.0,0.637,43.85,0.558,55.76,3,0,False,No mapped CIP pathway available,Investigate education/training pathways separately,Medium,Moderate,Consider developing Monitoring as a medium-priority skill gap (55.76%). Investigate relevant education or training pathways separately because no mapped CIP pathway is available.
Candidate_030,Bookkeeper,Active Listening,3.25,3.75,0.0,0.7,29.92,0.54,53.97,1,0,False,No mapped CIP pathway available,Investigate education/training pathways separately,Medium,Lower,Consider developing Active Listening as a medium-priority skill gap (53.97%). Investigate relevant education or training pathways separately because no mapped CIP pathway is available.
Candidate_030,Bookkeeper,Mathematics,3.38,3.38,0.0,0.6759999999999999,29.92,0.525,52.53,2,0,False,No mapped CIP pathway available,Investigate education/training pathways separately,Medium,Lower,Consider developing Mathematics as a medium-priority skill gap (52.53%). Investigate relevant education or training pathways separately because no mapped CIP pathway is available.
Candidate_030,Bookkeeper,Speaking,3.12,3.12,0.0,0.624,29.92,0.494,49.41,3,0,False,No mapped CIP pathway available,Investigate education/training pathways separately,Lower,Lower,Consider developing Speaking as an additional skill for the target occupation. Investigate relevant education or training pathways separately because no mapped CIP pathway is available.
Candidate_030,Continuing Care Assistant,Active Listening,3.62,3.0,0.0,0.6619999999999999,43.96,0.573,57.3,1,0,False,No mapped CIP pathway available,Investigate education/training pathways separately,Medium,Moderate,Consider developing Active Listening as a medium-priority skill gap (57.30%). Investigate relevant education or training pathways separately because no mapped CIP pathway is available.
Candidate_030,Continuing Care Assistant,Monitoring,3.25,3.0,0.0,0.625,43.96,0.551,55.08,2,0,False,No mapped CIP pathway available,Investigate education/training pathways separately,Medium,Moderate,Consider developing Monitoring as a medium-priority skill gap (55.08%). Investigate relevant education or training pathways separately because no mapped CIP pathway is available.
Candidate_030,Continuing Care Assistant,Speaking,3.12,3.0,0.0,0.612,43.96,0.543,54.3,3,0,False,No mapped CIP pathway available,Investigate education/training pathways separately,Medium,Moderate,Consider developing Speaking as a medium-priority skill gap (54.30%). Investigate relevant education or training pathways separately because no mapped CIP pathway is available.
Candidate_030,Delivery Driver,Active Listening,3.12,2.88,0.0,0.6,37.05,0.508,50.82,1,0,False,No mapped CIP pathway available,Investigate education/training pathways separately,Medium,Lower,Consider developing Active Listening as a medium-priority skill gap (50.82%). Investigate relevant education or training pathways separately because no mapped CIP pathway is available.
Candidate_030,Delivery Driver,Speaking,3.12,2.88,0.0,0.6,37.05,0.508,50.82,1,0,False,No mapped CIP pathway available,Investigate education/training pathways separately,Medium,Lower,Consider developing Speaking as a medium-priority skill gap (50.82%). Investigate relevant education or training pathways separately because no mapped CIP pathway is available.
Candidate_030,Delivery Driver,Monitoring,3.12,2.75,0.0,0.587,37.05,0.5,50.04,2,0,False,No mapped CIP pathway available,Investigate education/training pathways separately,Medium,Lower,Consider developing Monitoring as a medium-priority skill gap (50.04%). Investigate relevant education or training pathways separately because no mapped CIP pathway is available.
Candidate_030,"Driver, Truck",Monitoring,3.12,3.0,0.0,0.612,88.8,0.722,72.24,1,0,False,No mapped CIP pathway available,Investigate education/training pathways separately,High,High,Prioritize developing Monitoring. The skill gap has high prescriptive priority (72.24%) and the occupation has high Canadian labour demand (88.80%). Investigate relevant education or training pathways separately because no mapped CIP pathway is available.
Candidate_030,"Driver, Truck",Active Listening,2.88,3.0,0.0,0.588,88.8,0.708,70.8,2,0,False,No mapped CIP pathway available,Investigate education/training pathways separately,High,High,Prioritize developing Active Listening. The skill gap has high prescriptive priority (70.80%) and the occupation has high Canadian labour demand (88.80%). Investigate relevant education or training pathways separately because no mapped CIP pathway is available.
Candidate_030,"Driver, Truck",Speaking,3.0,2.88,0.0,0.588,88.8,0.708,70.8,2,0,False,No mapped CIP pathway available,Investigate education/training pathways separately,High,High,Prioritize developing Speaking. The skill gap has high prescriptive priority (70.80%) and the occupation has high Canadian labour demand (88.80%). Investigate relevant education or training pathways separately because no mapped CIP pathway is available.
Candidate_030,Food Service Supervisor,Monitoring,3.88,4.0,0.0,0.788,68.33,0.746,74.61,1,0,False,No mapped CIP pathway available,Investigate education/training pathways separately,High,Moderate,Prioritize developing Monitoring. The skill gap has high prescriptive priority (74.61%). Investigate relevant education or training pathways separately because no mapped CIP pathway is available.
Candidate_030,Food Service Supervisor,Speaking,3.88,4.0,0.0,0.788,68.33,0.746,74.61,1,0,False,No mapped CIP pathway available,Investigate education/training pathways separately,High,Moderate,Prioritize developing Speaking. The skill gap has high prescriptive priority (74.61%). Investigate relevant education or training pathways separately because no mapped CIP pathway is available.
Candidate_030,Food Service Supervisor,Active Listening,3.75,3.0,0.0,0.675,68.33,0.678,67.83,2,0,False,No mapped CIP pathway available,Investigate education/training pathways separately,Medium,Moderate,Consider developing Active Listening as a medium-priority skill gap (67.83%). Investigate relevant education or training pathways separately because no mapped CIP pathway is available.
Candidate_030,Information Technology (IT) Analyst,Active Listening,4.0,4.12,0.0,0.812,26.64,0.594,59.38,1,22,True,CIP pathway available,Review mapped CIP education pathways,Medium,Lower,Consider developing Active Listening as a medium-priority skill gap (59.38%). Review mapped CIP education pathways for this occupation.
Candidate_030,Information Technology (IT) Analyst,Speaking,4.0,4.0,0.0,0.8,26.64,0.587,58.66,2,22,True,CIP pathway available,Review mapped CIP education pathways,Medium,Lower,Consider developing Speaking as a medium-priority skill gap (58.66%). Review mapped CIP education pathways for this occupation.
Candidate_030,Information Technology (IT) Analyst,Monitoring,3.62,4.0,0.0,0.762,26.64,0.564,56.38,3,22,True,CIP pathway available,Review mapped CIP education pathways,Medium,Lower,Consider developing Monitoring as a medium-priority skill gap (56.38%). Review mapped CIP education pathways for this occupation.
Candidate_030,Inside Sales Representative,Active Listening,3.75,3.75,0.0,0.75,86.44,0.796,79.58,1,0,False,No mapped CIP pathway available,Investigate education/training pathways separately,High,High,Prioritize developing Active Listening. The skill gap has high prescriptive priority (79.58%) and the occupation has high Canadian labour demand (86.44%). Investigate relevant education or training pathways separately because no mapped CIP pathway is available.
Candidate_030,Inside Sales Representative,Speaking,3.75,3.12,0.0,0.687,86.44,0.758,75.8,2,0,False,No mapped CIP pathway available,Investigate education/training pathways separately,High,High,Prioritize developing Speaking. The skill gap has high prescriptive priority (75.80%) and the occupation has high Canadian labour demand (86.44%). Investigate relevant education or training pathways separately because no mapped CIP pathway is available.
Candidate_030,Inside Sales Representative,Monitoring,3.0,3.12,0.0,0.612,86.44,0.713,71.3,3,0,False,No mapped CIP pathway available,Investigate education/training pathways separately,High,High,Prioritize developing Monitoring. The skill gap has high prescriptive priority (71.30%) and the occupation has high Canadian labour demand (86.44%). Investigate relevant education or training pathways separately because no mapped CIP pathway is available.
Candidate_030,Licensed Practical Nurse (L.P.N.),Active Listening,3.88,4.0,0.0,0.788,30.39,0.594,59.44,1,0,False,No mapped CIP pathway available,Investigate education/training pathways separately,Medium,Lower,Consider developing Active Listening as a medium-priority skill gap (59.44%). Investigate relevant education or training pathways separately because no mapped CIP pathway is available.
Candidate_030,Licensed Practical Nurse (L.P.N.),Monitoring,3.88,4.0,0.0,0.788,30.39,0.594,59.44,1,0,False,No mapped CIP pathway available,Investigate education/training pathways separately,Medium,Lower,Consider developing Monitoring as a medium-priority skill gap (59.44%). Investigate relevant education or training pathways separately because no mapped CIP pathway is available.
Candidate_030,Licensed Practical Nurse (L.P.N.),Speaking,3.88,4.0,0.0,0.788,30.39,0.594,59.44,1,0,False,No mapped CIP pathway available,Investigate education/training pathways separately,Medium,Lower,Consider developing Speaking as a medium-priority skill gap (59.44%). Investigate relevant education or training pathways separately because no mapped CIP pathway is available.
Candidate_030,Office Administrator,Active Listening,4.0,4.0,0.0,0.8,52.86,0.691,69.14,1,13,True,CIP pathway available,Review mapped CIP education pathways,Medium,Moderate,Consider developing Active Listening as a medium-priority skill gap (69.14%). Review mapped CIP education pathways for this occupation.
Candidate_030,Office Administrator,Monitoring,4.0,4.0,0.0,0.8,52.86,0.691,69.14,1,13,True,CIP pathway available,Review mapped CIP education pathways,Medium,Moderate,Consider developing Monitoring as a medium-priority skill gap (69.14%). Review mapped CIP education pathways for this occupation.
Candidate_030,Office Administrator,Speaking,4.0,4.0,0.0,0.8,52.86,0.691,69.14,1,13,True,CIP pathway available,Review mapped CIP education pathways,Medium,Moderate,Consider developing Speaking as a medium-priority skill gap (69.14%). Review mapped CIP education pathways for this occupation.
Candidate_030,Office Manager,Monitoring,4.0,4.0,0.0,0.8,52.86,0.691,69.14,1,13,True,CIP pathway available,Review mapped CIP education pathways,Medium,Moderate,Consider developing Monitoring as a medium-priority skill gap (69.14%). Review mapped CIP education pathways for this occupation.
Candidate_030,Office Manager,Speaking,4.0,4.0,0.0,0.8,52.86,0.691,69.14,1,13,True,CIP pathway available,Review mapped CIP education pathways,Medium,Moderate,Consider developing Speaking as a medium-priority skill gap (69.14%). Review mapped CIP education pathways for this occupation.
Candidate_030,Office Manager,Active Listening,4.0,3.88,0.0,0.788,52.86,0.684,68.42,2,13,True,CIP pathway available,Review mapped CIP education pathways,Medium,Moderate,Consider developing Active Listening as a medium-priority skill gap (68.42%). Review mapped CIP education pathways for this occupation.
Candidate_030,Restaurant Manager,Speaking,3.88,4.0,0.0,0.788,58.65,0.707,70.74,1,0,False,No mapped CIP pathway available,Investigate education/training pathways separately,High,Moderate,Prioritize developing Speaking. The skill gap has high prescriptive priority (70.74%). Investigate relevant education or training pathways separately because no mapped CIP pathway is available.
Candidate_030,Restaurant Manager,Monitoring,3.88,3.88,0.0,0.776,58.65,0.7,70.02,2,0,False,No mapped CIP pathway available,Investigate education/training pathways separately,High,Moderate,Prioritize developing Monitoring. The skill gap has high prescriptive priority (70.02%). Investigate relevant education or training pathways separately because no mapped CIP pathway is available.
Candidate_030,Restaurant Manager,Active Listening,3.88,3.5,0.0,0.738,58.65,0.677,67.74,3,0,False,No mapped CIP pathway available,Investigate education/training pathways separately,Medium,Moderate,Consider developing Active Listening as a medium-priority skill gap (67.74%). Investigate relevant education or training pathways separately because no mapped CIP pathway is available.
Candidate_030,Retail Sales Associate,Active Listening,3.75,3.75,0.0,0.75,86.44,0.796,79.58,1,0,False,No mapped CIP pathway available,Investigate education/training pathways separately,High,High,Prioritize developing Active Listening. The skill gap has high prescriptive priority (79.58%) and the occupation has high Canadian labour demand (86.44%). Investigate relevant education or training pathways separately because no mapped CIP pathway is available.
Candidate_030,Retail Sales Associate,Speaking,3.75,3.12,0.0,0.687,86.44,0.758,75.8,2,0,False,No mapped CIP pathway available,Investigate education/training pathways separately,High,High,Prioritize developing Speaking. The skill gap has high prescriptive priority (75.80%) and the occupation has high Canadian labour demand (86.44%). Investigate relevant education or training pathways separately because no mapped CIP pathway is available.
Candidate_030,Retail Sales Associate,Monitoring,3.0,3.12,0.0,0.612,86.44,0.713,71.3,3,0,False,No mapped CIP pathway available,Investigate education/training pathways separately,High,High,Prioritize developing Monitoring. The skill gap has high prescriptive priority (71.30%) and the occupation has high Canadian labour demand (86.44%). Investigate relevant education or training pathways separately because no mapped CIP pathway is available.
Candidate_030,Secondary School Teacher,Speaking,4.0,4.12,0.0,0.812,36.36,0.633,63.26,1,92,True,CIP pathway available,Review mapped CIP education pathways,Medium,Lower,Consider developing Speaking as a medium-priority skill gap (63.26%). Review mapped CIP education pathways for this occupation.
Candidate_030,Secondary School Teacher,Active Listening,4.0,4.0,0.0,0.8,36.36,0.625,62.54,2,92,True,CIP pathway available,Review mapped CIP education pathways,Medium,Lower,Consider developing Active Listening as a medium-priority skill gap (62.54%). Review mapped CIP education pathways for this occupation.
Candidate_030,Secondary School Teacher,Monitoring,3.88,4.0,0.0,0.788,36.36,0.618,61.82,3,92,True,CIP pathway available,Review mapped CIP education pathways,Medium,Lower,Consider developing Monitoring as a medium-priority skill gap (61.82%). Review mapped CIP education pathways for this occupation.
Candidate_030,Software Developer,Active Listening,3.38,3.88,0.0,0.726,22.91,0.527,52.72,1,20,True,CIP pathway available,Review mapped CIP education pathways,Medium,Lower,Consider developing Active Listening as a medium-priority skill gap (52.72%). Review mapped CIP education pathways for this occupation.
Candidate_030,Software Developer,Speaking,3.12,3.62,0.0,0.6739999999999999,22.91,0.496,49.6,2,20,True,CIP pathway available,Review mapped CIP education pathways,Lower,Lower,Consider developing Speaking as an additional skill for the target occupation. Review mapped CIP education pathways for this occupation.
Candidate_030,Software Developer,Monitoring,3.0,3.5,0.0,0.6499999999999999,22.91,0.482,48.16,3,20,True,CIP pathway available,Review mapped CIP education pathways,Lower,Lower,Consider developing Monitoring as an additional skill for the target occupation. Review mapped CIP education pathways for this occupation.
Candidate_031,Administrative Assistant,Monitoring,3.12,3.25,0.0,0.637,43.85,0.558,55.76,1,2,True,CIP pathway available,Review mapped CIP education pathways,Medium,Moderate,Consider developing Monitoring as a medium-priority skill gap (55.76%). Review mapped CIP education pathways for this occupation.
Candidate_031,Administrative Assistant,Science,1.0,0.0,0.0,0.1,43.85,0.235,23.54,2,2,True,CIP pathway available,Review mapped CIP education pathways,Lower,Moderate,Consider developing Science as an additional skill for the target occupation. Review mapped CIP education pathways for this occupation.
Candidate_031,Bookkeeper,Monitoring,3.0,2.88,0.0,0.588,29.92,0.472,47.25,1,0,False,No mapped CIP pathway available,Investigate education/training pathways separately,Lower,Lower,Consider developing Monitoring as an additional skill for the target occupation. Investigate relevant education or training pathways separately because no mapped CIP pathway is available.
Candidate_031,Bookkeeper,Science,1.12,0.12,0.0,0.12400000000000001,29.92,0.194,19.41,2,0,False,No mapped CIP pathway available,Investigate education/training pathways separately,Lower,Lower,Consider developing Science as an additional skill for the target occupation. Investigate relevant education or training pathways separately because no mapped CIP pathway is available.
Candidate_031,Continuing Care Assistant,Monitoring,3.25,3.0,0.0,0.625,43.96,0.551,55.08,1,0,False,No mapped CIP pathway available,Investigate education/training pathways separately,Medium,Moderate,Consider developing Monitoring as a medium-priority skill gap (55.08%). Investigate relevant education or training pathways separately because no mapped CIP pathway is available.
Candidate_031,Continuing Care Assistant,Science,1.75,0.88,0.0,0.263,43.96,0.334,33.36,2,0,False,No mapped CIP pathway available,Investigate education/training pathways separately,Lower,Moderate,Consider developing Science as an additional skill for the target occupation. Investigate relevant education or training pathways separately because no mapped CIP pathway is available.
Candidate_031,Delivery Driver,Monitoring,3.12,2.75,0.0,0.587,37.05,0.5,50.04,1,0,False,No mapped CIP pathway available,Investigate education/training pathways separately,Medium,Lower,Consider developing Monitoring as a medium-priority skill gap (50.04%). Investigate relevant education or training pathways separately because no mapped CIP pathway is available.
Candidate_031,Delivery Driver,Science,1.12,0.12,0.0,0.12400000000000001,37.05,0.223,22.26,2,0,False,No mapped CIP pathway available,Investigate education/training pathways separately,Lower,Lower,Consider developing Science as an additional skill for the target occupation. Investigate relevant education or training pathways separately because no mapped CIP pathway is available.
Candidate_031,"Driver, Truck",Monitoring,3.12,3.0,0.0,0.612,88.8,0.722,72.24,1,0,False,No mapped CIP pathway available,Investigate education/training pathways separately,High,High,Prioritize developing Monitoring. The skill gap has high prescriptive priority (72.24%) and the occupation has high Canadian labour demand (88.80%). Investigate relevant education or training pathways separately because no mapped CIP pathway is available.
Candidate_031,"Driver, Truck",Science,1.0,0.0,0.0,0.1,88.8,0.415,41.52,2,0,False,No mapped CIP pathway available,Investigate education/training pathways separately,Lower,High,Consider developing Science because the target occupation shows high Canadian labour demand (88.80%). Investigate relevant education or training pathways separately because no mapped CIP pathway is available.
Candidate_031,Food Service Supervisor,Monitoring,3.88,4.0,0.0,0.788,68.33,0.746,74.61,1,0,False,No mapped CIP pathway available,Investigate education/training pathways separately,High,Moderate,Prioritize developing Monitoring. The skill gap has high prescriptive priority (74.61%). Investigate relevant education or training pathways separately because no mapped CIP pathway is available.
Candidate_031,Food Service Supervisor,Science,1.0,0.0,0.0,0.1,68.33,0.333,33.33,2,0,False,No mapped CIP pathway available,Investigate education/training pathways separately,Lower,Moderate,Consider developing Science as an additional skill for the target occupation. Investigate relevant education or training pathways separately because no mapped CIP pathway is available.
Candidate_031,Information Technology (IT) Analyst,Monitoring,3.62,4.0,0.0,0.762,26.64,0.564,56.38,1,0,False,No mapped CIP pathway available,Investigate education/training pathways separately,Medium,Lower,Consider developing Monitoring as a medium-priority skill gap (56.38%). Investigate relevant education or training pathways separately because no mapped CIP pathway is available.
Candidate_031,Information Technology (IT) Analyst,Science,2.75,3.12,0.0,0.587,26.64,0.459,45.88,2,0,False,No mapped CIP pathway available,Investigate education/training pathways separately,Lower,Lower,Consider developing Science as an additional skill for the target occupation. Investigate relevant education or training pathways separately because no mapped CIP pathway is available.
Candidate_031,Inside Sales Representative,Monitoring,3.0,3.12,0.0,0.612,86.44,0.713,71.3,1,0,False,No CIP pathway in crosswalk,Investigate education/training pathways separately,High,High,Prioritize developing Monitoring. The skill gap has high prescriptive priority (71.30%) and the occupation has high Canadian labour demand (86.44%). Investigate relevant education or training pathways separately because no mapped CIP pathway is available.
Candidate_031,Inside Sales Representative,Science,1.0,0.0,0.0,0.1,86.44,0.406,40.58,2,0,False,No CIP pathway in crosswalk,Investigate education/training pathways separately,Lower,High,Consider developing Science because the target occupation shows high Canadian labour demand (86.44%). Investigate relevant education or training pathways separately because no mapped CIP pathway is available.
Candidate_031,Licensed Practical Nurse (L.P.N.),Monitoring,3.88,4.0,0.0,0.788,30.39,0.594,59.44,1,0,False,No mapped CIP pathway available,Investigate education/training pathways separately,Medium,Lower,Consider developing Monitoring as a medium-priority skill gap (59.44%). Investigate relevant education or training pathways separately because no mapped CIP pathway is available.
Candidate_031,Licensed Practical Nurse (L.P.N.),Science,2.62,2.62,0.0,0.524,30.39,0.436,43.6,2,0,False,No mapped CIP pathway available,Investigate education/training pathways separately,Lower,Lower,Consider developing Science as an additional skill for the target occupation. Investigate relevant education or training pathways separately because no mapped CIP pathway is available.
Candidate_031,Office Administrator,Monitoring,4.0,4.0,0.0,0.8,52.86,0.691,69.14,1,13,True,CIP pathway available,Review mapped CIP education pathways,Medium,Moderate,Consider developing Monitoring as a medium-priority skill gap (69.14%). Review mapped CIP education pathways for this occupation.
Candidate_031,Office Administrator,Science,1.38,0.38,0.0,0.176,52.86,0.317,31.7,2,13,True,CIP pathway available,Review mapped CIP education pathways,Lower,Moderate,Consider developing Science as an additional skill for the target occupation. Review mapped CIP education pathways for this occupation.
Candidate_031,Office Manager,Monitoring,4.0,4.0,0.0,0.8,52.86,0.691,69.14,1,13,True,CIP pathway available,Review mapped CIP education pathways,Medium,Moderate,Consider developing Monitoring as a medium-priority skill gap (69.14%). Review mapped CIP education pathways for this occupation.
Candidate_031,Office Manager,Science,1.0,0.0,0.0,0.1,52.86,0.271,27.14,2,13,True,CIP pathway available,Review mapped CIP education pathways,Lower,Moderate,Consider developing Science as an additional skill for the target occupation. Review mapped CIP education pathways for this occupation.
Candidate_031,Restaurant Manager,Monitoring,3.88,3.88,0.0,0.776,58.65,0.7,70.02,1,0,False,No mapped CIP pathway available,Investigate education/training pathways separately,High,Moderate,Prioritize developing Monitoring. The skill gap has high prescriptive priority (70.02%). Investigate relevant education or training pathways separately because no mapped CIP pathway is available.
Candidate_031,Restaurant Manager,Science,1.62,0.62,0.0,0.224,58.65,0.369,36.9,2,0,False,No mapped CIP pathway available,Investigate education/training pathways separately,Lower,Moderate,Consider developing Science as an additional skill for the target occupation. Investigate relevant education or training pathways separately because no mapped CIP pathway is available.
Candidate_031,Retail Sales Associate,Monitoring,3.0,3.12,0.0,0.612,86.44,0.713,71.3,1,0,False,No CIP pathway in crosswalk,Investigate education/training pathways separately,High,High,Prioritize developing Monitoring. The skill gap has high prescriptive priority (71.30%) and the occupation has high Canadian labour demand (86.44%). Investigate relevant education or training pathways separately because no mapped CIP pathway is available.
Candidate_031,Retail Sales Associate,Science,1.0,0.0,0.0,0.1,86.44,0.406,40.58,2,0,False,No CIP pathway in crosswalk,Investigate education/training pathways separately,Lower,High,Consider developing Science because the target occupation shows high Canadian labour demand (86.44%). Investigate relevant education or training pathways separately because no mapped CIP pathway is available.
Candidate_031,Secondary School Teacher,Monitoring,3.88,4.0,0.0,0.788,36.36,0.618,61.82,1,0,False,No mapped CIP pathway available,Investigate education/training pathways separately,Medium,Lower,Consider developing Monitoring as a medium-priority skill gap (61.82%). Investigate relevant education or training pathways separately because no mapped CIP pathway is available.
Candidate_031,Secondary School Teacher,Science,2.0,1.88,0.0,0.388,36.36,0.378,37.82,2,0,False,No mapped CIP pathway available,Investigate education/training pathways separately,Lower,Lower,Consider developing Science as an additional skill for the target occupation. Investigate relevant education or training pathways separately because no mapped CIP pathway is available.
Candidate_031,Software Developer,Monitoring,3.0,3.5,0.0,0.6499999999999999,22.91,0.482,48.16,1,0,False,No mapped CIP pathway available,Investigate education/training pathways separately,Lower,Lower,Consider developing Monitoring as an additional skill for the target occupation. Investigate relevant education or training pathways separately because no mapped CIP pathway is available.
Candidate_031,Software Developer,Science,2.12,1.88,0.0,0.4,22.91,0.332,33.16,2,0,False,No mapped CIP pathway available,Investigate education/training pathways separately,Lower,Lower,Consider developing Science as an additional skill for the target occupation. Investigate relevant education or training pathways separately because no mapped CIP pathway is available.
Candidate_033,Administrative Assistant,Mathematics,2.0,1.62,0.0,0.362,43.85,0.393,39.26,1,2,True,CIP pathway available,Review mapped CIP education pathways,Lower,Moderate,Consider developing Mathematics as an additional skill for the target occupation. Review mapped CIP education pathways for this occupation.
Candidate_033,Administrative Assistant,Science,1.0,0.0,0.0,0.1,43.85,0.235,23.54,2,2,True,CIP pathway available,Review mapped CIP education pathways,Lower,Moderate,Consider developing Science as an additional skill for the target occupation. Review mapped CIP education pathways for this occupation.
Candidate_033,Bookkeeper,Mathematics,3.38,3.38,0.0,0.6759999999999999,29.92,0.525,52.53,1,0,False,No mapped CIP pathway available,Investigate education/training pathways separately,Medium,Lower,Consider developing Mathematics as a medium-priority skill gap (52.53%). Investigate relevant education or training pathways separately because no mapped CIP pathway is available.
Candidate_033,Bookkeeper,Science,1.12,0.12,0.0,0.12400000000000001,29.92,0.194,19.41,2,0,False,No mapped CIP pathway available,Investigate education/training pathways separately,Lower,Lower,Consider developing Science as an additional skill for the target occupation. Investigate relevant education or training pathways separately because no mapped CIP pathway is available.
Candidate_033,Continuing Care Assistant,Mathematics,2.12,1.88,0.0,0.4,43.96,0.416,41.58,1,0,False,No mapped CIP pathway available,Investigate education/training pathways separately,Lower,Moderate,Consider developing Mathematics as an additional skill for the target occupation. Investigate relevant education or training pathways separately because no mapped CIP pathway is available.
Candidate_033,Continuing Care Assistant,Science,1.75,0.88,0.0,0.263,43.96,0.334,33.36,2,0,False,No mapped CIP pathway available,Investigate education/training pathways separately,Lower,Moderate,Consider developing Science as an additional skill for the target occupation. Investigate relevant education or training pathways separately because no mapped CIP pathway is available.
Candidate_033,Delivery Driver,Mathematics,2.25,2.12,0.0,0.43700000000000006,37.05,0.41,41.04,1,0,False,No mapped CIP pathway available,Investigate education/training pathways separately,Lower,Lower,Consider developing Mathematics as an additional skill for the target occupation. Investigate relevant education or training pathways separately because no mapped CIP pathway is available.
Candidate_033,Delivery Driver,Science,1.12,0.12,0.0,0.12400000000000001,37.05,0.223,22.26,2,0,False,No mapped CIP pathway available,Investigate education/training pathways separately,Lower,Lower,Consider developing Science as an additional skill for the target occupation. Investigate relevant education or training pathways separately because no mapped CIP pathway is available.
Candidate_033,"Driver, Truck",Mathematics,2.0,1.88,0.0,0.388,88.8,0.588,58.8,1,1,True,CIP pathway available,Review mapped CIP education pathways,Medium,High,Consider developing Mathematics because the target occupation shows high Canadian labour demand (88.80%). Review mapped CIP education pathways for this occupation.
Candidate_033,"Driver, Truck",Science,1.0,0.0,0.0,0.1,88.8,0.415,41.52,2,1,True,CIP pathway available,Review mapped CIP education pathways,Lower,High,Consider developing Science because the target occupation shows high Canadian labour demand (88.80%). Review mapped CIP education pathways for this occupation.
Candidate_033,Food Service Supervisor,Mathematics,3.0,3.0,0.0,0.6,68.33,0.633,63.33,1,0,False,No mapped CIP pathway available,Investigate education/training pathways separately,Medium,Moderate,Consider developing Mathematics as a medium-priority skill gap (63.33%). Investigate relevant education or training pathways separately because no mapped CIP pathway is available.
Candidate_033,Food Service Supervisor,Science,1.0,0.0,0.0,0.1,68.33,0.333,33.33,2,0,False,No mapped CIP pathway available,Investigate education/training pathways separately,Lower,Moderate,Consider developing Science as an additional skill for the target occupation. Investigate relevant education or training pathways separately because no mapped CIP pathway is available.
Candidate_033,Information Technology (IT) Analyst,Mathematics,3.0,3.38,0.0,0.6379999999999999,26.64,0.489,48.94,1,0,False,No mapped CIP pathway available,Investigate education/training pathways separately,Lower,Lower,Consider developing Mathematics as an additional skill for the target occupation. Investigate relevant education or training pathways separately because no mapped CIP pathway is available.
Candidate_033,Information Technology (IT) Analyst,Science,2.75,3.12,0.0,0.587,26.64,0.459,45.88,2,0,False,No mapped CIP pathway available,Investigate education/training pathways separately,Lower,Lower,Consider developing Science as an additional skill for the target occupation. Investigate relevant education or training pathways separately because no mapped CIP pathway is available.
Candidate_033,Inside Sales Representative,Mathematics,2.62,2.0,0.0,0.462,86.44,0.623,62.3,1,0,False,No CIP pathway in crosswalk,Investigate education/training pathways separately,Medium,High,Consider developing Mathematics because the target occupation shows high Canadian labour demand (86.44%). Investigate relevant education or training pathways separately because no mapped CIP pathway is available.
Candidate_033,Inside Sales Representative,Science,1.0,0.0,0.0,0.1,86.44,0.406,40.58,2,0,False,No CIP pathway in crosswalk,Investigate education/training pathways separately,Lower,High,Consider developing Science because the target occupation shows high Canadian labour demand (86.44%). Investigate relevant education or training pathways separately because no mapped CIP pathway is available.
Candidate_033,Licensed Practical Nurse (L.P.N.),Mathematics,2.88,2.88,0.0,0.576,30.39,0.467,46.72,1,0,False,No mapped CIP pathway available,Investigate education/training pathways separately,Lower,Lower,Consider developing Mathematics as an additional skill for the target occupation. Investigate relevant education or training pathways separately because no mapped CIP pathway is available.
Candidate_033,Licensed Practical Nurse (L.P.N.),Science,2.62,2.62,0.0,0.524,30.39,0.436,43.6,2,0,False,No mapped CIP pathway available,Investigate education/training pathways separately,Lower,Lower,Consider developing Science as an additional skill for the target occupation. Investigate relevant education or training pathways separately because no mapped CIP pathway is available.
Candidate_033,Office Administrator,Mathematics,2.75,2.75,0.0,0.55,52.86,0.541,54.14,1,13,True,CIP pathway available,Review mapped CIP education pathways,Medium,Moderate,Consider developing Mathematics as a medium-priority skill gap (54.14%). Review mapped CIP education pathways for this occupation.
Candidate_033,Office Administrator,Science,1.38,0.38,0.0,0.176,52.86,0.317,31.7,2,13,True,CIP pathway available,Review mapped CIP education pathways,Lower,Moderate,Consider developing Science as an additional skill for the target occupation. Review mapped CIP education pathways for this occupation.
Candidate_033,Office Manager,Mathematics,2.75,2.75,0.0,0.55,52.86,0.541,54.14,1,13,True,CIP pathway available,Review mapped CIP education pathways,Medium,Moderate,Consider developing Mathematics as a medium-priority skill gap (54.14%). Review mapped CIP education pathways for this occupation.
Candidate_033,Office Manager,Science,1.0,0.0,0.0,0.1,52.86,0.271,27.14,2,13,True,CIP pathway available,Review mapped CIP education pathways,Lower,Moderate,Consider developing Science as an additional skill for the target occupation. Review mapped CIP education pathways for this occupation.
Candidate_033,Restaurant Manager,Mathematics,2.88,2.88,0.0,0.576,58.65,0.58,58.02,1,0,False,No mapped CIP pathway available,Investigate education/training pathways separately,Medium,Moderate,Consider developing Mathematics as a medium-priority skill gap (58.02%). Investigate relevant education or training pathways separately because no mapped CIP pathway is available.
Candidate_033,Restaurant Manager,Science,1.62,0.62,0.0,0.224,58.65,0.369,36.9,2,0,False,No mapped CIP pathway available,Investigate education/training pathways separately,Lower,Moderate,Consider developing Science as an additional skill for the target occupation. Investigate relevant education or training pathways separately because no mapped CIP pathway is available.
Candidate_033,Retail Sales Associate,Mathematics,2.62,2.0,0.0,0.462,86.44,0.623,62.3,1,0,False,No mapped CIP pathway available,Investigate education/training pathways separately,Medium,High,Consider developing Mathematics because the target occupation shows high Canadian labour demand (86.44%). Investigate relevant education or training pathways separately because no mapped CIP pathway is available.
Candidate_033,Retail Sales Associate,Science,1.0,0.0,0.0,0.1,86.44,0.406,40.58,2,0,False,No mapped CIP pathway available,Investigate education/training pathways separately,Lower,High,Consider developing Science because the target occupation shows high Canadian labour demand (86.44%). Investigate relevant education or training pathways separately because no mapped CIP pathway is available.
Candidate_033,Secondary School Teacher,Mathematics,2.75,3.0,0.0,0.575,36.36,0.49,49.04,1,0,False,No mapped CIP pathway available,Investigate education/training pathways separately,Lower,Lower,Consider developing Mathematics as an additional skill for the target occupation. Investigate relevant education or training pathways separately because no mapped CIP pathway is available.
Candidate_033,Secondary School Teacher,Science,2.0,1.88,0.0,0.388,36.36,0.378,37.82,2,0,False,No mapped CIP pathway available,Investigate education/training pathways separately,Lower,Lower,Consider developing Science as an additional skill for the target occupation. Investigate relevant education or training pathways separately because no mapped CIP pathway is available.
Candidate_033,Software Developer,Mathematics,2.75,3.25,0.0,0.6000000000000001,22.91,0.452,45.16,1,0,False,No mapped CIP pathway available,Investigate education/training pathways separately,Lower,Lower,Consider developing Mathematics as an additional skill for the target occupation. Investigate relevant education or training pathways separately because no mapped CIP pathway is available.
Candidate_033,Software Developer,Science,2.12,1.88,0.0,0.4,22.91,0.332,33.16,2,0,False,No mapped CIP pathway available,Investigate education/training pathways separately,Lower,Lower,Consider developing Science as an additional skill for the target occupation. Investigate relevant education or training pathways separately because no mapped CIP pathway is available.
Candidate_034,Administrative Assistant,Science,1.0,0.0,0.0,0.1,43.85,0.235,23.54,1,2,True,CIP pathway available,Review mapped CIP education pathways,Lower,Moderate,Consider developing Science as an additional skill for the target occupation. Review mapped CIP education pathways for this occupation.
Candidate_034,Bookkeeper,Science,1.12,0.12,0.0,0.12400000000000001,29.92,0.194,19.41,1,0,False,No mapped CIP pathway available,Investigate education/training pathways separately,Lower,Lower,Consider developing Science as an additional skill for the target occupation. Investigate relevant education or training pathways separately because no mapped CIP pathway is available.
Candidate_034,Continuing Care Assistant,Science,1.75,0.88,0.0,0.263,43.96,0.334,33.36,1,0,False,No mapped CIP pathway available,Investigate education/training pathways separately,Lower,Moderate,Consider developing Science as an additional skill for the target occupation. Investigate relevant education or training pathways separately because no mapped CIP pathway is available.
Candidate_034,Delivery Driver,Science,1.12,0.12,0.0,0.12400000000000001,37.05,0.223,22.26,1,0,False,No mapped CIP pathway available,Investigate education/training pathways separately,Lower,Lower,Consider developing Science as an additional skill for the target occupation. Investigate relevant education or training pathways separately because no mapped CIP pathway is available.
Candidate_034,"Driver, Truck",Science,1.0,0.0,0.0,0.1,88.8,0.415,41.52,1,0,False,No mapped CIP pathway available,Investigate education/training pathways separately,Lower,High,Consider developing Science because the target occupation shows high Canadian labour demand (88.80%). Investigate relevant education or training pathways separately because no mapped CIP pathway is available.
Candidate_034,Food Service Supervisor,Science,1.0,0.0,0.0,0.1,68.33,0.333,33.33,1,5,True,CIP pathway available,Review mapped CIP education pathways,Lower,Moderate,Consider developing Science as an additional skill for the target occupation. Review mapped CIP education pathways for this occupation.
Candidate_034,Information Technology (IT) Analyst,Science,2.75,3.12,0.0,0.587,26.64,0.459,45.88,1,0,False,No mapped CIP pathway available,Investigate education/training pathways separately,Lower,Lower,Consider developing Science as an additional skill for the target occupation. Investigate relevant education or training pathways separately because no mapped CIP pathway is available.
Candidate_034,Inside Sales Representative,Science,1.0,0.0,0.0,0.1,86.44,0.406,40.58,1,0,False,No CIP pathway in crosswalk,Investigate education/training pathways separately,Lower,High,Consider developing Science because the target occupation shows high Canadian labour demand (86.44%). Investigate relevant education or training pathways separately because no mapped CIP pathway is available.
Candidate_034,Licensed Practical Nurse (L.P.N.),Science,2.62,2.62,0.0,0.524,30.39,0.436,43.6,1,0,False,No mapped CIP pathway available,Investigate education/training pathways separately,Lower,Lower,Consider developing Science as an additional skill for the target occupation. Investigate relevant education or training pathways separately because no mapped CIP pathway is available.
Candidate_034,Office Administrator,Science,1.38,0.38,0.0,0.176,52.86,0.317,31.7,1,0,False,No mapped CIP pathway available,Investigate education/training pathways separately,Lower,Moderate,Consider developing Science as an additional skill for the target occupation. Investigate relevant education or training pathways separately because no mapped CIP pathway is available.
Candidate_034,Office Manager,Science,1.0,0.0,0.0,0.1,52.86,0.271,27.14,1,13,True,CIP pathway available,Review mapped CIP education pathways,Lower,Moderate,Consider developing Science as an additional skill for the target occupation. Review mapped CIP education pathways for this occupation.
Candidate_034,Restaurant Manager,Science,1.62,0.62,0.0,0.224,58.65,0.369,36.9,1,0,False,No mapped CIP pathway available,Investigate education/training pathways separately,Lower,Moderate,Consider developing Science as an additional skill for the target occupation. Investigate relevant education or training pathways separately because no mapped CIP pathway is available.
Candidate_034,Retail Sales Associate,Science,1.0,0.0,0.0,0.1,86.44,0.406,40.58,1,0,False,No CIP pathway in crosswalk,Investigate education/training pathways separately,Lower,High,Consider developing Science because the target occupation shows high Canadian labour demand (86.44%). Investigate relevant education or training pathways separately because no mapped CIP pathway is available.
Candidate_034,Secondary School Teacher,Science,2.0,1.88,0.0,0.388,36.36,0.378,37.82,1,0,False,No mapped CIP pathway available,Investigate education/training pathways separately,Lower,Lower,Consider developing Science as an additional skill for the target occupation. Investigate relevant education or training pathways separately because no mapped CIP pathway is available.
Candidate_034,Software Developer,Science,2.12,1.88,0.0,0.4,22.91,0.332,33.16,1,0,False,No mapped CIP pathway available,Investigate education/training pathways separately,Lower,Lower,Consider developing Science as an additional skill for the target occupation. Investigate relevant education or training pathways separately because no mapped CIP pathway is available.
Candidate_035,Administrative Assistant,Monitoring,3.12,3.25,0.0,0.637,43.85,0.558,55.76,1,2,True,CIP pathway available,Review mapped CIP education pathways,Medium,Moderate,Consider developing Monitoring as a medium-priority skill gap (55.76%). Review mapped CIP education pathways for this occupation.
Candidate_035,Bookkeeper,Monitoring,3.0,2.88,0.0,0.588,29.92,0.472,47.25,1,0,False,No mapped CIP pathway available,Investigate education/training pathways separately,Lower,Lower,Consider developing Monitoring as an additional skill for the target occupation. Investigate relevant education or training pathways separately because no mapped CIP pathway is available.
Candidate_035,Continuing Care Assistant,Monitoring,3.25,3.0,0.0,0.625,43.96,0.551,55.08,1,0,False,No mapped CIP pathway available,Investigate education/training pathways separately,Medium,Moderate,Consider developing Monitoring as a medium-priority skill gap (55.08%). Investigate relevant education or training pathways separately because no mapped CIP pathway is available.
Candidate_035,Delivery Driver,Monitoring,3.12,2.75,0.0,0.587,37.05,0.5,50.04,1,0,False,No mapped CIP pathway available,Investigate education/training pathways separately,Medium,Lower,Consider developing Monitoring as a medium-priority skill gap (50.04%). Investigate relevant education or training pathways separately because no mapped CIP pathway is available.
Candidate_035,"Driver, Truck",Monitoring,3.12,3.0,0.0,0.612,88.8,0.722,72.24,1,0,False,No mapped CIP pathway available,Investigate education/training pathways separately,High,High,Prioritize developing Monitoring. The skill gap has high prescriptive priority (72.24%) and the occupation has high Canadian labour demand (88.80%). Investigate relevant education or training pathways separately because no mapped CIP pathway is available.
Candidate_035,Food Service Supervisor,Monitoring,3.88,4.0,0.0,0.788,68.33,0.746,74.61,1,0,False,No mapped CIP pathway available,Investigate education/training pathways separately,High,Moderate,Prioritize developing Monitoring. The skill gap has high prescriptive priority (74.61%). Investigate relevant education or training pathways separately because no mapped CIP pathway is available.
Candidate_035,Information Technology (IT) Analyst,Monitoring,3.62,4.0,0.0,0.762,26.64,0.564,56.38,1,22,True,CIP pathway available,Review mapped CIP education pathways,Medium,Lower,Consider developing Monitoring as a medium-priority skill gap (56.38%). Review mapped CIP education pathways for this occupation.
Candidate_035,Inside Sales Representative,Monitoring,3.0,3.12,0.0,0.612,86.44,0.713,71.3,1,0,False,No CIP pathway in crosswalk,Investigate education/training pathways separately,High,High,Prioritize developing Monitoring. The skill gap has high prescriptive priority (71.30%) and the occupation has high Canadian labour demand (86.44%). Investigate relevant education or training pathways separately because no mapped CIP pathway is available.
Candidate_035,Licensed Practical Nurse (L.P.N.),Monitoring,3.88,4.0,0.0,0.788,30.39,0.594,59.44,1,0,False,No mapped CIP pathway available,Investigate education/training pathways separately,Medium,Lower,Consider developing Monitoring as a medium-priority skill gap (59.44%). Investigate relevant education or training pathways separately because no mapped CIP pathway is available.
Candidate_035,Office Administrator,Monitoring,4.0,4.0,0.0,0.8,52.86,0.691,69.14,1,0,False,No mapped CIP pathway available,Investigate education/training pathways separately,Medium,Moderate,Consider developing Monitoring as a medium-priority skill gap (69.14%). Investigate relevant education or training pathways separately because no mapped CIP pathway is available.
Candidate_035,Office Manager,Monitoring,4.0,4.0,0.0,0.8,52.86,0.691,69.14,1,0,False,No mapped CIP pathway available,Investigate education/training pathways separately,Medium,Moderate,Consider developing Monitoring as a medium-priority skill gap (69.14%). Investigate relevant education or training pathways separately because no mapped CIP pathway is available.
Candidate_035,Restaurant Manager,Monitoring,3.88,3.88,0.0,0.776,58.65,0.7,70.02,1,0,False,No mapped CIP pathway available,Investigate education/training pathways separately,High,Moderate,Prioritize developing Monitoring. The skill gap has high prescriptive priority (70.02%). Investigate relevant education or training pathways separately because no mapped CIP pathway is available.
Candidate_035,Retail Sales Associate,Monitoring,3.0,3.12,0.0,0.612,86.44,0.713,71.3,1,0,False,No CIP pathway in crosswalk,Investigate education/training pathways separately,High,High,Prioritize developing Monitoring. The skill gap has high prescriptive priority (71.30%) and the occupation has high Canadian labour demand (86.44%). Investigate relevant education or training pathways separately because no mapped CIP pathway is available.
Candidate_035,Secondary School Teacher,Monitoring,3.88,4.0,0.0,0.788,36.36,0.618,61.82,1,0,False,No mapped CIP pathway available,Investigate education/training pathways separately,Medium,Lower,Consider developing Monitoring as a medium-priority skill gap (61.82%). Investigate relevant education or training pathways separately because no mapped CIP pathway is available.
Candidate_035,Software Developer,Monitoring,3.0,3.5,0.0,0.6499999999999999,22.91,0.482,48.16,1,20,True,CIP pathway available,Review mapped CIP education pathways,Lower,Lower,Consider developing Monitoring as an additional skill for the target occupation. Review mapped CIP education pathways for this occupation.
Candidate_036,Administrative Assistant,Mathematics,2.0,1.62,0.0,0.362,43.85,0.393,39.26,1,2,True,CIP pathway available,Review mapped CIP education pathways,Lower,Moderate,Consider developing Mathematics as an additional skill for the target occupation. Review mapped CIP education pathways for this occupation.
Candidate_036,Administrative Assistant,Science,1.0,0.0,0.0,0.1,43.85,0.235,23.54,2,2,True,CIP pathway available,Review mapped CIP education pathways,Lower,Moderate,Consider developing Science as an additional skill for the target occupation. Review mapped CIP education pathways for this occupation.
Candidate_036,Bookkeeper,Mathematics,3.38,3.38,0.0,0.6759999999999999,29.92,0.525,52.53,1,0,False,No mapped CIP pathway available,Investigate education/training pathways separately,Medium,Lower,Consider developing Mathematics as a medium-priority skill gap (52.53%). Investigate relevant education or training pathways separately because no mapped CIP pathway is available.
Candidate_036,Bookkeeper,Science,1.12,0.12,0.0,0.12400000000000001,29.92,0.194,19.41,2,0,False,No mapped CIP pathway available,Investigate education/training pathways separately,Lower,Lower,Consider developing Science as an additional skill for the target occupation. Investigate relevant education or training pathways separately because no mapped CIP pathway is available.
Candidate_036,Continuing Care Assistant,Mathematics,2.12,1.88,0.0,0.4,43.96,0.416,41.58,1,0,False,No mapped CIP pathway available,Investigate education/training pathways separately,Lower,Moderate,Consider developing Mathematics as an additional skill for the target occupation. Investigate relevant education or training pathways separately because no mapped CIP pathway is available.
Candidate_036,Continuing Care Assistant,Science,1.75,0.88,0.0,0.263,43.96,0.334,33.36,2,0,False,No mapped CIP pathway available,Investigate education/training pathways separately,Lower,Moderate,Consider developing Science as an additional skill for the target occupation. Investigate relevant education or training pathways separately because no mapped CIP pathway is available.
Candidate_036,Delivery Driver,Mathematics,2.25,2.12,0.0,0.43700000000000006,37.05,0.41,41.04,1,0,False,No mapped CIP pathway available,Investigate education/training pathways separately,Lower,Lower,Consider developing Mathematics as an additional skill for the target occupation. Investigate relevant education or training pathways separately because no mapped CIP pathway is available.
Candidate_036,Delivery Driver,Science,1.12,0.12,0.0,0.12400000000000001,37.05,0.223,22.26,2,0,False,No mapped CIP pathway available,Investigate education/training pathways separately,Lower,Lower,Consider developing Science as an additional skill for the target occupation. Investigate relevant education or training pathways separately because no mapped CIP pathway is available.
Candidate_036,"Driver, Truck",Mathematics,2.0,1.88,0.0,0.388,88.8,0.588,58.8,1,1,True,CIP pathway available,Review mapped CIP education pathways,Medium,High,Consider developing Mathematics because the target occupation shows high Canadian labour demand (88.80%). Review mapped CIP education pathways for this occupation.
Candidate_036,"Driver, Truck",Science,1.0,0.0,0.0,0.1,88.8,0.415,41.52,2,1,True,CIP pathway available,Review mapped CIP education pathways,Lower,High,Consider developing Science because the target occupation shows high Canadian labour demand (88.80%). Review mapped CIP education pathways for this occupation.
Candidate_036,Food Service Supervisor,Mathematics,3.0,3.0,0.0,0.6,68.33,0.633,63.33,1,0,False,No mapped CIP pathway available,Investigate education/training pathways separately,Medium,Moderate,Consider developing Mathematics as a medium-priority skill gap (63.33%). Investigate relevant education or training pathways separately because no mapped CIP pathway is available.
Candidate_036,Food Service Supervisor,Science,1.0,0.0,0.0,0.1,68.33,0.333,33.33,2,0,False,No mapped CIP pathway available,Investigate education/training pathways separately,Lower,Moderate,Consider developing Science as an additional skill for the target occupation. Investigate relevant education or training pathways separately because no mapped CIP pathway is available.
Candidate_036,Information Technology (IT) Analyst,Mathematics,3.0,3.38,0.0,0.6379999999999999,26.64,0.489,48.94,1,0,False,No mapped CIP pathway available,Investigate education/training pathways separately,Lower,Lower,Consider developing Mathematics as an additional skill for the target occupation. Investigate relevant education or training pathways separately because no mapped CIP pathway is available.
Candidate_036,Information Technology (IT) Analyst,Science,2.75,3.12,0.0,0.587,26.64,0.459,45.88,2,0,False,No mapped CIP pathway available,Investigate education/training pathways separately,Lower,Lower,Consider developing Science as an additional skill for the target occupation. Investigate relevant education or training pathways separately because no mapped CIP pathway is available.
Candidate_036,Inside Sales Representative,Mathematics,2.62,2.0,0.0,0.462,86.44,0.623,62.3,1,0,False,No CIP pathway in crosswalk,Investigate education/training pathways separately,Medium,High,Consider developing Mathematics because the target occupation shows high Canadian labour demand (86.44%). Investigate relevant education or training pathways separately because no mapped CIP pathway is available.
Candidate_036,Inside Sales Representative,Science,1.0,0.0,0.0,0.1,86.44,0.406,40.58,2,0,False,No CIP pathway in crosswalk,Investigate education/training pathways separately,Lower,High,Consider developing Science because the target occupation shows high Canadian labour demand (86.44%). Investigate relevant education or training pathways separately because no mapped CIP pathway is available.
Candidate_036,Licensed Practical Nurse (L.P.N.),Mathematics,2.88,2.88,0.0,0.576,30.39,0.467,46.72,1,0,False,No mapped CIP pathway available,Investigate education/training pathways separately,Lower,Lower,Consider developing Mathematics as an additional skill for the target occupation. Investigate relevant education or training pathways separately because no mapped CIP pathway is available.
Candidate_036,Licensed Practical Nurse (L.P.N.),Science,2.62,2.62,0.0,0.524,30.39,0.436,43.6,2,0,False,No mapped CIP pathway available,Investigate education/training pathways separately,Lower,Lower,Consider developing Science as an additional skill for the target occupation. Investigate relevant education or training pathways separately because no mapped CIP pathway is available.
Candidate_036,Office Administrator,Mathematics,2.75,2.75,0.0,0.55,52.86,0.541,54.14,1,13,True,CIP pathway available,Review mapped CIP education pathways,Medium,Moderate,Consider developing Mathematics as a medium-priority skill gap (54.14%). Review mapped CIP education pathways for this occupation.
Candidate_036,Office Administrator,Science,1.38,0.38,0.0,0.176,52.86,0.317,31.7,2,13,True,CIP pathway available,Review mapped CIP education pathways,Lower,Moderate,Consider developing Science as an additional skill for the target occupation. Review mapped CIP education pathways for this occupation.
Candidate_036,Office Manager,Mathematics,2.75,2.75,0.0,0.55,52.86,0.541,54.14,1,13,True,CIP pathway available,Review mapped CIP education pathways,Medium,Moderate,Consider developing Mathematics as a medium-priority skill gap (54.14%). Review mapped CIP education pathways for this occupation.
Candidate_036,Office Manager,Science,1.0,0.0,0.0,0.1,52.86,0.271,27.14,2,13,True,CIP pathway available,Review mapped CIP education pathways,Lower,Moderate,Consider developing Science as an additional skill for the target occupation. Review mapped CIP education pathways for this occupation.
Candidate_036,Restaurant Manager,Mathematics,2.88,2.88,0.0,0.576,58.65,0.58,58.02,1,0,False,No mapped CIP pathway available,Investigate education/training pathways separately,Medium,Moderate,Consider developing Mathematics as a medium-priority skill gap (58.02%). Investigate relevant education or training pathways separately because no mapped CIP pathway is available.
Candidate_036,Restaurant Manager,Science,1.62,0.62,0.0,0.224,58.65,0.369,36.9,2,0,False,No mapped CIP pathway available,Investigate education/training pathways separately,Lower,Moderate,Consider developing Science as an additional skill for the target occupation. Investigate relevant education or training pathways separately because no mapped CIP pathway is available.
Candidate_036,Retail Sales Associate,Mathematics,2.62,2.0,0.0,0.462,86.44,0.623,62.3,1,0,False,No mapped CIP pathway available,Investigate education/training pathways separately,Medium,High,Consider developing Mathematics because the target occupation shows high Canadian labour demand (86.44%). Investigate relevant education or training pathways separately because no mapped CIP pathway is available.
Candidate_036,Retail Sales Associate,Science,1.0,0.0,0.0,0.1,86.44,0.406,40.58,2,0,False,No mapped CIP pathway available,Investigate education/training pathways separately,Lower,High,Consider developing Science because the target occupation shows high Canadian labour demand (86.44%). Investigate relevant education or training pathways separately because no mapped CIP pathway is available.
Candidate_036,Secondary School Teacher,Mathematics,2.75,3.0,0.0,0.575,36.36,0.49,49.04,1,0,False,No mapped CIP pathway available,Investigate education/training pathways separately,Lower,Lower,Consider developing Mathematics as an additional skill for the target occupation. Investigate relevant education or training pathways separately because no mapped CIP pathway is available.
Candidate_036,Secondary School Teacher,Science,2.0,1.88,0.0,0.388,36.36,0.378,37.82,2,0,False,No mapped CIP pathway available,Investigate education/training pathways separately,Lower,Lower,Consider developing Science as an additional skill for the target occupation. Investigate relevant education or training pathways separately because no mapped CIP pathway is available.
Candidate_036,Software Developer,Mathematics,2.75,3.25,0.0,0.6000000000000001,22.91,0.452,45.16,1,0,False,No mapped CIP pathway available,Investigate education/training pathways separately,Lower,Lower,Consider developing Mathematics as an additional skill for the target occupation. Investigate relevant education or training pathways separately because no mapped CIP pathway is available.
Candidate_036,Software Developer,Science,2.12,1.88,0.0,0.4,22.91,0.332,33.16,2,0,False,No mapped CIP pathway available,Investigate education/training pathways separately,Lower,Lower,Consider developing Science as an additional skill for the target occupation. Investigate relevant education or training pathways separately because no mapped CIP pathway is available.
Candidate_037,Administrative Assistant,Active Listening,4.0,3.75,0.0,0.775,43.85,0.64,64.04,1,0,False,No mapped CIP pathway available,Investigate education/training pathways separately,Medium,Moderate,Consider developing Active Listening as a medium-priority skill gap (64.04%). Investigate relevant education or training pathways separately because no mapped CIP pathway is available.
Candidate_037,Administrative Assistant,Speaking,4.0,3.62,0.0,0.762,43.85,0.633,63.26,2,0,False,No mapped CIP pathway available,Investigate education/training pathways separately,Medium,Moderate,Consider developing Speaking as a medium-priority skill gap (63.26%). Investigate relevant education or training pathways separately because no mapped CIP pathway is available.
Candidate_037,Bookkeeper,Active Listening,3.25,3.75,0.0,0.7,29.92,0.54,53.97,1,1,True,CIP pathway available,Review mapped CIP education pathways,Medium,Lower,Consider developing Active Listening as a medium-priority skill gap (53.97%). Review mapped CIP education pathways for this occupation.
Candidate_037,Bookkeeper,Speaking,3.12,3.12,0.0,0.624,29.92,0.494,49.41,2,1,True,CIP pathway available,Review mapped CIP education pathways,Lower,Lower,Consider developing Speaking as an additional skill for the target occupation. Review mapped CIP education pathways for this occupation.
Candidate_037,Continuing Care Assistant,Active Listening,3.62,3.0,0.0,0.6619999999999999,43.96,0.573,57.3,1,0,False,No mapped CIP pathway available,Investigate education/training pathways separately,Medium,Moderate,Consider developing Active Listening as a medium-priority skill gap (57.30%). Investigate relevant education or training pathways separately because no mapped CIP pathway is available.
Candidate_037,Continuing Care Assistant,Speaking,3.12,3.0,0.0,0.612,43.96,0.543,54.3,2,0,False,No mapped CIP pathway available,Investigate education/training pathways separately,Medium,Moderate,Consider developing Speaking as a medium-priority skill gap (54.30%). Investigate relevant education or training pathways separately because no mapped CIP pathway is available.
Candidate_037,Delivery Driver,Active Listening,3.12,2.88,0.0,0.6,37.05,0.508,50.82,1,0,False,No mapped CIP pathway available,Investigate education/training pathways separately,Medium,Lower,Consider developing Active Listening as a medium-priority skill gap (50.82%). Investigate relevant education or training pathways separately because no mapped CIP pathway is available.
Candidate_037,Delivery Driver,Speaking,3.12,2.88,0.0,0.6,37.05,0.508,50.82,1,0,False,No mapped CIP pathway available,Investigate education/training pathways separately,Medium,Lower,Consider developing Speaking as a medium-priority skill gap (50.82%). Investigate relevant education or training pathways separately because no mapped CIP pathway is available.
Candidate_037,"Driver, Truck",Active Listening,2.88,3.0,0.0,0.588,88.8,0.708,70.8,1,0,False,No mapped CIP pathway available,Investigate education/training pathways separately,High,High,Prioritize developing Active Listening. The skill gap has high prescriptive priority (70.80%) and the occupation has high Canadian labour demand (88.80%). Investigate relevant education or training pathways separately because no mapped CIP pathway is available.
Candidate_037,"Driver, Truck",Speaking,3.0,2.88,0.0,0.588,88.8,0.708,70.8,1,0,False,No mapped CIP pathway available,Investigate education/training pathways separately,High,High,Prioritize developing Speaking. The skill gap has high prescriptive priority (70.80%) and the occupation has high Canadian labour demand (88.80%). Investigate relevant education or training pathways separately because no mapped CIP pathway is available.
Candidate_037,Food Service Supervisor,Speaking,3.88,4.0,0.0,0.788,68.33,0.746,74.61,1,0,False,No mapped CIP pathway available,Investigate education/training pathways separately,High,Moderate,Prioritize developing Speaking. The skill gap has high prescriptive priority (74.61%). Investigate relevant education or training pathways separately because no mapped CIP pathway is available.
Candidate_037,Food Service Supervisor,Active Listening,3.75,3.0,0.0,0.675,68.33,0.678,67.83,2,0,False,No mapped CIP pathway available,Investigate education/training pathways separately,Medium,Moderate,Consider developing Active Listening as a medium-priority skill gap (67.83%). Investigate relevant education or training pathways separately because no mapped CIP pathway is available.
Candidate_037,Information Technology (IT) Analyst,Active Listening,4.0,4.12,0.0,0.812,26.64,0.594,59.38,1,22,True,CIP pathway available,Review mapped CIP education pathways,Medium,Lower,Consider developing Active Listening as a medium-priority skill gap (59.38%). Review mapped CIP education pathways for this occupation.
Candidate_037,Information Technology (IT) Analyst,Speaking,4.0,4.0,0.0,0.8,26.64,0.587,58.66,2,22,True,CIP pathway available,Review mapped CIP education pathways,Medium,Lower,Consider developing Speaking as a medium-priority skill gap (58.66%). Review mapped CIP education pathways for this occupation.
Candidate_037,Inside Sales Representative,Active Listening,3.75,3.75,0.0,0.75,86.44,0.796,79.58,1,0,False,No mapped CIP pathway available,Investigate education/training pathways separately,High,High,Prioritize developing Active Listening. The skill gap has high prescriptive priority (79.58%) and the occupation has high Canadian labour demand (86.44%). Investigate relevant education or training pathways separately because no mapped CIP pathway is available.
Candidate_037,Inside Sales Representative,Speaking,3.75,3.12,0.0,0.687,86.44,0.758,75.8,2,0,False,No mapped CIP pathway available,Investigate education/training pathways separately,High,High,Prioritize developing Speaking. The skill gap has high prescriptive priority (75.80%) and the occupation has high Canadian labour demand (86.44%). Investigate relevant education or training pathways separately because no mapped CIP pathway is available.
Candidate_037,Licensed Practical Nurse (L.P.N.),Active Listening,3.88,4.0,0.0,0.788,30.39,0.594,59.44,1,2,True,CIP pathway available,Review mapped CIP education pathways,Medium,Lower,Consider developing Active Listening as a medium-priority skill gap (59.44%). Review mapped CIP education pathways for this occupation.
Candidate_037,Licensed Practical Nurse (L.P.N.),Speaking,3.88,4.0,0.0,0.788,30.39,0.594,59.44,1,2,True,CIP pathway available,Review mapped CIP education pathways,Medium,Lower,Consider developing Speaking as a medium-priority skill gap (59.44%). Review mapped CIP education pathways for this occupation.
Candidate_037,Office Administrator,Active Listening,4.0,4.0,0.0,0.8,52.86,0.691,69.14,1,0,False,No mapped CIP pathway available,Investigate education/training pathways separately,Medium,Moderate,Consider developing Active Listening as a medium-priority skill gap (69.14%). Investigate relevant education or training pathways separately because no mapped CIP pathway is available.
Candidate_037,Office Administrator,Speaking,4.0,4.0,0.0,0.8,52.86,0.691,69.14,1,0,False,No mapped CIP pathway available,Investigate education/training pathways separately,Medium,Moderate,Consider developing Speaking as a medium-priority skill gap (69.14%). Investigate relevant education or training pathways separately because no mapped CIP pathway is available.
Candidate_037,Office Manager,Speaking,4.0,4.0,0.0,0.8,52.86,0.691,69.14,1,0,False,No mapped CIP pathway available,Investigate education/training pathways separately,Medium,Moderate,Consider developing Speaking as a medium-priority skill gap (69.14%). Investigate relevant education or training pathways separately because no mapped CIP pathway is available.
Candidate_037,Office Manager,Active Listening,4.0,3.88,0.0,0.788,52.86,0.684,68.42,2,0,False,No mapped CIP pathway available,Investigate education/training pathways separately,Medium,Moderate,Consider developing Active Listening as a medium-priority skill gap (68.42%). Investigate relevant education or training pathways separately because no mapped CIP pathway is available.
Candidate_037,Restaurant Manager,Speaking,3.88,4.0,0.0,0.788,58.65,0.707,70.74,1,0,False,No mapped CIP pathway available,Investigate education/training pathways separately,High,Moderate,Prioritize developing Speaking. The skill gap has high prescriptive priority (70.74%). Investigate relevant education or training pathways separately because no mapped CIP pathway is available.
Candidate_037,Restaurant Manager,Active Listening,3.88,3.5,0.0,0.738,58.65,0.677,67.74,2,0,False,No mapped CIP pathway available,Investigate education/training pathways separately,Medium,Moderate,Consider developing Active Listening as a medium-priority skill gap (67.74%). Investigate relevant education or training pathways separately because no mapped CIP pathway is available.
Candidate_037,Retail Sales Associate,Active Listening,3.75,3.75,0.0,0.75,86.44,0.796,79.58,1,0,False,No mapped CIP pathway available,Investigate education/training pathways separately,High,High,Prioritize developing Active Listening. The skill gap has high prescriptive priority (79.58%) and the occupation has high Canadian labour demand (86.44%). Investigate relevant education or training pathways separately because no mapped CIP pathway is available.
Candidate_037,Retail Sales Associate,Speaking,3.75,3.12,0.0,0.687,86.44,0.758,75.8,2,0,False,No mapped CIP pathway available,Investigate education/training pathways separately,High,High,Prioritize developing Speaking. The skill gap has high prescriptive priority (75.80%) and the occupation has high Canadian labour demand (86.44%). Investigate relevant education or training pathways separately because no mapped CIP pathway is available.
Candidate_037,Secondary School Teacher,Speaking,4.0,4.12,0.0,0.812,36.36,0.633,63.26,1,92,True,CIP pathway available,Review mapped CIP education pathways,Medium,Lower,Consider developing Speaking as a medium-priority skill gap (63.26%). Review mapped CIP education pathways for this occupation.
Candidate_037,Secondary School Teacher,Active Listening,4.0,4.0,0.0,0.8,36.36,0.625,62.54,2,92,True,CIP pathway available,Review mapped CIP education pathways,Medium,Lower,Consider developing Active Listening as a medium-priority skill gap (62.54%). Review mapped CIP education pathways for this occupation.
Candidate_037,Software Developer,Active Listening,3.38,3.88,0.0,0.726,22.91,0.527,52.72,1,20,True,CIP pathway available,Review mapped CIP education pathways,Medium,Lower,Consider developing Active Listening as a medium-priority skill gap (52.72%). Review mapped CIP education pathways for this occupation.
Candidate_037,Software Developer,Speaking,3.12,3.62,0.0,0.6739999999999999,22.91,0.496,49.6,2,20,True,CIP pathway available,Review mapped CIP education pathways,Lower,Lower,Consider developing Speaking as an additional skill for the target occupation. Review mapped CIP education pathways for this occupation.
Candidate_038,Administrative Assistant,Active Listening,4.0,3.75,0.0,0.775,43.85,0.64,64.04,1,0,False,No mapped CIP pathway available,Investigate education/training pathways separately,Medium,Moderate,Consider developing Active Listening as a medium-priority skill gap (64.04%). Investigate relevant education or training pathways separately because no mapped CIP pathway is available.
Candidate_038,Administrative Assistant,Speaking,4.0,3.62,0.0,0.762,43.85,0.633,63.26,2,0,False,No mapped CIP pathway available,Investigate education/training pathways separately,Medium,Moderate,Consider developing Speaking as a medium-priority skill gap (63.26%). Investigate relevant education or training pathways separately because no mapped CIP pathway is available.
Candidate_038,Administrative Assistant,Monitoring,3.12,3.25,0.0,0.637,43.85,0.558,55.76,3,0,False,No mapped CIP pathway available,Investigate education/training pathways separately,Medium,Moderate,Consider developing Monitoring as a medium-priority skill gap (55.76%). Investigate relevant education or training pathways separately because no mapped CIP pathway is available.
Candidate_038,Bookkeeper,Active Listening,3.25,3.75,0.0,0.7,29.92,0.54,53.97,1,1,True,CIP pathway available,Review mapped CIP education pathways,Medium,Lower,Consider developing Active Listening as a medium-priority skill gap (53.97%). Review mapped CIP education pathways for this occupation.
Candidate_038,Bookkeeper,Speaking,3.12,3.12,0.0,0.624,29.92,0.494,49.41,2,1,True,CIP pathway available,Review mapped CIP education pathways,Lower,Lower,Consider developing Speaking as an additional skill for the target occupation. Review mapped CIP education pathways for this occupation.
Candidate_038,Bookkeeper,Monitoring,3.0,2.88,0.0,0.588,29.92,0.472,47.25,3,1,True,CIP pathway available,Review mapped CIP education pathways,Lower,Lower,Consider developing Monitoring as an additional skill for the target occupation. Review mapped CIP education pathways for this occupation.
Candidate_038,Continuing Care Assistant,Active Listening,3.62,3.0,0.0,0.6619999999999999,43.96,0.573,57.3,1,0,False,No mapped CIP pathway available,Investigate education/training pathways separately,Medium,Moderate,Consider developing Active Listening as a medium-priority skill gap (57.30%). Investigate relevant education or training pathways separately because no mapped CIP pathway is available.
Candidate_038,Continuing Care Assistant,Monitoring,3.25,3.0,0.0,0.625,43.96,0.551,55.08,2,0,False,No mapped CIP pathway available,Investigate education/training pathways separately,Medium,Moderate,Consider developing Monitoring as a medium-priority skill gap (55.08%). Investigate relevant education or training pathways separately because no mapped CIP pathway is available.
Candidate_038,Continuing Care Assistant,Speaking,3.12,3.0,0.0,0.612,43.96,0.543,54.3,3,0,False,No mapped CIP pathway available,Investigate education/training pathways separately,Medium,Moderate,Consider developing Speaking as a medium-priority skill gap (54.30%). Investigate relevant education or training pathways separately because no mapped CIP pathway is available.
Candidate_038,Delivery Driver,Active Listening,3.12,2.88,0.0,0.6,37.05,0.508,50.82,1,0,False,No mapped CIP pathway available,Investigate education/training pathways separately,Medium,Lower,Consider developing Active Listening as a medium-priority skill gap (50.82%). Investigate relevant education or training pathways separately because no mapped CIP pathway is available.
Candidate_038,Delivery Driver,Speaking,3.12,2.88,0.0,0.6,37.05,0.508,50.82,1,0,False,No mapped CIP pathway available,Investigate education/training pathways separately,Medium,Lower,Consider developing Speaking as a medium-priority skill gap (50.82%). Investigate relevant education or training pathways separately because no mapped CIP pathway is available.
Candidate_038,Delivery Driver,Monitoring,3.12,2.75,0.0,0.587,37.05,0.5,50.04,2,0,False,No mapped CIP pathway available,Investigate education/training pathways separately,Medium,Lower,Consider developing Monitoring as a medium-priority skill gap (50.04%). Investigate relevant education or training pathways separately because no mapped CIP pathway is available.
Candidate_038,"Driver, Truck",Monitoring,3.12,3.0,0.0,0.612,88.8,0.722,72.24,1,0,False,No mapped CIP pathway available,Investigate education/training pathways separately,High,High,Prioritize developing Monitoring. The skill gap has high prescriptive priority (72.24%) and the occupation has high Canadian labour demand (88.80%). Investigate relevant education or training pathways separately because no mapped CIP pathway is available.
Candidate_038,"Driver, Truck",Active Listening,2.88,3.0,0.0,0.588,88.8,0.708,70.8,2,0,False,No mapped CIP pathway available,Investigate education/training pathways separately,High,High,Prioritize developing Active Listening. The skill gap has high prescriptive priority (70.80%) and the occupation has high Canadian labour demand (88.80%). Investigate relevant education or training pathways separately because no mapped CIP pathway is available.
Candidate_038,"Driver, Truck",Speaking,3.0,2.88,0.0,0.588,88.8,0.708,70.8,2,0,False,No mapped CIP pathway available,Investigate education/training pathways separately,High,High,Prioritize developing Speaking. The skill gap has high prescriptive priority (70.80%) and the occupation has high Canadian labour demand (88.80%). Investigate relevant education or training pathways separately because no mapped CIP pathway is available.
Candidate_038,Food Service Supervisor,Monitoring,3.88,4.0,0.0,0.788,68.33,0.746,74.61,1,0,False,No mapped CIP pathway available,Investigate education/training pathways separately,High,Moderate,Prioritize developing Monitoring. The skill gap has high prescriptive priority (74.61%). Investigate relevant education or training pathways separately because no mapped CIP pathway is available.
Candidate_038,Food Service Supervisor,Speaking,3.88,4.0,0.0,0.788,68.33,0.746,74.61,1,0,False,No mapped CIP pathway available,Investigate education/training pathways separately,High,Moderate,Prioritize developing Speaking. The skill gap has high prescriptive priority (74.61%). Investigate relevant education or training pathways separately because no mapped CIP pathway is available.
Candidate_038,Food Service Supervisor,Active Listening,3.75,3.0,0.0,0.675,68.33,0.678,67.83,2,0,False,No mapped CIP pathway available,Investigate education/training pathways separately,Medium,Moderate,Consider developing Active Listening as a medium-priority skill gap (67.83%). Investigate relevant education or training pathways separately because no mapped CIP pathway is available.
Candidate_038,Information Technology (IT) Analyst,Active Listening,4.0,4.12,0.0,0.812,26.64,0.594,59.38,1,22,True,CIP pathway available,Review mapped CIP education pathways,Medium,Lower,Consider developing Active Listening as a medium-priority skill gap (59.38%). Review mapped CIP education pathways for this occupation.
Candidate_038,Information Technology (IT) Analyst,Speaking,4.0,4.0,0.0,0.8,26.64,0.587,58.66,2,22,True,CIP pathway available,Review mapped CIP education pathways,Medium,Lower,Consider developing Speaking as a medium-priority skill gap (58.66%). Review mapped CIP education pathways for this occupation.
Candidate_038,Information Technology (IT) Analyst,Monitoring,3.62,4.0,0.0,0.762,26.64,0.564,56.38,3,22,True,CIP pathway available,Review mapped CIP education pathways,Medium,Lower,Consider developing Monitoring as a medium-priority skill gap (56.38%). Review mapped CIP education pathways for this occupation.
Candidate_038,Inside Sales Representative,Active Listening,3.75,3.75,0.0,0.75,86.44,0.796,79.58,1,0,False,No mapped CIP pathway available,Investigate education/training pathways separately,High,High,Prioritize developing Active Listening. The skill gap has high prescriptive priority (79.58%) and the occupation has high Canadian labour demand (86.44%). Investigate relevant education or training pathways separately because no mapped CIP pathway is available.
Candidate_038,Inside Sales Representative,Speaking,3.75,3.12,0.0,0.687,86.44,0.758,75.8,2,0,False,No mapped CIP pathway available,Investigate education/training pathways separately,High,High,Prioritize developing Speaking. The skill gap has high prescriptive priority (75.80%) and the occupation has high Canadian labour demand (86.44%). Investigate relevant education or training pathways separately because no mapped CIP pathway is available.
Candidate_038,Inside Sales Representative,Monitoring,3.0,3.12,0.0,0.612,86.44,0.713,71.3,3,0,False,No mapped CIP pathway available,Investigate education/training pathways separately,High,High,Prioritize developing Monitoring. The skill gap has high prescriptive priority (71.30%) and the occupation has high Canadian labour demand (86.44%). Investigate relevant education or training pathways separately because no mapped CIP pathway is available.
Candidate_038,Licensed Practical Nurse (L.P.N.),Active Listening,3.88,4.0,0.0,0.788,30.39,0.594,59.44,1,2,True,CIP pathway available,Review mapped CIP education pathways,Medium,Lower,Consider developing Active Listening as a medium-priority skill gap (59.44%). Review mapped CIP education pathways for this occupation.
Candidate_038,Licensed Practical Nurse (L.P.N.),Monitoring,3.88,4.0,0.0,0.788,30.39,0.594,59.44,1,2,True,CIP pathway available,Review mapped CIP education pathways,Medium,Lower,Consider developing Monitoring as a medium-priority skill gap (59.44%). Review mapped CIP education pathways for this occupation.
Candidate_038,Licensed Practical Nurse (L.P.N.),Speaking,3.88,4.0,0.0,0.788,30.39,0.594,59.44,1,2,True,CIP pathway available,Review mapped CIP education pathways,Medium,Lower,Consider developing Speaking as a medium-priority skill gap (59.44%). Review mapped CIP education pathways for this occupation.
Candidate_038,Office Administrator,Active Listening,4.0,4.0,0.0,0.8,52.86,0.691,69.14,1,0,False,No mapped CIP pathway available,Investigate education/training pathways separately,Medium,Moderate,Consider developing Active Listening as a medium-priority skill gap (69.14%). Investigate relevant education or training pathways separately because no mapped CIP pathway is available.
Candidate_038,Office Administrator,Monitoring,4.0,4.0,0.0,0.8,52.86,0.691,69.14,1,0,False,No mapped CIP pathway available,Investigate education/training pathways separately,Medium,Moderate,Consider developing Monitoring as a medium-priority skill gap (69.14%). Investigate relevant education or training pathways separately because no mapped CIP pathway is available.
Candidate_038,Office Administrator,Speaking,4.0,4.0,0.0,0.8,52.86,0.691,69.14,1,0,False,No mapped CIP pathway available,Investigate education/training pathways separately,Medium,Moderate,Consider developing Speaking as a medium-priority skill gap (69.14%). Investigate relevant education or training pathways separately because no mapped CIP pathway is available.
Candidate_038,Office Manager,Monitoring,4.0,4.0,0.0,0.8,52.86,0.691,69.14,1,0,False,No mapped CIP pathway available,Investigate education/training pathways separately,Medium,Moderate,Consider developing Monitoring as a medium-priority skill gap (69.14%). Investigate relevant education or training pathways separately because no mapped CIP pathway is available.
Candidate_038,Office Manager,Speaking,4.0,4.0,0.0,0.8,52.86,0.691,69.14,1,0,False,No mapped CIP pathway available,Investigate education/training pathways separately,Medium,Moderate,Consider developing Speaking as a medium-priority skill gap (69.14%). Investigate relevant education or training pathways separately because no mapped CIP pathway is available.
Candidate_038,Office Manager,Active Listening,4.0,3.88,0.0,0.788,52.86,0.684,68.42,2,0,False,No mapped CIP pathway available,Investigate education/training pathways separately,Medium,Moderate,Consider developing Active Listening as a medium-priority skill gap (68.42%). Investigate relevant education or training pathways separately because no mapped CIP pathway is available.
Candidate_038,Restaurant Manager,Speaking,3.88,4.0,0.0,0.788,58.65,0.707,70.74,1,0,False,No mapped CIP pathway available,Investigate education/training pathways separately,High,Moderate,Prioritize developing Speaking. The skill gap has high prescriptive priority (70.74%). Investigate relevant education or training pathways separately because no mapped CIP pathway is available.
Candidate_038,Restaurant Manager,Monitoring,3.88,3.88,0.0,0.776,58.65,0.7,70.02,2,0,False,No mapped CIP pathway available,Investigate education/training pathways separately,High,Moderate,Prioritize developing Monitoring. The skill gap has high prescriptive priority (70.02%). Investigate relevant education or training pathways separately because no mapped CIP pathway is available.
Candidate_038,Restaurant Manager,Active Listening,3.88,3.5,0.0,0.738,58.65,0.677,67.74,3,0,False,No mapped CIP pathway available,Investigate education/training pathways separately,Medium,Moderate,Consider developing Active Listening as a medium-priority skill gap (67.74%). Investigate relevant education or training pathways separately because no mapped CIP pathway is available.
Candidate_038,Retail Sales Associate,Active Listening,3.75,3.75,0.0,0.75,86.44,0.796,79.58,1,0,False,No mapped CIP pathway available,Investigate education/training pathways separately,High,High,Prioritize developing Active Listening. The skill gap has high prescriptive priority (79.58%) and the occupation has high Canadian labour demand (86.44%). Investigate relevant education or training pathways separately because no mapped CIP pathway is available.
Candidate_038,Retail Sales Associate,Speaking,3.75,3.12,0.0,0.687,86.44,0.758,75.8,2,0,False,No mapped CIP pathway available,Investigate education/training pathways separately,High,High,Prioritize developing Speaking. The skill gap has high prescriptive priority (75.80%) and the occupation has high Canadian labour demand (86.44%). Investigate relevant education or training pathways separately because no mapped CIP pathway is available.
Candidate_038,Retail Sales Associate,Monitoring,3.0,3.12,0.0,0.612,86.44,0.713,71.3,3,0,False,No mapped CIP pathway available,Investigate education/training pathways separately,High,High,Prioritize developing Monitoring. The skill gap has high prescriptive priority (71.30%) and the occupation has high Canadian labour demand (86.44%). Investigate relevant education or training pathways separately because no mapped CIP pathway is available.
Candidate_038,Secondary School Teacher,Speaking,4.0,4.12,0.0,0.812,36.36,0.633,63.26,1,92,True,CIP pathway available,Review mapped CIP education pathways,Medium,Lower,Consider developing Speaking as a medium-priority skill gap (63.26%). Review mapped CIP education pathways for this occupation.
Candidate_038,Secondary School Teacher,Active Listening,4.0,4.0,0.0,0.8,36.36,0.625,62.54,2,92,True,CIP pathway available,Review mapped CIP education pathways,Medium,Lower,Consider developing Active Listening as a medium-priority skill gap (62.54%). Review mapped CIP education pathways for this occupation.
Candidate_038,Secondary School Teacher,Monitoring,3.88,4.0,0.0,0.788,36.36,0.618,61.82,3,92,True,CIP pathway available,Review mapped CIP education pathways,Medium,Lower,Consider developing Monitoring as a medium-priority skill gap (61.82%). Review mapped CIP education pathways for this occupation.
Candidate_038,Software Developer,Active Listening,3.38,3.88,0.0,0.726,22.91,0.527,52.72,1,20,True,CIP pathway available,Review mapped CIP education pathways,Medium,Lower,Consider developing Active Listening as a medium-priority skill gap (52.72%). Review mapped CIP education pathways for this occupation.
Candidate_038,Software Developer,Speaking,3.12,3.62,0.0,0.6739999999999999,22.91,0.496,49.6,2,20,True,CIP pathway available,Review mapped CIP education pathways,Lower,Lower,Consider developing Speaking as an additional skill for the target occupation. Review mapped CIP education pathways for this occupation.
Candidate_038,Software Developer,Monitoring,3.0,3.5,0.0,0.6499999999999999,22.91,0.482,48.16,3,20,True,CIP pathway available,Review mapped CIP education pathways,Lower,Lower,Consider developing Monitoring as an additional skill for the target occupation. Review mapped CIP education pathways for this occupation.
Candidate_040,Administrative Assistant,Active Listening,4.0,3.75,0.0,0.775,43.85,0.64,64.04,1,0,False,No mapped CIP pathway available,Investigate education/training pathways separately,Medium,Moderate,Consider developing Active Listening as a medium-priority skill gap (64.04%). Investigate relevant education or training pathways separately because no mapped CIP pathway is available.
Candidate_040,Administrative Assistant,Speaking,4.0,3.62,0.0,0.762,43.85,0.633,63.26,2,0,False,No mapped CIP pathway available,Investigate education/training pathways separately,Medium,Moderate,Consider developing Speaking as a medium-priority skill gap (63.26%). Investigate relevant education or training pathways separately because no mapped CIP pathway is available.
Candidate_040,Administrative Assistant,Writing,3.75,3.5,0.0,0.725,43.85,0.61,61.04,3,0,False,No mapped CIP pathway available,Investigate education/training pathways separately,Medium,Moderate,Consider developing Writing as a medium-priority skill gap (61.04%). Investigate relevant education or training pathways separately because no mapped CIP pathway is available.
Candidate_040,Bookkeeper,Active Listening,3.25,3.75,0.0,0.7,29.92,0.54,53.97,1,1,True,CIP pathway available,Review mapped CIP education pathways,Medium,Lower,Consider developing Active Listening as a medium-priority skill gap (53.97%). Review mapped CIP education pathways for this occupation.
Candidate_040,Bookkeeper,Speaking,3.12,3.12,0.0,0.624,29.92,0.494,49.41,2,1,True,CIP pathway available,Review mapped CIP education pathways,Lower,Lower,Consider developing Speaking as an additional skill for the target occupation. Review mapped CIP education pathways for this occupation.
Candidate_040,Bookkeeper,Writing,3.12,3.12,0.0,0.624,29.92,0.494,49.41,2,1,True,CIP pathway available,Review mapped CIP education pathways,Lower,Lower,Consider developing Writing as an additional skill for the target occupation. Review mapped CIP education pathways for this occupation.
Candidate_040,Continuing Care Assistant,Active Listening,3.62,3.0,0.0,0.6619999999999999,43.96,0.573,57.3,1,0,False,No mapped CIP pathway available,Investigate education/training pathways separately,Medium,Moderate,Consider developing Active Listening as a medium-priority skill gap (57.30%). Investigate relevant education or training pathways separately because no mapped CIP pathway is available.
Candidate_040,Continuing Care Assistant,Monitoring,3.25,3.0,0.0,0.625,43.96,0.551,55.08,2,0,False,No mapped CIP pathway available,Investigate education/training pathways separately,Medium,Moderate,Consider developing Monitoring as a medium-priority skill gap (55.08%). Investigate relevant education or training pathways separately because no mapped CIP pathway is available.
Candidate_040,Continuing Care Assistant,Speaking,3.12,3.0,0.0,0.612,43.96,0.543,54.3,3,0,False,No mapped CIP pathway available,Investigate education/training pathways separately,Medium,Moderate,Consider developing Speaking as a medium-priority skill gap (54.30%). Investigate relevant education or training pathways separately because no mapped CIP pathway is available.
Candidate_040,Delivery Driver,Active Listening,3.12,2.88,0.0,0.6,37.05,0.508,50.82,1,0,False,No mapped CIP pathway available,Investigate education/training pathways separately,Medium,Lower,Consider developing Active Listening as a medium-priority skill gap (50.82%). Investigate relevant education or training pathways separately because no mapped CIP pathway is available.
Candidate_040,Delivery Driver,Speaking,3.12,2.88,0.0,0.6,37.05,0.508,50.82,1,0,False,No mapped CIP pathway available,Investigate education/training pathways separately,Medium,Lower,Consider developing Speaking as a medium-priority skill gap (50.82%). Investigate relevant education or training pathways separately because no mapped CIP pathway is available.
Candidate_040,Delivery Driver,Monitoring,3.12,2.75,0.0,0.587,37.05,0.5,50.04,2,0,False,No mapped CIP pathway available,Investigate education/training pathways separately,Medium,Lower,Consider developing Monitoring as a medium-priority skill gap (50.04%). Investigate relevant education or training pathways separately because no mapped CIP pathway is available.
Candidate_040,"Driver, Truck",Monitoring,3.12,3.0,0.0,0.612,88.8,0.722,72.24,1,0,False,No mapped CIP pathway available,Investigate education/training pathways separately,High,High,Prioritize developing Monitoring. The skill gap has high prescriptive priority (72.24%) and the occupation has high Canadian labour demand (88.80%). Investigate relevant education or training pathways separately because no mapped CIP pathway is available.
Candidate_040,"Driver, Truck",Active Listening,2.88,3.0,0.0,0.588,88.8,0.708,70.8,2,0,False,No mapped CIP pathway available,Investigate education/training pathways separately,High,High,Prioritize developing Active Listening. The skill gap has high prescriptive priority (70.80%) and the occupation has high Canadian labour demand (88.80%). Investigate relevant education or training pathways separately because no mapped CIP pathway is available.
Candidate_040,"Driver, Truck",Speaking,3.0,2.88,0.0,0.588,88.8,0.708,70.8,2,0,False,No mapped CIP pathway available,Investigate education/training pathways separately,High,High,Prioritize developing Speaking. The skill gap has high prescriptive priority (70.80%) and the occupation has high Canadian labour demand (88.80%). Investigate relevant education or training pathways separately because no mapped CIP pathway is available.
Candidate_040,Food Service Supervisor,Monitoring,3.88,4.0,0.0,0.788,68.33,0.746,74.61,1,0,False,No mapped CIP pathway available,Investigate education/training pathways separately,High,Moderate,Prioritize developing Monitoring. The skill gap has high prescriptive priority (74.61%). Investigate relevant education or training pathways separately because no mapped CIP pathway is available.
Candidate_040,Food Service Supervisor,Speaking,3.88,4.0,0.0,0.788,68.33,0.746,74.61,1,0,False,No mapped CIP pathway available,Investigate education/training pathways separately,High,Moderate,Prioritize developing Speaking. The skill gap has high prescriptive priority (74.61%). Investigate relevant education or training pathways separately because no mapped CIP pathway is available.
Candidate_040,Food Service Supervisor,Active Listening,3.75,3.0,0.0,0.675,68.33,0.678,67.83,2,0,False,No mapped CIP pathway available,Investigate education/training pathways separately,Medium,Moderate,Consider developing Active Listening as a medium-priority skill gap (67.83%). Investigate relevant education or training pathways separately because no mapped CIP pathway is available.
Candidate_040,Information Technology (IT) Analyst,Active Listening,4.0,4.12,0.0,0.812,26.64,0.594,59.38,1,22,True,CIP pathway available,Review mapped CIP education pathways,Medium,Lower,Consider developing Active Listening as a medium-priority skill gap (59.38%). Review mapped CIP education pathways for this occupation.
Candidate_040,Information Technology (IT) Analyst,Speaking,4.0,4.0,0.0,0.8,26.64,0.587,58.66,2,22,True,CIP pathway available,Review mapped CIP education pathways,Medium,Lower,Consider developing Speaking as a medium-priority skill gap (58.66%). Review mapped CIP education pathways for this occupation.
Candidate_040,Information Technology (IT) Analyst,Writing,4.0,4.0,0.0,0.8,26.64,0.587,58.66,2,22,True,CIP pathway available,Review mapped CIP education pathways,Medium,Lower,Consider developing Writing as a medium-priority skill gap (58.66%). Review mapped CIP education pathways for this occupation.
Candidate_040,Inside Sales Representative,Active Listening,3.75,3.75,0.0,0.75,86.44,0.796,79.58,1,0,False,No mapped CIP pathway available,Investigate education/training pathways separately,High,High,Prioritize developing Active Listening. The skill gap has high prescriptive priority (79.58%) and the occupation has high Canadian labour demand (86.44%). Investigate relevant education or training pathways separately because no mapped CIP pathway is available.
Candidate_040,Inside Sales Representative,Speaking,3.75,3.12,0.0,0.687,86.44,0.758,75.8,2,0,False,No mapped CIP pathway available,Investigate education/training pathways separately,High,High,Prioritize developing Speaking. The skill gap has high prescriptive priority (75.80%) and the occupation has high Canadian labour demand (86.44%). Investigate relevant education or training pathways separately because no mapped CIP pathway is available.
Candidate_040,Inside Sales Representative,Monitoring,3.0,3.12,0.0,0.612,86.44,0.713,71.3,3,0,False,No mapped CIP pathway available,Investigate education/training pathways separately,High,High,Prioritize developing Monitoring. The skill gap has high prescriptive priority (71.30%) and the occupation has high Canadian labour demand (86.44%). Investigate relevant education or training pathways separately because no mapped CIP pathway is available.
Candidate_040,Licensed Practical Nurse (L.P.N.),Active Listening,3.88,4.0,0.0,0.788,30.39,0.594,59.44,1,2,True,CIP pathway available,Review mapped CIP education pathways,Medium,Lower,Consider developing Active Listening as a medium-priority skill gap (59.44%). Review mapped CIP education pathways for this occupation.
Candidate_040,Licensed Practical Nurse (L.P.N.),Monitoring,3.88,4.0,0.0,0.788,30.39,0.594,59.44,1,2,True,CIP pathway available,Review mapped CIP education pathways,Medium,Lower,Consider developing Monitoring as a medium-priority skill gap (59.44%). Review mapped CIP education pathways for this occupation.
Candidate_040,Licensed Practical Nurse (L.P.N.),Speaking,3.88,4.0,0.0,0.788,30.39,0.594,59.44,1,2,True,CIP pathway available,Review mapped CIP education pathways,Medium,Lower,Consider developing Speaking as a medium-priority skill gap (59.44%). Review mapped CIP education pathways for this occupation.
Candidate_040,Office Administrator,Active Listening,4.0,4.0,0.0,0.8,52.86,0.691,69.14,1,0,False,No mapped CIP pathway available,Investigate education/training pathways separately,Medium,Moderate,Consider developing Active Listening as a medium-priority skill gap (69.14%). Investigate relevant education or training pathways separately because no mapped CIP pathway is available.
Candidate_040,Office Administrator,Monitoring,4.0,4.0,0.0,0.8,52.86,0.691,69.14,1,0,False,No mapped CIP pathway available,Investigate education/training pathways separately,Medium,Moderate,Consider developing Monitoring as a medium-priority skill gap (69.14%). Investigate relevant education or training pathways separately because no mapped CIP pathway is available.
Candidate_040,Office Administrator,Speaking,4.0,4.0,0.0,0.8,52.86,0.691,69.14,1,0,False,No mapped CIP pathway available,Investigate education/training pathways separately,Medium,Moderate,Consider developing Speaking as a medium-priority skill gap (69.14%). Investigate relevant education or training pathways separately because no mapped CIP pathway is available.
Candidate_040,Office Manager,Monitoring,4.0,4.0,0.0,0.8,52.86,0.691,69.14,1,0,False,No mapped CIP pathway available,Investigate education/training pathways separately,Medium,Moderate,Consider developing Monitoring as a medium-priority skill gap (69.14%). Investigate relevant education or training pathways separately because no mapped CIP pathway is available.
Candidate_040,Office Manager,Speaking,4.0,4.0,0.0,0.8,52.86,0.691,69.14,1,0,False,No mapped CIP pathway available,Investigate education/training pathways separately,Medium,Moderate,Consider developing Speaking as a medium-priority skill gap (69.14%). Investigate relevant education or training pathways separately because no mapped CIP pathway is available.
Candidate_040,Office Manager,Active Listening,4.0,3.88,0.0,0.788,52.86,0.684,68.42,2,0,False,No mapped CIP pathway available,Investigate education/training pathways separately,Medium,Moderate,Consider developing Active Listening as a medium-priority skill gap (68.42%). Investigate relevant education or training pathways separately because no mapped CIP pathway is available.
Candidate_040,Restaurant Manager,Speaking,3.88,4.0,0.0,0.788,58.65,0.707,70.74,1,0,False,No mapped CIP pathway available,Investigate education/training pathways separately,High,Moderate,Prioritize developing Speaking. The skill gap has high prescriptive priority (70.74%). Investigate relevant education or training pathways separately because no mapped CIP pathway is available.
Candidate_040,Restaurant Manager,Monitoring,3.88,3.88,0.0,0.776,58.65,0.7,70.02,2,0,False,No mapped CIP pathway available,Investigate education/training pathways separately,High,Moderate,Prioritize developing Monitoring. The skill gap has high prescriptive priority (70.02%). Investigate relevant education or training pathways separately because no mapped CIP pathway is available.
Candidate_040,Restaurant Manager,Active Listening,3.88,3.5,0.0,0.738,58.65,0.677,67.74,3,0,False,No mapped CIP pathway available,Investigate education/training pathways separately,Medium,Moderate,Consider developing Active Listening as a medium-priority skill gap (67.74%). Investigate relevant education or training pathways separately because no mapped CIP pathway is available.
Candidate_040,Retail Sales Associate,Active Listening,3.75,3.75,0.0,0.75,86.44,0.796,79.58,1,0,False,No mapped CIP pathway available,Investigate education/training pathways separately,High,High,Prioritize developing Active Listening. The skill gap has high prescriptive priority (79.58%) and the occupation has high Canadian labour demand (86.44%). Investigate relevant education or training pathways separately because no mapped CIP pathway is available.
Candidate_040,Retail Sales Associate,Speaking,3.75,3.12,0.0,0.687,86.44,0.758,75.8,2,0,False,No mapped CIP pathway available,Investigate education/training pathways separately,High,High,Prioritize developing Speaking. The skill gap has high prescriptive priority (75.80%) and the occupation has high Canadian labour demand (86.44%). Investigate relevant education or training pathways separately because no mapped CIP pathway is available.
Candidate_040,Retail Sales Associate,Monitoring,3.0,3.12,0.0,0.612,86.44,0.713,71.3,3,0,False,No mapped CIP pathway available,Investigate education/training pathways separately,High,High,Prioritize developing Monitoring. The skill gap has high prescriptive priority (71.30%) and the occupation has high Canadian labour demand (86.44%). Investigate relevant education or training pathways separately because no mapped CIP pathway is available.
Candidate_040,Secondary School Teacher,Speaking,4.0,4.12,0.0,0.812,36.36,0.633,63.26,1,92,True,CIP pathway available,Review mapped CIP education pathways,Medium,Lower,Consider developing Speaking as a medium-priority skill gap (63.26%). Review mapped CIP education pathways for this occupation.
Candidate_040,Secondary School Teacher,Active Listening,4.0,4.0,0.0,0.8,36.36,0.625,62.54,2,92,True,CIP pathway available,Review mapped CIP education pathways,Medium,Lower,Consider developing Active Listening as a medium-priority skill gap (62.54%). Review mapped CIP education pathways for this occupation.
Candidate_040,Secondary School Teacher,Monitoring,3.88,4.0,0.0,0.788,36.36,0.618,61.82,3,92,True,CIP pathway available,Review mapped CIP education pathways,Medium,Lower,Consider developing Monitoring as a medium-priority skill gap (61.82%). Review mapped CIP education pathways for this occupation.
Candidate_040,Software Developer,Active Listening,3.38,3.88,0.0,0.726,22.91,0.527,52.72,1,20,True,CIP pathway available,Review mapped CIP education pathways,Medium,Lower,Consider developing Active Listening as a medium-priority skill gap (52.72%). Review mapped CIP education pathways for this occupation.
Candidate_040,Software Developer,Writing,3.25,3.62,0.0,0.687,22.91,0.504,50.38,2,20,True,CIP pathway available,Review mapped CIP education pathways,Medium,Lower,Consider developing Writing as a medium-priority skill gap (50.38%). Review mapped CIP education pathways for this occupation.
Candidate_040,Software Developer,Speaking,3.12,3.62,0.0,0.6739999999999999,22.91,0.496,49.6,3,20,True,CIP pathway available,Review mapped CIP education pathways,Lower,Lower,Consider developing Speaking as an additional skill for the target occupation. Review mapped CIP education pathways for this occupation.
Candidate_041,Administrative Assistant,Active Listening,4.0,3.75,0.0,0.775,43.85,0.64,64.04,1,0,False,No mapped CIP pathway available,Investigate education/training pathways separately,Medium,Moderate,Consider developing Active Listening as a medium-priority skill gap (64.04%). Investigate relevant education or training pathways separately because no mapped CIP pathway is available.
Candidate_041,Administrative Assistant,Speaking,4.0,3.62,0.0,0.762,43.85,0.633,63.26,2,0,False,No mapped CIP pathway available,Investigate education/training pathways separately,Medium,Moderate,Consider developing Speaking as a medium-priority skill gap (63.26%). Investigate relevant education or training pathways separately because no mapped CIP pathway is available.
Candidate_041,Administrative Assistant,Science,1.0,0.0,0.0,0.1,43.85,0.235,23.54,3,0,False,No mapped CIP pathway available,Investigate education/training pathways separately,Lower,Moderate,Consider developing Science as an additional skill for the target occupation. Investigate relevant education or training pathways separately because no mapped CIP pathway is available.
Candidate_041,Bookkeeper,Active Listening,3.25,3.75,0.0,0.7,29.92,0.54,53.97,1,1,True,CIP pathway available,Review mapped CIP education pathways,Medium,Lower,Consider developing Active Listening as a medium-priority skill gap (53.97%). Review mapped CIP education pathways for this occupation.
Candidate_041,Bookkeeper,Speaking,3.12,3.12,0.0,0.624,29.92,0.494,49.41,2,1,True,CIP pathway available,Review mapped CIP education pathways,Lower,Lower,Consider developing Speaking as an additional skill for the target occupation. Review mapped CIP education pathways for this occupation.
Candidate_041,Bookkeeper,Science,1.12,0.12,0.0,0.12400000000000001,29.92,0.194,19.41,3,1,True,CIP pathway available,Review mapped CIP education pathways,Lower,Lower,Consider developing Science as an additional skill for the target occupation. Review mapped CIP education pathways for this occupation.
Candidate_041,Continuing Care Assistant,Active Listening,3.62,3.0,0.0,0.6619999999999999,43.96,0.573,57.3,1,0,False,No mapped CIP pathway available,Investigate education/training pathways separately,Medium,Moderate,Consider developing Active Listening as a medium-priority skill gap (57.30%). Investigate relevant education or training pathways separately because no mapped CIP pathway is available.
Candidate_041,Continuing Care Assistant,Speaking,3.12,3.0,0.0,0.612,43.96,0.543,54.3,2,0,False,No mapped CIP pathway available,Investigate education/training pathways separately,Medium,Moderate,Consider developing Speaking as a medium-priority skill gap (54.30%). Investigate relevant education or training pathways separately because no mapped CIP pathway is available.
Candidate_041,Continuing Care Assistant,Science,1.75,0.88,0.0,0.263,43.96,0.334,33.36,3,0,False,No mapped CIP pathway available,Investigate education/training pathways separately,Lower,Moderate,Consider developing Science as an additional skill for the target occupation. Investigate relevant education or training pathways separately because no mapped CIP pathway is available.
Candidate_041,Delivery Driver,Active Listening,3.12,2.88,0.0,0.6,37.05,0.508,50.82,1,0,False,No mapped CIP pathway available,Investigate education/training pathways separately,Medium,Lower,Consider developing Active Listening as a medium-priority skill gap (50.82%). Investigate relevant education or training pathways separately because no mapped CIP pathway is available.
Candidate_041,Delivery Driver,Speaking,3.12,2.88,0.0,0.6,37.05,0.508,50.82,1,0,False,No mapped CIP pathway available,Investigate education/training pathways separately,Medium,Lower,Consider developing Speaking as a medium-priority skill gap (50.82%). Investigate relevant education or training pathways separately because no mapped CIP pathway is available.
Candidate_041,Delivery Driver,Science,1.12,0.12,0.0,0.12400000000000001,37.05,0.223,22.26,2,0,False,No mapped CIP pathway available,Investigate education/training pathways separately,Lower,Lower,Consider developing Science as an additional skill for the target occupation. Investigate relevant education or training pathways separately because no mapped CIP pathway is available.
Candidate_041,"Driver, Truck",Active Listening,2.88,3.0,0.0,0.588,88.8,0.708,70.8,1,1,True,CIP pathway available,Review mapped CIP education pathways,High,High,Prioritize developing Active Listening. The skill gap has high prescriptive priority (70.80%) and the occupation has high Canadian labour demand (88.80%). Review mapped CIP education pathways for this occupation.
Candidate_041,"Driver, Truck",Speaking,3.0,2.88,0.0,0.588,88.8,0.708,70.8,1,1,True,CIP pathway available,Review mapped CIP education pathways,High,High,Prioritize developing Speaking. The skill gap has high prescriptive priority (70.80%) and the occupation has high Canadian labour demand (88.80%). Review mapped CIP education pathways for this occupation.
Candidate_041,"Driver, Truck",Science,1.0,0.0,0.0,0.1,88.8,0.415,41.52,2,1,True,CIP pathway available,Review mapped CIP education pathways,Lower,High,Consider developing Science because the target occupation shows high Canadian labour demand (88.80%). Review mapped CIP education pathways for this occupation.
Candidate_041,Food Service Supervisor,Speaking,3.88,4.0,0.0,0.788,68.33,0.746,74.61,1,0,False,No mapped CIP pathway available,Investigate education/training pathways separately,High,Moderate,Prioritize developing Speaking. The skill gap has high prescriptive priority (74.61%). Investigate relevant education or training pathways separately because no mapped CIP pathway is available.
Candidate_041,Food Service Supervisor,Active Listening,3.75,3.0,0.0,0.675,68.33,0.678,67.83,2,0,False,No mapped CIP pathway available,Investigate education/training pathways separately,Medium,Moderate,Consider developing Active Listening as a medium-priority skill gap (67.83%). Investigate relevant education or training pathways separately because no mapped CIP pathway is available.
Candidate_041,Food Service Supervisor,Science,1.0,0.0,0.0,0.1,68.33,0.333,33.33,3,0,False,No mapped CIP pathway available,Investigate education/training pathways separately,Lower,Moderate,Consider developing Science as an additional skill for the target occupation. Investigate relevant education or training pathways separately because no mapped CIP pathway is available.
Candidate_041,Information Technology (IT) Analyst,Active Listening,4.0,4.12,0.0,0.812,26.64,0.594,59.38,1,0,False,No mapped CIP pathway available,Investigate education/training pathways separately,Medium,Lower,Consider developing Active Listening as a medium-priority skill gap (59.38%). Investigate relevant education or training pathways separately because no mapped CIP pathway is available.
Candidate_041,Information Technology (IT) Analyst,Speaking,4.0,4.0,0.0,0.8,26.64,0.587,58.66,2,0,False,No mapped CIP pathway available,Investigate education/training pathways separately,Medium,Lower,Consider developing Speaking as a medium-priority skill gap (58.66%). Investigate relevant education or training pathways separately because no mapped CIP pathway is available.
Candidate_041,Information Technology (IT) Analyst,Science,2.75,3.12,0.0,0.587,26.64,0.459,45.88,3,0,False,No mapped CIP pathway available,Investigate education/training pathways separately,Lower,Lower,Consider developing Science as an additional skill for the target occupation. Investigate relevant education or training pathways separately because no mapped CIP pathway is available.
Candidate_041,Inside Sales Representative,Active Listening,3.75,3.75,0.0,0.75,86.44,0.796,79.58,1,0,False,No mapped CIP pathway available,Investigate education/training pathways separately,High,High,Prioritize developing Active Listening. The skill gap has high prescriptive priority (79.58%) and the occupation has high Canadian labour demand (86.44%). Investigate relevant education or training pathways separately because no mapped CIP pathway is available.
Candidate_041,Inside Sales Representative,Speaking,3.75,3.12,0.0,0.687,86.44,0.758,75.8,2,0,False,No mapped CIP pathway available,Investigate education/training pathways separately,High,High,Prioritize developing Speaking. The skill gap has high prescriptive priority (75.80%) and the occupation has high Canadian labour demand (86.44%). Investigate relevant education or training pathways separately because no mapped CIP pathway is available.
Candidate_041,Inside Sales Representative,Science,1.0,0.0,0.0,0.1,86.44,0.406,40.58,3,0,False,No mapped CIP pathway available,Investigate education/training pathways separately,Lower,High,Consider developing Science because the target occupation shows high Canadian labour demand (86.44%). Investigate relevant education or training pathways separately because no mapped CIP pathway is available.
Candidate_041,Licensed Practical Nurse (L.P.N.),Active Listening,3.88,4.0,0.0,0.788,30.39,0.594,59.44,1,0,False,No mapped CIP pathway available,Investigate education/training pathways separately,Medium,Lower,Consider developing Active Listening as a medium-priority skill gap (59.44%). Investigate relevant education or training pathways separately because no mapped CIP pathway is available.
Candidate_041,Licensed Practical Nurse (L.P.N.),Speaking,3.88,4.0,0.0,0.788,30.39,0.594,59.44,1,0,False,No mapped CIP pathway available,Investigate education/training pathways separately,Medium,Lower,Consider developing Speaking as a medium-priority skill gap (59.44%). Investigate relevant education or training pathways separately because no mapped CIP pathway is available.
Candidate_041,Licensed Practical Nurse (L.P.N.),Science,2.62,2.62,0.0,0.524,30.39,0.436,43.6,2,0,False,No mapped CIP pathway available,Investigate education/training pathways separately,Lower,Lower,Consider developing Science as an additional skill for the target occupation. Investigate relevant education or training pathways separately because no mapped CIP pathway is available.
Candidate_041,Office Administrator,Active Listening,4.0,4.0,0.0,0.8,52.86,0.691,69.14,1,13,True,CIP pathway available,Review mapped CIP education pathways,Medium,Moderate,Consider developing Active Listening as a medium-priority skill gap (69.14%). Review mapped CIP education pathways for this occupation.
Candidate_041,Office Administrator,Speaking,4.0,4.0,0.0,0.8,52.86,0.691,69.14,1,13,True,CIP pathway available,Review mapped CIP education pathways,Medium,Moderate,Consider developing Speaking as a medium-priority skill gap (69.14%). Review mapped CIP education pathways for this occupation.
Candidate_041,Office Administrator,Science,1.38,0.38,0.0,0.176,52.86,0.317,31.7,2,13,True,CIP pathway available,Review mapped CIP education pathways,Lower,Moderate,Consider developing Science as an additional skill for the target occupation. Review mapped CIP education pathways for this occupation.
Candidate_041,Office Manager,Speaking,4.0,4.0,0.0,0.8,52.86,0.691,69.14,1,13,True,CIP pathway available,Review mapped CIP education pathways,Medium,Moderate,Consider developing Speaking as a medium-priority skill gap (69.14%). Review mapped CIP education pathways for this occupation.
Candidate_041,Office Manager,Active Listening,4.0,3.88,0.0,0.788,52.86,0.684,68.42,2,13,True,CIP pathway available,Review mapped CIP education pathways,Medium,Moderate,Consider developing Active Listening as a medium-priority skill gap (68.42%). Review mapped CIP education pathways for this occupation.
Candidate_041,Office Manager,Science,1.0,0.0,0.0,0.1,52.86,0.271,27.14,3,13,True,CIP pathway available,Review mapped CIP education pathways,Lower,Moderate,Consider developing Science as an additional skill for the target occupation. Review mapped CIP education pathways for this occupation.
Candidate_041,Restaurant Manager,Speaking,3.88,4.0,0.0,0.788,58.65,0.707,70.74,1,0,False,No mapped CIP pathway available,Investigate education/training pathways separately,High,Moderate,Prioritize developing Speaking. The skill gap has high prescriptive priority (70.74%). Investigate relevant education or training pathways separately because no mapped CIP pathway is available.
Candidate_041,Restaurant Manager,Active Listening,3.88,3.5,0.0,0.738,58.65,0.677,67.74,2,0,False,No mapped CIP pathway available,Investigate education/training pathways separately,Medium,Moderate,Consider developing Active Listening as a medium-priority skill gap (67.74%). Investigate relevant education or training pathways separately because no mapped CIP pathway is available.
Candidate_041,Restaurant Manager,Science,1.62,0.62,0.0,0.224,58.65,0.369,36.9,3,0,False,No mapped CIP pathway available,Investigate education/training pathways separately,Lower,Moderate,Consider developing Science as an additional skill for the target occupation. Investigate relevant education or training pathways separately because no mapped CIP pathway is available.
Candidate_041,Retail Sales Associate,Active Listening,3.75,3.75,0.0,0.75,86.44,0.796,79.58,1,0,False,No mapped CIP pathway available,Investigate education/training pathways separately,High,High,Prioritize developing Active Listening. The skill gap has high prescriptive priority (79.58%) and the occupation has high Canadian labour demand (86.44%). Investigate relevant education or training pathways separately because no mapped CIP pathway is available.
Candidate_041,Retail Sales Associate,Speaking,3.75,3.12,0.0,0.687,86.44,0.758,75.8,2,0,False,No mapped CIP pathway available,Investigate education/training pathways separately,High,High,Prioritize developing Speaking. The skill gap has high prescriptive priority (75.80%) and the occupation has high Canadian labour demand (86.44%). Investigate relevant education or training pathways separately because no mapped CIP pathway is available.
Candidate_041,Retail Sales Associate,Science,1.0,0.0,0.0,0.1,86.44,0.406,40.58,3,0,False,No mapped CIP pathway available,Investigate education/training pathways separately,Lower,High,Consider developing Science because the target occupation shows high Canadian labour demand (86.44%). Investigate relevant education or training pathways separately because no mapped CIP pathway is available.
Candidate_041,Secondary School Teacher,Speaking,4.0,4.12,0.0,0.812,36.36,0.633,63.26,1,0,False,No mapped CIP pathway available,Investigate education/training pathways separately,Medium,Lower,Consider developing Speaking as a medium-priority skill gap (63.26%). Investigate relevant education or training pathways separately because no mapped CIP pathway is available.
Candidate_041,Secondary School Teacher,Active Listening,4.0,4.0,0.0,0.8,36.36,0.625,62.54,2,0,False,No mapped CIP pathway available,Investigate education/training pathways separately,Medium,Lower,Consider developing Active Listening as a medium-priority skill gap (62.54%). Investigate relevant education or training pathways separately because no mapped CIP pathway is available.
Candidate_041,Secondary School Teacher,Science,2.0,1.88,0.0,0.388,36.36,0.378,37.82,3,0,False,No mapped CIP pathway available,Investigate education/training pathways separately,Lower,Lower,Consider developing Science as an additional skill for the target occupation. Investigate relevant education or training pathways separately because no mapped CIP pathway is available.
Candidate_041,Software Developer,Active Listening,3.38,3.88,0.0,0.726,22.91,0.527,52.72,1,20,True,CIP pathway available,Review mapped CIP education pathways,Medium,Lower,Consider developing Active Listening as a medium-priority skill gap (52.72%). Review mapped CIP education pathways for this occupation.
Candidate_041,Software Developer,Speaking,3.12,3.62,0.0,0.6739999999999999,22.91,0.496,49.6,2,20,True,CIP pathway available,Review mapped CIP education pathways,Lower,Lower,Consider developing Speaking as an additional skill for the target occupation. Review mapped CIP education pathways for this occupation.
Candidate_041,Software Developer,Science,2.12,1.88,0.0,0.4,22.91,0.332,33.16,3,20,True,CIP pathway available,Review mapped CIP education pathways,Lower,Lower,Consider developing Science as an additional skill for the target occupation. Review mapped CIP education pathways for this occupation.
Candidate_042,Administrative Assistant,Active Listening,4.0,3.75,0.0,0.775,43.85,0.64,64.04,1,0,False,No mapped CIP pathway available,Investigate education/training pathways separately,Medium,Moderate,Consider developing Active Listening as a medium-priority skill gap (64.04%). Investigate relevant education or training pathways separately because no mapped CIP pathway is available.
Candidate_042,Administrative Assistant,Speaking,4.0,3.62,0.0,0.762,43.85,0.633,63.26,2,0,False,No mapped CIP pathway available,Investigate education/training pathways separately,Medium,Moderate,Consider developing Speaking as a medium-priority skill gap (63.26%). Investigate relevant education or training pathways separately because no mapped CIP pathway is available.
Candidate_042,Administrative Assistant,Writing,3.75,3.5,0.0,0.725,43.85,0.61,61.04,3,0,False,No mapped CIP pathway available,Investigate education/training pathways separately,Medium,Moderate,Consider developing Writing as a medium-priority skill gap (61.04%). Investigate relevant education or training pathways separately because no mapped CIP pathway is available.
Candidate_042,Bookkeeper,Active Listening,3.25,3.75,0.0,0.7,29.92,0.54,53.97,1,1,True,CIP pathway available,Review mapped CIP education pathways,Medium,Lower,Consider developing Active Listening as a medium-priority skill gap (53.97%). Review mapped CIP education pathways for this occupation.
Candidate_042,Bookkeeper,Speaking,3.12,3.12,0.0,0.624,29.92,0.494,49.41,2,1,True,CIP pathway available,Review mapped CIP education pathways,Lower,Lower,Consider developing Speaking as an additional skill for the target occupation. Review mapped CIP education pathways for this occupation.
Candidate_042,Bookkeeper,Writing,3.12,3.12,0.0,0.624,29.92,0.494,49.41,2,1,True,CIP pathway available,Review mapped CIP education pathways,Lower,Lower,Consider developing Writing as an additional skill for the target occupation. Review mapped CIP education pathways for this occupation.
Candidate_042,Continuing Care Assistant,Active Listening,3.62,3.0,0.0,0.6619999999999999,43.96,0.573,57.3,1,0,False,No mapped CIP pathway available,Investigate education/training pathways separately,Medium,Moderate,Consider developing Active Listening as a medium-priority skill gap (57.30%). Investigate relevant education or training pathways separately because no mapped CIP pathway is available.
Candidate_042,Continuing Care Assistant,Monitoring,3.25,3.0,0.0,0.625,43.96,0.551,55.08,2,0,False,No mapped CIP pathway available,Investigate education/training pathways separately,Medium,Moderate,Consider developing Monitoring as a medium-priority skill gap (55.08%). Investigate relevant education or training pathways separately because no mapped CIP pathway is available.
Candidate_042,Continuing Care Assistant,Speaking,3.12,3.0,0.0,0.612,43.96,0.543,54.3,3,0,False,No mapped CIP pathway available,Investigate education/training pathways separately,Medium,Moderate,Consider developing Speaking as a medium-priority skill gap (54.30%). Investigate relevant education or training pathways separately because no mapped CIP pathway is available.
Candidate_042,Delivery Driver,Active Listening,3.12,2.88,0.0,0.6,37.05,0.508,50.82,1,0,False,No mapped CIP pathway available,Investigate education/training pathways separately,Medium,Lower,Consider developing Active Listening as a medium-priority skill gap (50.82%). Investigate relevant education or training pathways separately because no mapped CIP pathway is available.
Candidate_042,Delivery Driver,Speaking,3.12,2.88,0.0,0.6,37.05,0.508,50.82,1,0,False,No mapped CIP pathway available,Investigate education/training pathways separately,Medium,Lower,Consider developing Speaking as a medium-priority skill gap (50.82%). Investigate relevant education or training pathways separately because no mapped CIP pathway is available.
Candidate_042,Delivery Driver,Monitoring,3.12,2.75,0.0,0.587,37.05,0.5,50.04,2,0,False,No mapped CIP pathway available,Investigate education/training pathways separately,Medium,Lower,Consider developing Monitoring as a medium-priority skill gap (50.04%). Investigate relevant education or training pathways separately because no mapped CIP pathway is available.
Candidate_042,"Driver, Truck",Monitoring,3.12,3.0,0.0,0.612,88.8,0.722,72.24,1,0,False,No mapped CIP pathway available,Investigate education/training pathways separately,High,High,Prioritize developing Monitoring. The skill gap has high prescriptive priority (72.24%) and the occupation has high Canadian labour demand (88.80%). Investigate relevant education or training pathways separately because no mapped CIP pathway is available.
Candidate_042,"Driver, Truck",Active Listening,2.88,3.0,0.0,0.588,88.8,0.708,70.8,2,0,False,No mapped CIP pathway available,Investigate education/training pathways separately,High,High,Prioritize developing Active Listening. The skill gap has high prescriptive priority (70.80%) and the occupation has high Canadian labour demand (88.80%). Investigate relevant education or training pathways separately because no mapped CIP pathway is available.
Candidate_042,"Driver, Truck",Speaking,3.0,2.88,0.0,0.588,88.8,0.708,70.8,2,0,False,No mapped CIP pathway available,Investigate education/training pathways separately,High,High,Prioritize developing Speaking. The skill gap has high prescriptive priority (70.80%) and the occupation has high Canadian labour demand (88.80%). Investigate relevant education or training pathways separately because no mapped CIP pathway is available.
Candidate_042,Food Service Supervisor,Monitoring,3.88,4.0,0.0,0.788,68.33,0.746,74.61,1,0,False,No mapped CIP pathway available,Investigate education/training pathways separately,High,Moderate,Prioritize developing Monitoring. The skill gap has high prescriptive priority (74.61%). Investigate relevant education or training pathways separately because no mapped CIP pathway is available.
Candidate_042,Food Service Supervisor,Speaking,3.88,4.0,0.0,0.788,68.33,0.746,74.61,1,0,False,No mapped CIP pathway available,Investigate education/training pathways separately,High,Moderate,Prioritize developing Speaking. The skill gap has high prescriptive priority (74.61%). Investigate relevant education or training pathways separately because no mapped CIP pathway is available.
Candidate_042,Food Service Supervisor,Active Listening,3.75,3.0,0.0,0.675,68.33,0.678,67.83,2,0,False,No mapped CIP pathway available,Investigate education/training pathways separately,Medium,Moderate,Consider developing Active Listening as a medium-priority skill gap (67.83%). Investigate relevant education or training pathways separately because no mapped CIP pathway is available.
Candidate_042,Information Technology (IT) Analyst,Active Listening,4.0,4.12,0.0,0.812,26.64,0.594,59.38,1,22,True,CIP pathway available,Review mapped CIP education pathways,Medium,Lower,Consider developing Active Listening as a medium-priority skill gap (59.38%). Review mapped CIP education pathways for this occupation.
Candidate_042,Information Technology (IT) Analyst,Speaking,4.0,4.0,0.0,0.8,26.64,0.587,58.66,2,22,True,CIP pathway available,Review mapped CIP education pathways,Medium,Lower,Consider developing Speaking as a medium-priority skill gap (58.66%). Review mapped CIP education pathways for this occupation.
Candidate_042,Information Technology (IT) Analyst,Writing,4.0,4.0,0.0,0.8,26.64,0.587,58.66,2,22,True,CIP pathway available,Review mapped CIP education pathways,Medium,Lower,Consider developing Writing as a medium-priority skill gap (58.66%). Review mapped CIP education pathways for this occupation.
Candidate_042,Inside Sales Representative,Active Listening,3.75,3.75,0.0,0.75,86.44,0.796,79.58,1,0,False,No mapped CIP pathway available,Investigate education/training pathways separately,High,High,Prioritize developing Active Listening. The skill gap has high prescriptive priority (79.58%) and the occupation has high Canadian labour demand (86.44%). Investigate relevant education or training pathways separately because no mapped CIP pathway is available.
Candidate_042,Inside Sales Representative,Speaking,3.75,3.12,0.0,0.687,86.44,0.758,75.8,2,0,False,No mapped CIP pathway available,Investigate education/training pathways separately,High,High,Prioritize developing Speaking. The skill gap has high prescriptive priority (75.80%) and the occupation has high Canadian labour demand (86.44%). Investigate relevant education or training pathways separately because no mapped CIP pathway is available.
Candidate_042,Inside Sales Representative,Monitoring,3.0,3.12,0.0,0.612,86.44,0.713,71.3,3,0,False,No mapped CIP pathway available,Investigate education/training pathways separately,High,High,Prioritize developing Monitoring. The skill gap has high prescriptive priority (71.30%) and the occupation has high Canadian labour demand (86.44%). Investigate relevant education or training pathways separately because no mapped CIP pathway is available.
Candidate_042,Licensed Practical Nurse (L.P.N.),Active Listening,3.88,4.0,0.0,0.788,30.39,0.594,59.44,1,2,True,CIP pathway available,Review mapped CIP education pathways,Medium,Lower,Consider developing Active Listening as a medium-priority skill gap (59.44%). Review mapped CIP education pathways for this occupation.
Candidate_042,Licensed Practical Nurse (L.P.N.),Monitoring,3.88,4.0,0.0,0.788,30.39,0.594,59.44,1,2,True,CIP pathway available,Review mapped CIP education pathways,Medium,Lower,Consider developing Monitoring as a medium-priority skill gap (59.44%). Review mapped CIP education pathways for this occupation.
Candidate_042,Licensed Practical Nurse (L.P.N.),Speaking,3.88,4.0,0.0,0.788,30.39,0.594,59.44,1,2,True,CIP pathway available,Review mapped CIP education pathways,Medium,Lower,Consider developing Speaking as a medium-priority skill gap (59.44%). Review mapped CIP education pathways for this occupation.
Candidate_042,Office Administrator,Active Listening,4.0,4.0,0.0,0.8,52.86,0.691,69.14,1,0,False,No mapped CIP pathway available,Investigate education/training pathways separately,Medium,Moderate,Consider developing Active Listening as a medium-priority skill gap (69.14%). Investigate relevant education or training pathways separately because no mapped CIP pathway is available.
Candidate_042,Office Administrator,Monitoring,4.0,4.0,0.0,0.8,52.86,0.691,69.14,1,0,False,No mapped CIP pathway available,Investigate education/training pathways separately,Medium,Moderate,Consider developing Monitoring as a medium-priority skill gap (69.14%). Investigate relevant education or training pathways separately because no mapped CIP pathway is available.
Candidate_042,Office Administrator,Speaking,4.0,4.0,0.0,0.8,52.86,0.691,69.14,1,0,False,No mapped CIP pathway available,Investigate education/training pathways separately,Medium,Moderate,Consider developing Speaking as a medium-priority skill gap (69.14%). Investigate relevant education or training pathways separately because no mapped CIP pathway is available.
Candidate_042,Office Manager,Monitoring,4.0,4.0,0.0,0.8,52.86,0.691,69.14,1,0,False,No mapped CIP pathway available,Investigate education/training pathways separately,Medium,Moderate,Consider developing Monitoring as a medium-priority skill gap (69.14%). Investigate relevant education or training pathways separately because no mapped CIP pathway is available.
Candidate_042,Office Manager,Speaking,4.0,4.0,0.0,0.8,52.86,0.691,69.14,1,0,False,No mapped CIP pathway available,Investigate education/training pathways separately,Medium,Moderate,Consider developing Speaking as a medium-priority skill gap (69.14%). Investigate relevant education or training pathways separately because no mapped CIP pathway is available.
Candidate_042,Office Manager,Active Listening,4.0,3.88,0.0,0.788,52.86,0.684,68.42,2,0,False,No mapped CIP pathway available,Investigate education/training pathways separately,Medium,Moderate,Consider developing Active Listening as a medium-priority skill gap (68.42%). Investigate relevant education or training pathways separately because no mapped CIP pathway is available.
Candidate_042,Restaurant Manager,Speaking,3.88,4.0,0.0,0.788,58.65,0.707,70.74,1,0,False,No mapped CIP pathway available,Investigate education/training pathways separately,High,Moderate,Prioritize developing Speaking. The skill gap has high prescriptive priority (70.74%). Investigate relevant education or training pathways separately because no mapped CIP pathway is available.
Candidate_042,Restaurant Manager,Monitoring,3.88,3.88,0.0,0.776,58.65,0.7,70.02,2,0,False,No mapped CIP pathway available,Investigate education/training pathways separately,High,Moderate,Prioritize developing Monitoring. The skill gap has high prescriptive priority (70.02%). Investigate relevant education or training pathways separately because no mapped CIP pathway is available.
Candidate_042,Restaurant Manager,Active Listening,3.88,3.5,0.0,0.738,58.65,0.677,67.74,3,0,False,No mapped CIP pathway available,Investigate education/training pathways separately,Medium,Moderate,Consider developing Active Listening as a medium-priority skill gap (67.74%). Investigate relevant education or training pathways separately because no mapped CIP pathway is available.
Candidate_042,Retail Sales Associate,Active Listening,3.75,3.75,0.0,0.75,86.44,0.796,79.58,1,0,False,No mapped CIP pathway available,Investigate education/training pathways separately,High,High,Prioritize developing Active Listening. The skill gap has high prescriptive priority (79.58%) and the occupation has high Canadian labour demand (86.44%). Investigate relevant education or training pathways separately because no mapped CIP pathway is available.
Candidate_042,Retail Sales Associate,Speaking,3.75,3.12,0.0,0.687,86.44,0.758,75.8,2,0,False,No mapped CIP pathway available,Investigate education/training pathways separately,High,High,Prioritize developing Speaking. The skill gap has high prescriptive priority (75.80%) and the occupation has high Canadian labour demand (86.44%). Investigate relevant education or training pathways separately because no mapped CIP pathway is available.
Candidate_042,Retail Sales Associate,Monitoring,3.0,3.12,0.0,0.612,86.44,0.713,71.3,3,0,False,No mapped CIP pathway available,Investigate education/training pathways separately,High,High,Prioritize developing Monitoring. The skill gap has high prescriptive priority (71.30%) and the occupation has high Canadian labour demand (86.44%). Investigate relevant education or training pathways separately because no mapped CIP pathway is available.
Candidate_042,Secondary School Teacher,Speaking,4.0,4.12,0.0,0.812,36.36,0.633,63.26,1,92,True,CIP pathway available,Review mapped CIP education pathways,Medium,Lower,Consider developing Speaking as a medium-priority skill gap (63.26%). Review mapped CIP education pathways for this occupation.
Candidate_042,Secondary School Teacher,Active Listening,4.0,4.0,0.0,0.8,36.36,0.625,62.54,2,92,True,CIP pathway available,Review mapped CIP education pathways,Medium,Lower,Consider developing Active Listening as a medium-priority skill gap (62.54%). Review mapped CIP education pathways for this occupation.
Candidate_042,Secondary School Teacher,Monitoring,3.88,4.0,0.0,0.788,36.36,0.618,61.82,3,92,True,CIP pathway available,Review mapped CIP education pathways,Medium,Lower,Consider developing Monitoring as a medium-priority skill gap (61.82%). Review mapped CIP education pathways for this occupation.
Candidate_042,Software Developer,Active Listening,3.38,3.88,0.0,0.726,22.91,0.527,52.72,1,20,True,CIP pathway available,Review mapped CIP education pathways,Medium,Lower,Consider developing Active Listening as a medium-priority skill gap (52.72%). Review mapped CIP education pathways for this occupation.
Candidate_042,Software Developer,Writing,3.25,3.62,0.0,0.687,22.91,0.504,50.38,2,20,True,CIP pathway available,Review mapped CIP education pathways,Medium,Lower,Consider developing Writing as a medium-priority skill gap (50.38%). Review mapped CIP education pathways for this occupation.
Candidate_042,Software Developer,Speaking,3.12,3.62,0.0,0.6739999999999999,22.91,0.496,49.6,3,20,True,CIP pathway available,Review mapped CIP education pathways,Lower,Lower,Consider developing Speaking as an additional skill for the target occupation. Review mapped CIP education pathways for this occupation.
Candidate_043,Administrative Assistant,Writing,3.75,3.5,0.0,0.725,43.85,0.61,61.04,1,0,False,No mapped CIP pathway available,Investigate education/training pathways separately,Medium,Moderate,Consider developing Writing as a medium-priority skill gap (61.04%). Investigate relevant education or training pathways separately because no mapped CIP pathway is available.
Candidate_043,Administrative Assistant,Monitoring,3.12,3.25,0.0,0.637,43.85,0.558,55.76,2,0,False,No mapped CIP pathway available,Investigate education/training pathways separately,Medium,Moderate,Consider developing Monitoring as a medium-priority skill gap (55.76%). Investigate relevant education or training pathways separately because no mapped CIP pathway is available.
Candidate_043,Bookkeeper,Writing,3.12,3.12,0.0,0.624,29.92,0.494,49.41,1,0,False,No mapped CIP pathway available,Investigate education/training pathways separately,Lower,Lower,Consider developing Writing as an additional skill for the target occupation. Investigate relevant education or training pathways separately because no mapped CIP pathway is available.
Candidate_043,Bookkeeper,Monitoring,3.0,2.88,0.0,0.588,29.92,0.472,47.25,2,0,False,No mapped CIP pathway available,Investigate education/training pathways separately,Lower,Lower,Consider developing Monitoring as an additional skill for the target occupation. Investigate relevant education or training pathways separately because no mapped CIP pathway is available.
Candidate_043,Continuing Care Assistant,Monitoring,3.25,3.0,0.0,0.625,43.96,0.551,55.08,1,0,False,No mapped CIP pathway available,Investigate education/training pathways separately,Medium,Moderate,Consider developing Monitoring as a medium-priority skill gap (55.08%). Investigate relevant education or training pathways separately because no mapped CIP pathway is available.
Candidate_043,Continuing Care Assistant,Writing,2.75,2.75,0.0,0.55,43.96,0.506,50.58,2,0,False,No mapped CIP pathway available,Investigate education/training pathways separately,Medium,Moderate,Consider developing Writing as a medium-priority skill gap (50.58%). Investigate relevant education or training pathways separately because no mapped CIP pathway is available.
Candidate_043,Delivery Driver,Monitoring,3.12,2.75,0.0,0.587,37.05,0.5,50.04,1,0,False,No mapped CIP pathway available,Investigate education/training pathways separately,Medium,Lower,Consider developing Monitoring as a medium-priority skill gap (50.04%). Investigate relevant education or training pathways separately because no mapped CIP pathway is available.
Candidate_043,Delivery Driver,Writing,2.75,2.5,0.0,0.525,37.05,0.463,46.32,2,0,False,No mapped CIP pathway available,Investigate education/training pathways separately,Lower,Lower,Consider developing Writing as an additional skill for the target occupation. Investigate relevant education or training pathways separately because no mapped CIP pathway is available.
Candidate_043,"Driver, Truck",Monitoring,3.12,3.0,0.0,0.612,88.8,0.722,72.24,1,0,False,No mapped CIP pathway available,Investigate education/training pathways separately,High,High,Prioritize developing Monitoring. The skill gap has high prescriptive priority (72.24%) and the occupation has high Canadian labour demand (88.80%). Investigate relevant education or training pathways separately because no mapped CIP pathway is available.
Candidate_043,"Driver, Truck",Writing,2.75,2.62,0.0,0.537,88.8,0.677,67.74,2,0,False,No mapped CIP pathway available,Investigate education/training pathways separately,Medium,High,Consider developing Writing because the target occupation shows high Canadian labour demand (88.80%). Investigate relevant education or training pathways separately because no mapped CIP pathway is available.
Candidate_043,Food Service Supervisor,Monitoring,3.88,4.0,0.0,0.788,68.33,0.746,74.61,1,0,False,No mapped CIP pathway available,Investigate education/training pathways separately,High,Moderate,Prioritize developing Monitoring. The skill gap has high prescriptive priority (74.61%). Investigate relevant education or training pathways separately because no mapped CIP pathway is available.
Candidate_043,Food Service Supervisor,Writing,3.0,3.12,0.0,0.612,68.33,0.641,64.05,2,0,False,No mapped CIP pathway available,Investigate education/training pathways separately,Medium,Moderate,Consider developing Writing as a medium-priority skill gap (64.05%). Investigate relevant education or training pathways separately because no mapped CIP pathway is available.
Candidate_043,Information Technology (IT) Analyst,Writing,4.0,4.0,0.0,0.8,26.64,0.587,58.66,1,22,True,CIP pathway available,Review mapped CIP education pathways,Medium,Lower,Consider developing Writing as a medium-priority skill gap (58.66%). Review mapped CIP education pathways for this occupation.
Candidate_043,Information Technology (IT) Analyst,Monitoring,3.62,4.0,0.0,0.762,26.64,0.564,56.38,2,22,True,CIP pathway available,Review mapped CIP education pathways,Medium,Lower,Consider developing Monitoring as a medium-priority skill gap (56.38%). Review mapped CIP education pathways for this occupation.
Candidate_043,Inside Sales Representative,Monitoring,3.0,3.12,0.0,0.612,86.44,0.713,71.3,1,0,False,No CIP pathway in crosswalk,Investigate education/training pathways separately,High,High,Prioritize developing Monitoring. The skill gap has high prescriptive priority (71.30%) and the occupation has high Canadian labour demand (86.44%). Investigate relevant education or training pathways separately because no mapped CIP pathway is available.
Candidate_043,Inside Sales Representative,Writing,3.0,3.0,0.0,0.6,86.44,0.706,70.58,2,0,False,No CIP pathway in crosswalk,Investigate education/training pathways separately,High,High,Prioritize developing Writing. The skill gap has high prescriptive priority (70.58%) and the occupation has high Canadian labour demand (86.44%). Investigate relevant education or training pathways separately because no mapped CIP pathway is available.
Candidate_043,Licensed Practical Nurse (L.P.N.),Monitoring,3.88,4.0,0.0,0.788,30.39,0.594,59.44,1,2,True,CIP pathway available,Review mapped CIP education pathways,Medium,Lower,Consider developing Monitoring as a medium-priority skill gap (59.44%). Review mapped CIP education pathways for this occupation.
Candidate_043,Licensed Practical Nurse (L.P.N.),Writing,3.25,3.12,0.0,0.637,30.39,0.504,50.38,2,2,True,CIP pathway available,Review mapped CIP education pathways,Medium,Lower,Consider developing Writing as a medium-priority skill gap (50.38%). Review mapped CIP education pathways for this occupation.
Candidate_043,Office Administrator,Monitoring,4.0,4.0,0.0,0.8,52.86,0.691,69.14,1,0,False,No mapped CIP pathway available,Investigate education/training pathways separately,Medium,Moderate,Consider developing Monitoring as a medium-priority skill gap (69.14%). Investigate relevant education or training pathways separately because no mapped CIP pathway is available.
Candidate_043,Office Administrator,Writing,3.75,3.75,0.0,0.75,52.86,0.661,66.14,2,0,False,No mapped CIP pathway available,Investigate education/training pathways separately,Medium,Moderate,Consider developing Writing as a medium-priority skill gap (66.14%). Investigate relevant education or training pathways separately because no mapped CIP pathway is available.
Candidate_043,Office Manager,Monitoring,4.0,4.0,0.0,0.8,52.86,0.691,69.14,1,0,False,No mapped CIP pathway available,Investigate education/training pathways separately,Medium,Moderate,Consider developing Monitoring as a medium-priority skill gap (69.14%). Investigate relevant education or training pathways separately because no mapped CIP pathway is available.
Candidate_043,Office Manager,Writing,3.75,3.75,0.0,0.75,52.86,0.661,66.14,2,0,False,No mapped CIP pathway available,Investigate education/training pathways separately,Medium,Moderate,Consider developing Writing as a medium-priority skill gap (66.14%). Investigate relevant education or training pathways separately because no mapped CIP pathway is available.
Candidate_043,Restaurant Manager,Monitoring,3.88,3.88,0.0,0.776,58.65,0.7,70.02,1,0,False,No mapped CIP pathway available,Investigate education/training pathways separately,High,Moderate,Prioritize developing Monitoring. The skill gap has high prescriptive priority (70.02%). Investigate relevant education or training pathways separately because no mapped CIP pathway is available.
Candidate_043,Restaurant Manager,Writing,3.0,3.12,0.0,0.612,58.65,0.602,60.18,2,0,False,No mapped CIP pathway available,Investigate education/training pathways separately,Medium,Moderate,Consider developing Writing as a medium-priority skill gap (60.18%). Investigate relevant education or training pathways separately because no mapped CIP pathway is available.
Candidate_043,Retail Sales Associate,Monitoring,3.0,3.12,0.0,0.612,86.44,0.713,71.3,1,0,False,No CIP pathway in crosswalk,Investigate education/training pathways separately,High,High,Prioritize developing Monitoring. The skill gap has high prescriptive priority (71.30%) and the occupation has high Canadian labour demand (86.44%). Investigate relevant education or training pathways separately because no mapped CIP pathway is available.
Candidate_043,Retail Sales Associate,Writing,3.0,3.0,0.0,0.6,86.44,0.706,70.58,2,0,False,No CIP pathway in crosswalk,Investigate education/training pathways separately,High,High,Prioritize developing Writing. The skill gap has high prescriptive priority (70.58%) and the occupation has high Canadian labour demand (86.44%). Investigate relevant education or training pathways separately because no mapped CIP pathway is available.
Candidate_043,Secondary School Teacher,Monitoring,3.88,4.0,0.0,0.788,36.36,0.618,61.82,1,0,False,No mapped CIP pathway available,Investigate education/training pathways separately,Medium,Lower,Consider developing Monitoring as a medium-priority skill gap (61.82%). Investigate relevant education or training pathways separately because no mapped CIP pathway is available.
Candidate_043,Secondary School Teacher,Writing,3.62,3.75,0.0,0.737,36.36,0.588,58.76,2,0,False,No mapped CIP pathway available,Investigate education/training pathways separately,Medium,Lower,Consider developing Writing as a medium-priority skill gap (58.76%). Investigate relevant education or training pathways separately because no mapped CIP pathway is available.
Candidate_043,Software Developer,Writing,3.25,3.62,0.0,0.687,22.91,0.504,50.38,1,20,True,CIP pathway available,Review mapped CIP education pathways,Medium,Lower,Consider developing Writing as a medium-priority skill gap (50.38%). Review mapped CIP education pathways for this occupation.
Candidate_043,Software Developer,Monitoring,3.0,3.5,0.0,0.6499999999999999,22.91,0.482,48.16,2,20,True,CIP pathway available,Review mapped CIP education pathways,Lower,Lower,Consider developing Monitoring as an additional skill for the target occupation. Review mapped CIP education pathways for this occupation.
Candidate_044,Administrative Assistant,Active Listening,4.0,3.75,0.0,0.775,43.85,0.64,64.04,1,0,False,No mapped CIP pathway available,Investigate education/training pathways separately,Medium,Moderate,Consider developing Active Listening as a medium-priority skill gap (64.04%). Investigate relevant education or training pathways separately because no mapped CIP pathway is available.
Candidate_044,Administrative Assistant,Speaking,4.0,3.62,0.0,0.762,43.85,0.633,63.26,2,0,False,No mapped CIP pathway available,Investigate education/training pathways separately,Medium,Moderate,Consider developing Speaking as a medium-priority skill gap (63.26%). Investigate relevant education or training pathways separately because no mapped CIP pathway is available.
Candidate_044,Bookkeeper,Active Listening,3.25,3.75,0.0,0.7,29.92,0.54,53.97,1,1,True,CIP pathway available,Review mapped CIP education pathways,Medium,Lower,Consider developing Active Listening as a medium-priority skill gap (53.97%). Review mapped CIP education pathways for this occupation.
Candidate_044,Bookkeeper,Speaking,3.12,3.12,0.0,0.624,29.92,0.494,49.41,2,1,True,CIP pathway available,Review mapped CIP education pathways,Lower,Lower,Consider developing Speaking as an additional skill for the target occupation. Review mapped CIP education pathways for this occupation.
Candidate_044,Continuing Care Assistant,Active Listening,3.62,3.0,0.0,0.6619999999999999,43.96,0.573,57.3,1,0,False,No mapped CIP pathway available,Investigate education/training pathways separately,Medium,Moderate,Consider developing Active Listening as a medium-priority skill gap (57.30%). Investigate relevant education or training pathways separately because no mapped CIP pathway is available.
Candidate_044,Continuing Care Assistant,Speaking,3.12,3.0,0.0,0.612,43.96,0.543,54.3,2,0,False,No mapped CIP pathway available,Investigate education/training pathways separately,Medium,Moderate,Consider developing Speaking as a medium-priority skill gap (54.30%). Investigate relevant education or training pathways separately because no mapped CIP pathway is available.
Candidate_044,Delivery Driver,Active Listening,3.12,2.88,0.0,0.6,37.05,0.508,50.82,1,0,False,No mapped CIP pathway available,Investigate education/training pathways separately,Medium,Lower,Consider developing Active Listening as a medium-priority skill gap (50.82%). Investigate relevant education or training pathways separately because no mapped CIP pathway is available.
Candidate_044,Delivery Driver,Speaking,3.12,2.88,0.0,0.6,37.05,0.508,50.82,1,0,False,No mapped CIP pathway available,Investigate education/training pathways separately,Medium,Lower,Consider developing Speaking as a medium-priority skill gap (50.82%). Investigate relevant education or training pathways separately because no mapped CIP pathway is available.
Candidate_044,"Driver, Truck",Active Listening,2.88,3.0,0.0,0.588,88.8,0.708,70.8,1,0,False,No mapped CIP pathway available,Investigate education/training pathways separately,High,High,Prioritize developing Active Listening. The skill gap has high prescriptive priority (70.80%) and the occupation has high Canadian labour demand (88.80%). Investigate relevant education or training pathways separately because no mapped CIP pathway is available.
Candidate_044,"Driver, Truck",Speaking,3.0,2.88,0.0,0.588,88.8,0.708,70.8,1,0,False,No mapped CIP pathway available,Investigate education/training pathways separately,High,High,Prioritize developing Speaking. The skill gap has high prescriptive priority (70.80%) and the occupation has high Canadian labour demand (88.80%). Investigate relevant education or training pathways separately because no mapped CIP pathway is available.
Candidate_044,Food Service Supervisor,Speaking,3.88,4.0,0.0,0.788,68.33,0.746,74.61,1,0,False,No mapped CIP pathway available,Investigate education/training pathways separately,High,Moderate,Prioritize developing Speaking. The skill gap has high prescriptive priority (74.61%). Investigate relevant education or training pathways separately because no mapped CIP pathway is available.
Candidate_044,Food Service Supervisor,Active Listening,3.75,3.0,0.0,0.675,68.33,0.678,67.83,2,0,False,No mapped CIP pathway available,Investigate education/training pathways separately,Medium,Moderate,Consider developing Active Listening as a medium-priority skill gap (67.83%). Investigate relevant education or training pathways separately because no mapped CIP pathway is available.
Candidate_044,Information Technology (IT) Analyst,Active Listening,4.0,4.12,0.0,0.812,26.64,0.594,59.38,1,22,True,CIP pathway available,Review mapped CIP education pathways,Medium,Lower,Consider developing Active Listening as a medium-priority skill gap (59.38%). Review mapped CIP education pathways for this occupation.
Candidate_044,Information Technology (IT) Analyst,Speaking,4.0,4.0,0.0,0.8,26.64,0.587,58.66,2,22,True,CIP pathway available,Review mapped CIP education pathways,Medium,Lower,Consider developing Speaking as a medium-priority skill gap (58.66%). Review mapped CIP education pathways for this occupation.
Candidate_044,Inside Sales Representative,Active Listening,3.75,3.75,0.0,0.75,86.44,0.796,79.58,1,0,False,No mapped CIP pathway available,Investigate education/training pathways separately,High,High,Prioritize developing Active Listening. The skill gap has high prescriptive priority (79.58%) and the occupation has high Canadian labour demand (86.44%). Investigate relevant education or training pathways separately because no mapped CIP pathway is available.
Candidate_044,Inside Sales Representative,Speaking,3.75,3.12,0.0,0.687,86.44,0.758,75.8,2,0,False,No mapped CIP pathway available,Investigate education/training pathways separately,High,High,Prioritize developing Speaking. The skill gap has high prescriptive priority (75.80%) and the occupation has high Canadian labour demand (86.44%). Investigate relevant education or training pathways separately because no mapped CIP pathway is available.
Candidate_044,Licensed Practical Nurse (L.P.N.),Active Listening,3.88,4.0,0.0,0.788,30.39,0.594,59.44,1,2,True,CIP pathway available,Review mapped CIP education pathways,Medium,Lower,Consider developing Active Listening as a medium-priority skill gap (59.44%). Review mapped CIP education pathways for this occupation.
Candidate_044,Licensed Practical Nurse (L.P.N.),Speaking,3.88,4.0,0.0,0.788,30.39,0.594,59.44,1,2,True,CIP pathway available,Review mapped CIP education pathways,Medium,Lower,Consider developing Speaking as a medium-priority skill gap (59.44%). Review mapped CIP education pathways for this occupation.
Candidate_044,Office Administrator,Active Listening,4.0,4.0,0.0,0.8,52.86,0.691,69.14,1,0,False,No mapped CIP pathway available,Investigate education/training pathways separately,Medium,Moderate,Consider developing Active Listening as a medium-priority skill gap (69.14%). Investigate relevant education or training pathways separately because no mapped CIP pathway is available.
Candidate_044,Office Administrator,Speaking,4.0,4.0,0.0,0.8,52.86,0.691,69.14,1,0,False,No mapped CIP pathway available,Investigate education/training pathways separately,Medium,Moderate,Consider developing Speaking as a medium-priority skill gap (69.14%). Investigate relevant education or training pathways separately because no mapped CIP pathway is available.
Candidate_044,Office Manager,Speaking,4.0,4.0,0.0,0.8,52.86,0.691,69.14,1,0,False,No mapped CIP pathway available,Investigate education/training pathways separately,Medium,Moderate,Consider developing Speaking as a medium-priority skill gap (69.14%). Investigate relevant education or training pathways separately because no mapped CIP pathway is available.
Candidate_044,Office Manager,Active Listening,4.0,3.88,0.0,0.788,52.86,0.684,68.42,2,0,False,No mapped CIP pathway available,Investigate education/training pathways separately,Medium,Moderate,Consider developing Active Listening as a medium-priority skill gap (68.42%). Investigate relevant education or training pathways separately because no mapped CIP pathway is available.
Candidate_044,Restaurant Manager,Speaking,3.88,4.0,0.0,0.788,58.65,0.707,70.74,1,0,False,No mapped CIP pathway available,Investigate education/training pathways separately,High,Moderate,Prioritize developing Speaking. The skill gap has high prescriptive priority (70.74%). Investigate relevant education or training pathways separately because no mapped CIP pathway is available.
Candidate_044,Restaurant Manager,Active Listening,3.88,3.5,0.0,0.738,58.65,0.677,67.74,2,0,False,No mapped CIP pathway available,Investigate education/training pathways separately,Medium,Moderate,Consider developing Active Listening as a medium-priority skill gap (67.74%). Investigate relevant education or training pathways separately because no mapped CIP pathway is available.
Candidate_044,Retail Sales Associate,Active Listening,3.75,3.75,0.0,0.75,86.44,0.796,79.58,1,0,False,No mapped CIP pathway available,Investigate education/training pathways separately,High,High,Prioritize developing Active Listening. The skill gap has high prescriptive priority (79.58%) and the occupation has high Canadian labour demand (86.44%). Investigate relevant education or training pathways separately because no mapped CIP pathway is available.
Candidate_044,Retail Sales Associate,Speaking,3.75,3.12,0.0,0.687,86.44,0.758,75.8,2,0,False,No mapped CIP pathway available,Investigate education/training pathways separately,High,High,Prioritize developing Speaking. The skill gap has high prescriptive priority (75.80%) and the occupation has high Canadian labour demand (86.44%). Investigate relevant education or training pathways separately because no mapped CIP pathway is available.
Candidate_044,Secondary School Teacher,Speaking,4.0,4.12,0.0,0.812,36.36,0.633,63.26,1,92,True,CIP pathway available,Review mapped CIP education pathways,Medium,Lower,Consider developing Speaking as a medium-priority skill gap (63.26%). Review mapped CIP education pathways for this occupation.
Candidate_044,Secondary School Teacher,Active Listening,4.0,4.0,0.0,0.8,36.36,0.625,62.54,2,92,True,CIP pathway available,Review mapped CIP education pathways,Medium,Lower,Consider developing Active Listening as a medium-priority skill gap (62.54%). Review mapped CIP education pathways for this occupation.
Candidate_044,Software Developer,Active Listening,3.38,3.88,0.0,0.726,22.91,0.527,52.72,1,20,True,CIP pathway available,Review mapped CIP education pathways,Medium,Lower,Consider developing Active Listening as a medium-priority skill gap (52.72%). Review mapped CIP education pathways for this occupation.
Candidate_044,Software Developer,Speaking,3.12,3.62,0.0,0.6739999999999999,22.91,0.496,49.6,2,20,True,CIP pathway available,Review mapped CIP education pathways,Lower,Lower,Consider developing Speaking as an additional skill for the target occupation. Review mapped CIP education pathways for this occupation.
Candidate_045,Administrative Assistant,Active Learning,2.88,3.0,0.0,0.588,43.85,0.528,52.82,1,2,True,CIP pathway available,Review mapped CIP education pathways,Medium,Moderate,Consider developing Active Learning as a medium-priority skill gap (52.82%). Review mapped CIP education pathways for this occupation.
Candidate_045,Administrative Assistant,Learning Strategies,2.12,1.88,0.0,0.4,43.85,0.415,41.54,2,2,True,CIP pathway available,Review mapped CIP education pathways,Lower,Moderate,Consider developing Learning Strategies as an additional skill for the target occupation. Review mapped CIP education pathways for this occupation.
Candidate_045,Administrative Assistant,Science,1.0,0.0,0.0,0.1,43.85,0.235,23.54,3,2,True,CIP pathway available,Review mapped CIP education pathways,Lower,Moderate,Consider developing Science as an additional skill for the target occupation. Review mapped CIP education pathways for this occupation.
Candidate_045,Bookkeeper,Active Learning,2.75,3.12,0.0,0.587,29.92,0.472,47.19,1,1,True,CIP pathway available,Review mapped CIP education pathways,Lower,Lower,Consider developing Active Learning as an additional skill for the target occupation. Review mapped CIP education pathways for this occupation.
Candidate_045,Bookkeeper,Learning Strategies,2.0,1.88,0.0,0.388,29.92,0.352,35.25,2,1,True,CIP pathway available,Review mapped CIP education pathways,Lower,Lower,Consider developing Learning Strategies as an additional skill for the target occupation. Review mapped CIP education pathways for this occupation.
Candidate_045,Bookkeeper,Science,1.12,0.12,0.0,0.12400000000000001,29.92,0.194,19.41,3,1,True,CIP pathway available,Review mapped CIP education pathways,Lower,Lower,Consider developing Science as an additional skill for the target occupation. Review mapped CIP education pathways for this occupation.
Candidate_045,Continuing Care Assistant,Active Learning,2.88,2.75,0.0,0.563,43.96,0.514,51.36,1,0,False,No mapped CIP pathway available,Investigate education/training pathways separately,Medium,Moderate,Consider developing Active Learning as a medium-priority skill gap (51.36%). Investigate relevant education or training pathways separately because no mapped CIP pathway is available.
Candidate_045,Continuing Care Assistant,Learning Strategies,2.38,2.12,0.0,0.45,43.96,0.446,44.58,2,0,False,No mapped CIP pathway available,Investigate education/training pathways separately,Lower,Moderate,Consider developing Learning Strategies as an additional skill for the target occupation. Investigate relevant education or training pathways separately because no mapped CIP pathway is available.
Candidate_045,Continuing Care Assistant,Science,1.75,0.88,0.0,0.263,43.96,0.334,33.36,3,0,False,No mapped CIP pathway available,Investigate education/training pathways separately,Lower,Moderate,Consider developing Science as an additional skill for the target occupation. Investigate relevant education or training pathways separately because no mapped CIP pathway is available.
Candidate_045,Delivery Driver,Active Learning,2.12,2.0,0.0,0.41200000000000003,37.05,0.395,39.54,1,1,True,CIP pathway available,Review mapped CIP education pathways,Lower,Lower,Consider developing Active Learning as an additional skill for the target occupation. Review mapped CIP education pathways for this occupation.
Candidate_045,Delivery Driver,Learning Strategies,2.0,1.62,0.0,0.362,37.05,0.365,36.54,2,1,True,CIP pathway available,Review mapped CIP education pathways,Lower,Lower,Consider developing Learning Strategies as an additional skill for the target occupation. Review mapped CIP education pathways for this occupation.
Candidate_045,Delivery Driver,Science,1.12,0.12,0.0,0.12400000000000001,37.05,0.223,22.26,3,1,True,CIP pathway available,Review mapped CIP education pathways,Lower,Lower,Consider developing Science as an additional skill for the target occupation. Review mapped CIP education pathways for this occupation.
Candidate_045,"Driver, Truck",Active Learning,2.5,2.12,0.0,0.462,88.8,0.632,63.24,1,1,True,CIP pathway available,Review mapped CIP education pathways,Medium,High,Consider developing Active Learning because the target occupation shows high Canadian labour demand (88.80%). Review mapped CIP education pathways for this occupation.
Candidate_045,"Driver, Truck",Learning Strategies,2.0,1.75,0.0,0.375,88.8,0.58,58.02,2,1,True,CIP pathway available,Review mapped CIP education pathways,Medium,High,Consider developing Learning Strategies because the target occupation shows high Canadian labour demand (88.80%). Review mapped CIP education pathways for this occupation.
Candidate_045,"Driver, Truck",Science,1.0,0.0,0.0,0.1,88.8,0.415,41.52,3,1,True,CIP pathway available,Review mapped CIP education pathways,Lower,High,Consider developing Science because the target occupation shows high Canadian labour demand (88.80%). Review mapped CIP education pathways for this occupation.
Candidate_045,Food Service Supervisor,Learning Strategies,3.12,3.12,0.0,0.624,68.33,0.648,64.77,1,0,False,No mapped CIP pathway available,Investigate education/training pathways separately,Medium,Moderate,Consider developing Learning Strategies as a medium-priority skill gap (64.77%). Investigate relevant education or training pathways separately because no mapped CIP pathway is available.
Candidate_045,Food Service Supervisor,Active Learning,3.0,3.12,0.0,0.612,68.33,0.641,64.05,2,0,False,No mapped CIP pathway available,Investigate education/training pathways separately,Medium,Moderate,Consider developing Active Learning as a medium-priority skill gap (64.05%). Investigate relevant education or training pathways separately because no mapped CIP pathway is available.
Candidate_045,Food Service Supervisor,Science,1.0,0.0,0.0,0.1,68.33,0.333,33.33,3,0,False,No mapped CIP pathway available,Investigate education/training pathways separately,Lower,Moderate,Consider developing Science as an additional skill for the target occupation. Investigate relevant education or training pathways separately because no mapped CIP pathway is available.
Candidate_045,Information Technology (IT) Analyst,Active Learning,3.75,4.75,0.0,0.85,26.64,0.617,61.66,1,0,False,No mapped CIP pathway available,Investigate education/training pathways separately,Medium,Lower,Consider developing Active Learning as a medium-priority skill gap (61.66%). Investigate relevant education or training pathways separately because no mapped CIP pathway is available.
Candidate_045,Information Technology (IT) Analyst,Learning Strategies,3.75,4.0,0.0,0.775,26.64,0.572,57.16,2,0,False,No mapped CIP pathway available,Investigate education/training pathways separately,Medium,Lower,Consider developing Learning Strategies as a medium-priority skill gap (57.16%). Investigate relevant education or training pathways separately because no mapped CIP pathway is available.
Candidate_045,Information Technology (IT) Analyst,Science,2.75,3.12,0.0,0.587,26.64,0.459,45.88,3,0,False,No mapped CIP pathway available,Investigate education/training pathways separately,Lower,Lower,Consider developing Science as an additional skill for the target occupation. Investigate relevant education or training pathways separately because no mapped CIP pathway is available.
Candidate_045,Inside Sales Representative,Active Learning,3.0,2.88,0.0,0.588,86.44,0.699,69.86,1,0,False,No CIP pathway in crosswalk,Investigate education/training pathways separately,Medium,High,Consider developing Active Learning because the target occupation shows high Canadian labour demand (86.44%). Investigate relevant education or training pathways separately because no mapped CIP pathway is available.
Candidate_045,Inside Sales Representative,Learning Strategies,2.62,2.25,0.0,0.487,86.44,0.638,63.8,2,0,False,No CIP pathway in crosswalk,Investigate education/training pathways separately,Medium,High,Consider developing Learning Strategies because the target occupation shows high Canadian labour demand (86.44%). Investigate relevant education or training pathways separately because no mapped CIP pathway is available.
Candidate_045,Inside Sales Representative,Science,1.0,0.0,0.0,0.1,86.44,0.406,40.58,3,0,False,No CIP pathway in crosswalk,Investigate education/training pathways separately,Lower,High,Consider developing Science because the target occupation shows high Canadian labour demand (86.44%). Investigate relevant education or training pathways separately because no mapped CIP pathway is available.
Candidate_045,Licensed Practical Nurse (L.P.N.),Active Learning,3.38,3.25,0.0,0.663,30.39,0.519,51.94,1,0,False,No mapped CIP pathway available,Investigate education/training pathways separately,Medium,Lower,Consider developing Active Learning as a medium-priority skill gap (51.94%). Investigate relevant education or training pathways separately because no mapped CIP pathway is available.
Candidate_045,Licensed Practical Nurse (L.P.N.),Learning Strategies,3.12,3.12,0.0,0.624,30.39,0.496,49.6,2,0,False,No mapped CIP pathway available,Investigate education/training pathways separately,Lower,Lower,Consider developing Learning Strategies as an additional skill for the target occupation. Investigate relevant education or training pathways separately because no mapped CIP pathway is available.
Candidate_045,Licensed Practical Nurse (L.P.N.),Science,2.62,2.62,0.0,0.524,30.39,0.436,43.6,3,0,False,No mapped CIP pathway available,Investigate education/training pathways separately,Lower,Lower,Consider developing Science as an additional skill for the target occupation. Investigate relevant education or training pathways separately because no mapped CIP pathway is available.
Candidate_045,Office Administrator,Active Learning,3.75,3.75,0.0,0.75,52.86,0.661,66.14,1,0,False,No mapped CIP pathway available,Investigate education/training pathways separately,Medium,Moderate,Consider developing Active Learning as a medium-priority skill gap (66.14%). Investigate relevant education or training pathways separately because no mapped CIP pathway is available.
Candidate_045,Office Administrator,Learning Strategies,3.62,3.75,0.0,0.737,52.86,0.654,65.36,2,0,False,No mapped CIP pathway available,Investigate education/training pathways separately,Medium,Moderate,Consider developing Learning Strategies as a medium-priority skill gap (65.36%). Investigate relevant education or training pathways separately because no mapped CIP pathway is available.
Candidate_045,Office Administrator,Science,1.38,0.38,0.0,0.176,52.86,0.317,31.7,3,0,False,No mapped CIP pathway available,Investigate education/training pathways separately,Lower,Moderate,Consider developing Science as an additional skill for the target occupation. Investigate relevant education or training pathways separately because no mapped CIP pathway is available.
Candidate_045,Office Manager,Active Learning,3.75,3.75,0.0,0.75,52.86,0.661,66.14,1,0,False,No mapped CIP pathway available,Investigate education/training pathways separately,Medium,Moderate,Consider developing Active Learning as a medium-priority skill gap (66.14%). Investigate relevant education or training pathways separately because no mapped CIP pathway is available.
Candidate_045,Office Manager,Learning Strategies,3.62,3.75,0.0,0.737,52.86,0.654,65.36,2,0,False,No mapped CIP pathway available,Investigate education/training pathways separately,Medium,Moderate,Consider developing Learning Strategies as a medium-priority skill gap (65.36%). Investigate relevant education or training pathways separately because no mapped CIP pathway is available.
Candidate_045,Office Manager,Science,1.0,0.0,0.0,0.1,52.86,0.271,27.14,3,0,False,No mapped CIP pathway available,Investigate education/training pathways separately,Lower,Moderate,Consider developing Science as an additional skill for the target occupation. Investigate relevant education or training pathways separately because no mapped CIP pathway is available.
Candidate_045,Restaurant Manager,Active Learning,3.12,3.75,0.0,0.687,58.65,0.647,64.68,1,0,False,No mapped CIP pathway available,Investigate education/training pathways separately,Medium,Moderate,Consider developing Active Learning as a medium-priority skill gap (64.68%). Investigate relevant education or training pathways separately because no mapped CIP pathway is available.
Candidate_045,Restaurant Manager,Learning Strategies,3.12,3.12,0.0,0.624,58.65,0.609,60.9,2,0,False,No mapped CIP pathway available,Investigate education/training pathways separately,Medium,Moderate,Consider developing Learning Strategies as a medium-priority skill gap (60.90%). Investigate relevant education or training pathways separately because no mapped CIP pathway is available.
Candidate_045,Restaurant Manager,Science,1.62,0.62,0.0,0.224,58.65,0.369,36.9,3,0,False,No mapped CIP pathway available,Investigate education/training pathways separately,Lower,Moderate,Consider developing Science as an additional skill for the target occupation. Investigate relevant education or training pathways separately because no mapped CIP pathway is available.
Candidate_045,Retail Sales Associate,Active Learning,3.0,2.88,0.0,0.588,86.44,0.699,69.86,1,0,False,No mapped CIP pathway available,Investigate education/training pathways separately,Medium,High,Consider developing Active Learning because the target occupation shows high Canadian labour demand (86.44%). Investigate relevant education or training pathways separately because no mapped CIP pathway is available.
Candidate_045,Retail Sales Associate,Learning Strategies,2.62,2.25,0.0,0.487,86.44,0.638,63.8,2,0,False,No mapped CIP pathway available,Investigate education/training pathways separately,Medium,High,Consider developing Learning Strategies because the target occupation shows high Canadian labour demand (86.44%). Investigate relevant education or training pathways separately because no mapped CIP pathway is available.
Candidate_045,Retail Sales Associate,Science,1.0,0.0,0.0,0.1,86.44,0.406,40.58,3,0,False,No mapped CIP pathway available,Investigate education/training pathways separately,Lower,High,Consider developing Science because the target occupation shows high Canadian labour demand (86.44%). Investigate relevant education or training pathways separately because no mapped CIP pathway is available.
Candidate_045,Secondary School Teacher,Learning Strategies,4.0,4.25,0.0,0.825,36.36,0.64,64.04,1,0,False,No mapped CIP pathway available,Investigate education/training pathways separately,Medium,Lower,Consider developing Learning Strategies as a medium-priority skill gap (64.04%). Investigate relevant education or training pathways separately because no mapped CIP pathway is available.
Candidate_045,Secondary School Teacher,Active Learning,3.75,3.88,0.0,0.763,36.36,0.603,60.32,2,0,False,No mapped CIP pathway available,Investigate education/training pathways separately,Medium,Lower,Consider developing Active Learning as a medium-priority skill gap (60.32%). Investigate relevant education or training pathways separately because no mapped CIP pathway is available.
Candidate_045,Secondary School Teacher,Science,2.0,1.88,0.0,0.388,36.36,0.378,37.82,3,0,False,No mapped CIP pathway available,Investigate education/training pathways separately,Lower,Lower,Consider developing Science as an additional skill for the target occupation. Investigate relevant education or training pathways separately because no mapped CIP pathway is available.
Candidate_045,Software Developer,Active Learning,3.5,3.62,0.0,0.712,22.91,0.519,51.88,1,0,False,No mapped CIP pathway available,Investigate education/training pathways separately,Medium,Lower,Consider developing Active Learning as a medium-priority skill gap (51.88%). Investigate relevant education or training pathways separately because no mapped CIP pathway is available.
Candidate_045,Software Developer,Learning Strategies,2.62,3.12,0.0,0.5740000000000001,22.91,0.436,43.6,2,0,False,No mapped CIP pathway available,Investigate education/training pathways separately,Lower,Lower,Consider developing Learning Strategies as an additional skill for the target occupation. Investigate relevant education or training pathways separately because no mapped CIP pathway is available.
Candidate_045,Software Developer,Science,2.12,1.88,0.0,0.4,22.91,0.332,33.16,3,0,False,No mapped CIP pathway available,Investigate education/training pathways separately,Lower,Lower,Consider developing Science as an additional skill for the target occupation. Investigate relevant education or training pathways separately because no mapped CIP pathway is available.
Candidate_046,Administrative Assistant,Active Listening,4.0,3.75,0.0,0.775,43.85,0.64,64.04,1,0,False,No mapped CIP pathway available,Investigate education/training pathways separately,Medium,Moderate,Consider developing Active Listening as a medium-priority skill gap (64.04%). Investigate relevant education or training pathways separately because no mapped CIP pathway is available.
Candidate_046,Administrative Assistant,Speaking,4.0,3.62,0.0,0.762,43.85,0.633,63.26,2,0,False,No mapped CIP pathway available,Investigate education/training pathways separately,Medium,Moderate,Consider developing Speaking as a medium-priority skill gap (63.26%). Investigate relevant education or training pathways separately because no mapped CIP pathway is available.
Candidate_046,Administrative Assistant,Monitoring,3.12,3.25,0.0,0.637,43.85,0.558,55.76,3,0,False,No mapped CIP pathway available,Investigate education/training pathways separately,Medium,Moderate,Consider developing Monitoring as a medium-priority skill gap (55.76%). Investigate relevant education or training pathways separately because no mapped CIP pathway is available.
Candidate_046,Bookkeeper,Active Listening,3.25,3.75,0.0,0.7,29.92,0.54,53.97,1,1,True,CIP pathway available,Review mapped CIP education pathways,Medium,Lower,Consider developing Active Listening as a medium-priority skill gap (53.97%). Review mapped CIP education pathways for this occupation.
Candidate_046,Bookkeeper,Speaking,3.12,3.12,0.0,0.624,29.92,0.494,49.41,2,1,True,CIP pathway available,Review mapped CIP education pathways,Lower,Lower,Consider developing Speaking as an additional skill for the target occupation. Review mapped CIP education pathways for this occupation.
Candidate_046,Bookkeeper,Monitoring,3.0,2.88,0.0,0.588,29.92,0.472,47.25,3,1,True,CIP pathway available,Review mapped CIP education pathways,Lower,Lower,Consider developing Monitoring as an additional skill for the target occupation. Review mapped CIP education pathways for this occupation.
Candidate_046,Continuing Care Assistant,Active Listening,3.62,3.0,0.0,0.6619999999999999,43.96,0.573,57.3,1,0,False,No mapped CIP pathway available,Investigate education/training pathways separately,Medium,Moderate,Consider developing Active Listening as a medium-priority skill gap (57.30%). Investigate relevant education or training pathways separately because no mapped CIP pathway is available.
Candidate_046,Continuing Care Assistant,Monitoring,3.25,3.0,0.0,0.625,43.96,0.551,55.08,2,0,False,No mapped CIP pathway available,Investigate education/training pathways separately,Medium,Moderate,Consider developing Monitoring as a medium-priority skill gap (55.08%). Investigate relevant education or training pathways separately because no mapped CIP pathway is available.
Candidate_046,Continuing Care Assistant,Speaking,3.12,3.0,0.0,0.612,43.96,0.543,54.3,3,0,False,No mapped CIP pathway available,Investigate education/training pathways separately,Medium,Moderate,Consider developing Speaking as a medium-priority skill gap (54.30%). Investigate relevant education or training pathways separately because no mapped CIP pathway is available.
Candidate_046,Delivery Driver,Active Listening,3.12,2.88,0.0,0.6,37.05,0.508,50.82,1,0,False,No mapped CIP pathway available,Investigate education/training pathways separately,Medium,Lower,Consider developing Active Listening as a medium-priority skill gap (50.82%). Investigate relevant education or training pathways separately because no mapped CIP pathway is available.
Candidate_046,Delivery Driver,Speaking,3.12,2.88,0.0,0.6,37.05,0.508,50.82,1,0,False,No mapped CIP pathway available,Investigate education/training pathways separately,Medium,Lower,Consider developing Speaking as a medium-priority skill gap (50.82%). Investigate relevant education or training pathways separately because no mapped CIP pathway is available.
Candidate_046,Delivery Driver,Monitoring,3.12,2.75,0.0,0.587,37.05,0.5,50.04,2,0,False,No mapped CIP pathway available,Investigate education/training pathways separately,Medium,Lower,Consider developing Monitoring as a medium-priority skill gap (50.04%). Investigate relevant education or training pathways separately because no mapped CIP pathway is available.
Candidate_046,"Driver, Truck",Monitoring,3.12,3.0,0.0,0.612,88.8,0.722,72.24,1,0,False,No mapped CIP pathway available,Investigate education/training pathways separately,High,High,Prioritize developing Monitoring. The skill gap has high prescriptive priority (72.24%) and the occupation has high Canadian labour demand (88.80%). Investigate relevant education or training pathways separately because no mapped CIP pathway is available.
Candidate_046,"Driver, Truck",Active Listening,2.88,3.0,0.0,0.588,88.8,0.708,70.8,2,0,False,No mapped CIP pathway available,Investigate education/training pathways separately,High,High,Prioritize developing Active Listening. The skill gap has high prescriptive priority (70.80%) and the occupation has high Canadian labour demand (88.80%). Investigate relevant education or training pathways separately because no mapped CIP pathway is available.
Candidate_046,"Driver, Truck",Speaking,3.0,2.88,0.0,0.588,88.8,0.708,70.8,2,0,False,No mapped CIP pathway available,Investigate education/training pathways separately,High,High,Prioritize developing Speaking. The skill gap has high prescriptive priority (70.80%) and the occupation has high Canadian labour demand (88.80%). Investigate relevant education or training pathways separately because no mapped CIP pathway is available.
Candidate_046,Food Service Supervisor,Monitoring,3.88,4.0,0.0,0.788,68.33,0.746,74.61,1,0,False,No mapped CIP pathway available,Investigate education/training pathways separately,High,Moderate,Prioritize developing Monitoring. The skill gap has high prescriptive priority (74.61%). Investigate relevant education or training pathways separately because no mapped CIP pathway is available.
Candidate_046,Food Service Supervisor,Speaking,3.88,4.0,0.0,0.788,68.33,0.746,74.61,1,0,False,No mapped CIP pathway available,Investigate education/training pathways separately,High,Moderate,Prioritize developing Speaking. The skill gap has high prescriptive priority (74.61%). Investigate relevant education or training pathways separately because no mapped CIP pathway is available.
Candidate_046,Food Service Supervisor,Active Listening,3.75,3.0,0.0,0.675,68.33,0.678,67.83,2,0,False,No mapped CIP pathway available,Investigate education/training pathways separately,Medium,Moderate,Consider developing Active Listening as a medium-priority skill gap (67.83%). Investigate relevant education or training pathways separately because no mapped CIP pathway is available.
Candidate_046,Information Technology (IT) Analyst,Active Listening,4.0,4.12,0.0,0.812,26.64,0.594,59.38,1,0,False,No mapped CIP pathway available,Investigate education/training pathways separately,Medium,Lower,Consider developing Active Listening as a medium-priority skill gap (59.38%). Investigate relevant education or training pathways separately because no mapped CIP pathway is available.
Candidate_046,Information Technology (IT) Analyst,Speaking,4.0,4.0,0.0,0.8,26.64,0.587,58.66,2,0,False,No mapped CIP pathway available,Investigate education/training pathways separately,Medium,Lower,Consider developing Speaking as a medium-priority skill gap (58.66%). Investigate relevant education or training pathways separately because no mapped CIP pathway is available.
Candidate_046,Information Technology (IT) Analyst,Monitoring,3.62,4.0,0.0,0.762,26.64,0.564,56.38,3,0,False,No mapped CIP pathway available,Investigate education/training pathways separately,Medium,Lower,Consider developing Monitoring as a medium-priority skill gap (56.38%). Investigate relevant education or training pathways separately because no mapped CIP pathway is available.
Candidate_046,Inside Sales Representative,Active Listening,3.75,3.75,0.0,0.75,86.44,0.796,79.58,1,0,False,No mapped CIP pathway available,Investigate education/training pathways separately,High,High,Prioritize developing Active Listening. The skill gap has high prescriptive priority (79.58%) and the occupation has high Canadian labour demand (86.44%). Investigate relevant education or training pathways separately because no mapped CIP pathway is available.
Candidate_046,Inside Sales Representative,Speaking,3.75,3.12,0.0,0.687,86.44,0.758,75.8,2,0,False,No mapped CIP pathway available,Investigate education/training pathways separately,High,High,Prioritize developing Speaking. The skill gap has high prescriptive priority (75.80%) and the occupation has high Canadian labour demand (86.44%). Investigate relevant education or training pathways separately because no mapped CIP pathway is available.
Candidate_046,Inside Sales Representative,Monitoring,3.0,3.12,0.0,0.612,86.44,0.713,71.3,3,0,False,No mapped CIP pathway available,Investigate education/training pathways separately,High,High,Prioritize developing Monitoring. The skill gap has high prescriptive priority (71.30%) and the occupation has high Canadian labour demand (86.44%). Investigate relevant education or training pathways separately because no mapped CIP pathway is available.
Candidate_046,Licensed Practical Nurse (L.P.N.),Active Listening,3.88,4.0,0.0,0.788,30.39,0.594,59.44,1,0,False,No mapped CIP pathway available,Investigate education/training pathways separately,Medium,Lower,Consider developing Active Listening as a medium-priority skill gap (59.44%). Investigate relevant education or training pathways separately because no mapped CIP pathway is available.
Candidate_046,Licensed Practical Nurse (L.P.N.),Monitoring,3.88,4.0,0.0,0.788,30.39,0.594,59.44,1,0,False,No mapped CIP pathway available,Investigate education/training pathways separately,Medium,Lower,Consider developing Monitoring as a medium-priority skill gap (59.44%). Investigate relevant education or training pathways separately because no mapped CIP pathway is available.
Candidate_046,Licensed Practical Nurse (L.P.N.),Speaking,3.88,4.0,0.0,0.788,30.39,0.594,59.44,1,0,False,No mapped CIP pathway available,Investigate education/training pathways separately,Medium,Lower,Consider developing Speaking as a medium-priority skill gap (59.44%). Investigate relevant education or training pathways separately because no mapped CIP pathway is available.
Candidate_046,Office Administrator,Active Listening,4.0,4.0,0.0,0.8,52.86,0.691,69.14,1,13,True,CIP pathway available,Review mapped CIP education pathways,Medium,Moderate,Consider developing Active Listening as a medium-priority skill gap (69.14%). Review mapped CIP education pathways for this occupation.
Candidate_046,Office Administrator,Monitoring,4.0,4.0,0.0,0.8,52.86,0.691,69.14,1,13,True,CIP pathway available,Review mapped CIP education pathways,Medium,Moderate,Consider developing Monitoring as a medium-priority skill gap (69.14%). Review mapped CIP education pathways for this occupation.
Candidate_046,Office Administrator,Speaking,4.0,4.0,0.0,0.8,52.86,0.691,69.14,1,13,True,CIP pathway available,Review mapped CIP education pathways,Medium,Moderate,Consider developing Speaking as a medium-priority skill gap (69.14%). Review mapped CIP education pathways for this occupation.
Candidate_046,Office Manager,Monitoring,4.0,4.0,0.0,0.8,52.86,0.691,69.14,1,13,True,CIP pathway available,Review mapped CIP education pathways,Medium,Moderate,Consider developing Monitoring as a medium-priority skill gap (69.14%). Review mapped CIP education pathways for this occupation.
Candidate_046,Office Manager,Speaking,4.0,4.0,0.0,0.8,52.86,0.691,69.14,1,13,True,CIP pathway available,Review mapped CIP education pathways,Medium,Moderate,Consider developing Speaking as a medium-priority skill gap (69.14%). Review mapped CIP education pathways for this occupation.
Candidate_046,Office Manager,Active Listening,4.0,3.88,0.0,0.788,52.86,0.684,68.42,2,13,True,CIP pathway available,Review mapped CIP education pathways,Medium,Moderate,Consider developing Active Listening as a medium-priority skill gap (68.42%). Review mapped CIP education pathways for this occupation.
Candidate_046,Restaurant Manager,Speaking,3.88,4.0,0.0,0.788,58.65,0.707,70.74,1,0,False,No mapped CIP pathway available,Investigate education/training pathways separately,High,Moderate,Prioritize developing Speaking. The skill gap has high prescriptive priority (70.74%). Investigate relevant education or training pathways separately because no mapped CIP pathway is available.
Candidate_046,Restaurant Manager,Monitoring,3.88,3.88,0.0,0.776,58.65,0.7,70.02,2,0,False,No mapped CIP pathway available,Investigate education/training pathways separately,High,Moderate,Prioritize developing Monitoring. The skill gap has high prescriptive priority (70.02%). Investigate relevant education or training pathways separately because no mapped CIP pathway is available.
Candidate_046,Restaurant Manager,Active Listening,3.88,3.5,0.0,0.738,58.65,0.677,67.74,3,0,False,No mapped CIP pathway available,Investigate education/training pathways separately,Medium,Moderate,Consider developing Active Listening as a medium-priority skill gap (67.74%). Investigate relevant education or training pathways separately because no mapped CIP pathway is available.
Candidate_046,Retail Sales Associate,Active Listening,3.75,3.75,0.0,0.75,86.44,0.796,79.58,1,0,False,No mapped CIP pathway available,Investigate education/training pathways separately,High,High,Prioritize developing Active Listening. The skill gap has high prescriptive priority (79.58%) and the occupation has high Canadian labour demand (86.44%). Investigate relevant education or training pathways separately because no mapped CIP pathway is available.
Candidate_046,Retail Sales Associate,Speaking,3.75,3.12,0.0,0.687,86.44,0.758,75.8,2,0,False,No mapped CIP pathway available,Investigate education/training pathways separately,High,High,Prioritize developing Speaking. The skill gap has high prescriptive priority (75.80%) and the occupation has high Canadian labour demand (86.44%). Investigate relevant education or training pathways separately because no mapped CIP pathway is available.
Candidate_046,Retail Sales Associate,Monitoring,3.0,3.12,0.0,0.612,86.44,0.713,71.3,3,0,False,No mapped CIP pathway available,Investigate education/training pathways separately,High,High,Prioritize developing Monitoring. The skill gap has high prescriptive priority (71.30%) and the occupation has high Canadian labour demand (86.44%). Investigate relevant education or training pathways separately because no mapped CIP pathway is available.
Candidate_046,Secondary School Teacher,Speaking,4.0,4.12,0.0,0.812,36.36,0.633,63.26,1,92,True,CIP pathway available,Review mapped CIP education pathways,Medium,Lower,Consider developing Speaking as a medium-priority skill gap (63.26%). Review mapped CIP education pathways for this occupation.
Candidate_046,Secondary School Teacher,Active Listening,4.0,4.0,0.0,0.8,36.36,0.625,62.54,2,92,True,CIP pathway available,Review mapped CIP education pathways,Medium,Lower,Consider developing Active Listening as a medium-priority skill gap (62.54%). Review mapped CIP education pathways for this occupation.
Candidate_046,Secondary School Teacher,Monitoring,3.88,4.0,0.0,0.788,36.36,0.618,61.82,3,92,True,CIP pathway available,Review mapped CIP education pathways,Medium,Lower,Consider developing Monitoring as a medium-priority skill gap (61.82%). Review mapped CIP education pathways for this occupation.
Candidate_046,Software Developer,Active Listening,3.38,3.88,0.0,0.726,22.91,0.527,52.72,1,20,True,CIP pathway available,Review mapped CIP education pathways,Medium,Lower,Consider developing Active Listening as a medium-priority skill gap (52.72%). Review mapped CIP education pathways for this occupation.
Candidate_046,Software Developer,Speaking,3.12,3.62,0.0,0.6739999999999999,22.91,0.496,49.6,2,20,True,CIP pathway available,Review mapped CIP education pathways,Lower,Lower,Consider developing Speaking as an additional skill for the target occupation. Review mapped CIP education pathways for this occupation.
Candidate_046,Software Developer,Monitoring,3.0,3.5,0.0,0.6499999999999999,22.91,0.482,48.16,3,20,True,CIP pathway available,Review mapped CIP education pathways,Lower,Lower,Consider developing Monitoring as an additional skill for the target occupation. Review mapped CIP education pathways for this occupation.
Candidate_047,Administrative Assistant,Science,1.0,0.0,0.0,0.1,43.85,0.235,23.54,1,2,True,CIP pathway available,Review mapped CIP education pathways,Lower,Moderate,Consider developing Science as an additional skill for the target occupation. Review mapped CIP education pathways for this occupation.
Candidate_047,Bookkeeper,Science,1.12,0.12,0.0,0.12400000000000001,29.92,0.194,19.41,1,0,False,No mapped CIP pathway available,Investigate education/training pathways separately,Lower,Lower,Consider developing Science as an additional skill for the target occupation. Investigate relevant education or training pathways separately because no mapped CIP pathway is available.
Candidate_047,Continuing Care Assistant,Science,1.75,0.88,0.0,0.263,43.96,0.334,33.36,1,0,False,No mapped CIP pathway available,Investigate education/training pathways separately,Lower,Moderate,Consider developing Science as an additional skill for the target occupation. Investigate relevant education or training pathways separately because no mapped CIP pathway is available.
Candidate_047,Delivery Driver,Science,1.12,0.12,0.0,0.12400000000000001,37.05,0.223,22.26,1,0,False,No mapped CIP pathway available,Investigate education/training pathways separately,Lower,Lower,Consider developing Science as an additional skill for the target occupation. Investigate relevant education or training pathways separately because no mapped CIP pathway is available.
Candidate_047,"Driver, Truck",Science,1.0,0.0,0.0,0.1,88.8,0.415,41.52,1,0,False,No mapped CIP pathway available,Investigate education/training pathways separately,Lower,High,Consider developing Science because the target occupation shows high Canadian labour demand (88.80%). Investigate relevant education or training pathways separately because no mapped CIP pathway is available.
Candidate_047,Food Service Supervisor,Science,1.0,0.0,0.0,0.1,68.33,0.333,33.33,1,5,True,CIP pathway available,Review mapped CIP education pathways,Lower,Moderate,Consider developing Science as an additional skill for the target occupation. Review mapped CIP education pathways for this occupation.
Candidate_047,Information Technology (IT) Analyst,Science,2.75,3.12,0.0,0.587,26.64,0.459,45.88,1,0,False,No mapped CIP pathway available,Investigate education/training pathways separately,Lower,Lower,Consider developing Science as an additional skill for the target occupation. Investigate relevant education or training pathways separately because no mapped CIP pathway is available.
Candidate_047,Inside Sales Representative,Science,1.0,0.0,0.0,0.1,86.44,0.406,40.58,1,0,False,No CIP pathway in crosswalk,Investigate education/training pathways separately,Lower,High,Consider developing Science because the target occupation shows high Canadian labour demand (86.44%). Investigate relevant education or training pathways separately because no mapped CIP pathway is available.
Candidate_047,Licensed Practical Nurse (L.P.N.),Science,2.62,2.62,0.0,0.524,30.39,0.436,43.6,1,0,False,No mapped CIP pathway available,Investigate education/training pathways separately,Lower,Lower,Consider developing Science as an additional skill for the target occupation. Investigate relevant education or training pathways separately because no mapped CIP pathway is available.
Candidate_047,Office Administrator,Science,1.38,0.38,0.0,0.176,52.86,0.317,31.7,1,0,False,No mapped CIP pathway available,Investigate education/training pathways separately,Lower,Moderate,Consider developing Science as an additional skill for the target occupation. Investigate relevant education or training pathways separately because no mapped CIP pathway is available.
Candidate_047,Office Manager,Science,1.0,0.0,0.0,0.1,52.86,0.271,27.14,1,13,True,CIP pathway available,Review mapped CIP education pathways,Lower,Moderate,Consider developing Science as an additional skill for the target occupation. Review mapped CIP education pathways for this occupation.
Candidate_047,Restaurant Manager,Science,1.62,0.62,0.0,0.224,58.65,0.369,36.9,1,0,False,No mapped CIP pathway available,Investigate education/training pathways separately,Lower,Moderate,Consider developing Science as an additional skill for the target occupation. Investigate relevant education or training pathways separately because no mapped CIP pathway is available.
Candidate_047,Retail Sales Associate,Science,1.0,0.0,0.0,0.1,86.44,0.406,40.58,1,0,False,No CIP pathway in crosswalk,Investigate education/training pathways separately,Lower,High,Consider developing Science because the target occupation shows high Canadian labour demand (86.44%). Investigate relevant education or training pathways separately because no mapped CIP pathway is available.
Candidate_047,Secondary School Teacher,Science,2.0,1.88,0.0,0.388,36.36,0.378,37.82,1,0,False,No mapped CIP pathway available,Investigate education/training pathways separately,Lower,Lower,Consider developing Science as an additional skill for the target occupation. Investigate relevant education or training pathways separately because no mapped CIP pathway is available.
Candidate_047,Software Developer,Science,2.12,1.88,0.0,0.4,22.91,0.332,33.16,1,0,False,No mapped CIP pathway available,Investigate education/training pathways separately,Lower,Lower,Consider developing Science as an additional skill for the target occupation. Investigate relevant education or training pathways separately because no mapped CIP pathway is available.
Candidate_048,Administrative Assistant,Active Listening,4.0,3.75,0.0,0.775,43.85,0.64,64.04,1,0,False,No mapped CIP pathway available,Investigate education/training pathways separately,Medium,Moderate,Consider developing Active Listening as a medium-priority skill gap (64.04%). Investigate relevant education or training pathways separately because no mapped CIP pathway is available.
Candidate_048,Administrative Assistant,Speaking,4.0,3.62,0.0,0.762,43.85,0.633,63.26,2,0,False,No mapped CIP pathway available,Investigate education/training pathways separately,Medium,Moderate,Consider developing Speaking as a medium-priority skill gap (63.26%). Investigate relevant education or training pathways separately because no mapped CIP pathway is available.
Candidate_048,Administrative Assistant,Monitoring,3.12,3.25,0.0,0.637,43.85,0.558,55.76,3,0,False,No mapped CIP pathway available,Investigate education/training pathways separately,Medium,Moderate,Consider developing Monitoring as a medium-priority skill gap (55.76%). Investigate relevant education or training pathways separately because no mapped CIP pathway is available.
Candidate_048,Bookkeeper,Active Listening,3.25,3.75,0.0,0.7,29.92,0.54,53.97,1,1,True,CIP pathway available,Review mapped CIP education pathways,Medium,Lower,Consider developing Active Listening as a medium-priority skill gap (53.97%). Review mapped CIP education pathways for this occupation.
Candidate_048,Bookkeeper,Speaking,3.12,3.12,0.0,0.624,29.92,0.494,49.41,2,1,True,CIP pathway available,Review mapped CIP education pathways,Lower,Lower,Consider developing Speaking as an additional skill for the target occupation. Review mapped CIP education pathways for this occupation.
Candidate_048,Bookkeeper,Monitoring,3.0,2.88,0.0,0.588,29.92,0.472,47.25,3,1,True,CIP pathway available,Review mapped CIP education pathways,Lower,Lower,Consider developing Monitoring as an additional skill for the target occupation. Review mapped CIP education pathways for this occupation.
Candidate_048,Continuing Care Assistant,Active Listening,3.62,3.0,0.0,0.6619999999999999,43.96,0.573,57.3,1,0,False,No mapped CIP pathway available,Investigate education/training pathways separately,Medium,Moderate,Consider developing Active Listening as a medium-priority skill gap (57.30%). Investigate relevant education or training pathways separately because no mapped CIP pathway is available.
Candidate_048,Continuing Care Assistant,Monitoring,3.25,3.0,0.0,0.625,43.96,0.551,55.08,2,0,False,No mapped CIP pathway available,Investigate education/training pathways separately,Medium,Moderate,Consider developing Monitoring as a medium-priority skill gap (55.08%). Investigate relevant education or training pathways separately because no mapped CIP pathway is available.
Candidate_048,Continuing Care Assistant,Speaking,3.12,3.0,0.0,0.612,43.96,0.543,54.3,3,0,False,No mapped CIP pathway available,Investigate education/training pathways separately,Medium,Moderate,Consider developing Speaking as a medium-priority skill gap (54.30%). Investigate relevant education or training pathways separately because no mapped CIP pathway is available.
Candidate_048,Delivery Driver,Active Listening,3.12,2.88,0.0,0.6,37.05,0.508,50.82,1,0,False,No mapped CIP pathway available,Investigate education/training pathways separately,Medium,Lower,Consider developing Active Listening as a medium-priority skill gap (50.82%). Investigate relevant education or training pathways separately because no mapped CIP pathway is available.
Candidate_048,Delivery Driver,Speaking,3.12,2.88,0.0,0.6,37.05,0.508,50.82,1,0,False,No mapped CIP pathway available,Investigate education/training pathways separately,Medium,Lower,Consider developing Speaking as a medium-priority skill gap (50.82%). Investigate relevant education or training pathways separately because no mapped CIP pathway is available.
Candidate_048,Delivery Driver,Monitoring,3.12,2.75,0.0,0.587,37.05,0.5,50.04,2,0,False,No mapped CIP pathway available,Investigate education/training pathways separately,Medium,Lower,Consider developing Monitoring as a medium-priority skill gap (50.04%). Investigate relevant education or training pathways separately because no mapped CIP pathway is available.
Candidate_048,"Driver, Truck",Monitoring,3.12,3.0,0.0,0.612,88.8,0.722,72.24,1,0,False,No mapped CIP pathway available,Investigate education/training pathways separately,High,High,Prioritize developing Monitoring. The skill gap has high prescriptive priority (72.24%) and the occupation has high Canadian labour demand (88.80%). Investigate relevant education or training pathways separately because no mapped CIP pathway is available.
Candidate_048,"Driver, Truck",Active Listening,2.88,3.0,0.0,0.588,88.8,0.708,70.8,2,0,False,No mapped CIP pathway available,Investigate education/training pathways separately,High,High,Prioritize developing Active Listening. The skill gap has high prescriptive priority (70.80%) and the occupation has high Canadian labour demand (88.80%). Investigate relevant education or training pathways separately because no mapped CIP pathway is available.
Candidate_048,"Driver, Truck",Speaking,3.0,2.88,0.0,0.588,88.8,0.708,70.8,2,0,False,No mapped CIP pathway available,Investigate education/training pathways separately,High,High,Prioritize developing Speaking. The skill gap has high prescriptive priority (70.80%) and the occupation has high Canadian labour demand (88.80%). Investigate relevant education or training pathways separately because no mapped CIP pathway is available.
Candidate_048,Food Service Supervisor,Monitoring,3.88,4.0,0.0,0.788,68.33,0.746,74.61,1,0,False,No mapped CIP pathway available,Investigate education/training pathways separately,High,Moderate,Prioritize developing Monitoring. The skill gap has high prescriptive priority (74.61%). Investigate relevant education or training pathways separately because no mapped CIP pathway is available.
Candidate_048,Food Service Supervisor,Speaking,3.88,4.0,0.0,0.788,68.33,0.746,74.61,1,0,False,No mapped CIP pathway available,Investigate education/training pathways separately,High,Moderate,Prioritize developing Speaking. The skill gap has high prescriptive priority (74.61%). Investigate relevant education or training pathways separately because no mapped CIP pathway is available.
Candidate_048,Food Service Supervisor,Active Listening,3.75,3.0,0.0,0.675,68.33,0.678,67.83,2,0,False,No mapped CIP pathway available,Investigate education/training pathways separately,Medium,Moderate,Consider developing Active Listening as a medium-priority skill gap (67.83%). Investigate relevant education or training pathways separately because no mapped CIP pathway is available.
Candidate_048,Information Technology (IT) Analyst,Active Listening,4.0,4.12,0.0,0.812,26.64,0.594,59.38,1,0,False,No mapped CIP pathway available,Investigate education/training pathways separately,Medium,Lower,Consider developing Active Listening as a medium-priority skill gap (59.38%). Investigate relevant education or training pathways separately because no mapped CIP pathway is available.
Candidate_048,Information Technology (IT) Analyst,Speaking,4.0,4.0,0.0,0.8,26.64,0.587,58.66,2,0,False,No mapped CIP pathway available,Investigate education/training pathways separately,Medium,Lower,Consider developing Speaking as a medium-priority skill gap (58.66%). Investigate relevant education or training pathways separately because no mapped CIP pathway is available.
Candidate_048,Information Technology (IT) Analyst,Monitoring,3.62,4.0,0.0,0.762,26.64,0.564,56.38,3,0,False,No mapped CIP pathway available,Investigate education/training pathways separately,Medium,Lower,Consider developing Monitoring as a medium-priority skill gap (56.38%). Investigate relevant education or training pathways separately because no mapped CIP pathway is available.
Candidate_048,Inside Sales Representative,Active Listening,3.75,3.75,0.0,0.75,86.44,0.796,79.58,1,0,False,No mapped CIP pathway available,Investigate education/training pathways separately,High,High,Prioritize developing Active Listening. The skill gap has high prescriptive priority (79.58%) and the occupation has high Canadian labour demand (86.44%). Investigate relevant education or training pathways separately because no mapped CIP pathway is available.
Candidate_048,Inside Sales Representative,Speaking,3.75,3.12,0.0,0.687,86.44,0.758,75.8,2,0,False,No mapped CIP pathway available,Investigate education/training pathways separately,High,High,Prioritize developing Speaking. The skill gap has high prescriptive priority (75.80%) and the occupation has high Canadian labour demand (86.44%). Investigate relevant education or training pathways separately because no mapped CIP pathway is available.
Candidate_048,Inside Sales Representative,Monitoring,3.0,3.12,0.0,0.612,86.44,0.713,71.3,3,0,False,No mapped CIP pathway available,Investigate education/training pathways separately,High,High,Prioritize developing Monitoring. The skill gap has high prescriptive priority (71.30%) and the occupation has high Canadian labour demand (86.44%). Investigate relevant education or training pathways separately because no mapped CIP pathway is available.
Candidate_048,Licensed Practical Nurse (L.P.N.),Active Listening,3.88,4.0,0.0,0.788,30.39,0.594,59.44,1,0,False,No mapped CIP pathway available,Investigate education/training pathways separately,Medium,Lower,Consider developing Active Listening as a medium-priority skill gap (59.44%). Investigate relevant education or training pathways separately because no mapped CIP pathway is available.
Candidate_048,Licensed Practical Nurse (L.P.N.),Monitoring,3.88,4.0,0.0,0.788,30.39,0.594,59.44,1,0,False,No mapped CIP pathway available,Investigate education/training pathways separately,Medium,Lower,Consider developing Monitoring as a medium-priority skill gap (59.44%). Investigate relevant education or training pathways separately because no mapped CIP pathway is available.
Candidate_048,Licensed Practical Nurse (L.P.N.),Speaking,3.88,4.0,0.0,0.788,30.39,0.594,59.44,1,0,False,No mapped CIP pathway available,Investigate education/training pathways separately,Medium,Lower,Consider developing Speaking as a medium-priority skill gap (59.44%). Investigate relevant education or training pathways separately because no mapped CIP pathway is available.
Candidate_048,Office Administrator,Active Listening,4.0,4.0,0.0,0.8,52.86,0.691,69.14,1,13,True,CIP pathway available,Review mapped CIP education pathways,Medium,Moderate,Consider developing Active Listening as a medium-priority skill gap (69.14%). Review mapped CIP education pathways for this occupation.
Candidate_048,Office Administrator,Monitoring,4.0,4.0,0.0,0.8,52.86,0.691,69.14,1,13,True,CIP pathway available,Review mapped CIP education pathways,Medium,Moderate,Consider developing Monitoring as a medium-priority skill gap (69.14%). Review mapped CIP education pathways for this occupation.
Candidate_048,Office Administrator,Speaking,4.0,4.0,0.0,0.8,52.86,0.691,69.14,1,13,True,CIP pathway available,Review mapped CIP education pathways,Medium,Moderate,Consider developing Speaking as a medium-priority skill gap (69.14%). Review mapped CIP education pathways for this occupation.
Candidate_048,Office Manager,Monitoring,4.0,4.0,0.0,0.8,52.86,0.691,69.14,1,13,True,CIP pathway available,Review mapped CIP education pathways,Medium,Moderate,Consider developing Monitoring as a medium-priority skill gap (69.14%). Review mapped CIP education pathways for this occupation.
Candidate_048,Office Manager,Speaking,4.0,4.0,0.0,0.8,52.86,0.691,69.14,1,13,True,CIP pathway available,Review mapped CIP education pathways,Medium,Moderate,Consider developing Speaking as a medium-priority skill gap (69.14%). Review mapped CIP education pathways for this occupation.
Candidate_048,Office Manager,Active Listening,4.0,3.88,0.0,0.788,52.86,0.684,68.42,2,13,True,CIP pathway available,Review mapped CIP education pathways,Medium,Moderate,Consider developing Active Listening as a medium-priority skill gap (68.42%). Review mapped CIP education pathways for this occupation.
Candidate_048,Restaurant Manager,Speaking,3.88,4.0,0.0,0.788,58.65,0.707,70.74,1,0,False,No mapped CIP pathway available,Investigate education/training pathways separately,High,Moderate,Prioritize developing Speaking. The skill gap has high prescriptive priority (70.74%). Investigate relevant education or training pathways separately because no mapped CIP pathway is available.
Candidate_048,Restaurant Manager,Monitoring,3.88,3.88,0.0,0.776,58.65,0.7,70.02,2,0,False,No mapped CIP pathway available,Investigate education/training pathways separately,High,Moderate,Prioritize developing Monitoring. The skill gap has high prescriptive priority (70.02%). Investigate relevant education or training pathways separately because no mapped CIP pathway is available.
Candidate_048,Restaurant Manager,Active Listening,3.88,3.5,0.0,0.738,58.65,0.677,67.74,3,0,False,No mapped CIP pathway available,Investigate education/training pathways separately,Medium,Moderate,Consider developing Active Listening as a medium-priority skill gap (67.74%). Investigate relevant education or training pathways separately because no mapped CIP pathway is available.
Candidate_048,Retail Sales Associate,Active Listening,3.75,3.75,0.0,0.75,86.44,0.796,79.58,1,0,False,No mapped CIP pathway available,Investigate education/training pathways separately,High,High,Prioritize developing Active Listening. The skill gap has high prescriptive priority (79.58%) and the occupation has high Canadian labour demand (86.44%). Investigate relevant education or training pathways separately because no mapped CIP pathway is available.
Candidate_048,Retail Sales Associate,Speaking,3.75,3.12,0.0,0.687,86.44,0.758,75.8,2,0,False,No mapped CIP pathway available,Investigate education/training pathways separately,High,High,Prioritize developing Speaking. The skill gap has high prescriptive priority (75.80%) and the occupation has high Canadian labour demand (86.44%). Investigate relevant education or training pathways separately because no mapped CIP pathway is available.
Candidate_048,Retail Sales Associate,Monitoring,3.0,3.12,0.0,0.612,86.44,0.713,71.3,3,0,False,No mapped CIP pathway available,Investigate education/training pathways separately,High,High,Prioritize developing Monitoring. The skill gap has high prescriptive priority (71.30%) and the occupation has high Canadian labour demand (86.44%). Investigate relevant education or training pathways separately because no mapped CIP pathway is available.
Candidate_048,Secondary School Teacher,Speaking,4.0,4.12,0.0,0.812,36.36,0.633,63.26,1,92,True,CIP pathway available,Review mapped CIP education pathways,Medium,Lower,Consider developing Speaking as a medium-priority skill gap (63.26%). Review mapped CIP education pathways for this occupation.
Candidate_048,Secondary School Teacher,Active Listening,4.0,4.0,0.0,0.8,36.36,0.625,62.54,2,92,True,CIP pathway available,Review mapped CIP education pathways,Medium,Lower,Consider developing Active Listening as a medium-priority skill gap (62.54%). Review mapped CIP education pathways for this occupation.
Candidate_048,Secondary School Teacher,Monitoring,3.88,4.0,0.0,0.788,36.36,0.618,61.82,3,92,True,CIP pathway available,Review mapped CIP education pathways,Medium,Lower,Consider developing Monitoring as a medium-priority skill gap (61.82%). Review mapped CIP education pathways for this occupation.
Candidate_048,Software Developer,Active Listening,3.38,3.88,0.0,0.726,22.91,0.527,52.72,1,20,True,CIP pathway available,Review mapped CIP education pathways,Medium,Lower,Consider developing Active Listening as a medium-priority skill gap (52.72%). Review mapped CIP education pathways for this occupation.
Candidate_048,Software Developer,Speaking,3.12,3.62,0.0,0.6739999999999999,22.91,0.496,49.6,2,20,True,CIP pathway available,Review mapped CIP education pathways,Lower,Lower,Consider developing Speaking as an additional skill for the target occupation. Review mapped CIP education pathways for this occupation.
Candidate_048,Software Developer,Monitoring,3.0,3.5,0.0,0.6499999999999999,22.91,0.482,48.16,3,20,True,CIP pathway available,Review mapped CIP education pathways,Lower,Lower,Consider developing Monitoring as an additional skill for the target occupation. Review mapped CIP education pathways for this occupation.
Candidate_049,Administrative Assistant,Active Listening,4.0,3.75,0.0,0.775,43.85,0.64,64.04,1,2,True,CIP pathway available,Review mapped CIP education pathways,Medium,Moderate,Consider developing Active Listening as a medium-priority skill gap (64.04%). Review mapped CIP education pathways for this occupation.
Candidate_049,Administrative Assistant,Speaking,4.0,3.62,0.0,0.762,43.85,0.633,63.26,2,2,True,CIP pathway available,Review mapped CIP education pathways,Medium,Moderate,Consider developing Speaking as a medium-priority skill gap (63.26%). Review mapped CIP education pathways for this occupation.
Candidate_049,Administrative Assistant,Learning Strategies,2.12,1.88,0.0,0.4,43.85,0.415,41.54,3,2,True,CIP pathway available,Review mapped CIP education pathways,Lower,Moderate,Consider developing Learning Strategies as an additional skill for the target occupation. Review mapped CIP education pathways for this occupation.
Candidate_049,Bookkeeper,Active Listening,3.25,3.75,0.0,0.7,29.92,0.54,53.97,1,0,False,No mapped CIP pathway available,Investigate education/training pathways separately,Medium,Lower,Consider developing Active Listening as a medium-priority skill gap (53.97%). Investigate relevant education or training pathways separately because no mapped CIP pathway is available.
Candidate_049,Bookkeeper,Mathematics,3.38,3.38,0.0,0.6759999999999999,29.92,0.525,52.53,2,0,False,No mapped CIP pathway available,Investigate education/training pathways separately,Medium,Lower,Consider developing Mathematics as a medium-priority skill gap (52.53%). Investigate relevant education or training pathways separately because no mapped CIP pathway is available.
Candidate_049,Bookkeeper,Speaking,3.12,3.12,0.0,0.624,29.92,0.494,49.41,3,0,False,No mapped CIP pathway available,Investigate education/training pathways separately,Lower,Lower,Consider developing Speaking as an additional skill for the target occupation. Investigate relevant education or training pathways separately because no mapped CIP pathway is available.
Candidate_049,Continuing Care Assistant,Active Listening,3.62,3.0,0.0,0.6619999999999999,43.96,0.573,57.3,1,0,False,No mapped CIP pathway available,Investigate education/training pathways separately,Medium,Moderate,Consider developing Active Listening as a medium-priority skill gap (57.30%). Investigate relevant education or training pathways separately because no mapped CIP pathway is available.
Candidate_049,Continuing Care Assistant,Speaking,3.12,3.0,0.0,0.612,43.96,0.543,54.3,2,0,False,No mapped CIP pathway available,Investigate education/training pathways separately,Medium,Moderate,Consider developing Speaking as a medium-priority skill gap (54.30%). Investigate relevant education or training pathways separately because no mapped CIP pathway is available.
Candidate_049,Continuing Care Assistant,Learning Strategies,2.38,2.12,0.0,0.45,43.96,0.446,44.58,3,0,False,No mapped CIP pathway available,Investigate education/training pathways separately,Lower,Moderate,Consider developing Learning Strategies as an additional skill for the target occupation. Investigate relevant education or training pathways separately because no mapped CIP pathway is available.
Candidate_049,Delivery Driver,Active Listening,3.12,2.88,0.0,0.6,37.05,0.508,50.82,1,1,True,CIP pathway available,Review mapped CIP education pathways,Medium,Lower,Consider developing Active Listening as a medium-priority skill gap (50.82%). Review mapped CIP education pathways for this occupation.
Candidate_049,Delivery Driver,Speaking,3.12,2.88,0.0,0.6,37.05,0.508,50.82,1,1,True,CIP pathway available,Review mapped CIP education pathways,Medium,Lower,Consider developing Speaking as a medium-priority skill gap (50.82%). Review mapped CIP education pathways for this occupation.
Candidate_049,Delivery Driver,Mathematics,2.25,2.12,0.0,0.43700000000000006,37.05,0.41,41.04,2,1,True,CIP pathway available,Review mapped CIP education pathways,Lower,Lower,Consider developing Mathematics as an additional skill for the target occupation. Review mapped CIP education pathways for this occupation.
Candidate_049,"Driver, Truck",Active Listening,2.88,3.0,0.0,0.588,88.8,0.708,70.8,1,1,True,CIP pathway available,Review mapped CIP education pathways,High,High,Prioritize developing Active Listening. The skill gap has high prescriptive priority (70.80%) and the occupation has high Canadian labour demand (88.80%). Review mapped CIP education pathways for this occupation.
Candidate_049,"Driver, Truck",Speaking,3.0,2.88,0.0,0.588,88.8,0.708,70.8,1,1,True,CIP pathway available,Review mapped CIP education pathways,High,High,Prioritize developing Speaking. The skill gap has high prescriptive priority (70.80%) and the occupation has high Canadian labour demand (88.80%). Review mapped CIP education pathways for this occupation.
Candidate_049,"Driver, Truck",Mathematics,2.0,1.88,0.0,0.388,88.8,0.588,58.8,2,1,True,CIP pathway available,Review mapped CIP education pathways,Medium,High,Consider developing Mathematics because the target occupation shows high Canadian labour demand (88.80%). Review mapped CIP education pathways for this occupation.
Candidate_049,Food Service Supervisor,Speaking,3.88,4.0,0.0,0.788,68.33,0.746,74.61,1,0,False,No mapped CIP pathway available,Investigate education/training pathways separately,High,Moderate,Prioritize developing Speaking. The skill gap has high prescriptive priority (74.61%). Investigate relevant education or training pathways separately because no mapped CIP pathway is available.
Candidate_049,Food Service Supervisor,Active Listening,3.75,3.0,0.0,0.675,68.33,0.678,67.83,2,0,False,No mapped CIP pathway available,Investigate education/training pathways separately,Medium,Moderate,Consider developing Active Listening as a medium-priority skill gap (67.83%). Investigate relevant education or training pathways separately because no mapped CIP pathway is available.
Candidate_049,Food Service Supervisor,Learning Strategies,3.12,3.12,0.0,0.624,68.33,0.648,64.77,3,0,False,No mapped CIP pathway available,Investigate education/training pathways separately,Medium,Moderate,Consider developing Learning Strategies as a medium-priority skill gap (64.77%). Investigate relevant education or training pathways separately because no mapped CIP pathway is available.
Candidate_049,Information Technology (IT) Analyst,Active Listening,4.0,4.12,0.0,0.812,26.64,0.594,59.38,1,0,False,No mapped CIP pathway available,Investigate education/training pathways separately,Medium,Lower,Consider developing Active Listening as a medium-priority skill gap (59.38%). Investigate relevant education or training pathways separately because no mapped CIP pathway is available.
Candidate_049,Information Technology (IT) Analyst,Speaking,4.0,4.0,0.0,0.8,26.64,0.587,58.66,2,0,False,No mapped CIP pathway available,Investigate education/training pathways separately,Medium,Lower,Consider developing Speaking as a medium-priority skill gap (58.66%). Investigate relevant education or training pathways separately because no mapped CIP pathway is available.
Candidate_049,Information Technology (IT) Analyst,Learning Strategies,3.75,4.0,0.0,0.775,26.64,0.572,57.16,3,0,False,No mapped CIP pathway available,Investigate education/training pathways separately,Medium,Lower,Consider developing Learning Strategies as a medium-priority skill gap (57.16%). Investigate relevant education or training pathways separately because no mapped CIP pathway is available.
Candidate_049,Inside Sales Representative,Active Listening,3.75,3.75,0.0,0.75,86.44,0.796,79.58,1,0,False,No mapped CIP pathway available,Investigate education/training pathways separately,High,High,Prioritize developing Active Listening. The skill gap has high prescriptive priority (79.58%) and the occupation has high Canadian labour demand (86.44%). Investigate relevant education or training pathways separately because no mapped CIP pathway is available.
Candidate_049,Inside Sales Representative,Speaking,3.75,3.12,0.0,0.687,86.44,0.758,75.8,2,0,False,No mapped CIP pathway available,Investigate education/training pathways separately,High,High,Prioritize developing Speaking. The skill gap has high prescriptive priority (75.80%) and the occupation has high Canadian labour demand (86.44%). Investigate relevant education or training pathways separately because no mapped CIP pathway is available.
Candidate_049,Inside Sales Representative,Learning Strategies,2.62,2.25,0.0,0.487,86.44,0.638,63.8,3,0,False,No mapped CIP pathway available,Investigate education/training pathways separately,Medium,High,Consider developing Learning Strategies because the target occupation shows high Canadian labour demand (86.44%). Investigate relevant education or training pathways separately because no mapped CIP pathway is available.
Candidate_049,Licensed Practical Nurse (L.P.N.),Active Listening,3.88,4.0,0.0,0.788,30.39,0.594,59.44,1,0,False,No mapped CIP pathway available,Investigate education/training pathways separately,Medium,Lower,Consider developing Active Listening as a medium-priority skill gap (59.44%). Investigate relevant education or training pathways separately because no mapped CIP pathway is available.
Candidate_049,Licensed Practical Nurse (L.P.N.),Speaking,3.88,4.0,0.0,0.788,30.39,0.594,59.44,1,0,False,No mapped CIP pathway available,Investigate education/training pathways separately,Medium,Lower,Consider developing Speaking as a medium-priority skill gap (59.44%). Investigate relevant education or training pathways separately because no mapped CIP pathway is available.
Candidate_049,Licensed Practical Nurse (L.P.N.),Learning Strategies,3.12,3.12,0.0,0.624,30.39,0.496,49.6,2,0,False,No mapped CIP pathway available,Investigate education/training pathways separately,Lower,Lower,Consider developing Learning Strategies as an additional skill for the target occupation. Investigate relevant education or training pathways separately because no mapped CIP pathway is available.
Candidate_049,Office Administrator,Active Listening,4.0,4.0,0.0,0.8,52.86,0.691,69.14,1,0,False,No mapped CIP pathway available,Investigate education/training pathways separately,Medium,Moderate,Consider developing Active Listening as a medium-priority skill gap (69.14%). Investigate relevant education or training pathways separately because no mapped CIP pathway is available.
Candidate_049,Office Administrator,Speaking,4.0,4.0,0.0,0.8,52.86,0.691,69.14,1,0,False,No mapped CIP pathway available,Investigate education/training pathways separately,Medium,Moderate,Consider developing Speaking as a medium-priority skill gap (69.14%). Investigate relevant education or training pathways separately because no mapped CIP pathway is available.
Candidate_049,Office Administrator,Learning Strategies,3.62,3.75,0.0,0.737,52.86,0.654,65.36,2,0,False,No mapped CIP pathway available,Investigate education/training pathways separately,Medium,Moderate,Consider developing Learning Strategies as a medium-priority skill gap (65.36%). Investigate relevant education or training pathways separately because no mapped CIP pathway is available.
Candidate_049,Office Manager,Speaking,4.0,4.0,0.0,0.8,52.86,0.691,69.14,1,13,True,CIP pathway available,Review mapped CIP education pathways,Medium,Moderate,Consider developing Speaking as a medium-priority skill gap (69.14%). Review mapped CIP education pathways for this occupation.
Candidate_049,Office Manager,Active Listening,4.0,3.88,0.0,0.788,52.86,0.684,68.42,2,13,True,CIP pathway available,Review mapped CIP education pathways,Medium,Moderate,Consider developing Active Listening as a medium-priority skill gap (68.42%). Review mapped CIP education pathways for this occupation.
Candidate_049,Office Manager,Learning Strategies,3.62,3.75,0.0,0.737,52.86,0.654,65.36,3,13,True,CIP pathway available,Review mapped CIP education pathways,Medium,Moderate,Consider developing Learning Strategies as a medium-priority skill gap (65.36%). Review mapped CIP education pathways for this occupation.
Candidate_049,Restaurant Manager,Speaking,3.88,4.0,0.0,0.788,58.65,0.707,70.74,1,0,False,No mapped CIP pathway available,Investigate education/training pathways separately,High,Moderate,Prioritize developing Speaking. The skill gap has high prescriptive priority (70.74%). Investigate relevant education or training pathways separately because no mapped CIP pathway is available.
Candidate_049,Restaurant Manager,Active Listening,3.88,3.5,0.0,0.738,58.65,0.677,67.74,2,0,False,No mapped CIP pathway available,Investigate education/training pathways separately,Medium,Moderate,Consider developing Active Listening as a medium-priority skill gap (67.74%). Investigate relevant education or training pathways separately because no mapped CIP pathway is available.
Candidate_049,Restaurant Manager,Learning Strategies,3.12,3.12,0.0,0.624,58.65,0.609,60.9,3,0,False,No mapped CIP pathway available,Investigate education/training pathways separately,Medium,Moderate,Consider developing Learning Strategies as a medium-priority skill gap (60.90%). Investigate relevant education or training pathways separately because no mapped CIP pathway is available.
Candidate_049,Retail Sales Associate,Active Listening,3.75,3.75,0.0,0.75,86.44,0.796,79.58,1,0,False,No mapped CIP pathway available,Investigate education/training pathways separately,High,High,Prioritize developing Active Listening. The skill gap has high prescriptive priority (79.58%) and the occupation has high Canadian labour demand (86.44%). Investigate relevant education or training pathways separately because no mapped CIP pathway is available.
Candidate_049,Retail Sales Associate,Speaking,3.75,3.12,0.0,0.687,86.44,0.758,75.8,2,0,False,No mapped CIP pathway available,Investigate education/training pathways separately,High,High,Prioritize developing Speaking. The skill gap has high prescriptive priority (75.80%) and the occupation has high Canadian labour demand (86.44%). Investigate relevant education or training pathways separately because no mapped CIP pathway is available.
Candidate_049,Retail Sales Associate,Learning Strategies,2.62,2.25,0.0,0.487,86.44,0.638,63.8,3,0,False,No mapped CIP pathway available,Investigate education/training pathways separately,Medium,High,Consider developing Learning Strategies because the target occupation shows high Canadian labour demand (86.44%). Investigate relevant education or training pathways separately because no mapped CIP pathway is available.
Candidate_049,Secondary School Teacher,Learning Strategies,4.0,4.25,0.0,0.825,36.36,0.64,64.04,1,0,False,No mapped CIP pathway available,Investigate education/training pathways separately,Medium,Lower,Consider developing Learning Strategies as a medium-priority skill gap (64.04%). Investigate relevant education or training pathways separately because no mapped CIP pathway is available.
Candidate_049,Secondary School Teacher,Speaking,4.0,4.12,0.0,0.812,36.36,0.633,63.26,2,0,False,No mapped CIP pathway available,Investigate education/training pathways separately,Medium,Lower,Consider developing Speaking as a medium-priority skill gap (63.26%). Investigate relevant education or training pathways separately because no mapped CIP pathway is available.
Candidate_049,Secondary School Teacher,Active Listening,4.0,4.0,0.0,0.8,36.36,0.625,62.54,3,0,False,No mapped CIP pathway available,Investigate education/training pathways separately,Medium,Lower,Consider developing Active Listening as a medium-priority skill gap (62.54%). Investigate relevant education or training pathways separately because no mapped CIP pathway is available.
Candidate_049,Software Developer,Active Listening,3.38,3.88,0.0,0.726,22.91,0.527,52.72,1,20,True,CIP pathway available,Review mapped CIP education pathways,Medium,Lower,Consider developing Active Listening as a medium-priority skill gap (52.72%). Review mapped CIP education pathways for this occupation.
Candidate_049,Software Developer,Speaking,3.12,3.62,0.0,0.6739999999999999,22.91,0.496,49.6,2,20,True,CIP pathway available,Review mapped CIP education pathways,Lower,Lower,Consider developing Speaking as an additional skill for the target occupation. Review mapped CIP education pathways for this occupation.
Candidate_049,Software Developer,Mathematics,2.75,3.25,0.0,0.6000000000000001,22.91,0.452,45.16,3,20,True,CIP pathway available,Review mapped CIP education pathways,Lower,Lower,Consider developing Mathematics as an additional skill for the target occupation. Review mapped CIP education pathways for this occupation.
Candidate_050,Administrative Assistant,Mathematics,2.0,1.62,0.0,0.362,43.85,0.393,39.26,1,2,True,CIP pathway available,Review mapped CIP education pathways,Lower,Moderate,Consider developing Mathematics as an additional skill for the target occupation. Review mapped CIP education pathways for this occupation.
Candidate_050,Administrative Assistant,Science,1.0,0.0,0.0,0.1,43.85,0.235,23.54,2,2,True,CIP pathway available,Review mapped CIP education pathways,Lower,Moderate,Consider developing Science as an additional skill for the target occupation. Review mapped CIP education pathways for this occupation.
Candidate_050,Bookkeeper,Mathematics,3.38,3.38,0.0,0.6759999999999999,29.92,0.525,52.53,1,0,False,No mapped CIP pathway available,Investigate education/training pathways separately,Medium,Lower,Consider developing Mathematics as a medium-priority skill gap (52.53%). Investigate relevant education or training pathways separately because no mapped CIP pathway is available.
Candidate_050,Bookkeeper,Science,1.12,0.12,0.0,0.12400000000000001,29.92,0.194,19.41,2,0,False,No mapped CIP pathway available,Investigate education/training pathways separately,Lower,Lower,Consider developing Science as an additional skill for the target occupation. Investigate relevant education or training pathways separately because no mapped CIP pathway is available.
Candidate_050,Continuing Care Assistant,Mathematics,2.12,1.88,0.0,0.4,43.96,0.416,41.58,1,0,False,No mapped CIP pathway available,Investigate education/training pathways separately,Lower,Moderate,Consider developing Mathematics as an additional skill for the target occupation. Investigate relevant education or training pathways separately because no mapped CIP pathway is available.
Candidate_050,Continuing Care Assistant,Science,1.75,0.88,0.0,0.263,43.96,0.334,33.36,2,0,False,No mapped CIP pathway available,Investigate education/training pathways separately,Lower,Moderate,Consider developing Science as an additional skill for the target occupation. Investigate relevant education or training pathways separately because no mapped CIP pathway is available.
Candidate_050,Delivery Driver,Mathematics,2.25,2.12,0.0,0.43700000000000006,37.05,0.41,41.04,1,0,False,No mapped CIP pathway available,Investigate education/training pathways separately,Lower,Lower,Consider developing Mathematics as an additional skill for the target occupation. Investigate relevant education or training pathways separately because no mapped CIP pathway is available.
Candidate_050,Delivery Driver,Science,1.12,0.12,0.0,0.12400000000000001,37.05,0.223,22.26,2,0,False,No mapped CIP pathway available,Investigate education/training pathways separately,Lower,Lower,Consider developing Science as an additional skill for the target occupation. Investigate relevant education or training pathways separately because no mapped CIP pathway is available.
Candidate_050,"Driver, Truck",Mathematics,2.0,1.88,0.0,0.388,88.8,0.588,58.8,1,1,True,CIP pathway available,Review mapped CIP education pathways,Medium,High,Consider developing Mathematics because the target occupation shows high Canadian labour demand (88.80%). Review mapped CIP education pathways for this occupation.
Candidate_050,"Driver, Truck",Science,1.0,0.0,0.0,0.1,88.8,0.415,41.52,2,1,True,CIP pathway available,Review mapped CIP education pathways,Lower,High,Consider developing Science because the target occupation shows high Canadian labour demand (88.80%). Review mapped CIP education pathways for this occupation.
Candidate_050,Food Service Supervisor,Mathematics,3.0,3.0,0.0,0.6,68.33,0.633,63.33,1,0,False,No mapped CIP pathway available,Investigate education/training pathways separately,Medium,Moderate,Consider developing Mathematics as a medium-priority skill gap (63.33%). Investigate relevant education or training pathways separately because no mapped CIP pathway is available.
Candidate_050,Food Service Supervisor,Science,1.0,0.0,0.0,0.1,68.33,0.333,33.33,2,0,False,No mapped CIP pathway available,Investigate education/training pathways separately,Lower,Moderate,Consider developing Science as an additional skill for the target occupation. Investigate relevant education or training pathways separately because no mapped CIP pathway is available.
Candidate_050,Information Technology (IT) Analyst,Mathematics,3.0,3.38,0.0,0.6379999999999999,26.64,0.489,48.94,1,0,False,No mapped CIP pathway available,Investigate education/training pathways separately,Lower,Lower,Consider developing Mathematics as an additional skill for the target occupation. Investigate relevant education or training pathways separately because no mapped CIP pathway is available.
Candidate_050,Information Technology (IT) Analyst,Science,2.75,3.12,0.0,0.587,26.64,0.459,45.88,2,0,False,No mapped CIP pathway available,Investigate education/training pathways separately,Lower,Lower,Consider developing Science as an additional skill for the target occupation. Investigate relevant education or training pathways separately because no mapped CIP pathway is available.
Candidate_050,Inside Sales Representative,Mathematics,2.62,2.0,0.0,0.462,86.44,0.623,62.3,1,0,False,No CIP pathway in crosswalk,Investigate education/training pathways separately,Medium,High,Consider developing Mathematics because the target occupation shows high Canadian labour demand (86.44%). Investigate relevant education or training pathways separately because no mapped CIP pathway is available.
Candidate_050,Inside Sales Representative,Science,1.0,0.0,0.0,0.1,86.44,0.406,40.58,2,0,False,No CIP pathway in crosswalk,Investigate education/training pathways separately,Lower,High,Consider developing Science because the target occupation shows high Canadian labour demand (86.44%). Investigate relevant education or training pathways separately because no mapped CIP pathway is available.
Candidate_050,Licensed Practical Nurse (L.P.N.),Mathematics,2.88,2.88,0.0,0.576,30.39,0.467,46.72,1,0,False,No mapped CIP pathway available,Investigate education/training pathways separately,Lower,Lower,Consider developing Mathematics as an additional skill for the target occupation. Investigate relevant education or training pathways separately because no mapped CIP pathway is available.
Candidate_050,Licensed Practical Nurse (L.P.N.),Science,2.62,2.62,0.0,0.524,30.39,0.436,43.6,2,0,False,No mapped CIP pathway available,Investigate education/training pathways separately,Lower,Lower,Consider developing Science as an additional skill for the target occupation. Investigate relevant education or training pathways separately because no mapped CIP pathway is available.
Candidate_050,Office Administrator,Mathematics,2.75,2.75,0.0,0.55,52.86,0.541,54.14,1,13,True,CIP pathway available,Review mapped CIP education pathways,Medium,Moderate,Consider developing Mathematics as a medium-priority skill gap (54.14%). Review mapped CIP education pathways for this occupation.
Candidate_050,Office Administrator,Science,1.38,0.38,0.0,0.176,52.86,0.317,31.7,2,13,True,CIP pathway available,Review mapped CIP education pathways,Lower,Moderate,Consider developing Science as an additional skill for the target occupation. Review mapped CIP education pathways for this occupation.
Candidate_050,Office Manager,Mathematics,2.75,2.75,0.0,0.55,52.86,0.541,54.14,1,13,True,CIP pathway available,Review mapped CIP education pathways,Medium,Moderate,Consider developing Mathematics as a medium-priority skill gap (54.14%). Review mapped CIP education pathways for this occupation.
Candidate_050,Office Manager,Science,1.0,0.0,0.0,0.1,52.86,0.271,27.14,2,13,True,CIP pathway available,Review mapped CIP education pathways,Lower,Moderate,Consider developing Science as an additional skill for the target occupation. Review mapped CIP education pathways for this occupation.
Candidate_050,Restaurant Manager,Mathematics,2.88,2.88,0.0,0.576,58.65,0.58,58.02,1,0,False,No mapped CIP pathway available,Investigate education/training pathways separately,Medium,Moderate,Consider developing Mathematics as a medium-priority skill gap (58.02%). Investigate relevant education or training pathways separately because no mapped CIP pathway is available.
Candidate_050,Restaurant Manager,Science,1.62,0.62,0.0,0.224,58.65,0.369,36.9,2,0,False,No mapped CIP pathway available,Investigate education/training pathways separately,Lower,Moderate,Consider developing Science as an additional skill for the target occupation. Investigate relevant education or training pathways separately because no mapped CIP pathway is available.
Candidate_050,Retail Sales Associate,Mathematics,2.62,2.0,0.0,0.462,86.44,0.623,62.3,1,0,False,No mapped CIP pathway available,Investigate education/training pathways separately,Medium,High,Consider developing Mathematics because the target occupation shows high Canadian labour demand (86.44%). Investigate relevant education or training pathways separately because no mapped CIP pathway is available.
Candidate_050,Retail Sales Associate,Science,1.0,0.0,0.0,0.1,86.44,0.406,40.58,2,0,False,No mapped CIP pathway available,Investigate education/training pathways separately,Lower,High,Consider developing Science because the target occupation shows high Canadian labour demand (86.44%). Investigate relevant education or training pathways separately because no mapped CIP pathway is available.
Candidate_050,Secondary School Teacher,Mathematics,2.75,3.0,0.0,0.575,36.36,0.49,49.04,1,0,False,No mapped CIP pathway available,Investigate education/training pathways separately,Lower,Lower,Consider developing Mathematics as an additional skill for the target occupation. Investigate relevant education or training pathways separately because no mapped CIP pathway is available.
Candidate_050,Secondary School Teacher,Science,2.0,1.88,0.0,0.388,36.36,0.378,37.82,2,0,False,No mapped CIP pathway available,Investigate education/training pathways separately,Lower,Lower,Consider developing Science as an additional skill for the target occupation. Investigate relevant education or training pathways separately because no mapped CIP pathway is available.
Candidate_050,Software Developer,Mathematics,2.75,3.25,0.0,0.6000000000000001,22.91,0.452,45.16,1,0,False,No mapped CIP pathway available,Investigate education/training pathways separately,Lower,Lower,Consider developing Mathematics as an additional skill for the target occupation. Investigate relevant education or training pathways separately because no mapped CIP pathway is available.
Candidate_050,Software Developer,Science,2.12,1.88,0.0,0.4,22.91,0.332,33.16,2,0,False,No mapped CIP pathway available,Investigate education/training pathways separately,Lower,Lower,Consider developing Science as an additional skill for the target occupation. Investigate relevant education or training pathways separately because no mapped CIP pathway is available.
Candidate_051,Administrative Assistant,Active Listening,4.0,3.75,0.0,0.775,43.85,0.64,64.04,1,2,True,CIP pathway available,Review mapped CIP education pathways,Medium,Moderate,Consider developing Active Listening as a medium-priority skill gap (64.04%). Review mapped CIP education pathways for this occupation.
Candidate_051,Administrative Assistant,Speaking,4.0,3.62,0.0,0.762,43.85,0.633,63.26,2,2,True,CIP pathway available,Review mapped CIP education pathways,Medium,Moderate,Consider developing Speaking as a medium-priority skill gap (63.26%). Review mapped CIP education pathways for this occupation.
Candidate_051,Administrative Assistant,Monitoring,3.12,3.25,0.0,0.637,43.85,0.558,55.76,3,2,True,CIP pathway available,Review mapped CIP education pathways,Medium,Moderate,Consider developing Monitoring as a medium-priority skill gap (55.76%). Review mapped CIP education pathways for this occupation.
Candidate_051,Bookkeeper,Active Listening,3.25,3.75,0.0,0.7,29.92,0.54,53.97,1,0,False,No mapped CIP pathway available,Investigate education/training pathways separately,Medium,Lower,Consider developing Active Listening as a medium-priority skill gap (53.97%). Investigate relevant education or training pathways separately because no mapped CIP pathway is available.
Candidate_051,Bookkeeper,Mathematics,3.38,3.38,0.0,0.6759999999999999,29.92,0.525,52.53,2,0,False,No mapped CIP pathway available,Investigate education/training pathways separately,Medium,Lower,Consider developing Mathematics as a medium-priority skill gap (52.53%). Investigate relevant education or training pathways separately because no mapped CIP pathway is available.
Candidate_051,Bookkeeper,Speaking,3.12,3.12,0.0,0.624,29.92,0.494,49.41,3,0,False,No mapped CIP pathway available,Investigate education/training pathways separately,Lower,Lower,Consider developing Speaking as an additional skill for the target occupation. Investigate relevant education or training pathways separately because no mapped CIP pathway is available.
Candidate_051,Continuing Care Assistant,Active Listening,3.62,3.0,0.0,0.6619999999999999,43.96,0.573,57.3,1,0,False,No mapped CIP pathway available,Investigate education/training pathways separately,Medium,Moderate,Consider developing Active Listening as a medium-priority skill gap (57.30%). Investigate relevant education or training pathways separately because no mapped CIP pathway is available.
Candidate_051,Continuing Care Assistant,Monitoring,3.25,3.0,0.0,0.625,43.96,0.551,55.08,2,0,False,No mapped CIP pathway available,Investigate education/training pathways separately,Medium,Moderate,Consider developing Monitoring as a medium-priority skill gap (55.08%). Investigate relevant education or training pathways separately because no mapped CIP pathway is available.
Candidate_051,Continuing Care Assistant,Speaking,3.12,3.0,0.0,0.612,43.96,0.543,54.3,3,0,False,No mapped CIP pathway available,Investigate education/training pathways separately,Medium,Moderate,Consider developing Speaking as a medium-priority skill gap (54.30%). Investigate relevant education or training pathways separately because no mapped CIP pathway is available.
Candidate_051,Delivery Driver,Active Listening,3.12,2.88,0.0,0.6,37.05,0.508,50.82,1,0,False,No mapped CIP pathway available,Investigate education/training pathways separately,Medium,Lower,Consider developing Active Listening as a medium-priority skill gap (50.82%). Investigate relevant education or training pathways separately because no mapped CIP pathway is available.
Candidate_051,Delivery Driver,Speaking,3.12,2.88,0.0,0.6,37.05,0.508,50.82,1,0,False,No mapped CIP pathway available,Investigate education/training pathways separately,Medium,Lower,Consider developing Speaking as a medium-priority skill gap (50.82%). Investigate relevant education or training pathways separately because no mapped CIP pathway is available.
Candidate_051,Delivery Driver,Monitoring,3.12,2.75,0.0,0.587,37.05,0.5,50.04,2,0,False,No mapped CIP pathway available,Investigate education/training pathways separately,Medium,Lower,Consider developing Monitoring as a medium-priority skill gap (50.04%). Investigate relevant education or training pathways separately because no mapped CIP pathway is available.
Candidate_051,"Driver, Truck",Monitoring,3.12,3.0,0.0,0.612,88.8,0.722,72.24,1,1,True,CIP pathway available,Review mapped CIP education pathways,High,High,Prioritize developing Monitoring. The skill gap has high prescriptive priority (72.24%) and the occupation has high Canadian labour demand (88.80%). Review mapped CIP education pathways for this occupation.
Candidate_051,"Driver, Truck",Active Listening,2.88,3.0,0.0,0.588,88.8,0.708,70.8,2,1,True,CIP pathway available,Review mapped CIP education pathways,High,High,Prioritize developing Active Listening. The skill gap has high prescriptive priority (70.80%) and the occupation has high Canadian labour demand (88.80%). Review mapped CIP education pathways for this occupation.
Candidate_051,"Driver, Truck",Speaking,3.0,2.88,0.0,0.588,88.8,0.708,70.8,2,1,True,CIP pathway available,Review mapped CIP education pathways,High,High,Prioritize developing Speaking. The skill gap has high prescriptive priority (70.80%) and the occupation has high Canadian labour demand (88.80%). Review mapped CIP education pathways for this occupation.
Candidate_051,Food Service Supervisor,Monitoring,3.88,4.0,0.0,0.788,68.33,0.746,74.61,1,0,False,No mapped CIP pathway available,Investigate education/training pathways separately,High,Moderate,Prioritize developing Monitoring. The skill gap has high prescriptive priority (74.61%). Investigate relevant education or training pathways separately because no mapped CIP pathway is available.
Candidate_051,Food Service Supervisor,Speaking,3.88,4.0,0.0,0.788,68.33,0.746,74.61,1,0,False,No mapped CIP pathway available,Investigate education/training pathways separately,High,Moderate,Prioritize developing Speaking. The skill gap has high prescriptive priority (74.61%). Investigate relevant education or training pathways separately because no mapped CIP pathway is available.
Candidate_051,Food Service Supervisor,Active Listening,3.75,3.0,0.0,0.675,68.33,0.678,67.83,2,0,False,No mapped CIP pathway available,Investigate education/training pathways separately,Medium,Moderate,Consider developing Active Listening as a medium-priority skill gap (67.83%). Investigate relevant education or training pathways separately because no mapped CIP pathway is available.
Candidate_051,Information Technology (IT) Analyst,Active Listening,4.0,4.12,0.0,0.812,26.64,0.594,59.38,1,0,False,No mapped CIP pathway available,Investigate education/training pathways separately,Medium,Lower,Consider developing Active Listening as a medium-priority skill gap (59.38%). Investigate relevant education or training pathways separately because no mapped CIP pathway is available.
Candidate_051,Information Technology (IT) Analyst,Speaking,4.0,4.0,0.0,0.8,26.64,0.587,58.66,2,0,False,No mapped CIP pathway available,Investigate education/training pathways separately,Medium,Lower,Consider developing Speaking as a medium-priority skill gap (58.66%). Investigate relevant education or training pathways separately because no mapped CIP pathway is available.
Candidate_051,Information Technology (IT) Analyst,Learning Strategies,3.75,4.0,0.0,0.775,26.64,0.572,57.16,3,0,False,No mapped CIP pathway available,Investigate education/training pathways separately,Medium,Lower,Consider developing Learning Strategies as a medium-priority skill gap (57.16%). Investigate relevant education or training pathways separately because no mapped CIP pathway is available.
Candidate_051,Inside Sales Representative,Active Listening,3.75,3.75,0.0,0.75,86.44,0.796,79.58,1,0,False,No mapped CIP pathway available,Investigate education/training pathways separately,High,High,Prioritize developing Active Listening. The skill gap has high prescriptive priority (79.58%) and the occupation has high Canadian labour demand (86.44%). Investigate relevant education or training pathways separately because no mapped CIP pathway is available.
Candidate_051,Inside Sales Representative,Speaking,3.75,3.12,0.0,0.687,86.44,0.758,75.8,2,0,False,No mapped CIP pathway available,Investigate education/training pathways separately,High,High,Prioritize developing Speaking. The skill gap has high prescriptive priority (75.80%) and the occupation has high Canadian labour demand (86.44%). Investigate relevant education or training pathways separately because no mapped CIP pathway is available.
Candidate_051,Inside Sales Representative,Monitoring,3.0,3.12,0.0,0.612,86.44,0.713,71.3,3,0,False,No mapped CIP pathway available,Investigate education/training pathways separately,High,High,Prioritize developing Monitoring. The skill gap has high prescriptive priority (71.30%) and the occupation has high Canadian labour demand (86.44%). Investigate relevant education or training pathways separately because no mapped CIP pathway is available.
Candidate_051,Licensed Practical Nurse (L.P.N.),Active Listening,3.88,4.0,0.0,0.788,30.39,0.594,59.44,1,0,False,No mapped CIP pathway available,Investigate education/training pathways separately,Medium,Lower,Consider developing Active Listening as a medium-priority skill gap (59.44%). Investigate relevant education or training pathways separately because no mapped CIP pathway is available.
Candidate_051,Licensed Practical Nurse (L.P.N.),Monitoring,3.88,4.0,0.0,0.788,30.39,0.594,59.44,1,0,False,No mapped CIP pathway available,Investigate education/training pathways separately,Medium,Lower,Consider developing Monitoring as a medium-priority skill gap (59.44%). Investigate relevant education or training pathways separately because no mapped CIP pathway is available.
Candidate_051,Licensed Practical Nurse (L.P.N.),Speaking,3.88,4.0,0.0,0.788,30.39,0.594,59.44,1,0,False,No mapped CIP pathway available,Investigate education/training pathways separately,Medium,Lower,Consider developing Speaking as a medium-priority skill gap (59.44%). Investigate relevant education or training pathways separately because no mapped CIP pathway is available.
Candidate_051,Office Administrator,Active Listening,4.0,4.0,0.0,0.8,52.86,0.691,69.14,1,13,True,CIP pathway available,Review mapped CIP education pathways,Medium,Moderate,Consider developing Active Listening as a medium-priority skill gap (69.14%). Review mapped CIP education pathways for this occupation.
Candidate_051,Office Administrator,Monitoring,4.0,4.0,0.0,0.8,52.86,0.691,69.14,1,13,True,CIP pathway available,Review mapped CIP education pathways,Medium,Moderate,Consider developing Monitoring as a medium-priority skill gap (69.14%). Review mapped CIP education pathways for this occupation.
Candidate_051,Office Administrator,Speaking,4.0,4.0,0.0,0.8,52.86,0.691,69.14,1,13,True,CIP pathway available,Review mapped CIP education pathways,Medium,Moderate,Consider developing Speaking as a medium-priority skill gap (69.14%). Review mapped CIP education pathways for this occupation.
Candidate_051,Office Manager,Monitoring,4.0,4.0,0.0,0.8,52.86,0.691,69.14,1,13,True,CIP pathway available,Review mapped CIP education pathways,Medium,Moderate,Consider developing Monitoring as a medium-priority skill gap (69.14%). Review mapped CIP education pathways for this occupation.
Candidate_051,Office Manager,Speaking,4.0,4.0,0.0,0.8,52.86,0.691,69.14,1,13,True,CIP pathway available,Review mapped CIP education pathways,Medium,Moderate,Consider developing Speaking as a medium-priority skill gap (69.14%). Review mapped CIP education pathways for this occupation.
Candidate_051,Office Manager,Active Listening,4.0,3.88,0.0,0.788,52.86,0.684,68.42,2,13,True,CIP pathway available,Review mapped CIP education pathways,Medium,Moderate,Consider developing Active Listening as a medium-priority skill gap (68.42%). Review mapped CIP education pathways for this occupation.
Candidate_051,Restaurant Manager,Speaking,3.88,4.0,0.0,0.788,58.65,0.707,70.74,1,0,False,No mapped CIP pathway available,Investigate education/training pathways separately,High,Moderate,Prioritize developing Speaking. The skill gap has high prescriptive priority (70.74%). Investigate relevant education or training pathways separately because no mapped CIP pathway is available.
Candidate_051,Restaurant Manager,Monitoring,3.88,3.88,0.0,0.776,58.65,0.7,70.02,2,0,False,No mapped CIP pathway available,Investigate education/training pathways separately,High,Moderate,Prioritize developing Monitoring. The skill gap has high prescriptive priority (70.02%). Investigate relevant education or training pathways separately because no mapped CIP pathway is available.
Candidate_051,Restaurant Manager,Active Listening,3.88,3.5,0.0,0.738,58.65,0.677,67.74,3,0,False,No mapped CIP pathway available,Investigate education/training pathways separately,Medium,Moderate,Consider developing Active Listening as a medium-priority skill gap (67.74%). Investigate relevant education or training pathways separately because no mapped CIP pathway is available.
Candidate_051,Retail Sales Associate,Active Listening,3.75,3.75,0.0,0.75,86.44,0.796,79.58,1,0,False,No mapped CIP pathway available,Investigate education/training pathways separately,High,High,Prioritize developing Active Listening. The skill gap has high prescriptive priority (79.58%) and the occupation has high Canadian labour demand (86.44%). Investigate relevant education or training pathways separately because no mapped CIP pathway is available.
Candidate_051,Retail Sales Associate,Speaking,3.75,3.12,0.0,0.687,86.44,0.758,75.8,2,0,False,No mapped CIP pathway available,Investigate education/training pathways separately,High,High,Prioritize developing Speaking. The skill gap has high prescriptive priority (75.80%) and the occupation has high Canadian labour demand (86.44%). Investigate relevant education or training pathways separately because no mapped CIP pathway is available.
Candidate_051,Retail Sales Associate,Monitoring,3.0,3.12,0.0,0.612,86.44,0.713,71.3,3,0,False,No mapped CIP pathway available,Investigate education/training pathways separately,High,High,Prioritize developing Monitoring. The skill gap has high prescriptive priority (71.30%) and the occupation has high Canadian labour demand (86.44%). Investigate relevant education or training pathways separately because no mapped CIP pathway is available.
Candidate_051,Secondary School Teacher,Learning Strategies,4.0,4.25,0.0,0.825,36.36,0.64,64.04,1,0,False,No mapped CIP pathway available,Investigate education/training pathways separately,Medium,Lower,Consider developing Learning Strategies as a medium-priority skill gap (64.04%). Investigate relevant education or training pathways separately because no mapped CIP pathway is available.
Candidate_051,Secondary School Teacher,Speaking,4.0,4.12,0.0,0.812,36.36,0.633,63.26,2,0,False,No mapped CIP pathway available,Investigate education/training pathways separately,Medium,Lower,Consider developing Speaking as a medium-priority skill gap (63.26%). Investigate relevant education or training pathways separately because no mapped CIP pathway is available.
Candidate_051,Secondary School Teacher,Active Listening,4.0,4.0,0.0,0.8,36.36,0.625,62.54,3,0,False,No mapped CIP pathway available,Investigate education/training pathways separately,Medium,Lower,Consider developing Active Listening as a medium-priority skill gap (62.54%). Investigate relevant education or training pathways separately because no mapped CIP pathway is available.
Candidate_051,Software Developer,Active Listening,3.38,3.88,0.0,0.726,22.91,0.527,52.72,1,20,True,CIP pathway available,Review mapped CIP education pathways,Medium,Lower,Consider developing Active Listening as a medium-priority skill gap (52.72%). Review mapped CIP education pathways for this occupation.
Candidate_051,Software Developer,Speaking,3.12,3.62,0.0,0.6739999999999999,22.91,0.496,49.6,2,20,True,CIP pathway available,Review mapped CIP education pathways,Lower,Lower,Consider developing Speaking as an additional skill for the target occupation. Review mapped CIP education pathways for this occupation.
Candidate_051,Software Developer,Monitoring,3.0,3.5,0.0,0.6499999999999999,22.91,0.482,48.16,3,20,True,CIP pathway available,Review mapped CIP education pathways,Lower,Lower,Consider developing Monitoring as an additional skill for the target occupation. Review mapped CIP education pathways for this occupation.
Candidate_052,Administrative Assistant,Active Listening,4.0,3.75,0.0,0.775,43.85,0.64,64.04,1,0,False,No mapped CIP pathway available,Investigate education/training pathways separately,Medium,Moderate,Consider developing Active Listening as a medium-priority skill gap (64.04%). Investigate relevant education or training pathways separately because no mapped CIP pathway is available.
Candidate_052,Administrative Assistant,Speaking,4.0,3.62,0.0,0.762,43.85,0.633,63.26,2,0,False,No mapped CIP pathway available,Investigate education/training pathways separately,Medium,Moderate,Consider developing Speaking as a medium-priority skill gap (63.26%). Investigate relevant education or training pathways separately because no mapped CIP pathway is available.
Candidate_052,Bookkeeper,Active Listening,3.25,3.75,0.0,0.7,29.92,0.54,53.97,1,1,True,CIP pathway available,Review mapped CIP education pathways,Medium,Lower,Consider developing Active Listening as a medium-priority skill gap (53.97%). Review mapped CIP education pathways for this occupation.
Candidate_052,Bookkeeper,Speaking,3.12,3.12,0.0,0.624,29.92,0.494,49.41,2,1,True,CIP pathway available,Review mapped CIP education pathways,Lower,Lower,Consider developing Speaking as an additional skill for the target occupation. Review mapped CIP education pathways for this occupation.
Candidate_052,Continuing Care Assistant,Active Listening,3.62,3.0,0.0,0.6619999999999999,43.96,0.573,57.3,1,0,False,No mapped CIP pathway available,Investigate education/training pathways separately,Medium,Moderate,Consider developing Active Listening as a medium-priority skill gap (57.30%). Investigate relevant education or training pathways separately because no mapped CIP pathway is available.
Candidate_052,Continuing Care Assistant,Speaking,3.12,3.0,0.0,0.612,43.96,0.543,54.3,2,0,False,No mapped CIP pathway available,Investigate education/training pathways separately,Medium,Moderate,Consider developing Speaking as a medium-priority skill gap (54.30%). Investigate relevant education or training pathways separately because no mapped CIP pathway is available.
Candidate_052,Delivery Driver,Active Listening,3.12,2.88,0.0,0.6,37.05,0.508,50.82,1,0,False,No mapped CIP pathway available,Investigate education/training pathways separately,Medium,Lower,Consider developing Active Listening as a medium-priority skill gap (50.82%). Investigate relevant education or training pathways separately because no mapped CIP pathway is available.
Candidate_052,Delivery Driver,Speaking,3.12,2.88,0.0,0.6,37.05,0.508,50.82,1,0,False,No mapped CIP pathway available,Investigate education/training pathways separately,Medium,Lower,Consider developing Speaking as a medium-priority skill gap (50.82%). Investigate relevant education or training pathways separately because no mapped CIP pathway is available.
Candidate_052,"Driver, Truck",Active Listening,2.88,3.0,0.0,0.588,88.8,0.708,70.8,1,0,False,No mapped CIP pathway available,Investigate education/training pathways separately,High,High,Prioritize developing Active Listening. The skill gap has high prescriptive priority (70.80%) and the occupation has high Canadian labour demand (88.80%). Investigate relevant education or training pathways separately because no mapped CIP pathway is available.
Candidate_052,"Driver, Truck",Speaking,3.0,2.88,0.0,0.588,88.8,0.708,70.8,1,0,False,No mapped CIP pathway available,Investigate education/training pathways separately,High,High,Prioritize developing Speaking. The skill gap has high prescriptive priority (70.80%) and the occupation has high Canadian labour demand (88.80%). Investigate relevant education or training pathways separately because no mapped CIP pathway is available.
Candidate_052,Food Service Supervisor,Speaking,3.88,4.0,0.0,0.788,68.33,0.746,74.61,1,0,False,No mapped CIP pathway available,Investigate education/training pathways separately,High,Moderate,Prioritize developing Speaking. The skill gap has high prescriptive priority (74.61%). Investigate relevant education or training pathways separately because no mapped CIP pathway is available.
Candidate_052,Food Service Supervisor,Active Listening,3.75,3.0,0.0,0.675,68.33,0.678,67.83,2,0,False,No mapped CIP pathway available,Investigate education/training pathways separately,Medium,Moderate,Consider developing Active Listening as a medium-priority skill gap (67.83%). Investigate relevant education or training pathways separately because no mapped CIP pathway is available.
Candidate_052,Information Technology (IT) Analyst,Active Listening,4.0,4.12,0.0,0.812,26.64,0.594,59.38,1,22,True,CIP pathway available,Review mapped CIP education pathways,Medium,Lower,Consider developing Active Listening as a medium-priority skill gap (59.38%). Review mapped CIP education pathways for this occupation.
Candidate_052,Information Technology (IT) Analyst,Speaking,4.0,4.0,0.0,0.8,26.64,0.587,58.66,2,22,True,CIP pathway available,Review mapped CIP education pathways,Medium,Lower,Consider developing Speaking as a medium-priority skill gap (58.66%). Review mapped CIP education pathways for this occupation.
Candidate_052,Inside Sales Representative,Active Listening,3.75,3.75,0.0,0.75,86.44,0.796,79.58,1,0,False,No mapped CIP pathway available,Investigate education/training pathways separately,High,High,Prioritize developing Active Listening. The skill gap has high prescriptive priority (79.58%) and the occupation has high Canadian labour demand (86.44%). Investigate relevant education or training pathways separately because no mapped CIP pathway is available.
Candidate_052,Inside Sales Representative,Speaking,3.75,3.12,0.0,0.687,86.44,0.758,75.8,2,0,False,No mapped CIP pathway available,Investigate education/training pathways separately,High,High,Prioritize developing Speaking. The skill gap has high prescriptive priority (75.80%) and the occupation has high Canadian labour demand (86.44%). Investigate relevant education or training pathways separately because no mapped CIP pathway is available.
Candidate_052,Licensed Practical Nurse (L.P.N.),Active Listening,3.88,4.0,0.0,0.788,30.39,0.594,59.44,1,2,True,CIP pathway available,Review mapped CIP education pathways,Medium,Lower,Consider developing Active Listening as a medium-priority skill gap (59.44%). Review mapped CIP education pathways for this occupation.
Candidate_052,Licensed Practical Nurse (L.P.N.),Speaking,3.88,4.0,0.0,0.788,30.39,0.594,59.44,1,2,True,CIP pathway available,Review mapped CIP education pathways,Medium,Lower,Consider developing Speaking as a medium-priority skill gap (59.44%). Review mapped CIP education pathways for this occupation.
Candidate_052,Office Administrator,Active Listening,4.0,4.0,0.0,0.8,52.86,0.691,69.14,1,0,False,No mapped CIP pathway available,Investigate education/training pathways separately,Medium,Moderate,Consider developing Active Listening as a medium-priority skill gap (69.14%). Investigate relevant education or training pathways separately because no mapped CIP pathway is available.
Candidate_052,Office Administrator,Speaking,4.0,4.0,0.0,0.8,52.86,0.691,69.14,1,0,False,No mapped CIP pathway available,Investigate education/training pathways separately,Medium,Moderate,Consider developing Speaking as a medium-priority skill gap (69.14%). Investigate relevant education or training pathways separately because no mapped CIP pathway is available.
Candidate_052,Office Manager,Speaking,4.0,4.0,0.0,0.8,52.86,0.691,69.14,1,0,False,No mapped CIP pathway available,Investigate education/training pathways separately,Medium,Moderate,Consider developing Speaking as a medium-priority skill gap (69.14%). Investigate relevant education or training pathways separately because no mapped CIP pathway is available.
Candidate_052,Office Manager,Active Listening,4.0,3.88,0.0,0.788,52.86,0.684,68.42,2,0,False,No mapped CIP pathway available,Investigate education/training pathways separately,Medium,Moderate,Consider developing Active Listening as a medium-priority skill gap (68.42%). Investigate relevant education or training pathways separately because no mapped CIP pathway is available.
Candidate_052,Restaurant Manager,Speaking,3.88,4.0,0.0,0.788,58.65,0.707,70.74,1,0,False,No mapped CIP pathway available,Investigate education/training pathways separately,High,Moderate,Prioritize developing Speaking. The skill gap has high prescriptive priority (70.74%). Investigate relevant education or training pathways separately because no mapped CIP pathway is available.
Candidate_052,Restaurant Manager,Active Listening,3.88,3.5,0.0,0.738,58.65,0.677,67.74,2,0,False,No mapped CIP pathway available,Investigate education/training pathways separately,Medium,Moderate,Consider developing Active Listening as a medium-priority skill gap (67.74%). Investigate relevant education or training pathways separately because no mapped CIP pathway is available.
Candidate_052,Retail Sales Associate,Active Listening,3.75,3.75,0.0,0.75,86.44,0.796,79.58,1,0,False,No mapped CIP pathway available,Investigate education/training pathways separately,High,High,Prioritize developing Active Listening. The skill gap has high prescriptive priority (79.58%) and the occupation has high Canadian labour demand (86.44%). Investigate relevant education or training pathways separately because no mapped CIP pathway is available.
Candidate_052,Retail Sales Associate,Speaking,3.75,3.12,0.0,0.687,86.44,0.758,75.8,2,0,False,No mapped CIP pathway available,Investigate education/training pathways separately,High,High,Prioritize developing Speaking. The skill gap has high prescriptive priority (75.80%) and the occupation has high Canadian labour demand (86.44%). Investigate relevant education or training pathways separately because no mapped CIP pathway is available.
Candidate_052,Secondary School Teacher,Speaking,4.0,4.12,0.0,0.812,36.36,0.633,63.26,1,92,True,CIP pathway available,Review mapped CIP education pathways,Medium,Lower,Consider developing Speaking as a medium-priority skill gap (63.26%). Review mapped CIP education pathways for this occupation.
Candidate_052,Secondary School Teacher,Active Listening,4.0,4.0,0.0,0.8,36.36,0.625,62.54,2,92,True,CIP pathway available,Review mapped CIP education pathways,Medium,Lower,Consider developing Active Listening as a medium-priority skill gap (62.54%). Review mapped CIP education pathways for this occupation.
Candidate_052,Software Developer,Active Listening,3.38,3.88,0.0,0.726,22.91,0.527,52.72,1,20,True,CIP pathway available,Review mapped CIP education pathways,Medium,Lower,Consider developing Active Listening as a medium-priority skill gap (52.72%). Review mapped CIP education pathways for this occupation.
Candidate_052,Software Developer,Speaking,3.12,3.62,0.0,0.6739999999999999,22.91,0.496,49.6,2,20,True,CIP pathway available,Review mapped CIP education pathways,Lower,Lower,Consider developing Speaking as an additional skill for the target occupation. Review mapped CIP education pathways for this occupation.
Candidate_053,Administrative Assistant,Active Listening,4.0,3.75,0.0,0.775,43.85,0.64,64.04,1,0,False,No mapped CIP pathway available,Investigate education/training pathways separately,Medium,Moderate,Consider developing Active Listening as a medium-priority skill gap (64.04%). Investigate relevant education or training pathways separately because no mapped CIP pathway is available.
Candidate_053,Administrative Assistant,Speaking,4.0,3.62,0.0,0.762,43.85,0.633,63.26,2,0,False,No mapped CIP pathway available,Investigate education/training pathways separately,Medium,Moderate,Consider developing Speaking as a medium-priority skill gap (63.26%). Investigate relevant education or training pathways separately because no mapped CIP pathway is available.
Candidate_053,Administrative Assistant,Monitoring,3.12,3.25,0.0,0.637,43.85,0.558,55.76,3,0,False,No mapped CIP pathway available,Investigate education/training pathways separately,Medium,Moderate,Consider developing Monitoring as a medium-priority skill gap (55.76%). Investigate relevant education or training pathways separately because no mapped CIP pathway is available.
Candidate_053,Bookkeeper,Active Listening,3.25,3.75,0.0,0.7,29.92,0.54,53.97,1,1,True,CIP pathway available,Review mapped CIP education pathways,Medium,Lower,Consider developing Active Listening as a medium-priority skill gap (53.97%). Review mapped CIP education pathways for this occupation.
Candidate_053,Bookkeeper,Speaking,3.12,3.12,0.0,0.624,29.92,0.494,49.41,2,1,True,CIP pathway available,Review mapped CIP education pathways,Lower,Lower,Consider developing Speaking as an additional skill for the target occupation. Review mapped CIP education pathways for this occupation.
Candidate_053,Bookkeeper,Monitoring,3.0,2.88,0.0,0.588,29.92,0.472,47.25,3,1,True,CIP pathway available,Review mapped CIP education pathways,Lower,Lower,Consider developing Monitoring as an additional skill for the target occupation. Review mapped CIP education pathways for this occupation.
Candidate_053,Continuing Care Assistant,Active Listening,3.62,3.0,0.0,0.6619999999999999,43.96,0.573,57.3,1,0,False,No mapped CIP pathway available,Investigate education/training pathways separately,Medium,Moderate,Consider developing Active Listening as a medium-priority skill gap (57.30%). Investigate relevant education or training pathways separately because no mapped CIP pathway is available.
Candidate_053,Continuing Care Assistant,Monitoring,3.25,3.0,0.0,0.625,43.96,0.551,55.08,2,0,False,No mapped CIP pathway available,Investigate education/training pathways separately,Medium,Moderate,Consider developing Monitoring as a medium-priority skill gap (55.08%). Investigate relevant education or training pathways separately because no mapped CIP pathway is available.
Candidate_053,Continuing Care Assistant,Speaking,3.12,3.0,0.0,0.612,43.96,0.543,54.3,3,0,False,No mapped CIP pathway available,Investigate education/training pathways separately,Medium,Moderate,Consider developing Speaking as a medium-priority skill gap (54.30%). Investigate relevant education or training pathways separately because no mapped CIP pathway is available.
Candidate_053,Delivery Driver,Active Listening,3.12,2.88,0.0,0.6,37.05,0.508,50.82,1,0,False,No mapped CIP pathway available,Investigate education/training pathways separately,Medium,Lower,Consider developing Active Listening as a medium-priority skill gap (50.82%). Investigate relevant education or training pathways separately because no mapped CIP pathway is available.
Candidate_053,Delivery Driver,Speaking,3.12,2.88,0.0,0.6,37.05,0.508,50.82,1,0,False,No mapped CIP pathway available,Investigate education/training pathways separately,Medium,Lower,Consider developing Speaking as a medium-priority skill gap (50.82%). Investigate relevant education or training pathways separately because no mapped CIP pathway is available.
Candidate_053,Delivery Driver,Monitoring,3.12,2.75,0.0,0.587,37.05,0.5,50.04,2,0,False,No mapped CIP pathway available,Investigate education/training pathways separately,Medium,Lower,Consider developing Monitoring as a medium-priority skill gap (50.04%). Investigate relevant education or training pathways separately because no mapped CIP pathway is available.
Candidate_053,"Driver, Truck",Monitoring,3.12,3.0,0.0,0.612,88.8,0.722,72.24,1,1,True,CIP pathway available,Review mapped CIP education pathways,High,High,Prioritize developing Monitoring. The skill gap has high prescriptive priority (72.24%) and the occupation has high Canadian labour demand (88.80%). Review mapped CIP education pathways for this occupation.
Candidate_053,"Driver, Truck",Active Listening,2.88,3.0,0.0,0.588,88.8,0.708,70.8,2,1,True,CIP pathway available,Review mapped CIP education pathways,High,High,Prioritize developing Active Listening. The skill gap has high prescriptive priority (70.80%) and the occupation has high Canadian labour demand (88.80%). Review mapped CIP education pathways for this occupation.
Candidate_053,"Driver, Truck",Speaking,3.0,2.88,0.0,0.588,88.8,0.708,70.8,2,1,True,CIP pathway available,Review mapped CIP education pathways,High,High,Prioritize developing Speaking. The skill gap has high prescriptive priority (70.80%) and the occupation has high Canadian labour demand (88.80%). Review mapped CIP education pathways for this occupation.
Candidate_053,Food Service Supervisor,Monitoring,3.88,4.0,0.0,0.788,68.33,0.746,74.61,1,0,False,No mapped CIP pathway available,Investigate education/training pathways separately,High,Moderate,Prioritize developing Monitoring. The skill gap has high prescriptive priority (74.61%). Investigate relevant education or training pathways separately because no mapped CIP pathway is available.
Candidate_053,Food Service Supervisor,Speaking,3.88,4.0,0.0,0.788,68.33,0.746,74.61,1,0,False,No mapped CIP pathway available,Investigate education/training pathways separately,High,Moderate,Prioritize developing Speaking. The skill gap has high prescriptive priority (74.61%). Investigate relevant education or training pathways separately because no mapped CIP pathway is available.
Candidate_053,Food Service Supervisor,Active Listening,3.75,3.0,0.0,0.675,68.33,0.678,67.83,2,0,False,No mapped CIP pathway available,Investigate education/training pathways separately,Medium,Moderate,Consider developing Active Listening as a medium-priority skill gap (67.83%). Investigate relevant education or training pathways separately because no mapped CIP pathway is available.
Candidate_053,Information Technology (IT) Analyst,Active Listening,4.0,4.12,0.0,0.812,26.64,0.594,59.38,1,0,False,No mapped CIP pathway available,Investigate education/training pathways separately,Medium,Lower,Consider developing Active Listening as a medium-priority skill gap (59.38%). Investigate relevant education or training pathways separately because no mapped CIP pathway is available.
Candidate_053,Information Technology (IT) Analyst,Speaking,4.0,4.0,0.0,0.8,26.64,0.587,58.66,2,0,False,No mapped CIP pathway available,Investigate education/training pathways separately,Medium,Lower,Consider developing Speaking as a medium-priority skill gap (58.66%). Investigate relevant education or training pathways separately because no mapped CIP pathway is available.
Candidate_053,Information Technology (IT) Analyst,Learning Strategies,3.75,4.0,0.0,0.775,26.64,0.572,57.16,3,0,False,No mapped CIP pathway available,Investigate education/training pathways separately,Medium,Lower,Consider developing Learning Strategies as a medium-priority skill gap (57.16%). Investigate relevant education or training pathways separately because no mapped CIP pathway is available.
Candidate_053,Inside Sales Representative,Active Listening,3.75,3.75,0.0,0.75,86.44,0.796,79.58,1,0,False,No mapped CIP pathway available,Investigate education/training pathways separately,High,High,Prioritize developing Active Listening. The skill gap has high prescriptive priority (79.58%) and the occupation has high Canadian labour demand (86.44%). Investigate relevant education or training pathways separately because no mapped CIP pathway is available.
Candidate_053,Inside Sales Representative,Speaking,3.75,3.12,0.0,0.687,86.44,0.758,75.8,2,0,False,No mapped CIP pathway available,Investigate education/training pathways separately,High,High,Prioritize developing Speaking. The skill gap has high prescriptive priority (75.80%) and the occupation has high Canadian labour demand (86.44%). Investigate relevant education or training pathways separately because no mapped CIP pathway is available.
Candidate_053,Inside Sales Representative,Monitoring,3.0,3.12,0.0,0.612,86.44,0.713,71.3,3,0,False,No mapped CIP pathway available,Investigate education/training pathways separately,High,High,Prioritize developing Monitoring. The skill gap has high prescriptive priority (71.30%) and the occupation has high Canadian labour demand (86.44%). Investigate relevant education or training pathways separately because no mapped CIP pathway is available.
Candidate_053,Licensed Practical Nurse (L.P.N.),Active Listening,3.88,4.0,0.0,0.788,30.39,0.594,59.44,1,0,False,No mapped CIP pathway available,Investigate education/training pathways separately,Medium,Lower,Consider developing Active Listening as a medium-priority skill gap (59.44%). Investigate relevant education or training pathways separately because no mapped CIP pathway is available.
Candidate_053,Licensed Practical Nurse (L.P.N.),Monitoring,3.88,4.0,0.0,0.788,30.39,0.594,59.44,1,0,False,No mapped CIP pathway available,Investigate education/training pathways separately,Medium,Lower,Consider developing Monitoring as a medium-priority skill gap (59.44%). Investigate relevant education or training pathways separately because no mapped CIP pathway is available.
Candidate_053,Licensed Practical Nurse (L.P.N.),Speaking,3.88,4.0,0.0,0.788,30.39,0.594,59.44,1,0,False,No mapped CIP pathway available,Investigate education/training pathways separately,Medium,Lower,Consider developing Speaking as a medium-priority skill gap (59.44%). Investigate relevant education or training pathways separately because no mapped CIP pathway is available.
Candidate_053,Office Administrator,Active Listening,4.0,4.0,0.0,0.8,52.86,0.691,69.14,1,13,True,CIP pathway available,Review mapped CIP education pathways,Medium,Moderate,Consider developing Active Listening as a medium-priority skill gap (69.14%). Review mapped CIP education pathways for this occupation.
Candidate_053,Office Administrator,Monitoring,4.0,4.0,0.0,0.8,52.86,0.691,69.14,1,13,True,CIP pathway available,Review mapped CIP education pathways,Medium,Moderate,Consider developing Monitoring as a medium-priority skill gap (69.14%). Review mapped CIP education pathways for this occupation.
Candidate_053,Office Administrator,Speaking,4.0,4.0,0.0,0.8,52.86,0.691,69.14,1,13,True,CIP pathway available,Review mapped CIP education pathways,Medium,Moderate,Consider developing Speaking as a medium-priority skill gap (69.14%). Review mapped CIP education pathways for this occupation.
Candidate_053,Office Manager,Monitoring,4.0,4.0,0.0,0.8,52.86,0.691,69.14,1,13,True,CIP pathway available,Review mapped CIP education pathways,Medium,Moderate,Consider developing Monitoring as a medium-priority skill gap (69.14%). Review mapped CIP education pathways for this occupation.
Candidate_053,Office Manager,Speaking,4.0,4.0,0.0,0.8,52.86,0.691,69.14,1,13,True,CIP pathway available,Review mapped CIP education pathways,Medium,Moderate,Consider developing Speaking as a medium-priority skill gap (69.14%). Review mapped CIP education pathways for this occupation.
Candidate_053,Office Manager,Active Listening,4.0,3.88,0.0,0.788,52.86,0.684,68.42,2,13,True,CIP pathway available,Review mapped CIP education pathways,Medium,Moderate,Consider developing Active Listening as a medium-priority skill gap (68.42%). Review mapped CIP education pathways for this occupation.
Candidate_053,Restaurant Manager,Speaking,3.88,4.0,0.0,0.788,58.65,0.707,70.74,1,0,False,No mapped CIP pathway available,Investigate education/training pathways separately,High,Moderate,Prioritize developing Speaking. The skill gap has high prescriptive priority (70.74%). Investigate relevant education or training pathways separately because no mapped CIP pathway is available.
Candidate_053,Restaurant Manager,Monitoring,3.88,3.88,0.0,0.776,58.65,0.7,70.02,2,0,False,No mapped CIP pathway available,Investigate education/training pathways separately,High,Moderate,Prioritize developing Monitoring. The skill gap has high prescriptive priority (70.02%). Investigate relevant education or training pathways separately because no mapped CIP pathway is available.
Candidate_053,Restaurant Manager,Active Listening,3.88,3.5,0.0,0.738,58.65,0.677,67.74,3,0,False,No mapped CIP pathway available,Investigate education/training pathways separately,Medium,Moderate,Consider developing Active Listening as a medium-priority skill gap (67.74%). Investigate relevant education or training pathways separately because no mapped CIP pathway is available.
Candidate_053,Retail Sales Associate,Active Listening,3.75,3.75,0.0,0.75,86.44,0.796,79.58,1,0,False,No mapped CIP pathway available,Investigate education/training pathways separately,High,High,Prioritize developing Active Listening. The skill gap has high prescriptive priority (79.58%) and the occupation has high Canadian labour demand (86.44%). Investigate relevant education or training pathways separately because no mapped CIP pathway is available.
Candidate_053,Retail Sales Associate,Speaking,3.75,3.12,0.0,0.687,86.44,0.758,75.8,2,0,False,No mapped CIP pathway available,Investigate education/training pathways separately,High,High,Prioritize developing Speaking. The skill gap has high prescriptive priority (75.80%) and the occupation has high Canadian labour demand (86.44%). Investigate relevant education or training pathways separately because no mapped CIP pathway is available.
Candidate_053,Retail Sales Associate,Monitoring,3.0,3.12,0.0,0.612,86.44,0.713,71.3,3,0,False,No mapped CIP pathway available,Investigate education/training pathways separately,High,High,Prioritize developing Monitoring. The skill gap has high prescriptive priority (71.30%) and the occupation has high Canadian labour demand (86.44%). Investigate relevant education or training pathways separately because no mapped CIP pathway is available.
Candidate_053,Secondary School Teacher,Learning Strategies,4.0,4.25,0.0,0.825,36.36,0.64,64.04,1,0,False,No mapped CIP pathway available,Investigate education/training pathways separately,Medium,Lower,Consider developing Learning Strategies as a medium-priority skill gap (64.04%). Investigate relevant education or training pathways separately because no mapped CIP pathway is available.
Candidate_053,Secondary School Teacher,Speaking,4.0,4.12,0.0,0.812,36.36,0.633,63.26,2,0,False,No mapped CIP pathway available,Investigate education/training pathways separately,Medium,Lower,Consider developing Speaking as a medium-priority skill gap (63.26%). Investigate relevant education or training pathways separately because no mapped CIP pathway is available.
Candidate_053,Secondary School Teacher,Active Listening,4.0,4.0,0.0,0.8,36.36,0.625,62.54,3,0,False,No mapped CIP pathway available,Investigate education/training pathways separately,Medium,Lower,Consider developing Active Listening as a medium-priority skill gap (62.54%). Investigate relevant education or training pathways separately because no mapped CIP pathway is available.
Candidate_053,Software Developer,Active Listening,3.38,3.88,0.0,0.726,22.91,0.527,52.72,1,20,True,CIP pathway available,Review mapped CIP education pathways,Medium,Lower,Consider developing Active Listening as a medium-priority skill gap (52.72%). Review mapped CIP education pathways for this occupation.
Candidate_053,Software Developer,Speaking,3.12,3.62,0.0,0.6739999999999999,22.91,0.496,49.6,2,20,True,CIP pathway available,Review mapped CIP education pathways,Lower,Lower,Consider developing Speaking as an additional skill for the target occupation. Review mapped CIP education pathways for this occupation.
Candidate_053,Software Developer,Monitoring,3.0,3.5,0.0,0.6499999999999999,22.91,0.482,48.16,3,20,True,CIP pathway available,Review mapped CIP education pathways,Lower,Lower,Consider developing Monitoring as an additional skill for the target occupation. Review mapped CIP education pathways for this occupation.
Candidate_054,Administrative Assistant,Science,1.0,0.0,0.0,0.1,43.85,0.235,23.54,1,2,True,CIP pathway available,Review mapped CIP education pathways,Lower,Moderate,Consider developing Science as an additional skill for the target occupation. Review mapped CIP education pathways for this occupation.
Candidate_054,Bookkeeper,Science,1.12,0.12,0.0,0.12400000000000001,29.92,0.194,19.41,1,0,False,No mapped CIP pathway available,Investigate education/training pathways separately,Lower,Lower,Consider developing Science as an additional skill for the target occupation. Investigate relevant education or training pathways separately because no mapped CIP pathway is available.
Candidate_054,Continuing Care Assistant,Science,1.75,0.88,0.0,0.263,43.96,0.334,33.36,1,0,False,No mapped CIP pathway available,Investigate education/training pathways separately,Lower,Moderate,Consider developing Science as an additional skill for the target occupation. Investigate relevant education or training pathways separately because no mapped CIP pathway is available.
Candidate_054,Delivery Driver,Science,1.12,0.12,0.0,0.12400000000000001,37.05,0.223,22.26,1,0,False,No mapped CIP pathway available,Investigate education/training pathways separately,Lower,Lower,Consider developing Science as an additional skill for the target occupation. Investigate relevant education or training pathways separately because no mapped CIP pathway is available.
Candidate_054,"Driver, Truck",Science,1.0,0.0,0.0,0.1,88.8,0.415,41.52,1,0,False,No mapped CIP pathway available,Investigate education/training pathways separately,Lower,High,Consider developing Science because the target occupation shows high Canadian labour demand (88.80%). Investigate relevant education or training pathways separately because no mapped CIP pathway is available.
Candidate_054,Food Service Supervisor,Science,1.0,0.0,0.0,0.1,68.33,0.333,33.33,1,5,True,CIP pathway available,Review mapped CIP education pathways,Lower,Moderate,Consider developing Science as an additional skill for the target occupation. Review mapped CIP education pathways for this occupation.
Candidate_054,Information Technology (IT) Analyst,Science,2.75,3.12,0.0,0.587,26.64,0.459,45.88,1,0,False,No mapped CIP pathway available,Investigate education/training pathways separately,Lower,Lower,Consider developing Science as an additional skill for the target occupation. Investigate relevant education or training pathways separately because no mapped CIP pathway is available.
Candidate_054,Inside Sales Representative,Science,1.0,0.0,0.0,0.1,86.44,0.406,40.58,1,0,False,No CIP pathway in crosswalk,Investigate education/training pathways separately,Lower,High,Consider developing Science because the target occupation shows high Canadian labour demand (86.44%). Investigate relevant education or training pathways separately because no mapped CIP pathway is available.
Candidate_054,Licensed Practical Nurse (L.P.N.),Science,2.62,2.62,0.0,0.524,30.39,0.436,43.6,1,0,False,No mapped CIP pathway available,Investigate education/training pathways separately,Lower,Lower,Consider developing Science as an additional skill for the target occupation. Investigate relevant education or training pathways separately because no mapped CIP pathway is available.
Candidate_054,Office Administrator,Science,1.38,0.38,0.0,0.176,52.86,0.317,31.7,1,0,False,No mapped CIP pathway available,Investigate education/training pathways separately,Lower,Moderate,Consider developing Science as an additional skill for the target occupation. Investigate relevant education or training pathways separately because no mapped CIP pathway is available.
Candidate_054,Office Manager,Science,1.0,0.0,0.0,0.1,52.86,0.271,27.14,1,13,True,CIP pathway available,Review mapped CIP education pathways,Lower,Moderate,Consider developing Science as an additional skill for the target occupation. Review mapped CIP education pathways for this occupation.
Candidate_054,Restaurant Manager,Science,1.62,0.62,0.0,0.224,58.65,0.369,36.9,1,0,False,No mapped CIP pathway available,Investigate education/training pathways separately,Lower,Moderate,Consider developing Science as an additional skill for the target occupation. Investigate relevant education or training pathways separately because no mapped CIP pathway is available.
Candidate_054,Retail Sales Associate,Science,1.0,0.0,0.0,0.1,86.44,0.406,40.58,1,0,False,No CIP pathway in crosswalk,Investigate education/training pathways separately,Lower,High,Consider developing Science because the target occupation shows high Canadian labour demand (86.44%). Investigate relevant education or training pathways separately because no mapped CIP pathway is available.
Candidate_054,Secondary School Teacher,Science,2.0,1.88,0.0,0.388,36.36,0.378,37.82,1,0,False,No mapped CIP pathway available,Investigate education/training pathways separately,Lower,Lower,Consider developing Science as an additional skill for the target occupation. Investigate relevant education or training pathways separately because no mapped CIP pathway is available.
Candidate_054,Software Developer,Science,2.12,1.88,0.0,0.4,22.91,0.332,33.16,1,0,False,No mapped CIP pathway available,Investigate education/training pathways separately,Lower,Lower,Consider developing Science as an additional skill for the target occupation. Investigate relevant education or training pathways separately because no mapped CIP pathway is available.
Candidate_055,Administrative Assistant,Active Listening,4.0,3.75,0.0,0.775,43.85,0.64,64.04,1,0,False,No mapped CIP pathway available,Investigate education/training pathways separately,Medium,Moderate,Consider developing Active Listening as a medium-priority skill gap (64.04%). Investigate relevant education or training pathways separately because no mapped CIP pathway is available.
Candidate_055,Administrative Assistant,Speaking,4.0,3.62,0.0,0.762,43.85,0.633,63.26,2,0,False,No mapped CIP pathway available,Investigate education/training pathways separately,Medium,Moderate,Consider developing Speaking as a medium-priority skill gap (63.26%). Investigate relevant education or training pathways separately because no mapped CIP pathway is available.
Candidate_055,Administrative Assistant,Mathematics,2.0,1.62,0.0,0.362,43.85,0.393,39.26,3,0,False,No mapped CIP pathway available,Investigate education/training pathways separately,Lower,Moderate,Consider developing Mathematics as an additional skill for the target occupation. Investigate relevant education or training pathways separately because no mapped CIP pathway is available.
Candidate_055,Bookkeeper,Active Listening,3.25,3.75,0.0,0.7,29.92,0.54,53.97,1,0,False,No mapped CIP pathway available,Investigate education/training pathways separately,Medium,Lower,Consider developing Active Listening as a medium-priority skill gap (53.97%). Investigate relevant education or training pathways separately because no mapped CIP pathway is available.
Candidate_055,Bookkeeper,Mathematics,3.38,3.38,0.0,0.6759999999999999,29.92,0.525,52.53,2,0,False,No mapped CIP pathway available,Investigate education/training pathways separately,Medium,Lower,Consider developing Mathematics as a medium-priority skill gap (52.53%). Investigate relevant education or training pathways separately because no mapped CIP pathway is available.
Candidate_055,Bookkeeper,Speaking,3.12,3.12,0.0,0.624,29.92,0.494,49.41,3,0,False,No mapped CIP pathway available,Investigate education/training pathways separately,Lower,Lower,Consider developing Speaking as an additional skill for the target occupation. Investigate relevant education or training pathways separately because no mapped CIP pathway is available.
Candidate_055,Continuing Care Assistant,Active Listening,3.62,3.0,0.0,0.6619999999999999,43.96,0.573,57.3,1,0,False,No mapped CIP pathway available,Investigate education/training pathways separately,Medium,Moderate,Consider developing Active Listening as a medium-priority skill gap (57.30%). Investigate relevant education or training pathways separately because no mapped CIP pathway is available.
Candidate_055,Continuing Care Assistant,Speaking,3.12,3.0,0.0,0.612,43.96,0.543,54.3,2,0,False,No mapped CIP pathway available,Investigate education/training pathways separately,Medium,Moderate,Consider developing Speaking as a medium-priority skill gap (54.30%). Investigate relevant education or training pathways separately because no mapped CIP pathway is available.
Candidate_055,Continuing Care Assistant,Mathematics,2.12,1.88,0.0,0.4,43.96,0.416,41.58,3,0,False,No mapped CIP pathway available,Investigate education/training pathways separately,Lower,Moderate,Consider developing Mathematics as an additional skill for the target occupation. Investigate relevant education or training pathways separately because no mapped CIP pathway is available.
Candidate_055,Delivery Driver,Active Listening,3.12,2.88,0.0,0.6,37.05,0.508,50.82,1,0,False,No mapped CIP pathway available,Investigate education/training pathways separately,Medium,Lower,Consider developing Active Listening as a medium-priority skill gap (50.82%). Investigate relevant education or training pathways separately because no mapped CIP pathway is available.
Candidate_055,Delivery Driver,Speaking,3.12,2.88,0.0,0.6,37.05,0.508,50.82,1,0,False,No mapped CIP pathway available,Investigate education/training pathways separately,Medium,Lower,Consider developing Speaking as a medium-priority skill gap (50.82%). Investigate relevant education or training pathways separately because no mapped CIP pathway is available.
Candidate_055,Delivery Driver,Mathematics,2.25,2.12,0.0,0.43700000000000006,37.05,0.41,41.04,2,0,False,No mapped CIP pathway available,Investigate education/training pathways separately,Lower,Lower,Consider developing Mathematics as an additional skill for the target occupation. Investigate relevant education or training pathways separately because no mapped CIP pathway is available.
Candidate_055,"Driver, Truck",Active Listening,2.88,3.0,0.0,0.588,88.8,0.708,70.8,1,1,True,CIP pathway available,Review mapped CIP education pathways,High,High,Prioritize developing Active Listening. The skill gap has high prescriptive priority (70.80%) and the occupation has high Canadian labour demand (88.80%). Review mapped CIP education pathways for this occupation.
Candidate_055,"Driver, Truck",Speaking,3.0,2.88,0.0,0.588,88.8,0.708,70.8,1,1,True,CIP pathway available,Review mapped CIP education pathways,High,High,Prioritize developing Speaking. The skill gap has high prescriptive priority (70.80%) and the occupation has high Canadian labour demand (88.80%). Review mapped CIP education pathways for this occupation.
Candidate_055,"Driver, Truck",Mathematics,2.0,1.88,0.0,0.388,88.8,0.588,58.8,2,1,True,CIP pathway available,Review mapped CIP education pathways,Medium,High,Consider developing Mathematics because the target occupation shows high Canadian labour demand (88.80%). Review mapped CIP education pathways for this occupation.
Candidate_055,Food Service Supervisor,Speaking,3.88,4.0,0.0,0.788,68.33,0.746,74.61,1,0,False,No mapped CIP pathway available,Investigate education/training pathways separately,High,Moderate,Prioritize developing Speaking. The skill gap has high prescriptive priority (74.61%). Investigate relevant education or training pathways separately because no mapped CIP pathway is available.
Candidate_055,Food Service Supervisor,Active Listening,3.75,3.0,0.0,0.675,68.33,0.678,67.83,2,0,False,No mapped CIP pathway available,Investigate education/training pathways separately,Medium,Moderate,Consider developing Active Listening as a medium-priority skill gap (67.83%). Investigate relevant education or training pathways separately because no mapped CIP pathway is available.
Candidate_055,Food Service Supervisor,Mathematics,3.0,3.0,0.0,0.6,68.33,0.633,63.33,3,0,False,No mapped CIP pathway available,Investigate education/training pathways separately,Medium,Moderate,Consider developing Mathematics as a medium-priority skill gap (63.33%). Investigate relevant education or training pathways separately because no mapped CIP pathway is available.
Candidate_055,Information Technology (IT) Analyst,Active Listening,4.0,4.12,0.0,0.812,26.64,0.594,59.38,1,0,False,No mapped CIP pathway available,Investigate education/training pathways separately,Medium,Lower,Consider developing Active Listening as a medium-priority skill gap (59.38%). Investigate relevant education or training pathways separately because no mapped CIP pathway is available.
Candidate_055,Information Technology (IT) Analyst,Speaking,4.0,4.0,0.0,0.8,26.64,0.587,58.66,2,0,False,No mapped CIP pathway available,Investigate education/training pathways separately,Medium,Lower,Consider developing Speaking as a medium-priority skill gap (58.66%). Investigate relevant education or training pathways separately because no mapped CIP pathway is available.
Candidate_055,Information Technology (IT) Analyst,Mathematics,3.0,3.38,0.0,0.6379999999999999,26.64,0.489,48.94,3,0,False,No mapped CIP pathway available,Investigate education/training pathways separately,Lower,Lower,Consider developing Mathematics as an additional skill for the target occupation. Investigate relevant education or training pathways separately because no mapped CIP pathway is available.
Candidate_055,Inside Sales Representative,Active Listening,3.75,3.75,0.0,0.75,86.44,0.796,79.58,1,0,False,No mapped CIP pathway available,Investigate education/training pathways separately,High,High,Prioritize developing Active Listening. The skill gap has high prescriptive priority (79.58%) and the occupation has high Canadian labour demand (86.44%). Investigate relevant education or training pathways separately because no mapped CIP pathway is available.
Candidate_055,Inside Sales Representative,Speaking,3.75,3.12,0.0,0.687,86.44,0.758,75.8,2,0,False,No mapped CIP pathway available,Investigate education/training pathways separately,High,High,Prioritize developing Speaking. The skill gap has high prescriptive priority (75.80%) and the occupation has high Canadian labour demand (86.44%). Investigate relevant education or training pathways separately because no mapped CIP pathway is available.
Candidate_055,Inside Sales Representative,Mathematics,2.62,2.0,0.0,0.462,86.44,0.623,62.3,3,0,False,No mapped CIP pathway available,Investigate education/training pathways separately,Medium,High,Consider developing Mathematics because the target occupation shows high Canadian labour demand (86.44%). Investigate relevant education or training pathways separately because no mapped CIP pathway is available.
Candidate_055,Licensed Practical Nurse (L.P.N.),Active Listening,3.88,4.0,0.0,0.788,30.39,0.594,59.44,1,0,False,No mapped CIP pathway available,Investigate education/training pathways separately,Medium,Lower,Consider developing Active Listening as a medium-priority skill gap (59.44%). Investigate relevant education or training pathways separately because no mapped CIP pathway is available.
Candidate_055,Licensed Practical Nurse (L.P.N.),Speaking,3.88,4.0,0.0,0.788,30.39,0.594,59.44,1,0,False,No mapped CIP pathway available,Investigate education/training pathways separately,Medium,Lower,Consider developing Speaking as a medium-priority skill gap (59.44%). Investigate relevant education or training pathways separately because no mapped CIP pathway is available.
Candidate_055,Licensed Practical Nurse (L.P.N.),Mathematics,2.88,2.88,0.0,0.576,30.39,0.467,46.72,2,0,False,No mapped CIP pathway available,Investigate education/training pathways separately,Lower,Lower,Consider developing Mathematics as an additional skill for the target occupation. Investigate relevant education or training pathways separately because no mapped CIP pathway is available.
Candidate_055,Office Administrator,Active Listening,4.0,4.0,0.0,0.8,52.86,0.691,69.14,1,13,True,CIP pathway available,Review mapped CIP education pathways,Medium,Moderate,Consider developing Active Listening as a medium-priority skill gap (69.14%). Review mapped CIP education pathways for this occupation.
Candidate_055,Office Administrator,Speaking,4.0,4.0,0.0,0.8,52.86,0.691,69.14,1,13,True,CIP pathway available,Review mapped CIP education pathways,Medium,Moderate,Consider developing Speaking as a medium-priority skill gap (69.14%). Review mapped CIP education pathways for this occupation.
Candidate_055,Office Administrator,Mathematics,2.75,2.75,0.0,0.55,52.86,0.541,54.14,2,13,True,CIP pathway available,Review mapped CIP education pathways,Medium,Moderate,Consider developing Mathematics as a medium-priority skill gap (54.14%). Review mapped CIP education pathways for this occupation.
Candidate_055,Office Manager,Speaking,4.0,4.0,0.0,0.8,52.86,0.691,69.14,1,13,True,CIP pathway available,Review mapped CIP education pathways,Medium,Moderate,Consider developing Speaking as a medium-priority skill gap (69.14%). Review mapped CIP education pathways for this occupation.
Candidate_055,Office Manager,Active Listening,4.0,3.88,0.0,0.788,52.86,0.684,68.42,2,13,True,CIP pathway available,Review mapped CIP education pathways,Medium,Moderate,Consider developing Active Listening as a medium-priority skill gap (68.42%). Review mapped CIP education pathways for this occupation.
Candidate_055,Office Manager,Mathematics,2.75,2.75,0.0,0.55,52.86,0.541,54.14,3,13,True,CIP pathway available,Review mapped CIP education pathways,Medium,Moderate,Consider developing Mathematics as a medium-priority skill gap (54.14%). Review mapped CIP education pathways for this occupation.
Candidate_055,Restaurant Manager,Speaking,3.88,4.0,0.0,0.788,58.65,0.707,70.74,1,0,False,No mapped CIP pathway available,Investigate education/training pathways separately,High,Moderate,Prioritize developing Speaking. The skill gap has high prescriptive priority (70.74%). Investigate relevant education or training pathways separately because no mapped CIP pathway is available.
Candidate_055,Restaurant Manager,Active Listening,3.88,3.5,0.0,0.738,58.65,0.677,67.74,2,0,False,No mapped CIP pathway available,Investigate education/training pathways separately,Medium,Moderate,Consider developing Active Listening as a medium-priority skill gap (67.74%). Investigate relevant education or training pathways separately because no mapped CIP pathway is available.
Candidate_055,Restaurant Manager,Mathematics,2.88,2.88,0.0,0.576,58.65,0.58,58.02,3,0,False,No mapped CIP pathway available,Investigate education/training pathways separately,Medium,Moderate,Consider developing Mathematics as a medium-priority skill gap (58.02%). Investigate relevant education or training pathways separately because no mapped CIP pathway is available.
Candidate_055,Retail Sales Associate,Active Listening,3.75,3.75,0.0,0.75,86.44,0.796,79.58,1,0,False,No mapped CIP pathway available,Investigate education/training pathways separately,High,High,Prioritize developing Active Listening. The skill gap has high prescriptive priority (79.58%) and the occupation has high Canadian labour demand (86.44%). Investigate relevant education or training pathways separately because no mapped CIP pathway is available.
Candidate_055,Retail Sales Associate,Speaking,3.75,3.12,0.0,0.687,86.44,0.758,75.8,2,0,False,No mapped CIP pathway available,Investigate education/training pathways separately,High,High,Prioritize developing Speaking. The skill gap has high prescriptive priority (75.80%) and the occupation has high Canadian labour demand (86.44%). Investigate relevant education or training pathways separately because no mapped CIP pathway is available.
Candidate_055,Retail Sales Associate,Mathematics,2.62,2.0,0.0,0.462,86.44,0.623,62.3,3,0,False,No mapped CIP pathway available,Investigate education/training pathways separately,Medium,High,Consider developing Mathematics because the target occupation shows high Canadian labour demand (86.44%). Investigate relevant education or training pathways separately because no mapped CIP pathway is available.
Candidate_055,Secondary School Teacher,Speaking,4.0,4.12,0.0,0.812,36.36,0.633,63.26,1,92,True,CIP pathway available,Review mapped CIP education pathways,Medium,Lower,Consider developing Speaking as a medium-priority skill gap (63.26%). Review mapped CIP education pathways for this occupation.
Candidate_055,Secondary School Teacher,Active Listening,4.0,4.0,0.0,0.8,36.36,0.625,62.54,2,92,True,CIP pathway available,Review mapped CIP education pathways,Medium,Lower,Consider developing Active Listening as a medium-priority skill gap (62.54%). Review mapped CIP education pathways for this occupation.
Candidate_055,Secondary School Teacher,Mathematics,2.75,3.0,0.0,0.575,36.36,0.49,49.04,3,92,True,CIP pathway available,Review mapped CIP education pathways,Lower,Lower,Consider developing Mathematics as an additional skill for the target occupation. Review mapped CIP education pathways for this occupation.
Candidate_055,Software Developer,Active Listening,3.38,3.88,0.0,0.726,22.91,0.527,52.72,1,20,True,CIP pathway available,Review mapped CIP education pathways,Medium,Lower,Consider developing Active Listening as a medium-priority skill gap (52.72%). Review mapped CIP education pathways for this occupation.
Candidate_055,Software Developer,Speaking,3.12,3.62,0.0,0.6739999999999999,22.91,0.496,49.6,2,20,True,CIP pathway available,Review mapped CIP education pathways,Lower,Lower,Consider developing Speaking as an additional skill for the target occupation. Review mapped CIP education pathways for this occupation.
Candidate_055,Software Developer,Mathematics,2.75,3.25,0.0,0.6000000000000001,22.91,0.452,45.16,3,20,True,CIP pathway available,Review mapped CIP education pathways,Lower,Lower,Consider developing Mathematics as an additional skill for the target occupation. Review mapped CIP education pathways for this occupation.
Candidate_056,Administrative Assistant,Mathematics,2.0,1.62,0.0,0.362,43.85,0.393,39.26,1,2,True,CIP pathway available,Review mapped CIP education pathways,Lower,Moderate,Consider developing Mathematics as an additional skill for the target occupation. Review mapped CIP education pathways for this occupation.
Candidate_056,Administrative Assistant,Science,1.0,0.0,0.0,0.1,43.85,0.235,23.54,2,2,True,CIP pathway available,Review mapped CIP education pathways,Lower,Moderate,Consider developing Science as an additional skill for the target occupation. Review mapped CIP education pathways for this occupation.
Candidate_056,Bookkeeper,Mathematics,3.38,3.38,0.0,0.6759999999999999,29.92,0.525,52.53,1,0,False,No mapped CIP pathway available,Investigate education/training pathways separately,Medium,Lower,Consider developing Mathematics as a medium-priority skill gap (52.53%). Investigate relevant education or training pathways separately because no mapped CIP pathway is available.
Candidate_056,Bookkeeper,Science,1.12,0.12,0.0,0.12400000000000001,29.92,0.194,19.41,2,0,False,No mapped CIP pathway available,Investigate education/training pathways separately,Lower,Lower,Consider developing Science as an additional skill for the target occupation. Investigate relevant education or training pathways separately because no mapped CIP pathway is available.
Candidate_056,Continuing Care Assistant,Mathematics,2.12,1.88,0.0,0.4,43.96,0.416,41.58,1,0,False,No mapped CIP pathway available,Investigate education/training pathways separately,Lower,Moderate,Consider developing Mathematics as an additional skill for the target occupation. Investigate relevant education or training pathways separately because no mapped CIP pathway is available.
Candidate_056,Continuing Care Assistant,Science,1.75,0.88,0.0,0.263,43.96,0.334,33.36,2,0,False,No mapped CIP pathway available,Investigate education/training pathways separately,Lower,Moderate,Consider developing Science as an additional skill for the target occupation. Investigate relevant education or training pathways separately because no mapped CIP pathway is available.
Candidate_056,Delivery Driver,Mathematics,2.25,2.12,0.0,0.43700000000000006,37.05,0.41,41.04,1,0,False,No mapped CIP pathway available,Investigate education/training pathways separately,Lower,Lower,Consider developing Mathematics as an additional skill for the target occupation. Investigate relevant education or training pathways separately because no mapped CIP pathway is available.
Candidate_056,Delivery Driver,Science,1.12,0.12,0.0,0.12400000000000001,37.05,0.223,22.26,2,0,False,No mapped CIP pathway available,Investigate education/training pathways separately,Lower,Lower,Consider developing Science as an additional skill for the target occupation. Investigate relevant education or training pathways separately because no mapped CIP pathway is available.
Candidate_056,"Driver, Truck",Mathematics,2.0,1.88,0.0,0.388,88.8,0.588,58.8,1,1,True,CIP pathway available,Review mapped CIP education pathways,Medium,High,Consider developing Mathematics because the target occupation shows high Canadian labour demand (88.80%). Review mapped CIP education pathways for this occupation.
Candidate_056,"Driver, Truck",Science,1.0,0.0,0.0,0.1,88.8,0.415,41.52,2,1,True,CIP pathway available,Review mapped CIP education pathways,Lower,High,Consider developing Science because the target occupation shows high Canadian labour demand (88.80%). Review mapped CIP education pathways for this occupation.
Candidate_056,Food Service Supervisor,Mathematics,3.0,3.0,0.0,0.6,68.33,0.633,63.33,1,0,False,No mapped CIP pathway available,Investigate education/training pathways separately,Medium,Moderate,Consider developing Mathematics as a medium-priority skill gap (63.33%). Investigate relevant education or training pathways separately because no mapped CIP pathway is available.
Candidate_056,Food Service Supervisor,Science,1.0,0.0,0.0,0.1,68.33,0.333,33.33,2,0,False,No mapped CIP pathway available,Investigate education/training pathways separately,Lower,Moderate,Consider developing Science as an additional skill for the target occupation. Investigate relevant education or training pathways separately because no mapped CIP pathway is available.
Candidate_056,Information Technology (IT) Analyst,Mathematics,3.0,3.38,0.0,0.6379999999999999,26.64,0.489,48.94,1,0,False,No mapped CIP pathway available,Investigate education/training pathways separately,Lower,Lower,Consider developing Mathematics as an additional skill for the target occupation. Investigate relevant education or training pathways separately because no mapped CIP pathway is available.
Candidate_056,Information Technology (IT) Analyst,Science,2.75,3.12,0.0,0.587,26.64,0.459,45.88,2,0,False,No mapped CIP pathway available,Investigate education/training pathways separately,Lower,Lower,Consider developing Science as an additional skill for the target occupation. Investigate relevant education or training pathways separately because no mapped CIP pathway is available.
Candidate_056,Inside Sales Representative,Mathematics,2.62,2.0,0.0,0.462,86.44,0.623,62.3,1,0,False,No CIP pathway in crosswalk,Investigate education/training pathways separately,Medium,High,Consider developing Mathematics because the target occupation shows high Canadian labour demand (86.44%). Investigate relevant education or training pathways separately because no mapped CIP pathway is available.
Candidate_056,Inside Sales Representative,Science,1.0,0.0,0.0,0.1,86.44,0.406,40.58,2,0,False,No CIP pathway in crosswalk,Investigate education/training pathways separately,Lower,High,Consider developing Science because the target occupation shows high Canadian labour demand (86.44%). Investigate relevant education or training pathways separately because no mapped CIP pathway is available.
Candidate_056,Licensed Practical Nurse (L.P.N.),Mathematics,2.88,2.88,0.0,0.576,30.39,0.467,46.72,1,0,False,No mapped CIP pathway available,Investigate education/training pathways separately,Lower,Lower,Consider developing Mathematics as an additional skill for the target occupation. Investigate relevant education or training pathways separately because no mapped CIP pathway is available.
Candidate_056,Licensed Practical Nurse (L.P.N.),Science,2.62,2.62,0.0,0.524,30.39,0.436,43.6,2,0,False,No mapped CIP pathway available,Investigate education/training pathways separately,Lower,Lower,Consider developing Science as an additional skill for the target occupation. Investigate relevant education or training pathways separately because no mapped CIP pathway is available.
Candidate_056,Office Administrator,Mathematics,2.75,2.75,0.0,0.55,52.86,0.541,54.14,1,13,True,CIP pathway available,Review mapped CIP education pathways,Medium,Moderate,Consider developing Mathematics as a medium-priority skill gap (54.14%). Review mapped CIP education pathways for this occupation.
Candidate_056,Office Administrator,Science,1.38,0.38,0.0,0.176,52.86,0.317,31.7,2,13,True,CIP pathway available,Review mapped CIP education pathways,Lower,Moderate,Consider developing Science as an additional skill for the target occupation. Review mapped CIP education pathways for this occupation.
Candidate_056,Office Manager,Mathematics,2.75,2.75,0.0,0.55,52.86,0.541,54.14,1,13,True,CIP pathway available,Review mapped CIP education pathways,Medium,Moderate,Consider developing Mathematics as a medium-priority skill gap (54.14%). Review mapped CIP education pathways for this occupation.
Candidate_056,Office Manager,Science,1.0,0.0,0.0,0.1,52.86,0.271,27.14,2,13,True,CIP pathway available,Review mapped CIP education pathways,Lower,Moderate,Consider developing Science as an additional skill for the target occupation. Review mapped CIP education pathways for this occupation.
Candidate_056,Restaurant Manager,Mathematics,2.88,2.88,0.0,0.576,58.65,0.58,58.02,1,0,False,No mapped CIP pathway available,Investigate education/training pathways separately,Medium,Moderate,Consider developing Mathematics as a medium-priority skill gap (58.02%). Investigate relevant education or training pathways separately because no mapped CIP pathway is available.
Candidate_056,Restaurant Manager,Science,1.62,0.62,0.0,0.224,58.65,0.369,36.9,2,0,False,No mapped CIP pathway available,Investigate education/training pathways separately,Lower,Moderate,Consider developing Science as an additional skill for the target occupation. Investigate relevant education or training pathways separately because no mapped CIP pathway is available.
Candidate_056,Retail Sales Associate,Mathematics,2.62,2.0,0.0,0.462,86.44,0.623,62.3,1,0,False,No mapped CIP pathway available,Investigate education/training pathways separately,Medium,High,Consider developing Mathematics because the target occupation shows high Canadian labour demand (86.44%). Investigate relevant education or training pathways separately because no mapped CIP pathway is available.
Candidate_056,Retail Sales Associate,Science,1.0,0.0,0.0,0.1,86.44,0.406,40.58,2,0,False,No mapped CIP pathway available,Investigate education/training pathways separately,Lower,High,Consider developing Science because the target occupation shows high Canadian labour demand (86.44%). Investigate relevant education or training pathways separately because no mapped CIP pathway is available.
Candidate_056,Secondary School Teacher,Mathematics,2.75,3.0,0.0,0.575,36.36,0.49,49.04,1,0,False,No mapped CIP pathway available,Investigate education/training pathways separately,Lower,Lower,Consider developing Mathematics as an additional skill for the target occupation. Investigate relevant education or training pathways separately because no mapped CIP pathway is available.
Candidate_056,Secondary School Teacher,Science,2.0,1.88,0.0,0.388,36.36,0.378,37.82,2,0,False,No mapped CIP pathway available,Investigate education/training pathways separately,Lower,Lower,Consider developing Science as an additional skill for the target occupation. Investigate relevant education or training pathways separately because no mapped CIP pathway is available.
Candidate_056,Software Developer,Mathematics,2.75,3.25,0.0,0.6000000000000001,22.91,0.452,45.16,1,0,False,No mapped CIP pathway available,Investigate education/training pathways separately,Lower,Lower,Consider developing Mathematics as an additional skill for the target occupation. Investigate relevant education or training pathways separately because no mapped CIP pathway is available.
Candidate_056,Software Developer,Science,2.12,1.88,0.0,0.4,22.91,0.332,33.16,2,0,False,No mapped CIP pathway available,Investigate education/training pathways separately,Lower,Lower,Consider developing Science as an additional skill for the target occupation. Investigate relevant education or training pathways separately because no mapped CIP pathway is available.
Candidate_057,Administrative Assistant,Monitoring,3.12,3.25,0.0,0.637,43.85,0.558,55.76,1,2,True,CIP pathway available,Review mapped CIP education pathways,Medium,Moderate,Consider developing Monitoring as a medium-priority skill gap (55.76%). Review mapped CIP education pathways for this occupation.
Candidate_057,Bookkeeper,Monitoring,3.0,2.88,0.0,0.588,29.92,0.472,47.25,1,0,False,No mapped CIP pathway available,Investigate education/training pathways separately,Lower,Lower,Consider developing Monitoring as an additional skill for the target occupation. Investigate relevant education or training pathways separately because no mapped CIP pathway is available.
Candidate_057,Continuing Care Assistant,Monitoring,3.25,3.0,0.0,0.625,43.96,0.551,55.08,1,0,False,No mapped CIP pathway available,Investigate education/training pathways separately,Medium,Moderate,Consider developing Monitoring as a medium-priority skill gap (55.08%). Investigate relevant education or training pathways separately because no mapped CIP pathway is available.
Candidate_057,Delivery Driver,Monitoring,3.12,2.75,0.0,0.587,37.05,0.5,50.04,1,0,False,No mapped CIP pathway available,Investigate education/training pathways separately,Medium,Lower,Consider developing Monitoring as a medium-priority skill gap (50.04%). Investigate relevant education or training pathways separately because no mapped CIP pathway is available.
Candidate_057,"Driver, Truck",Monitoring,3.12,3.0,0.0,0.612,88.8,0.722,72.24,1,0,False,No mapped CIP pathway available,Investigate education/training pathways separately,High,High,Prioritize developing Monitoring. The skill gap has high prescriptive priority (72.24%) and the occupation has high Canadian labour demand (88.80%). Investigate relevant education or training pathways separately because no mapped CIP pathway is available.
Candidate_057,Food Service Supervisor,Monitoring,3.88,4.0,0.0,0.788,68.33,0.746,74.61,1,0,False,No mapped CIP pathway available,Investigate education/training pathways separately,High,Moderate,Prioritize developing Monitoring. The skill gap has high prescriptive priority (74.61%). Investigate relevant education or training pathways separately because no mapped CIP pathway is available.
Candidate_057,Information Technology (IT) Analyst,Monitoring,3.62,4.0,0.0,0.762,26.64,0.564,56.38,1,22,True,CIP pathway available,Review mapped CIP education pathways,Medium,Lower,Consider developing Monitoring as a medium-priority skill gap (56.38%). Review mapped CIP education pathways for this occupation.
Candidate_057,Inside Sales Representative,Monitoring,3.0,3.12,0.0,0.612,86.44,0.713,71.3,1,0,False,No CIP pathway in crosswalk,Investigate education/training pathways separately,High,High,Prioritize developing Monitoring. The skill gap has high prescriptive priority (71.30%) and the occupation has high Canadian labour demand (86.44%). Investigate relevant education or training pathways separately because no mapped CIP pathway is available.
Candidate_057,Licensed Practical Nurse (L.P.N.),Monitoring,3.88,4.0,0.0,0.788,30.39,0.594,59.44,1,0,False,No mapped CIP pathway available,Investigate education/training pathways separately,Medium,Lower,Consider developing Monitoring as a medium-priority skill gap (59.44%). Investigate relevant education or training pathways separately because no mapped CIP pathway is available.
Candidate_057,Office Administrator,Monitoring,4.0,4.0,0.0,0.8,52.86,0.691,69.14,1,0,False,No mapped CIP pathway available,Investigate education/training pathways separately,Medium,Moderate,Consider developing Monitoring as a medium-priority skill gap (69.14%). Investigate relevant education or training pathways separately because no mapped CIP pathway is available.
Candidate_057,Office Manager,Monitoring,4.0,4.0,0.0,0.8,52.86,0.691,69.14,1,0,False,No mapped CIP pathway available,Investigate education/training pathways separately,Medium,Moderate,Consider developing Monitoring as a medium-priority skill gap (69.14%). Investigate relevant education or training pathways separately because no mapped CIP pathway is available.
Candidate_057,Restaurant Manager,Monitoring,3.88,3.88,0.0,0.776,58.65,0.7,70.02,1,0,False,No mapped CIP pathway available,Investigate education/training pathways separately,High,Moderate,Prioritize developing Monitoring. The skill gap has high prescriptive priority (70.02%). Investigate relevant education or training pathways separately because no mapped CIP pathway is available.
Candidate_057,Retail Sales Associate,Monitoring,3.0,3.12,0.0,0.612,86.44,0.713,71.3,1,0,False,No CIP pathway in crosswalk,Investigate education/training pathways separately,High,High,Prioritize developing Monitoring. The skill gap has high prescriptive priority (71.30%) and the occupation has high Canadian labour demand (86.44%). Investigate relevant education or training pathways separately because no mapped CIP pathway is available.
Candidate_057,Secondary School Teacher,Monitoring,3.88,4.0,0.0,0.788,36.36,0.618,61.82,1,0,False,No mapped CIP pathway available,Investigate education/training pathways separately,Medium,Lower,Consider developing Monitoring as a medium-priority skill gap (61.82%). Investigate relevant education or training pathways separately because no mapped CIP pathway is available.
Candidate_057,Software Developer,Monitoring,3.0,3.5,0.0,0.6499999999999999,22.91,0.482,48.16,1,20,True,CIP pathway available,Review mapped CIP education pathways,Lower,Lower,Consider developing Monitoring as an additional skill for the target occupation. Review mapped CIP education pathways for this occupation.
Candidate_058,Administrative Assistant,Monitoring,3.12,3.25,0.0,0.637,43.85,0.558,55.76,1,2,True,CIP pathway available,Review mapped CIP education pathways,Medium,Moderate,Consider developing Monitoring as a medium-priority skill gap (55.76%). Review mapped CIP education pathways for this occupation.
Candidate_058,Administrative Assistant,Mathematics,2.0,1.62,0.0,0.362,43.85,0.393,39.26,2,2,True,CIP pathway available,Review mapped CIP education pathways,Lower,Moderate,Consider developing Mathematics as an additional skill for the target occupation. Review mapped CIP education pathways for this occupation.
Candidate_058,Administrative Assistant,Science,1.0,0.0,0.0,0.1,43.85,0.235,23.54,3,2,True,CIP pathway available,Review mapped CIP education pathways,Lower,Moderate,Consider developing Science as an additional skill for the target occupation. Review mapped CIP education pathways for this occupation.
Candidate_058,Bookkeeper,Mathematics,3.38,3.38,0.0,0.6759999999999999,29.92,0.525,52.53,1,0,False,No mapped CIP pathway available,Investigate education/training pathways separately,Medium,Lower,Consider developing Mathematics as a medium-priority skill gap (52.53%). Investigate relevant education or training pathways separately because no mapped CIP pathway is available.
Candidate_058,Bookkeeper,Monitoring,3.0,2.88,0.0,0.588,29.92,0.472,47.25,2,0,False,No mapped CIP pathway available,Investigate education/training pathways separately,Lower,Lower,Consider developing Monitoring as an additional skill for the target occupation. Investigate relevant education or training pathways separately because no mapped CIP pathway is available.
Candidate_058,Bookkeeper,Science,1.12,0.12,0.0,0.12400000000000001,29.92,0.194,19.41,3,0,False,No mapped CIP pathway available,Investigate education/training pathways separately,Lower,Lower,Consider developing Science as an additional skill for the target occupation. Investigate relevant education or training pathways separately because no mapped CIP pathway is available.
Candidate_058,Continuing Care Assistant,Monitoring,3.25,3.0,0.0,0.625,43.96,0.551,55.08,1,0,False,No mapped CIP pathway available,Investigate education/training pathways separately,Medium,Moderate,Consider developing Monitoring as a medium-priority skill gap (55.08%). Investigate relevant education or training pathways separately because no mapped CIP pathway is available.
Candidate_058,Continuing Care Assistant,Mathematics,2.12,1.88,0.0,0.4,43.96,0.416,41.58,2,0,False,No mapped CIP pathway available,Investigate education/training pathways separately,Lower,Moderate,Consider developing Mathematics as an additional skill for the target occupation. Investigate relevant education or training pathways separately because no mapped CIP pathway is available.
Candidate_058,Continuing Care Assistant,Science,1.75,0.88,0.0,0.263,43.96,0.334,33.36,3,0,False,No mapped CIP pathway available,Investigate education/training pathways separately,Lower,Moderate,Consider developing Science as an additional skill for the target occupation. Investigate relevant education or training pathways separately because no mapped CIP pathway is available.
Candidate_058,Delivery Driver,Monitoring,3.12,2.75,0.0,0.587,37.05,0.5,50.04,1,0,False,No mapped CIP pathway available,Investigate education/training pathways separately,Medium,Lower,Consider developing Monitoring as a medium-priority skill gap (50.04%). Investigate relevant education or training pathways separately because no mapped CIP pathway is available.
Candidate_058,Delivery Driver,Mathematics,2.25,2.12,0.0,0.43700000000000006,37.05,0.41,41.04,2,0,False,No mapped CIP pathway available,Investigate education/training pathways separately,Lower,Lower,Consider developing Mathematics as an additional skill for the target occupation. Investigate relevant education or training pathways separately because no mapped CIP pathway is available.
Candidate_058,Delivery Driver,Science,1.12,0.12,0.0,0.12400000000000001,37.05,0.223,22.26,3,0,False,No mapped CIP pathway available,Investigate education/training pathways separately,Lower,Lower,Consider developing Science as an additional skill for the target occupation. Investigate relevant education or training pathways separately because no mapped CIP pathway is available.
Candidate_058,"Driver, Truck",Monitoring,3.12,3.0,0.0,0.612,88.8,0.722,72.24,1,0,False,No mapped CIP pathway available,Investigate education/training pathways separately,High,High,Prioritize developing Monitoring. The skill gap has high prescriptive priority (72.24%) and the occupation has high Canadian labour demand (88.80%). Investigate relevant education or training pathways separately because no mapped CIP pathway is available.
Candidate_058,"Driver, Truck",Mathematics,2.0,1.88,0.0,0.388,88.8,0.588,58.8,2,0,False,No mapped CIP pathway available,Investigate education/training pathways separately,Medium,High,Consider developing Mathematics because the target occupation shows high Canadian labour demand (88.80%). Investigate relevant education or training pathways separately because no mapped CIP pathway is available.
Candidate_058,"Driver, Truck",Science,1.0,0.0,0.0,0.1,88.8,0.415,41.52,3,0,False,No mapped CIP pathway available,Investigate education/training pathways separately,Lower,High,Consider developing Science because the target occupation shows high Canadian labour demand (88.80%). Investigate relevant education or training pathways separately because no mapped CIP pathway is available.
Candidate_058,Food Service Supervisor,Monitoring,3.88,4.0,0.0,0.788,68.33,0.746,74.61,1,0,False,No mapped CIP pathway available,Investigate education/training pathways separately,High,Moderate,Prioritize developing Monitoring. The skill gap has high prescriptive priority (74.61%). Investigate relevant education or training pathways separately because no mapped CIP pathway is available.
Candidate_058,Food Service Supervisor,Mathematics,3.0,3.0,0.0,0.6,68.33,0.633,63.33,2,0,False,No mapped CIP pathway available,Investigate education/training pathways separately,Medium,Moderate,Consider developing Mathematics as a medium-priority skill gap (63.33%). Investigate relevant education or training pathways separately because no mapped CIP pathway is available.
Candidate_058,Food Service Supervisor,Science,1.0,0.0,0.0,0.1,68.33,0.333,33.33,3,0,False,No mapped CIP pathway available,Investigate education/training pathways separately,Lower,Moderate,Consider developing Science as an additional skill for the target occupation. Investigate relevant education or training pathways separately because no mapped CIP pathway is available.
Candidate_058,Information Technology (IT) Analyst,Monitoring,3.62,4.0,0.0,0.762,26.64,0.564,56.38,1,0,False,No mapped CIP pathway available,Investigate education/training pathways separately,Medium,Lower,Consider developing Monitoring as a medium-priority skill gap (56.38%). Investigate relevant education or training pathways separately because no mapped CIP pathway is available.
Candidate_058,Information Technology (IT) Analyst,Mathematics,3.0,3.38,0.0,0.6379999999999999,26.64,0.489,48.94,2,0,False,No mapped CIP pathway available,Investigate education/training pathways separately,Lower,Lower,Consider developing Mathematics as an additional skill for the target occupation. Investigate relevant education or training pathways separately because no mapped CIP pathway is available.
Candidate_058,Information Technology (IT) Analyst,Science,2.75,3.12,0.0,0.587,26.64,0.459,45.88,3,0,False,No mapped CIP pathway available,Investigate education/training pathways separately,Lower,Lower,Consider developing Science as an additional skill for the target occupation. Investigate relevant education or training pathways separately because no mapped CIP pathway is available.
Candidate_058,Inside Sales Representative,Monitoring,3.0,3.12,0.0,0.612,86.44,0.713,71.3,1,0,False,No CIP pathway in crosswalk,Investigate education/training pathways separately,High,High,Prioritize developing Monitoring. The skill gap has high prescriptive priority (71.30%) and the occupation has high Canadian labour demand (86.44%). Investigate relevant education or training pathways separately because no mapped CIP pathway is available.
Candidate_058,Inside Sales Representative,Mathematics,2.62,2.0,0.0,0.462,86.44,0.623,62.3,2,0,False,No CIP pathway in crosswalk,Investigate education/training pathways separately,Medium,High,Consider developing Mathematics because the target occupation shows high Canadian labour demand (86.44%). Investigate relevant education or training pathways separately because no mapped CIP pathway is available.
Candidate_058,Inside Sales Representative,Science,1.0,0.0,0.0,0.1,86.44,0.406,40.58,3,0,False,No CIP pathway in crosswalk,Investigate education/training pathways separately,Lower,High,Consider developing Science because the target occupation shows high Canadian labour demand (86.44%). Investigate relevant education or training pathways separately because no mapped CIP pathway is available.
Candidate_058,Licensed Practical Nurse (L.P.N.),Monitoring,3.88,4.0,0.0,0.788,30.39,0.594,59.44,1,0,False,No mapped CIP pathway available,Investigate education/training pathways separately,Medium,Lower,Consider developing Monitoring as a medium-priority skill gap (59.44%). Investigate relevant education or training pathways separately because no mapped CIP pathway is available.
Candidate_058,Licensed Practical Nurse (L.P.N.),Mathematics,2.88,2.88,0.0,0.576,30.39,0.467,46.72,2,0,False,No mapped CIP pathway available,Investigate education/training pathways separately,Lower,Lower,Consider developing Mathematics as an additional skill for the target occupation. Investigate relevant education or training pathways separately because no mapped CIP pathway is available.
Candidate_058,Licensed Practical Nurse (L.P.N.),Science,2.62,2.62,0.0,0.524,30.39,0.436,43.6,3,0,False,No mapped CIP pathway available,Investigate education/training pathways separately,Lower,Lower,Consider developing Science as an additional skill for the target occupation. Investigate relevant education or training pathways separately because no mapped CIP pathway is available.
Candidate_058,Office Administrator,Monitoring,4.0,4.0,0.0,0.8,52.86,0.691,69.14,1,13,True,CIP pathway available,Review mapped CIP education pathways,Medium,Moderate,Consider developing Monitoring as a medium-priority skill gap (69.14%). Review mapped CIP education pathways for this occupation.
Candidate_058,Office Administrator,Mathematics,2.75,2.75,0.0,0.55,52.86,0.541,54.14,2,13,True,CIP pathway available,Review mapped CIP education pathways,Medium,Moderate,Consider developing Mathematics as a medium-priority skill gap (54.14%). Review mapped CIP education pathways for this occupation.
Candidate_058,Office Administrator,Science,1.38,0.38,0.0,0.176,52.86,0.317,31.7,3,13,True,CIP pathway available,Review mapped CIP education pathways,Lower,Moderate,Consider developing Science as an additional skill for the target occupation. Review mapped CIP education pathways for this occupation.
Candidate_058,Office Manager,Monitoring,4.0,4.0,0.0,0.8,52.86,0.691,69.14,1,13,True,CIP pathway available,Review mapped CIP education pathways,Medium,Moderate,Consider developing Monitoring as a medium-priority skill gap (69.14%). Review mapped CIP education pathways for this occupation.
Candidate_058,Office Manager,Mathematics,2.75,2.75,0.0,0.55,52.86,0.541,54.14,2,13,True,CIP pathway available,Review mapped CIP education pathways,Medium,Moderate,Consider developing Mathematics as a medium-priority skill gap (54.14%). Review mapped CIP education pathways for this occupation.
Candidate_058,Office Manager,Science,1.0,0.0,0.0,0.1,52.86,0.271,27.14,3,13,True,CIP pathway available,Review mapped CIP education pathways,Lower,Moderate,Consider developing Science as an additional skill for the target occupation. Review mapped CIP education pathways for this occupation.
Candidate_058,Restaurant Manager,Monitoring,3.88,3.88,0.0,0.776,58.65,0.7,70.02,1,0,False,No mapped CIP pathway available,Investigate education/training pathways separately,High,Moderate,Prioritize developing Monitoring. The skill gap has high prescriptive priority (70.02%). Investigate relevant education or training pathways separately because no mapped CIP pathway is available.
Candidate_058,Restaurant Manager,Mathematics,2.88,2.88,0.0,0.576,58.65,0.58,58.02,2,0,False,No mapped CIP pathway available,Investigate education/training pathways separately,Medium,Moderate,Consider developing Mathematics as a medium-priority skill gap (58.02%). Investigate relevant education or training pathways separately because no mapped CIP pathway is available.
Candidate_058,Restaurant Manager,Science,1.62,0.62,0.0,0.224,58.65,0.369,36.9,3,0,False,No mapped CIP pathway available,Investigate education/training pathways separately,Lower,Moderate,Consider developing Science as an additional skill for the target occupation. Investigate relevant education or training pathways separately because no mapped CIP pathway is available.
Candidate_058,Retail Sales Associate,Monitoring,3.0,3.12,0.0,0.612,86.44,0.713,71.3,1,0,False,No CIP pathway in crosswalk,Investigate education/training pathways separately,High,High,Prioritize developing Monitoring. The skill gap has high prescriptive priority (71.30%) and the occupation has high Canadian labour demand (86.44%). Investigate relevant education or training pathways separately because no mapped CIP pathway is available.
Candidate_058,Retail Sales Associate,Mathematics,2.62,2.0,0.0,0.462,86.44,0.623,62.3,2,0,False,No CIP pathway in crosswalk,Investigate education/training pathways separately,Medium,High,Consider developing Mathematics because the target occupation shows high Canadian labour demand (86.44%). Investigate relevant education or training pathways separately because no mapped CIP pathway is available.
Candidate_058,Retail Sales Associate,Science,1.0,0.0,0.0,0.1,86.44,0.406,40.58,3,0,False,No CIP pathway in crosswalk,Investigate education/training pathways separately,Lower,High,Consider developing Science because the target occupation shows high Canadian labour demand (86.44%). Investigate relevant education or training pathways separately because no mapped CIP pathway is available.
Candidate_058,Secondary School Teacher,Monitoring,3.88,4.0,0.0,0.788,36.36,0.618,61.82,1,0,False,No mapped CIP pathway available,Investigate education/training pathways separately,Medium,Lower,Consider developing Monitoring as a medium-priority skill gap (61.82%). Investigate relevant education or training pathways separately because no mapped CIP pathway is available.
Candidate_058,Secondary School Teacher,Mathematics,2.75,3.0,0.0,0.575,36.36,0.49,49.04,2,0,False,No mapped CIP pathway available,Investigate education/training pathways separately,Lower,Lower,Consider developing Mathematics as an additional skill for the target occupation. Investigate relevant education or training pathways separately because no mapped CIP pathway is available.
Candidate_058,Secondary School Teacher,Science,2.0,1.88,0.0,0.388,36.36,0.378,37.82,3,0,False,No mapped CIP pathway available,Investigate education/training pathways separately,Lower,Lower,Consider developing Science as an additional skill for the target occupation. Investigate relevant education or training pathways separately because no mapped CIP pathway is available.
Candidate_058,Software Developer,Monitoring,3.0,3.5,0.0,0.6499999999999999,22.91,0.482,48.16,1,0,False,No mapped CIP pathway available,Investigate education/training pathways separately,Lower,Lower,Consider developing Monitoring as an additional skill for the target occupation. Investigate relevant education or training pathways separately because no mapped CIP pathway is available.
Candidate_058,Software Developer,Mathematics,2.75,3.25,0.0,0.6000000000000001,22.91,0.452,45.16,2,0,False,No mapped CIP pathway available,Investigate education/training pathways separately,Lower,Lower,Consider developing Mathematics as an additional skill for the target occupation. Investigate relevant education or training pathways separately because no mapped CIP pathway is available.
Candidate_058,Software Developer,Science,2.12,1.88,0.0,0.4,22.91,0.332,33.16,3,0,False,No mapped CIP pathway available,Investigate education/training pathways separately,Lower,Lower,Consider developing Science as an additional skill for the target occupation. Investigate relevant education or training pathways separately because no mapped CIP pathway is available.
Candidate_059,Administrative Assistant,Active Listening,4.0,3.75,0.0,0.775,43.85,0.64,64.04,1,0,False,No mapped CIP pathway available,Investigate education/training pathways separately,Medium,Moderate,Consider developing Active Listening as a medium-priority skill gap (64.04%). Investigate relevant education or training pathways separately because no mapped CIP pathway is available.
Candidate_059,Administrative Assistant,Speaking,4.0,3.62,0.0,0.762,43.85,0.633,63.26,2,0,False,No mapped CIP pathway available,Investigate education/training pathways separately,Medium,Moderate,Consider developing Speaking as a medium-priority skill gap (63.26%). Investigate relevant education or training pathways separately because no mapped CIP pathway is available.
Candidate_059,Administrative Assistant,Monitoring,3.12,3.25,0.0,0.637,43.85,0.558,55.76,3,0,False,No mapped CIP pathway available,Investigate education/training pathways separately,Medium,Moderate,Consider developing Monitoring as a medium-priority skill gap (55.76%). Investigate relevant education or training pathways separately because no mapped CIP pathway is available.
Candidate_059,Bookkeeper,Active Listening,3.25,3.75,0.0,0.7,29.92,0.54,53.97,1,1,True,CIP pathway available,Review mapped CIP education pathways,Medium,Lower,Consider developing Active Listening as a medium-priority skill gap (53.97%). Review mapped CIP education pathways for this occupation.
Candidate_059,Bookkeeper,Speaking,3.12,3.12,0.0,0.624,29.92,0.494,49.41,2,1,True,CIP pathway available,Review mapped CIP education pathways,Lower,Lower,Consider developing Speaking as an additional skill for the target occupation. Review mapped CIP education pathways for this occupation.
Candidate_059,Bookkeeper,Monitoring,3.0,2.88,0.0,0.588,29.92,0.472,47.25,3,1,True,CIP pathway available,Review mapped CIP education pathways,Lower,Lower,Consider developing Monitoring as an additional skill for the target occupation. Review mapped CIP education pathways for this occupation.
Candidate_059,Continuing Care Assistant,Active Listening,3.62,3.0,0.0,0.6619999999999999,43.96,0.573,57.3,1,0,False,No mapped CIP pathway available,Investigate education/training pathways separately,Medium,Moderate,Consider developing Active Listening as a medium-priority skill gap (57.30%). Investigate relevant education or training pathways separately because no mapped CIP pathway is available.
Candidate_059,Continuing Care Assistant,Monitoring,3.25,3.0,0.0,0.625,43.96,0.551,55.08,2,0,False,No mapped CIP pathway available,Investigate education/training pathways separately,Medium,Moderate,Consider developing Monitoring as a medium-priority skill gap (55.08%). Investigate relevant education or training pathways separately because no mapped CIP pathway is available.
Candidate_059,Continuing Care Assistant,Speaking,3.12,3.0,0.0,0.612,43.96,0.543,54.3,3,0,False,No mapped CIP pathway available,Investigate education/training pathways separately,Medium,Moderate,Consider developing Speaking as a medium-priority skill gap (54.30%). Investigate relevant education or training pathways separately because no mapped CIP pathway is available.
Candidate_059,Delivery Driver,Active Listening,3.12,2.88,0.0,0.6,37.05,0.508,50.82,1,0,False,No mapped CIP pathway available,Investigate education/training pathways separately,Medium,Lower,Consider developing Active Listening as a medium-priority skill gap (50.82%). Investigate relevant education or training pathways separately because no mapped CIP pathway is available.
Candidate_059,Delivery Driver,Speaking,3.12,2.88,0.0,0.6,37.05,0.508,50.82,1,0,False,No mapped CIP pathway available,Investigate education/training pathways separately,Medium,Lower,Consider developing Speaking as a medium-priority skill gap (50.82%). Investigate relevant education or training pathways separately because no mapped CIP pathway is available.
Candidate_059,Delivery Driver,Monitoring,3.12,2.75,0.0,0.587,37.05,0.5,50.04,2,0,False,No mapped CIP pathway available,Investigate education/training pathways separately,Medium,Lower,Consider developing Monitoring as a medium-priority skill gap (50.04%). Investigate relevant education or training pathways separately because no mapped CIP pathway is available.
Candidate_059,"Driver, Truck",Monitoring,3.12,3.0,0.0,0.612,88.8,0.722,72.24,1,0,False,No mapped CIP pathway available,Investigate education/training pathways separately,High,High,Prioritize developing Monitoring. The skill gap has high prescriptive priority (72.24%) and the occupation has high Canadian labour demand (88.80%). Investigate relevant education or training pathways separately because no mapped CIP pathway is available.
Candidate_059,"Driver, Truck",Active Listening,2.88,3.0,0.0,0.588,88.8,0.708,70.8,2,0,False,No mapped CIP pathway available,Investigate education/training pathways separately,High,High,Prioritize developing Active Listening. The skill gap has high prescriptive priority (70.80%) and the occupation has high Canadian labour demand (88.80%). Investigate relevant education or training pathways separately because no mapped CIP pathway is available.
Candidate_059,"Driver, Truck",Speaking,3.0,2.88,0.0,0.588,88.8,0.708,70.8,2,0,False,No mapped CIP pathway available,Investigate education/training pathways separately,High,High,Prioritize developing Speaking. The skill gap has high prescriptive priority (70.80%) and the occupation has high Canadian labour demand (88.80%). Investigate relevant education or training pathways separately because no mapped CIP pathway is available.
Candidate_059,Food Service Supervisor,Monitoring,3.88,4.0,0.0,0.788,68.33,0.746,74.61,1,0,False,No mapped CIP pathway available,Investigate education/training pathways separately,High,Moderate,Prioritize developing Monitoring. The skill gap has high prescriptive priority (74.61%). Investigate relevant education or training pathways separately because no mapped CIP pathway is available.
Candidate_059,Food Service Supervisor,Speaking,3.88,4.0,0.0,0.788,68.33,0.746,74.61,1,0,False,No mapped CIP pathway available,Investigate education/training pathways separately,High,Moderate,Prioritize developing Speaking. The skill gap has high prescriptive priority (74.61%). Investigate relevant education or training pathways separately because no mapped CIP pathway is available.
Candidate_059,Food Service Supervisor,Active Listening,3.75,3.0,0.0,0.675,68.33,0.678,67.83,2,0,False,No mapped CIP pathway available,Investigate education/training pathways separately,Medium,Moderate,Consider developing Active Listening as a medium-priority skill gap (67.83%). Investigate relevant education or training pathways separately because no mapped CIP pathway is available.
Candidate_059,Information Technology (IT) Analyst,Active Listening,4.0,4.12,0.0,0.812,26.64,0.594,59.38,1,22,True,CIP pathway available,Review mapped CIP education pathways,Medium,Lower,Consider developing Active Listening as a medium-priority skill gap (59.38%). Review mapped CIP education pathways for this occupation.
Candidate_059,Information Technology (IT) Analyst,Speaking,4.0,4.0,0.0,0.8,26.64,0.587,58.66,2,22,True,CIP pathway available,Review mapped CIP education pathways,Medium,Lower,Consider developing Speaking as a medium-priority skill gap (58.66%). Review mapped CIP education pathways for this occupation.
Candidate_059,Information Technology (IT) Analyst,Monitoring,3.62,4.0,0.0,0.762,26.64,0.564,56.38,3,22,True,CIP pathway available,Review mapped CIP education pathways,Medium,Lower,Consider developing Monitoring as a medium-priority skill gap (56.38%). Review mapped CIP education pathways for this occupation.
Candidate_059,Inside Sales Representative,Active Listening,3.75,3.75,0.0,0.75,86.44,0.796,79.58,1,0,False,No mapped CIP pathway available,Investigate education/training pathways separately,High,High,Prioritize developing Active Listening. The skill gap has high prescriptive priority (79.58%) and the occupation has high Canadian labour demand (86.44%). Investigate relevant education or training pathways separately because no mapped CIP pathway is available.
Candidate_059,Inside Sales Representative,Speaking,3.75,3.12,0.0,0.687,86.44,0.758,75.8,2,0,False,No mapped CIP pathway available,Investigate education/training pathways separately,High,High,Prioritize developing Speaking. The skill gap has high prescriptive priority (75.80%) and the occupation has high Canadian labour demand (86.44%). Investigate relevant education or training pathways separately because no mapped CIP pathway is available.
Candidate_059,Inside Sales Representative,Monitoring,3.0,3.12,0.0,0.612,86.44,0.713,71.3,3,0,False,No mapped CIP pathway available,Investigate education/training pathways separately,High,High,Prioritize developing Monitoring. The skill gap has high prescriptive priority (71.30%) and the occupation has high Canadian labour demand (86.44%). Investigate relevant education or training pathways separately because no mapped CIP pathway is available.
Candidate_059,Licensed Practical Nurse (L.P.N.),Active Listening,3.88,4.0,0.0,0.788,30.39,0.594,59.44,1,2,True,CIP pathway available,Review mapped CIP education pathways,Medium,Lower,Consider developing Active Listening as a medium-priority skill gap (59.44%). Review mapped CIP education pathways for this occupation.
Candidate_059,Licensed Practical Nurse (L.P.N.),Monitoring,3.88,4.0,0.0,0.788,30.39,0.594,59.44,1,2,True,CIP pathway available,Review mapped CIP education pathways,Medium,Lower,Consider developing Monitoring as a medium-priority skill gap (59.44%). Review mapped CIP education pathways for this occupation.
Candidate_059,Licensed Practical Nurse (L.P.N.),Speaking,3.88,4.0,0.0,0.788,30.39,0.594,59.44,1,2,True,CIP pathway available,Review mapped CIP education pathways,Medium,Lower,Consider developing Speaking as a medium-priority skill gap (59.44%). Review mapped CIP education pathways for this occupation.
Candidate_059,Office Administrator,Active Listening,4.0,4.0,0.0,0.8,52.86,0.691,69.14,1,0,False,No mapped CIP pathway available,Investigate education/training pathways separately,Medium,Moderate,Consider developing Active Listening as a medium-priority skill gap (69.14%). Investigate relevant education or training pathways separately because no mapped CIP pathway is available.
Candidate_059,Office Administrator,Monitoring,4.0,4.0,0.0,0.8,52.86,0.691,69.14,1,0,False,No mapped CIP pathway available,Investigate education/training pathways separately,Medium,Moderate,Consider developing Monitoring as a medium-priority skill gap (69.14%). Investigate relevant education or training pathways separately because no mapped CIP pathway is available.
Candidate_059,Office Administrator,Speaking,4.0,4.0,0.0,0.8,52.86,0.691,69.14,1,0,False,No mapped CIP pathway available,Investigate education/training pathways separately,Medium,Moderate,Consider developing Speaking as a medium-priority skill gap (69.14%). Investigate relevant education or training pathways separately because no mapped CIP pathway is available.
Candidate_059,Office Manager,Monitoring,4.0,4.0,0.0,0.8,52.86,0.691,69.14,1,0,False,No mapped CIP pathway available,Investigate education/training pathways separately,Medium,Moderate,Consider developing Monitoring as a medium-priority skill gap (69.14%). Investigate relevant education or training pathways separately because no mapped CIP pathway is available.
Candidate_059,Office Manager,Speaking,4.0,4.0,0.0,0.8,52.86,0.691,69.14,1,0,False,No mapped CIP pathway available,Investigate education/training pathways separately,Medium,Moderate,Consider developing Speaking as a medium-priority skill gap (69.14%). Investigate relevant education or training pathways separately because no mapped CIP pathway is available.
Candidate_059,Office Manager,Active Listening,4.0,3.88,0.0,0.788,52.86,0.684,68.42,2,0,False,No mapped CIP pathway available,Investigate education/training pathways separately,Medium,Moderate,Consider developing Active Listening as a medium-priority skill gap (68.42%). Investigate relevant education or training pathways separately because no mapped CIP pathway is available.
Candidate_059,Restaurant Manager,Speaking,3.88,4.0,0.0,0.788,58.65,0.707,70.74,1,0,False,No mapped CIP pathway available,Investigate education/training pathways separately,High,Moderate,Prioritize developing Speaking. The skill gap has high prescriptive priority (70.74%). Investigate relevant education or training pathways separately because no mapped CIP pathway is available.
Candidate_059,Restaurant Manager,Monitoring,3.88,3.88,0.0,0.776,58.65,0.7,70.02,2,0,False,No mapped CIP pathway available,Investigate education/training pathways separately,High,Moderate,Prioritize developing Monitoring. The skill gap has high prescriptive priority (70.02%). Investigate relevant education or training pathways separately because no mapped CIP pathway is available.
Candidate_059,Restaurant Manager,Active Listening,3.88,3.5,0.0,0.738,58.65,0.677,67.74,3,0,False,No mapped CIP pathway available,Investigate education/training pathways separately,Medium,Moderate,Consider developing Active Listening as a medium-priority skill gap (67.74%). Investigate relevant education or training pathways separately because no mapped CIP pathway is available.
Candidate_059,Retail Sales Associate,Active Listening,3.75,3.75,0.0,0.75,86.44,0.796,79.58,1,0,False,No mapped CIP pathway available,Investigate education/training pathways separately,High,High,Prioritize developing Active Listening. The skill gap has high prescriptive priority (79.58%) and the occupation has high Canadian labour demand (86.44%). Investigate relevant education or training pathways separately because no mapped CIP pathway is available.
Candidate_059,Retail Sales Associate,Speaking,3.75,3.12,0.0,0.687,86.44,0.758,75.8,2,0,False,No mapped CIP pathway available,Investigate education/training pathways separately,High,High,Prioritize developing Speaking. The skill gap has high prescriptive priority (75.80%) and the occupation has high Canadian labour demand (86.44%). Investigate relevant education or training pathways separately because no mapped CIP pathway is available.
Candidate_059,Retail Sales Associate,Monitoring,3.0,3.12,0.0,0.612,86.44,0.713,71.3,3,0,False,No mapped CIP pathway available,Investigate education/training pathways separately,High,High,Prioritize developing Monitoring. The skill gap has high prescriptive priority (71.30%) and the occupation has high Canadian labour demand (86.44%). Investigate relevant education or training pathways separately because no mapped CIP pathway is available.
Candidate_059,Secondary School Teacher,Speaking,4.0,4.12,0.0,0.812,36.36,0.633,63.26,1,92,True,CIP pathway available,Review mapped CIP education pathways,Medium,Lower,Consider developing Speaking as a medium-priority skill gap (63.26%). Review mapped CIP education pathways for this occupation.
Candidate_059,Secondary School Teacher,Active Listening,4.0,4.0,0.0,0.8,36.36,0.625,62.54,2,92,True,CIP pathway available,Review mapped CIP education pathways,Medium,Lower,Consider developing Active Listening as a medium-priority skill gap (62.54%). Review mapped CIP education pathways for this occupation.
Candidate_059,Secondary School Teacher,Monitoring,3.88,4.0,0.0,0.788,36.36,0.618,61.82,3,92,True,CIP pathway available,Review mapped CIP education pathways,Medium,Lower,Consider developing Monitoring as a medium-priority skill gap (61.82%). Review mapped CIP education pathways for this occupation.
Candidate_059,Software Developer,Active Listening,3.38,3.88,0.0,0.726,22.91,0.527,52.72,1,20,True,CIP pathway available,Review mapped CIP education pathways,Medium,Lower,Consider developing Active Listening as a medium-priority skill gap (52.72%). Review mapped CIP education pathways for this occupation.
Candidate_059,Software Developer,Speaking,3.12,3.62,0.0,0.6739999999999999,22.91,0.496,49.6,2,20,True,CIP pathway available,Review mapped CIP education pathways,Lower,Lower,Consider developing Speaking as an additional skill for the target occupation. Review mapped CIP education pathways for this occupation.
Candidate_059,Software Developer,Monitoring,3.0,3.5,0.0,0.6499999999999999,22.91,0.482,48.16,3,20,True,CIP pathway available,Review mapped CIP education pathways,Lower,Lower,Consider developing Monitoring as an additional skill for the target occupation. Review mapped CIP education pathways for this occupation.
Candidate_060,Administrative Assistant,Active Listening,4.0,3.75,0.0,0.775,43.85,0.64,64.04,1,0,False,No mapped CIP pathway available,Investigate education/training pathways separately,Medium,Moderate,Consider developing Active Listening as a medium-priority skill gap (64.04%). Investigate relevant education or training pathways separately because no mapped CIP pathway is available.
Candidate_060,Administrative Assistant,Speaking,4.0,3.62,0.0,0.762,43.85,0.633,63.26,2,0,False,No mapped CIP pathway available,Investigate education/training pathways separately,Medium,Moderate,Consider developing Speaking as a medium-priority skill gap (63.26%). Investigate relevant education or training pathways separately because no mapped CIP pathway is available.
Candidate_060,Administrative Assistant,Writing,3.75,3.5,0.0,0.725,43.85,0.61,61.04,3,0,False,No mapped CIP pathway available,Investigate education/training pathways separately,Medium,Moderate,Consider developing Writing as a medium-priority skill gap (61.04%). Investigate relevant education or training pathways separately because no mapped CIP pathway is available.
Candidate_060,Bookkeeper,Active Listening,3.25,3.75,0.0,0.7,29.92,0.54,53.97,1,1,True,CIP pathway available,Review mapped CIP education pathways,Medium,Lower,Consider developing Active Listening as a medium-priority skill gap (53.97%). Review mapped CIP education pathways for this occupation.
Candidate_060,Bookkeeper,Speaking,3.12,3.12,0.0,0.624,29.92,0.494,49.41,2,1,True,CIP pathway available,Review mapped CIP education pathways,Lower,Lower,Consider developing Speaking as an additional skill for the target occupation. Review mapped CIP education pathways for this occupation.
Candidate_060,Bookkeeper,Writing,3.12,3.12,0.0,0.624,29.92,0.494,49.41,2,1,True,CIP pathway available,Review mapped CIP education pathways,Lower,Lower,Consider developing Writing as an additional skill for the target occupation. Review mapped CIP education pathways for this occupation.
Candidate_060,Continuing Care Assistant,Active Listening,3.62,3.0,0.0,0.6619999999999999,43.96,0.573,57.3,1,0,False,No mapped CIP pathway available,Investigate education/training pathways separately,Medium,Moderate,Consider developing Active Listening as a medium-priority skill gap (57.30%). Investigate relevant education or training pathways separately because no mapped CIP pathway is available.
Candidate_060,Continuing Care Assistant,Monitoring,3.25,3.0,0.0,0.625,43.96,0.551,55.08,2,0,False,No mapped CIP pathway available,Investigate education/training pathways separately,Medium,Moderate,Consider developing Monitoring as a medium-priority skill gap (55.08%). Investigate relevant education or training pathways separately because no mapped CIP pathway is available.
Candidate_060,Continuing Care Assistant,Speaking,3.12,3.0,0.0,0.612,43.96,0.543,54.3,3,0,False,No mapped CIP pathway available,Investigate education/training pathways separately,Medium,Moderate,Consider developing Speaking as a medium-priority skill gap (54.30%). Investigate relevant education or training pathways separately because no mapped CIP pathway is available.
Candidate_060,Delivery Driver,Active Listening,3.12,2.88,0.0,0.6,37.05,0.508,50.82,1,0,False,No mapped CIP pathway available,Investigate education/training pathways separately,Medium,Lower,Consider developing Active Listening as a medium-priority skill gap (50.82%). Investigate relevant education or training pathways separately because no mapped CIP pathway is available.
Candidate_060,Delivery Driver,Speaking,3.12,2.88,0.0,0.6,37.05,0.508,50.82,1,0,False,No mapped CIP pathway available,Investigate education/training pathways separately,Medium,Lower,Consider developing Speaking as a medium-priority skill gap (50.82%). Investigate relevant education or training pathways separately because no mapped CIP pathway is available.
Candidate_060,Delivery Driver,Monitoring,3.12,2.75,0.0,0.587,37.05,0.5,50.04,2,0,False,No mapped CIP pathway available,Investigate education/training pathways separately,Medium,Lower,Consider developing Monitoring as a medium-priority skill gap (50.04%). Investigate relevant education or training pathways separately because no mapped CIP pathway is available.
Candidate_060,"Driver, Truck",Monitoring,3.12,3.0,0.0,0.612,88.8,0.722,72.24,1,0,False,No mapped CIP pathway available,Investigate education/training pathways separately,High,High,Prioritize developing Monitoring. The skill gap has high prescriptive priority (72.24%) and the occupation has high Canadian labour demand (88.80%). Investigate relevant education or training pathways separately because no mapped CIP pathway is available.
Candidate_060,"Driver, Truck",Active Listening,2.88,3.0,0.0,0.588,88.8,0.708,70.8,2,0,False,No mapped CIP pathway available,Investigate education/training pathways separately,High,High,Prioritize developing Active Listening. The skill gap has high prescriptive priority (70.80%) and the occupation has high Canadian labour demand (88.80%). Investigate relevant education or training pathways separately because no mapped CIP pathway is available.
Candidate_060,"Driver, Truck",Speaking,3.0,2.88,0.0,0.588,88.8,0.708,70.8,2,0,False,No mapped CIP pathway available,Investigate education/training pathways separately,High,High,Prioritize developing Speaking. The skill gap has high prescriptive priority (70.80%) and the occupation has high Canadian labour demand (88.80%). Investigate relevant education or training pathways separately because no mapped CIP pathway is available.
Candidate_060,Food Service Supervisor,Monitoring,3.88,4.0,0.0,0.788,68.33,0.746,74.61,1,0,False,No mapped CIP pathway available,Investigate education/training pathways separately,High,Moderate,Prioritize developing Monitoring. The skill gap has high prescriptive priority (74.61%). Investigate relevant education or training pathways separately because no mapped CIP pathway is available.
Candidate_060,Food Service Supervisor,Speaking,3.88,4.0,0.0,0.788,68.33,0.746,74.61,1,0,False,No mapped CIP pathway available,Investigate education/training pathways separately,High,Moderate,Prioritize developing Speaking. The skill gap has high prescriptive priority (74.61%). Investigate relevant education or training pathways separately because no mapped CIP pathway is available.
Candidate_060,Food Service Supervisor,Active Listening,3.75,3.0,0.0,0.675,68.33,0.678,67.83,2,0,False,No mapped CIP pathway available,Investigate education/training pathways separately,Medium,Moderate,Consider developing Active Listening as a medium-priority skill gap (67.83%). Investigate relevant education or training pathways separately because no mapped CIP pathway is available.
Candidate_060,Information Technology (IT) Analyst,Active Listening,4.0,4.12,0.0,0.812,26.64,0.594,59.38,1,22,True,CIP pathway available,Review mapped CIP education pathways,Medium,Lower,Consider developing Active Listening as a medium-priority skill gap (59.38%). Review mapped CIP education pathways for this occupation.
Candidate_060,Information Technology (IT) Analyst,Speaking,4.0,4.0,0.0,0.8,26.64,0.587,58.66,2,22,True,CIP pathway available,Review mapped CIP education pathways,Medium,Lower,Consider developing Speaking as a medium-priority skill gap (58.66%). Review mapped CIP education pathways for this occupation.
Candidate_060,Information Technology (IT) Analyst,Writing,4.0,4.0,0.0,0.8,26.64,0.587,58.66,2,22,True,CIP pathway available,Review mapped CIP education pathways,Medium,Lower,Consider developing Writing as a medium-priority skill gap (58.66%). Review mapped CIP education pathways for this occupation.
Candidate_060,Inside Sales Representative,Active Listening,3.75,3.75,0.0,0.75,86.44,0.796,79.58,1,0,False,No mapped CIP pathway available,Investigate education/training pathways separately,High,High,Prioritize developing Active Listening. The skill gap has high prescriptive priority (79.58%) and the occupation has high Canadian labour demand (86.44%). Investigate relevant education or training pathways separately because no mapped CIP pathway is available.
Candidate_060,Inside Sales Representative,Speaking,3.75,3.12,0.0,0.687,86.44,0.758,75.8,2,0,False,No mapped CIP pathway available,Investigate education/training pathways separately,High,High,Prioritize developing Speaking. The skill gap has high prescriptive priority (75.80%) and the occupation has high Canadian labour demand (86.44%). Investigate relevant education or training pathways separately because no mapped CIP pathway is available.
Candidate_060,Inside Sales Representative,Monitoring,3.0,3.12,0.0,0.612,86.44,0.713,71.3,3,0,False,No mapped CIP pathway available,Investigate education/training pathways separately,High,High,Prioritize developing Monitoring. The skill gap has high prescriptive priority (71.30%) and the occupation has high Canadian labour demand (86.44%). Investigate relevant education or training pathways separately because no mapped CIP pathway is available.
Candidate_060,Licensed Practical Nurse (L.P.N.),Active Listening,3.88,4.0,0.0,0.788,30.39,0.594,59.44,1,2,True,CIP pathway available,Review mapped CIP education pathways,Medium,Lower,Consider developing Active Listening as a medium-priority skill gap (59.44%). Review mapped CIP education pathways for this occupation.
Candidate_060,Licensed Practical Nurse (L.P.N.),Monitoring,3.88,4.0,0.0,0.788,30.39,0.594,59.44,1,2,True,CIP pathway available,Review mapped CIP education pathways,Medium,Lower,Consider developing Monitoring as a medium-priority skill gap (59.44%). Review mapped CIP education pathways for this occupation.
Candidate_060,Licensed Practical Nurse (L.P.N.),Speaking,3.88,4.0,0.0,0.788,30.39,0.594,59.44,1,2,True,CIP pathway available,Review mapped CIP education pathways,Medium,Lower,Consider developing Speaking as a medium-priority skill gap (59.44%). Review mapped CIP education pathways for this occupation.
Candidate_060,Office Administrator,Active Listening,4.0,4.0,0.0,0.8,52.86,0.691,69.14,1,0,False,No mapped CIP pathway available,Investigate education/training pathways separately,Medium,Moderate,Consider developing Active Listening as a medium-priority skill gap (69.14%). Investigate relevant education or training pathways separately because no mapped CIP pathway is available.
Candidate_060,Office Administrator,Monitoring,4.0,4.0,0.0,0.8,52.86,0.691,69.14,1,0,False,No mapped CIP pathway available,Investigate education/training pathways separately,Medium,Moderate,Consider developing Monitoring as a medium-priority skill gap (69.14%). Investigate relevant education or training pathways separately because no mapped CIP pathway is available.
Candidate_060,Office Administrator,Speaking,4.0,4.0,0.0,0.8,52.86,0.691,69.14,1,0,False,No mapped CIP pathway available,Investigate education/training pathways separately,Medium,Moderate,Consider developing Speaking as a medium-priority skill gap (69.14%). Investigate relevant education or training pathways separately because no mapped CIP pathway is available.
Candidate_060,Office Manager,Monitoring,4.0,4.0,0.0,0.8,52.86,0.691,69.14,1,0,False,No mapped CIP pathway available,Investigate education/training pathways separately,Medium,Moderate,Consider developing Monitoring as a medium-priority skill gap (69.14%). Investigate relevant education or training pathways separately because no mapped CIP pathway is available.
Candidate_060,Office Manager,Speaking,4.0,4.0,0.0,0.8,52.86,0.691,69.14,1,0,False,No mapped CIP pathway available,Investigate education/training pathways separately,Medium,Moderate,Consider developing Speaking as a medium-priority skill gap (69.14%). Investigate relevant education or training pathways separately because no mapped CIP pathway is available.
Candidate_060,Office Manager,Active Listening,4.0,3.88,0.0,0.788,52.86,0.684,68.42,2,0,False,No mapped CIP pathway available,Investigate education/training pathways separately,Medium,Moderate,Consider developing Active Listening as a medium-priority skill gap (68.42%). Investigate relevant education or training pathways separately because no mapped CIP pathway is available.
Candidate_060,Restaurant Manager,Speaking,3.88,4.0,0.0,0.788,58.65,0.707,70.74,1,0,False,No mapped CIP pathway available,Investigate education/training pathways separately,High,Moderate,Prioritize developing Speaking. The skill gap has high prescriptive priority (70.74%). Investigate relevant education or training pathways separately because no mapped CIP pathway is available.
Candidate_060,Restaurant Manager,Monitoring,3.88,3.88,0.0,0.776,58.65,0.7,70.02,2,0,False,No mapped CIP pathway available,Investigate education/training pathways separately,High,Moderate,Prioritize developing Monitoring. The skill gap has high prescriptive priority (70.02%). Investigate relevant education or training pathways separately because no mapped CIP pathway is available.
Candidate_060,Restaurant Manager,Active Listening,3.88,3.5,0.0,0.738,58.65,0.677,67.74,3,0,False,No mapped CIP pathway available,Investigate education/training pathways separately,Medium,Moderate,Consider developing Active Listening as a medium-priority skill gap (67.74%). Investigate relevant education or training pathways separately because no mapped CIP pathway is available.
Candidate_060,Retail Sales Associate,Active Listening,3.75,3.75,0.0,0.75,86.44,0.796,79.58,1,0,False,No mapped CIP pathway available,Investigate education/training pathways separately,High,High,Prioritize developing Active Listening. The skill gap has high prescriptive priority (79.58%) and the occupation has high Canadian labour demand (86.44%). Investigate relevant education or training pathways separately because no mapped CIP pathway is available.
Candidate_060,Retail Sales Associate,Speaking,3.75,3.12,0.0,0.687,86.44,0.758,75.8,2,0,False,No mapped CIP pathway available,Investigate education/training pathways separately,High,High,Prioritize developing Speaking. The skill gap has high prescriptive priority (75.80%) and the occupation has high Canadian labour demand (86.44%). Investigate relevant education or training pathways separately because no mapped CIP pathway is available.
Candidate_060,Retail Sales Associate,Monitoring,3.0,3.12,0.0,0.612,86.44,0.713,71.3,3,0,False,No mapped CIP pathway available,Investigate education/training pathways separately,High,High,Prioritize developing Monitoring. The skill gap has high prescriptive priority (71.30%) and the occupation has high Canadian labour demand (86.44%). Investigate relevant education or training pathways separately because no mapped CIP pathway is available.
Candidate_060,Secondary School Teacher,Speaking,4.0,4.12,0.0,0.812,36.36,0.633,63.26,1,92,True,CIP pathway available,Review mapped CIP education pathways,Medium,Lower,Consider developing Speaking as a medium-priority skill gap (63.26%). Review mapped CIP education pathways for this occupation.
Candidate_060,Secondary School Teacher,Active Listening,4.0,4.0,0.0,0.8,36.36,0.625,62.54,2,92,True,CIP pathway available,Review mapped CIP education pathways,Medium,Lower,Consider developing Active Listening as a medium-priority skill gap (62.54%). Review mapped CIP education pathways for this occupation.
Candidate_060,Secondary School Teacher,Monitoring,3.88,4.0,0.0,0.788,36.36,0.618,61.82,3,92,True,CIP pathway available,Review mapped CIP education pathways,Medium,Lower,Consider developing Monitoring as a medium-priority skill gap (61.82%). Review mapped CIP education pathways for this occupation.
Candidate_060,Software Developer,Active Listening,3.38,3.88,0.0,0.726,22.91,0.527,52.72,1,20,True,CIP pathway available,Review mapped CIP education pathways,Medium,Lower,Consider developing Active Listening as a medium-priority skill gap (52.72%). Review mapped CIP education pathways for this occupation.
Candidate_060,Software Developer,Writing,3.25,3.62,0.0,0.687,22.91,0.504,50.38,2,20,True,CIP pathway available,Review mapped CIP education pathways,Medium,Lower,Consider developing Writing as a medium-priority skill gap (50.38%). Review mapped CIP education pathways for this occupation.
Candidate_060,Software Developer,Speaking,3.12,3.62,0.0,0.6739999999999999,22.91,0.496,49.6,3,20,True,CIP pathway available,Review mapped CIP education pathways,Lower,Lower,Consider developing Speaking as an additional skill for the target occupation. Review mapped CIP education pathways for this occupation.
Candidate_062,Administrative Assistant,Mathematics,2.0,1.62,0.0,0.362,43.85,0.393,39.26,1,2,True,CIP pathway available,Review mapped CIP education pathways,Lower,Moderate,Consider developing Mathematics as an additional skill for the target occupation. Review mapped CIP education pathways for this occupation.
Candidate_062,Administrative Assistant,Science,1.0,0.0,0.0,0.1,43.85,0.235,23.54,2,2,True,CIP pathway available,Review mapped CIP education pathways,Lower,Moderate,Consider developing Science as an additional skill for the target occupation. Review mapped CIP education pathways for this occupation.
Candidate_062,Bookkeeper,Mathematics,3.38,3.38,0.0,0.6759999999999999,29.92,0.525,52.53,1,0,False,No mapped CIP pathway available,Investigate education/training pathways separately,Medium,Lower,Consider developing Mathematics as a medium-priority skill gap (52.53%). Investigate relevant education or training pathways separately because no mapped CIP pathway is available.
Candidate_062,Bookkeeper,Science,1.12,0.12,0.0,0.12400000000000001,29.92,0.194,19.41,2,0,False,No mapped CIP pathway available,Investigate education/training pathways separately,Lower,Lower,Consider developing Science as an additional skill for the target occupation. Investigate relevant education or training pathways separately because no mapped CIP pathway is available.
Candidate_062,Continuing Care Assistant,Mathematics,2.12,1.88,0.0,0.4,43.96,0.416,41.58,1,0,False,No mapped CIP pathway available,Investigate education/training pathways separately,Lower,Moderate,Consider developing Mathematics as an additional skill for the target occupation. Investigate relevant education or training pathways separately because no mapped CIP pathway is available.
Candidate_062,Continuing Care Assistant,Science,1.75,0.88,0.0,0.263,43.96,0.334,33.36,2,0,False,No mapped CIP pathway available,Investigate education/training pathways separately,Lower,Moderate,Consider developing Science as an additional skill for the target occupation. Investigate relevant education or training pathways separately because no mapped CIP pathway is available.
Candidate_062,Delivery Driver,Mathematics,2.25,2.12,0.0,0.43700000000000006,37.05,0.41,41.04,1,0,False,No mapped CIP pathway available,Investigate education/training pathways separately,Lower,Lower,Consider developing Mathematics as an additional skill for the target occupation. Investigate relevant education or training pathways separately because no mapped CIP pathway is available.
Candidate_062,Delivery Driver,Science,1.12,0.12,0.0,0.12400000000000001,37.05,0.223,22.26,2,0,False,No mapped CIP pathway available,Investigate education/training pathways separately,Lower,Lower,Consider developing Science as an additional skill for the target occupation. Investigate relevant education or training pathways separately because no mapped CIP pathway is available.
Candidate_062,"Driver, Truck",Mathematics,2.0,1.88,0.0,0.388,88.8,0.588,58.8,1,1,True,CIP pathway available,Review mapped CIP education pathways,Medium,High,Consider developing Mathematics because the target occupation shows high Canadian labour demand (88.80%). Review mapped CIP education pathways for this occupation.
Candidate_062,"Driver, Truck",Science,1.0,0.0,0.0,0.1,88.8,0.415,41.52,2,1,True,CIP pathway available,Review mapped CIP education pathways,Lower,High,Consider developing Science because the target occupation shows high Canadian labour demand (88.80%). Review mapped CIP education pathways for this occupation.
Candidate_062,Food Service Supervisor,Mathematics,3.0,3.0,0.0,0.6,68.33,0.633,63.33,1,0,False,No mapped CIP pathway available,Investigate education/training pathways separately,Medium,Moderate,Consider developing Mathematics as a medium-priority skill gap (63.33%). Investigate relevant education or training pathways separately because no mapped CIP pathway is available.
Candidate_062,Food Service Supervisor,Science,1.0,0.0,0.0,0.1,68.33,0.333,33.33,2,0,False,No mapped CIP pathway available,Investigate education/training pathways separately,Lower,Moderate,Consider developing Science as an additional skill for the target occupation. Investigate relevant education or training pathways separately because no mapped CIP pathway is available.
Candidate_062,Information Technology (IT) Analyst,Mathematics,3.0,3.38,0.0,0.6379999999999999,26.64,0.489,48.94,1,0,False,No mapped CIP pathway available,Investigate education/training pathways separately,Lower,Lower,Consider developing Mathematics as an additional skill for the target occupation. Investigate relevant education or training pathways separately because no mapped CIP pathway is available.
Candidate_062,Information Technology (IT) Analyst,Science,2.75,3.12,0.0,0.587,26.64,0.459,45.88,2,0,False,No mapped CIP pathway available,Investigate education/training pathways separately,Lower,Lower,Consider developing Science as an additional skill for the target occupation. Investigate relevant education or training pathways separately because no mapped CIP pathway is available.
Candidate_062,Inside Sales Representative,Mathematics,2.62,2.0,0.0,0.462,86.44,0.623,62.3,1,0,False,No CIP pathway in crosswalk,Investigate education/training pathways separately,Medium,High,Consider developing Mathematics because the target occupation shows high Canadian labour demand (86.44%). Investigate relevant education or training pathways separately because no mapped CIP pathway is available.
Candidate_062,Inside Sales Representative,Science,1.0,0.0,0.0,0.1,86.44,0.406,40.58,2,0,False,No CIP pathway in crosswalk,Investigate education/training pathways separately,Lower,High,Consider developing Science because the target occupation shows high Canadian labour demand (86.44%). Investigate relevant education or training pathways separately because no mapped CIP pathway is available.
Candidate_062,Licensed Practical Nurse (L.P.N.),Mathematics,2.88,2.88,0.0,0.576,30.39,0.467,46.72,1,0,False,No mapped CIP pathway available,Investigate education/training pathways separately,Lower,Lower,Consider developing Mathematics as an additional skill for the target occupation. Investigate relevant education or training pathways separately because no mapped CIP pathway is available.
Candidate_062,Licensed Practical Nurse (L.P.N.),Science,2.62,2.62,0.0,0.524,30.39,0.436,43.6,2,0,False,No mapped CIP pathway available,Investigate education/training pathways separately,Lower,Lower,Consider developing Science as an additional skill for the target occupation. Investigate relevant education or training pathways separately because no mapped CIP pathway is available.
Candidate_062,Office Administrator,Mathematics,2.75,2.75,0.0,0.55,52.86,0.541,54.14,1,13,True,CIP pathway available,Review mapped CIP education pathways,Medium,Moderate,Consider developing Mathematics as a medium-priority skill gap (54.14%). Review mapped CIP education pathways for this occupation.
Candidate_062,Office Administrator,Science,1.38,0.38,0.0,0.176,52.86,0.317,31.7,2,13,True,CIP pathway available,Review mapped CIP education pathways,Lower,Moderate,Consider developing Science as an additional skill for the target occupation. Review mapped CIP education pathways for this occupation.
Candidate_062,Office Manager,Mathematics,2.75,2.75,0.0,0.55,52.86,0.541,54.14,1,13,True,CIP pathway available,Review mapped CIP education pathways,Medium,Moderate,Consider developing Mathematics as a medium-priority skill gap (54.14%). Review mapped CIP education pathways for this occupation.
Candidate_062,Office Manager,Science,1.0,0.0,0.0,0.1,52.86,0.271,27.14,2,13,True,CIP pathway available,Review mapped CIP education pathways,Lower,Moderate,Consider developing Science as an additional skill for the target occupation. Review mapped CIP education pathways for this occupation.
Candidate_062,Restaurant Manager,Mathematics,2.88,2.88,0.0,0.576,58.65,0.58,58.02,1,0,False,No mapped CIP pathway available,Investigate education/training pathways separately,Medium,Moderate,Consider developing Mathematics as a medium-priority skill gap (58.02%). Investigate relevant education or training pathways separately because no mapped CIP pathway is available.
Candidate_062,Restaurant Manager,Science,1.62,0.62,0.0,0.224,58.65,0.369,36.9,2,0,False,No mapped CIP pathway available,Investigate education/training pathways separately,Lower,Moderate,Consider developing Science as an additional skill for the target occupation. Investigate relevant education or training pathways separately because no mapped CIP pathway is available.
Candidate_062,Retail Sales Associate,Mathematics,2.62,2.0,0.0,0.462,86.44,0.623,62.3,1,0,False,No mapped CIP pathway available,Investigate education/training pathways separately,Medium,High,Consider developing Mathematics because the target occupation shows high Canadian labour demand (86.44%). Investigate relevant education or training pathways separately because no mapped CIP pathway is available.
Candidate_062,Retail Sales Associate,Science,1.0,0.0,0.0,0.1,86.44,0.406,40.58,2,0,False,No mapped CIP pathway available,Investigate education/training pathways separately,Lower,High,Consider developing Science because the target occupation shows high Canadian labour demand (86.44%). Investigate relevant education or training pathways separately because no mapped CIP pathway is available.
Candidate_062,Secondary School Teacher,Mathematics,2.75,3.0,0.0,0.575,36.36,0.49,49.04,1,0,False,No mapped CIP pathway available,Investigate education/training pathways separately,Lower,Lower,Consider developing Mathematics as an additional skill for the target occupation. Investigate relevant education or training pathways separately because no mapped CIP pathway is available.
Candidate_062,Secondary School Teacher,Science,2.0,1.88,0.0,0.388,36.36,0.378,37.82,2,0,False,No mapped CIP pathway available,Investigate education/training pathways separately,Lower,Lower,Consider developing Science as an additional skill for the target occupation. Investigate relevant education or training pathways separately because no mapped CIP pathway is available.
Candidate_062,Software Developer,Mathematics,2.75,3.25,0.0,0.6000000000000001,22.91,0.452,45.16,1,0,False,No mapped CIP pathway available,Investigate education/training pathways separately,Lower,Lower,Consider developing Mathematics as an additional skill for the target occupation. Investigate relevant education or training pathways separately because no mapped CIP pathway is available.
Candidate_062,Software Developer,Science,2.12,1.88,0.0,0.4,22.91,0.332,33.16,2,0,False,No mapped CIP pathway available,Investigate education/training pathways separately,Lower,Lower,Consider developing Science as an additional skill for the target occupation. Investigate relevant education or training pathways separately because no mapped CIP pathway is available.
Candidate_063,Administrative Assistant,Monitoring,3.12,3.25,0.0,0.637,43.85,0.558,55.76,1,2,True,CIP pathway available,Review mapped CIP education pathways,Medium,Moderate,Consider developing Monitoring as a medium-priority skill gap (55.76%). Review mapped CIP education pathways for this occupation.
Candidate_063,Administrative Assistant,Mathematics,2.0,1.62,0.0,0.362,43.85,0.393,39.26,2,2,True,CIP pathway available,Review mapped CIP education pathways,Lower,Moderate,Consider developing Mathematics as an additional skill for the target occupation. Review mapped CIP education pathways for this occupation.
Candidate_063,Administrative Assistant,Science,1.0,0.0,0.0,0.1,43.85,0.235,23.54,3,2,True,CIP pathway available,Review mapped CIP education pathways,Lower,Moderate,Consider developing Science as an additional skill for the target occupation. Review mapped CIP education pathways for this occupation.
Candidate_063,Bookkeeper,Mathematics,3.38,3.38,0.0,0.6759999999999999,29.92,0.525,52.53,1,0,False,No mapped CIP pathway available,Investigate education/training pathways separately,Medium,Lower,Consider developing Mathematics as a medium-priority skill gap (52.53%). Investigate relevant education or training pathways separately because no mapped CIP pathway is available.
Candidate_063,Bookkeeper,Monitoring,3.0,2.88,0.0,0.588,29.92,0.472,47.25,2,0,False,No mapped CIP pathway available,Investigate education/training pathways separately,Lower,Lower,Consider developing Monitoring as an additional skill for the target occupation. Investigate relevant education or training pathways separately because no mapped CIP pathway is available.
Candidate_063,Bookkeeper,Science,1.12,0.12,0.0,0.12400000000000001,29.92,0.194,19.41,3,0,False,No mapped CIP pathway available,Investigate education/training pathways separately,Lower,Lower,Consider developing Science as an additional skill for the target occupation. Investigate relevant education or training pathways separately because no mapped CIP pathway is available.
Candidate_063,Continuing Care Assistant,Monitoring,3.25,3.0,0.0,0.625,43.96,0.551,55.08,1,0,False,No mapped CIP pathway available,Investigate education/training pathways separately,Medium,Moderate,Consider developing Monitoring as a medium-priority skill gap (55.08%). Investigate relevant education or training pathways separately because no mapped CIP pathway is available.
Candidate_063,Continuing Care Assistant,Mathematics,2.12,1.88,0.0,0.4,43.96,0.416,41.58,2,0,False,No mapped CIP pathway available,Investigate education/training pathways separately,Lower,Moderate,Consider developing Mathematics as an additional skill for the target occupation. Investigate relevant education or training pathways separately because no mapped CIP pathway is available.
Candidate_063,Continuing Care Assistant,Science,1.75,0.88,0.0,0.263,43.96,0.334,33.36,3,0,False,No mapped CIP pathway available,Investigate education/training pathways separately,Lower,Moderate,Consider developing Science as an additional skill for the target occupation. Investigate relevant education or training pathways separately because no mapped CIP pathway is available.
Candidate_063,Delivery Driver,Monitoring,3.12,2.75,0.0,0.587,37.05,0.5,50.04,1,0,False,No mapped CIP pathway available,Investigate education/training pathways separately,Medium,Lower,Consider developing Monitoring as a medium-priority skill gap (50.04%). Investigate relevant education or training pathways separately because no mapped CIP pathway is available.
Candidate_063,Delivery Driver,Mathematics,2.25,2.12,0.0,0.43700000000000006,37.05,0.41,41.04,2,0,False,No mapped CIP pathway available,Investigate education/training pathways separately,Lower,Lower,Consider developing Mathematics as an additional skill for the target occupation. Investigate relevant education or training pathways separately because no mapped CIP pathway is available.
Candidate_063,Delivery Driver,Science,1.12,0.12,0.0,0.12400000000000001,37.05,0.223,22.26,3,0,False,No mapped CIP pathway available,Investigate education/training pathways separately,Lower,Lower,Consider developing Science as an additional skill for the target occupation. Investigate relevant education or training pathways separately because no mapped CIP pathway is available.
Candidate_063,"Driver, Truck",Monitoring,3.12,3.0,0.0,0.612,88.8,0.722,72.24,1,0,False,No mapped CIP pathway available,Investigate education/training pathways separately,High,High,Prioritize developing Monitoring. The skill gap has high prescriptive priority (72.24%) and the occupation has high Canadian labour demand (88.80%). Investigate relevant education or training pathways separately because no mapped CIP pathway is available.
Candidate_063,"Driver, Truck",Mathematics,2.0,1.88,0.0,0.388,88.8,0.588,58.8,2,0,False,No mapped CIP pathway available,Investigate education/training pathways separately,Medium,High,Consider developing Mathematics because the target occupation shows high Canadian labour demand (88.80%). Investigate relevant education or training pathways separately because no mapped CIP pathway is available.
Candidate_063,"Driver, Truck",Science,1.0,0.0,0.0,0.1,88.8,0.415,41.52,3,0,False,No mapped CIP pathway available,Investigate education/training pathways separately,Lower,High,Consider developing Science because the target occupation shows high Canadian labour demand (88.80%). Investigate relevant education or training pathways separately because no mapped CIP pathway is available.
Candidate_063,Food Service Supervisor,Monitoring,3.88,4.0,0.0,0.788,68.33,0.746,74.61,1,0,False,No mapped CIP pathway available,Investigate education/training pathways separately,High,Moderate,Prioritize developing Monitoring. The skill gap has high prescriptive priority (74.61%). Investigate relevant education or training pathways separately because no mapped CIP pathway is available.
Candidate_063,Food Service Supervisor,Mathematics,3.0,3.0,0.0,0.6,68.33,0.633,63.33,2,0,False,No mapped CIP pathway available,Investigate education/training pathways separately,Medium,Moderate,Consider developing Mathematics as a medium-priority skill gap (63.33%). Investigate relevant education or training pathways separately because no mapped CIP pathway is available.
Candidate_063,Food Service Supervisor,Science,1.0,0.0,0.0,0.1,68.33,0.333,33.33,3,0,False,No mapped CIP pathway available,Investigate education/training pathways separately,Lower,Moderate,Consider developing Science as an additional skill for the target occupation. Investigate relevant education or training pathways separately because no mapped CIP pathway is available.
Candidate_063,Information Technology (IT) Analyst,Monitoring,3.62,4.0,0.0,0.762,26.64,0.564,56.38,1,0,False,No mapped CIP pathway available,Investigate education/training pathways separately,Medium,Lower,Consider developing Monitoring as a medium-priority skill gap (56.38%). Investigate relevant education or training pathways separately because no mapped CIP pathway is available.
Candidate_063,Information Technology (IT) Analyst,Mathematics,3.0,3.38,0.0,0.6379999999999999,26.64,0.489,48.94,2,0,False,No mapped CIP pathway available,Investigate education/training pathways separately,Lower,Lower,Consider developing Mathematics as an additional skill for the target occupation. Investigate relevant education or training pathways separately because no mapped CIP pathway is available.
Candidate_063,Information Technology (IT) Analyst,Science,2.75,3.12,0.0,0.587,26.64,0.459,45.88,3,0,False,No mapped CIP pathway available,Investigate education/training pathways separately,Lower,Lower,Consider developing Science as an additional skill for the target occupation. Investigate relevant education or training pathways separately because no mapped CIP pathway is available.
Candidate_063,Inside Sales Representative,Monitoring,3.0,3.12,0.0,0.612,86.44,0.713,71.3,1,0,False,No CIP pathway in crosswalk,Investigate education/training pathways separately,High,High,Prioritize developing Monitoring. The skill gap has high prescriptive priority (71.30%) and the occupation has high Canadian labour demand (86.44%). Investigate relevant education or training pathways separately because no mapped CIP pathway is available.
Candidate_063,Inside Sales Representative,Mathematics,2.62,2.0,0.0,0.462,86.44,0.623,62.3,2,0,False,No CIP pathway in crosswalk,Investigate education/training pathways separately,Medium,High,Consider developing Mathematics because the target occupation shows high Canadian labour demand (86.44%). Investigate relevant education or training pathways separately because no mapped CIP pathway is available.
Candidate_063,Inside Sales Representative,Science,1.0,0.0,0.0,0.1,86.44,0.406,40.58,3,0,False,No CIP pathway in crosswalk,Investigate education/training pathways separately,Lower,High,Consider developing Science because the target occupation shows high Canadian labour demand (86.44%). Investigate relevant education or training pathways separately because no mapped CIP pathway is available.
Candidate_063,Licensed Practical Nurse (L.P.N.),Monitoring,3.88,4.0,0.0,0.788,30.39,0.594,59.44,1,0,False,No mapped CIP pathway available,Investigate education/training pathways separately,Medium,Lower,Consider developing Monitoring as a medium-priority skill gap (59.44%). Investigate relevant education or training pathways separately because no mapped CIP pathway is available.
Candidate_063,Licensed Practical Nurse (L.P.N.),Mathematics,2.88,2.88,0.0,0.576,30.39,0.467,46.72,2,0,False,No mapped CIP pathway available,Investigate education/training pathways separately,Lower,Lower,Consider developing Mathematics as an additional skill for the target occupation. Investigate relevant education or training pathways separately because no mapped CIP pathway is available.
Candidate_063,Licensed Practical Nurse (L.P.N.),Science,2.62,2.62,0.0,0.524,30.39,0.436,43.6,3,0,False,No mapped CIP pathway available,Investigate education/training pathways separately,Lower,Lower,Consider developing Science as an additional skill for the target occupation. Investigate relevant education or training pathways separately because no mapped CIP pathway is available.
Candidate_063,Office Administrator,Monitoring,4.0,4.0,0.0,0.8,52.86,0.691,69.14,1,13,True,CIP pathway available,Review mapped CIP education pathways,Medium,Moderate,Consider developing Monitoring as a medium-priority skill gap (69.14%). Review mapped CIP education pathways for this occupation.
Candidate_063,Office Administrator,Mathematics,2.75,2.75,0.0,0.55,52.86,0.541,54.14,2,13,True,CIP pathway available,Review mapped CIP education pathways,Medium,Moderate,Consider developing Mathematics as a medium-priority skill gap (54.14%). Review mapped CIP education pathways for this occupation.
Candidate_063,Office Administrator,Science,1.38,0.38,0.0,0.176,52.86,0.317,31.7,3,13,True,CIP pathway available,Review mapped CIP education pathways,Lower,Moderate,Consider developing Science as an additional skill for the target occupation. Review mapped CIP education pathways for this occupation.
Candidate_063,Office Manager,Monitoring,4.0,4.0,0.0,0.8,52.86,0.691,69.14,1,13,True,CIP pathway available,Review mapped CIP education pathways,Medium,Moderate,Consider developing Monitoring as a medium-priority skill gap (69.14%). Review mapped CIP education pathways for this occupation.
Candidate_063,Office Manager,Mathematics,2.75,2.75,0.0,0.55,52.86,0.541,54.14,2,13,True,CIP pathway available,Review mapped CIP education pathways,Medium,Moderate,Consider developing Mathematics as a medium-priority skill gap (54.14%). Review mapped CIP education pathways for this occupation.
Candidate_063,Office Manager,Science,1.0,0.0,0.0,0.1,52.86,0.271,27.14,3,13,True,CIP pathway available,Review mapped CIP education pathways,Lower,Moderate,Consider developing Science as an additional skill for the target occupation. Review mapped CIP education pathways for this occupation.
Candidate_063,Restaurant Manager,Monitoring,3.88,3.88,0.0,0.776,58.65,0.7,70.02,1,0,False,No mapped CIP pathway available,Investigate education/training pathways separately,High,Moderate,Prioritize developing Monitoring. The skill gap has high prescriptive priority (70.02%). Investigate relevant education or training pathways separately because no mapped CIP pathway is available.
Candidate_063,Restaurant Manager,Mathematics,2.88,2.88,0.0,0.576,58.65,0.58,58.02,2,0,False,No mapped CIP pathway available,Investigate education/training pathways separately,Medium,Moderate,Consider developing Mathematics as a medium-priority skill gap (58.02%). Investigate relevant education or training pathways separately because no mapped CIP pathway is available.
Candidate_063,Restaurant Manager,Science,1.62,0.62,0.0,0.224,58.65,0.369,36.9,3,0,False,No mapped CIP pathway available,Investigate education/training pathways separately,Lower,Moderate,Consider developing Science as an additional skill for the target occupation. Investigate relevant education or training pathways separately because no mapped CIP pathway is available.
Candidate_063,Retail Sales Associate,Monitoring,3.0,3.12,0.0,0.612,86.44,0.713,71.3,1,0,False,No CIP pathway in crosswalk,Investigate education/training pathways separately,High,High,Prioritize developing Monitoring. The skill gap has high prescriptive priority (71.30%) and the occupation has high Canadian labour demand (86.44%). Investigate relevant education or training pathways separately because no mapped CIP pathway is available.
Candidate_063,Retail Sales Associate,Mathematics,2.62,2.0,0.0,0.462,86.44,0.623,62.3,2,0,False,No CIP pathway in crosswalk,Investigate education/training pathways separately,Medium,High,Consider developing Mathematics because the target occupation shows high Canadian labour demand (86.44%). Investigate relevant education or training pathways separately because no mapped CIP pathway is available.
Candidate_063,Retail Sales Associate,Science,1.0,0.0,0.0,0.1,86.44,0.406,40.58,3,0,False,No CIP pathway in crosswalk,Investigate education/training pathways separately,Lower,High,Consider developing Science because the target occupation shows high Canadian labour demand (86.44%). Investigate relevant education or training pathways separately because no mapped CIP pathway is available.
Candidate_063,Secondary School Teacher,Monitoring,3.88,4.0,0.0,0.788,36.36,0.618,61.82,1,0,False,No mapped CIP pathway available,Investigate education/training pathways separately,Medium,Lower,Consider developing Monitoring as a medium-priority skill gap (61.82%). Investigate relevant education or training pathways separately because no mapped CIP pathway is available.
Candidate_063,Secondary School Teacher,Mathematics,2.75,3.0,0.0,0.575,36.36,0.49,49.04,2,0,False,No mapped CIP pathway available,Investigate education/training pathways separately,Lower,Lower,Consider developing Mathematics as an additional skill for the target occupation. Investigate relevant education or training pathways separately because no mapped CIP pathway is available.
Candidate_063,Secondary School Teacher,Science,2.0,1.88,0.0,0.388,36.36,0.378,37.82,3,0,False,No mapped CIP pathway available,Investigate education/training pathways separately,Lower,Lower,Consider developing Science as an additional skill for the target occupation. Investigate relevant education or training pathways separately because no mapped CIP pathway is available.
Candidate_063,Software Developer,Monitoring,3.0,3.5,0.0,0.6499999999999999,22.91,0.482,48.16,1,0,False,No mapped CIP pathway available,Investigate education/training pathways separately,Lower,Lower,Consider developing Monitoring as an additional skill for the target occupation. Investigate relevant education or training pathways separately because no mapped CIP pathway is available.
Candidate_063,Software Developer,Mathematics,2.75,3.25,0.0,0.6000000000000001,22.91,0.452,45.16,2,0,False,No mapped CIP pathway available,Investigate education/training pathways separately,Lower,Lower,Consider developing Mathematics as an additional skill for the target occupation. Investigate relevant education or training pathways separately because no mapped CIP pathway is available.
Candidate_063,Software Developer,Science,2.12,1.88,0.0,0.4,22.91,0.332,33.16,3,0,False,No mapped CIP pathway available,Investigate education/training pathways separately,Lower,Lower,Consider developing Science as an additional skill for the target occupation. Investigate relevant education or training pathways separately because no mapped CIP pathway is available.
