candidate_id,selected_occupation,baseline_recommendation_percentage,baseline_occupation_rank,weighted_skill_match_percentage,weighted_skill_rank,hybrid_recommendation_score,hybrid_occupation_rank,rank_change,ranking_change_status
Candidate_001,Software Developer,69.47300771208226,1,68.63593523560694,1,69.0544714738446,1,0,Unchanged
Candidate_001,Information Technology (IT) Analyst,67.39556847075916,2,65.41061300598243,2,66.40309073837079,2,0,Unchanged
Candidate_001,Secondary School Teacher,66.88963210702342,3,64.87505030917274,3,65.88234120809807,3,0,Unchanged
Candidate_001,Bookkeeper,66.8201133144476,4,64.8491979421497,4,65.83465562829865,4,0,Unchanged
Candidate_001,Licensed Practical Nurse (L.P.N.),66.1529514393719,5,62.15501811779739,6,64.15398477858464,5,0,Unchanged
Candidate_001,Office Administrator,65.61004784688997,6,62.534562102984225,5,64.0723049749371,6,0,Unchanged
Candidate_001,Office Manager,65.46762589928056,7,62.534562102984225,5,64.0010940011324,7,0,Unchanged
Candidate_001,Restaurant Manager,64.45801526717557,8,60.70714747189262,7,62.5825813695341,8,0,Unchanged
Candidate_001,Continuing Care Assistant,63.95304080061586,10,60.10282475195725,8,62.027932776286555,9,1,Improved
Candidate_001,"Driver, Truck",64.35643564356435,9,58.40424701381841,10,61.38034132869139,10,-1,Decreased
Candidate_001,Food Service Supervisor,62.87096774193549,13,59.02505004389135,9,60.94800889291342,11,2,Improved
Candidate_001,Delivery Driver,63.60808709175739,12,58.13473855498056,11,60.87141282336897,12,0,Unchanged
Candidate_001,Inside Sales Representative,63.61746361746362,11,57.67960487710248,13,60.64853424728305,13,-2,Decreased
Candidate_001,Retail Sales Associate,63.61746361746362,11,57.67960487710248,13,60.64853424728305,13,-2,Decreased
Candidate_001,Administrative Assistant,62.6218487394958,14,58.08516265538216,12,60.35350569743898,14,0,Unchanged
Candidate_002,Office Manager,54.67625899280575,1,56.572180493216095,2,55.624219743010926,1,0,Unchanged
Candidate_002,Software Developer,53.82390745501285,3,57.02508223130063,1,55.42449484315674,2,1,Improved
Candidate_002,Office Administrator,53.82775119617226,2,56.572180493216095,2,55.19996584469418,3,-1,Decreased
Candidate_002,Secondary School Teacher,53.65105908584169,4,56.08649518861366,3,54.868777137227674,4,0,Unchanged
Candidate_002,Administrative Assistant,52.537815126050425,6,54.65749801639777,4,53.59765657122409,5,1,Improved
Candidate_002,Information Technology (IT) Analyst,52.86596440247002,5,54.24597933338513,5,53.555971867927575,6,-1,Decreased
Candidate_002,"Driver, Truck",52.47524752475247,7,52.5333749707237,7,52.50431124773809,7,0,Unchanged
Candidate_002,Continuing Care Assistant,50.73133179368745,10,52.74694115000247,6,51.73913647184496,8,2,Improved
Candidate_002,Restaurant Manager,50.7175572519084,11,52.43217652701816,8,51.57486688946328,9,2,Improved
Candidate_002,Bookkeeper,50.88526912181303,9,51.55483172714735,9,51.22005042448019,10,-1,Decreased
Candidate_002,Inside Sales Representative,51.07415107415108,8,51.365735692278406,10,51.21994338321474,11,-3,Decreased
Candidate_002,Retail Sales Associate,51.07415107415108,8,51.365735692278406,10,51.21994338321474,11,-3,Decreased
Candidate_002,Delivery Driver,50.5054432348367,12,50.40160452597422,11,50.453523880405456,12,0,Unchanged
Candidate_002,Food Service Supervisor,49.96774193548388,14,50.30491408728275,12,50.13632801138331,13,1,Improved
Candidate_002,Licensed Practical Nurse (L.P.N.),50.15993021227101,13,49.833615382489555,13,49.99677279738028,14,-1,Decreased
Candidate_003,Administrative Assistant,89.91596638655463,1,96.57233536101559,1,93.24415087378512,1,0,Unchanged
Candidate_003,Office Manager,89.20863309352518,2,94.03761839023187,3,91.62312574187852,2,0,Unchanged
Candidate_003,Office Administrator,88.2177033492823,3,94.03761839023187,3,91.12766086975708,3,0,Unchanged
Candidate_003,"Driver, Truck",88.11881188118811,4,94.1291279569053,2,91.1239699190467,4,0,Unchanged
Candidate_003,Inside Sales Representative,87.45668745668745,5,93.68613081517594,4,90.5714091359317,5,0,Unchanged
Candidate_003,Retail Sales Associate,87.45668745668745,5,93.68613081517594,4,90.5714091359317,5,0,Unchanged
Candidate_003,Continuing Care Assistant,86.7782909930716,8,92.64411639804521,5,89.7112036955584,6,2,Improved
Candidate_003,Delivery Driver,86.89735614307932,7,92.26686597099365,6,89.58211105703649,7,0,Unchanged
Candidate_003,Food Service Supervisor,87.0967741935484,6,91.2798640433914,8,89.1883191184699,8,-2,Decreased
Candidate_003,Restaurant Manager,86.25954198473282,10,91.72502905512555,7,88.99228551992918,9,1,Improved
Candidate_003,Secondary School Teacher,86.76142697881826,9,91.21144487944093,9,88.9864359291296,10,-1,Decreased
Candidate_003,Information Technology (IT) Analyst,85.47039593171087,11,88.83536632740268,10,87.15288112955677,11,0,Unchanged
Candidate_003,Software Developer,84.35089974293058,12,88.38914699569371,11,86.37002336931215,12,0,Unchanged
Candidate_003,Licensed Practical Nurse (L.P.N.),84.0069787728991,14,87.67859726469217,12,85.84278801879563,13,1,Improved
Candidate_003,Bookkeeper,84.06515580736544,13,86.70563378499767,13,85.38539479618156,14,-1,Decreased
Candidate_004,Software Developer,79.11311053984575,1,78.06973645553221,1,78.59142349768898,1,0,Unchanged
Candidate_004,Secondary School Teacher,77.70345596432553,2,76.23211737587354,2,76.96778667009954,2,0,Unchanged
Candidate_004,Information Technology (IT) Analyst,77.56629131856157,3,75.91484733120969,3,76.74056932488563,3,0,Unchanged
Candidate_004,Bookkeeper,77.44334277620398,4,74.78650320719628,5,76.11492299170013,4,0,Unchanged
Candidate_004,Licensed Practical Nurse (L.P.N.),77.43530095958127,5,74.7700120785316,6,76.10265651905644,5,0,Unchanged
Candidate_004,Office Manager,76.97841726618705,6,75.149187657535,4,76.06380246186103,6,0,Unchanged
Candidate_004,Office Administrator,76.25598086124403,9,75.149187657535,4,75.70258425938951,7,2,Improved
Candidate_004,Restaurant Manager,76.30534351145039,8,74.10400756056193,7,75.20467553600616,8,0,Unchanged
Candidate_004,"Driver, Truck",76.7128712871287,7,73.01897103599032,10,74.86592116155951,9,-2,Decreased
Candidate_004,Food Service Supervisor,75.38709677419355,11,74.0624400490653,8,74.72476841162943,10,1,Improved
Candidate_004,Continuing Care Assistant,75.25019245573519,12,73.08238626908827,9,74.16628936241173,11,1,Improved
Candidate_004,Delivery Driver,75.73872472783826,10,71.66346581394689,11,73.70109527089258,12,-2,Decreased
Candidate_004,Inside Sales Representative,74.01247401247402,13,68.95781395533783,12,71.48514398390591,13,0,Unchanged
Candidate_004,Retail Sales Associate,74.01247401247402,13,68.95781395533783,12,71.48514398390591,13,0,Unchanged
Candidate_004,Administrative Assistant,73.10924369747899,14,68.81248346998147,13,70.96086358373023,14,0,Unchanged
Candidate_005,Software Developer,52.217223650385606,1,54.48469433136361,1,53.35095899087461,1,0,Unchanged
Candidate_005,Bookkeeper,51.80594900849857,2,53.49858703940762,2,52.6522680239531,2,0,Unchanged
Candidate_005,Secondary School Teacher,51.22630992196208,4,52.1898210822875,3,51.70806550212479,3,1,Improved
Candidate_005,Office Manager,51.798561151079134,3,51.447488861679844,6,51.62302500637949,4,-1,Decreased
Candidate_005,Office Administrator,50.83732057416268,5,51.447488861679844,6,51.142404717921266,5,0,Unchanged
Candidate_005,Information Technology (IT) Analyst,50.22884126407556,7,51.61992075207831,4,50.924381008076935,6,1,Improved
Candidate_005,Restaurant Manager,50.351145038167935,6,51.48390265954513,5,50.91752384885653,7,-1,Decreased
Candidate_005,Food Service Supervisor,49.96774193548388,8,49.956108649018404,7,49.96192529225114,8,0,Unchanged
Candidate_005,Licensed Practical Nurse (L.P.N.),49.084036056993305,11,48.33347151303523,8,48.70875378501427,9,2,Improved
Candidate_005,"Driver, Truck",49.50495049504951,10,47.1543446014521,10,48.329647548250804,10,0,Unchanged
Candidate_005,Inside Sales Representative,49.75744975744976,9,46.835173071106944,12,48.29631141427835,11,-2,Decreased
Candidate_005,Retail Sales Associate,49.75744975744976,9,46.835173071106944,12,48.29631141427835,11,-2,Decreased
Candidate_005,Continuing Care Assistant,47.84449576597383,13,47.9852392432716,9,47.91486750462272,12,1,Improved
Candidate_005,Delivery Driver,48.56143079315707,12,47.082493700784916,11,47.821962246971,13,-1,Decreased
Candidate_005,Administrative Assistant,46.65546218487395,14,44.19994710394074,13,45.42770464440734,14,0,Unchanged
Candidate_006,Software Developer,90.35989717223649,1,90.56619878007474,1,90.46304797615562,1,0,Unchanged
Candidate_006,Bookkeeper,89.37677053824362,5,90.06269473495345,2,89.71973263659854,2,3,Improved
Candidate_006,Information Technology (IT) Analyst,89.82927715219759,2,89.49576567477276,3,89.66252141348517,3,-1,Decreased
Candidate_006,Administrative Assistant,89.5126050420168,4,89.27267918540068,4,89.39264211370875,4,0,Unchanged
Candidate_006,Inside Sales Representative,89.6049896049896,3,88.72179092176465,5,89.16339026337712,5,-2,Decreased
Candidate_006,Retail Sales Associate,89.6049896049896,3,88.72179092176465,5,89.16339026337712,5,-2,Decreased
Candidate_006,Secondary School Teacher,89.18617614269787,7,88.64293293329919,6,88.91455453799853,6,1,Improved
Candidate_006,Office Administrator,89.35406698564594,6,87.38537444544924,7,88.3697207155476,7,-1,Decreased
Candidate_006,Licensed Practical Nurse (L.P.N.),88.71765047979063,8,87.3850060392658,8,88.05132825952822,8,0,Unchanged
Candidate_006,Office Manager,88.48920863309353,10,87.38537444544924,7,87.93729153927138,9,1,Improved
Candidate_006,Continuing Care Assistant,88.70284834488066,9,87.02043848286898,9,87.86164341387482,10,-1,Decreased
Candidate_006,Restaurant Manager,88.1526717557252,11,86.6031399113307,10,87.37790583352795,11,0,Unchanged
Candidate_006,Delivery Driver,87.86936236391915,12,86.47127274103367,11,87.1703175524764,12,0,Unchanged
Candidate_006,"Driver, Truck",87.64356435643563,13,85.38527597782809,12,86.51442016713186,13,0,Unchanged
Candidate_006,Food Service Supervisor,87.48387096774194,14,84.96260999482605,13,86.223240481284,14,0,Unchanged
Candidate_007,Food Service Supervisor,100.00000000000004,1,100.0,2,100.00000000000003,1,0,Unchanged
Candidate_007,Administrative Assistant,100.00000000000004,1,99.99999999999999,3,100.00000000000001,2,-1,Decreased
Candidate_007,Bookkeeper,100.0,2,100.00000000000003,1,100.00000000000001,2,0,Unchanged
Candidate_007,Software Developer,100.0,2,100.00000000000003,1,100.00000000000001,2,0,Unchanged
Candidate_007,Continuing Care Assistant,100.0,2,100.0,2,100.0,3,-1,Decreased
Candidate_007,Delivery Driver,100.0,2,100.0,2,100.0,3,-1,Decreased
Candidate_007,"Driver, Truck",100.0,3,100.0,2,100.0,3,0,Unchanged
Candidate_007,Information Technology (IT) Analyst,100.0,2,100.0,2,100.0,3,-1,Decreased
Candidate_007,Inside Sales Representative,100.0,2,100.0,2,100.0,3,-1,Decreased
Candidate_007,Licensed Practical Nurse (L.P.N.),100.0,2,100.0,2,100.0,3,-1,Decreased
Candidate_007,Office Administrator,100.0,2,100.0,2,100.0,3,-1,Decreased
Candidate_007,Office Manager,100.0,2,100.0,2,100.0,3,-1,Decreased
Candidate_007,Restaurant Manager,100.0,2,100.0,2,100.0,3,-1,Decreased
Candidate_007,Retail Sales Associate,100.0,2,100.0,2,100.0,3,-1,Decreased
Candidate_007,Secondary School Teacher,100.0,3,100.0,2,100.0,3,0,Unchanged
Candidate_008,Software Developer,68.66966580976863,1,67.4993868029207,1,68.08452630634466,1,0,Unchanged
Candidate_008,Licensed Practical Nurse (L.P.N.),67.98487932538528,2,66.5279992717117,2,67.25643929854849,2,0,Unchanged
Candidate_008,Secondary School Teacher,67.61426978818284,3,66.29834254143645,3,66.95630616480965,3,0,Unchanged
Candidate_008,Restaurant Manager,67.14503816793894,4,65.77457494086637,4,66.45980655440266,4,0,Unchanged
Candidate_008,Information Technology (IT) Analyst,66.93788594260806,5,65.41061300598243,5,66.17424947429524,5,0,Unchanged
Candidate_008,Food Service Supervisor,65.70967741935483,9,64.99349865419236,6,65.35158803677359,6,3,Improved
Candidate_008,Office Manager,66.18705035971223,7,64.06211441623061,7,65.12458238797143,7,0,Unchanged
Candidate_008,Bookkeeper,66.39518413597733,6,63.59047260857713,8,64.99282837227723,8,-2,Decreased
Candidate_008,Office Administrator,65.04186602870814,11,64.06211441623061,7,64.55199022246939,9,2,Improved
Candidate_008,Continuing Care Assistant,64.91531947652041,12,63.01490586156998,9,63.9651126690452,10,2,Improved
Candidate_008,"Driver, Truck",65.82178217821782,8,61.769068623624015,10,63.79542540092092,11,-3,Decreased
Candidate_008,Delivery Driver,65.04665629860033,10,60.82313948464694,11,62.934897891623635,12,-2,Decreased
Candidate_008,Inside Sales Representative,63.61746361746362,13,58.1133821493423,12,60.86542288340296,13,0,Unchanged
Candidate_008,Retail Sales Associate,63.61746361746362,13,58.1133821493423,12,60.86542288340296,13,0,Unchanged
Candidate_008,Administrative Assistant,60.50420168067227,14,54.92726791854005,13,57.71573479960616,14,0,Unchanged
Candidate_009,Administrative Assistant,25.647058823529413,1,29.81158423697434,1,27.729321530251877,1,0,Unchanged
Candidate_009,Delivery Driver,22.82270606531882,3,25.59893788453594,2,24.210821974927377,2,1,Improved
Candidate_009,"Driver, Truck",22.77227722772277,4,25.302521664454673,3,24.03739944608872,3,1,Improved
Candidate_009,Bookkeeper,22.556657223796037,5,25.213496792803735,4,23.885077008299888,4,1,Improved
Candidate_009,Information Technology (IT) Analyst,22.44097348347257,6,24.06961386061689,5,23.25529367204473,5,1,Improved
Candidate_009,Office Administrator,23.175837320574168,2,22.913284698695726,7,23.044561009634947,6,-4,Decreased
Candidate_009,Software Developer,21.690231362467863,8,23.934901380838962,6,22.81256637165341,7,1,Improved
Candidate_009,Office Manager,22.30215827338129,7,22.913284698695726,7,22.607721486038507,8,-1,Decreased
Candidate_009,Continuing Care Assistant,21.150885296381837,10,22.527859463964077,8,21.839372380172957,9,1,Improved
Candidate_009,Inside Sales Representative,20.79002079002079,11,22.122640884230872,9,21.456330837125833,10,1,Improved
Candidate_009,Retail Sales Associate,20.79002079002079,11,22.122640884230872,9,21.456330837125833,10,1,Improved
Candidate_009,Secondary School Teacher,21.23745819397993,9,21.642091398046176,10,21.439774796013054,11,-2,Decreased
Candidate_009,Restaurant Manager,20.610687022900763,12,21.27742883941459,11,20.944057931157676,12,0,Unchanged
Candidate_009,Licensed Practical Nurse (L.P.N.),20.354754289037512,13,20.800109243246677,12,20.577431766142094,13,0,Unchanged
Candidate_009,Food Service Supervisor,20.161290322580644,14,20.46809689815075,13,20.314693610365698,14,0,Unchanged
Candidate_010,Office Manager,97.12230215827336,1,100.0,1,98.56115107913668,1,0,Unchanged
Candidate_010,Food Service Supervisor,96.77419354838712,2,100.0,1,98.38709677419357,2,0,Unchanged
Candidate_010,Administrative Assistant,96.63865546218489,3,99.99999999999999,2,98.31932773109244,3,0,Unchanged
Candidate_010,Inside Sales Representative,96.53499653499654,4,100.0,1,98.26749826749827,4,0,Unchanged
Candidate_010,Retail Sales Associate,96.53499653499654,4,100.0,1,98.26749826749827,4,0,Unchanged
Candidate_010,Office Administrator,96.44138755980862,5,100.0,1,98.22069377990431,5,0,Unchanged
Candidate_010,"Driver, Truck",96.03960396039602,6,100.0,1,98.01980198019801,6,0,Unchanged
Candidate_010,Bookkeeper,96.03399433427762,7,99.84541969587707,3,97.93970701507735,7,0,Unchanged
Candidate_010,Delivery Driver,95.64541213063764,8,99.7880814751043,4,97.71674680287097,8,0,Unchanged
Candidate_010,Restaurant Manager,95.0534351145038,9,99.10618780734805,5,97.07981146092592,9,0,Unchanged
Candidate_010,Continuing Care Assistant,94.22632794457274,11,97.94989489883264,6,96.08811142170269,10,1,Improved
Candidate_010,Secondary School Teacher,94.42586399108136,10,97.24854560755188,7,95.83720479931662,11,-1,Decreased
Candidate_010,Information Technology (IT) Analyst,93.46167816926987,12,96.71354207132312,8,95.08761012029649,12,0,Unchanged
Candidate_010,Software Developer,93.18766066838046,13,96.41910874836819,9,94.80338470837432,13,0,Unchanged
Candidate_010,Licensed Practical Nurse (L.P.N.),92.38150625181738,14,94.42046620205775,10,93.40098622693756,14,0,Unchanged
Candidate_011,Office Manager,66.18705035971223,1,69.18680604776685,1,67.68692820373954,1,0,Unchanged
Candidate_011,Office Administrator,64.47368421052633,3,69.18680604776685,1,66.83024512914659,2,1,Improved
Candidate_011,"Driver, Truck",64.83168316831683,2,67.14809899289561,3,65.98989108060621,3,-1,Decreased
Candidate_011,Secondary School Teacher,64.4648829431438,4,67.44356225531448,2,65.95422259922914,4,0,Unchanged
Candidate_011,Software Developer,63.46401028277635,5,66.45888345122589,4,64.96144686700111,5,0,Unchanged
Candidate_011,Administrative Assistant,63.02521008403361,7,65.38481883099708,7,64.20501445751535,6,1,Improved
Candidate_011,Restaurant Manager,62.56488549618321,9,65.82903661568746,5,64.19696105593533,7,2,Improved
Candidate_011,Food Service Supervisor,62.483870967741936,10,65.3423040924567,8,63.91308753009932,8,2,Improved
Candidate_011,Information Technology (IT) Analyst,63.03668725027243,6,64.75021365861238,9,63.8934504544424,9,-3,Decreased
Candidate_011,Continuing Care Assistant,62.02848344880678,11,65.72650266713349,6,63.877493057970135,10,1,Improved
Candidate_011,Delivery Driver,62.63608087091757,8,63.93033178494054,10,63.28320632792905,11,-3,Decreased
Candidate_011,Inside Sales Representative,61.46916146916147,13,62.64394477051375,11,62.05655311983761,12,1,Improved
Candidate_011,Retail Sales Associate,61.46916146916147,13,62.64394477051375,11,62.05655311983761,12,1,Improved
Candidate_011,Licensed Practical Nurse (L.P.N.),61.442279732480365,14,62.44860934322376,12,61.94544453785206,13,1,Improved
Candidate_011,Bookkeeper,61.508498583569406,12,61.49213699219393,13,61.50031778788167,14,-2,Decreased
Candidate_012,Software Developer,68.66966580976863,1,67.4993868029207,1,68.08452630634466,1,0,Unchanged
Candidate_012,Licensed Practical Nurse (L.P.N.),67.98487932538528,2,66.5279992717117,2,67.25643929854849,2,0,Unchanged
Candidate_012,Secondary School Teacher,67.61426978818284,3,66.29834254143645,3,66.95630616480965,3,0,Unchanged
Candidate_012,Restaurant Manager,67.14503816793894,4,65.77457494086637,4,66.45980655440266,4,0,Unchanged
Candidate_012,Information Technology (IT) Analyst,66.93788594260806,5,65.41061300598243,5,66.17424947429524,5,0,Unchanged
Candidate_012,Food Service Supervisor,65.70967741935483,9,64.99349865419236,6,65.35158803677359,6,3,Improved
Candidate_012,Office Manager,66.18705035971223,7,64.06211441623061,7,65.12458238797143,7,0,Unchanged
Candidate_012,Bookkeeper,66.39518413597733,6,63.59047260857713,8,64.99282837227723,8,-2,Decreased
Candidate_012,Office Administrator,65.04186602870814,11,64.06211441623061,7,64.55199022246939,9,2,Improved
Candidate_012,Continuing Care Assistant,64.91531947652041,12,63.01490586156998,9,63.9651126690452,10,2,Improved
Candidate_012,"Driver, Truck",65.82178217821782,8,61.769068623624015,10,63.79542540092092,11,-3,Decreased
Candidate_012,Delivery Driver,65.04665629860033,10,60.82313948464694,11,62.934897891623635,12,-2,Decreased
Candidate_012,Inside Sales Representative,63.61746361746362,13,58.1133821493423,12,60.86542288340296,13,0,Unchanged
Candidate_012,Retail Sales Associate,63.61746361746362,13,58.1133821493423,12,60.86542288340296,13,0,Unchanged
Candidate_012,Administrative Assistant,60.50420168067227,14,54.92726791854005,13,57.71573479960616,14,0,Unchanged
Candidate_013,Software Developer,52.217223650385606,1,54.48469433136361,1,53.35095899087461,1,0,Unchanged
Candidate_013,Bookkeeper,51.80594900849857,2,53.49858703940762,2,52.6522680239531,2,0,Unchanged
Candidate_013,Secondary School Teacher,51.22630992196208,4,52.1898210822875,3,51.70806550212479,3,1,Improved
Candidate_013,Office Manager,51.798561151079134,3,51.447488861679844,6,51.62302500637949,4,-1,Decreased
Candidate_013,Office Administrator,50.83732057416268,5,51.447488861679844,6,51.142404717921266,5,0,Unchanged
Candidate_013,Information Technology (IT) Analyst,50.22884126407556,7,51.61992075207831,4,50.924381008076935,6,1,Improved
Candidate_013,Restaurant Manager,50.351145038167935,6,51.48390265954513,5,50.91752384885653,7,-1,Decreased
Candidate_013,Food Service Supervisor,49.96774193548388,8,49.956108649018404,7,49.96192529225114,8,0,Unchanged
Candidate_013,Licensed Practical Nurse (L.P.N.),49.084036056993305,11,48.33347151303523,8,48.70875378501427,9,2,Improved
Candidate_013,"Driver, Truck",49.50495049504951,10,47.1543446014521,10,48.329647548250804,10,0,Unchanged
Candidate_013,Inside Sales Representative,49.75744975744976,9,46.835173071106944,12,48.29631141427835,11,-2,Decreased
Candidate_013,Retail Sales Associate,49.75744975744976,9,46.835173071106944,12,48.29631141427835,11,-2,Decreased
Candidate_013,Continuing Care Assistant,47.84449576597383,13,47.9852392432716,9,47.91486750462272,12,1,Improved
Candidate_013,Delivery Driver,48.56143079315707,12,47.082493700784916,11,47.821962246971,13,-1,Decreased
Candidate_013,Administrative Assistant,46.65546218487395,14,44.19994710394074,13,45.42770464440734,14,0,Unchanged
Candidate_014,Software Developer,59.029562982005146,1,58.06558558299544,1,58.54757428250029,1,0,Unchanged
Candidate_014,Secondary School Teacher,56.80044593088071,2,54.941275474735654,2,55.87086070280819,2,0,Unchanged
Candidate_014,Information Technology (IT) Analyst,56.76716309480566,3,54.90637868075518,3,55.83677088778042,3,0,Unchanged
Candidate_014,Licensed Practical Nurse (L.P.N.),56.70252980517592,4,53.9130053109775,4,55.30776755807671,4,0,Unchanged
Candidate_014,Bookkeeper,55.77195467422096,5,53.65316734353057,5,54.71256100887577,5,0,Unchanged
Candidate_014,Restaurant Manager,55.29770992366412,6,52.37771485219708,6,53.8377123879306,6,0,Unchanged
Candidate_014,Office Manager,54.67625899280576,7,51.447488861679844,7,53.0618739272428,7,0,Unchanged
Candidate_014,Office Administrator,54.39593301435407,8,51.447488861679844,7,52.92171093801696,8,0,Unchanged
Candidate_014,Continuing Care Assistant,53.61816782140107,9,50.03534434443896,8,51.826756082920014,9,0,Unchanged
Candidate_014,Food Service Supervisor,53.193548387096776,12,49.956108649018404,9,51.574828518057586,10,2,Improved
Candidate_014,"Driver, Truck",53.46534653465347,10,47.1543446014521,11,50.309845568052786,11,-1,Decreased
Candidate_014,Delivery Driver,52.91601866251944,13,47.29441222568062,10,50.105215444100025,12,1,Improved
Candidate_014,Inside Sales Representative,53.222453222453225,11,46.835173071106944,12,50.02881314678008,13,-2,Decreased
Candidate_014,Retail Sales Associate,53.222453222453225,11,46.835173071106944,12,50.02881314678008,13,-2,Decreased
Candidate_014,Administrative Assistant,50.01680672268908,14,44.19994710394074,13,47.10837691331491,14,0,Unchanged
Candidate_015,Food Service Supervisor,100.00000000000004,1,100.0,2,100.00000000000003,1,0,Unchanged
Candidate_015,Administrative Assistant,100.00000000000004,1,99.99999999999999,3,100.00000000000001,2,-1,Decreased
Candidate_015,Bookkeeper,100.0,2,100.00000000000003,1,100.00000000000001,2,0,Unchanged
Candidate_015,Software Developer,100.0,2,100.00000000000003,1,100.00000000000001,2,0,Unchanged
Candidate_015,Continuing Care Assistant,100.0,2,100.0,2,100.0,3,-1,Decreased
Candidate_015,Delivery Driver,100.0,2,100.0,2,100.0,3,-1,Decreased
Candidate_015,"Driver, Truck",100.0,3,100.0,2,100.0,3,0,Unchanged
Candidate_015,Information Technology (IT) Analyst,100.0,2,100.0,2,100.0,3,-1,Decreased
Candidate_015,Inside Sales Representative,100.0,2,100.0,2,100.0,3,-1,Decreased
Candidate_015,Licensed Practical Nurse (L.P.N.),100.0,2,100.0,2,100.0,3,-1,Decreased
Candidate_015,Office Administrator,100.0,2,100.0,2,100.0,3,-1,Decreased
Candidate_015,Office Manager,100.0,2,100.0,2,100.0,3,-1,Decreased
Candidate_015,Restaurant Manager,100.0,2,100.0,2,100.0,3,-1,Decreased
Candidate_015,Retail Sales Associate,100.0,2,100.0,2,100.0,3,-1,Decreased
Candidate_015,Secondary School Teacher,100.0,3,100.0,2,100.0,3,0,Unchanged
Candidate_016,Software Developer,79.9164524421594,1,79.99584912746323,1,79.95615078481131,1,0,Unchanged
Candidate_016,Licensed Practical Nurse (L.P.N.),79.26722884559464,2,79.1429932324459,2,79.20511103902027,2,0,Unchanged
Candidate_016,Information Technology (IT) Analyst,79.20087177624409,4,78.99153134954548,3,79.09620156289478,3,1,Improved
Candidate_016,Secondary School Teacher,79.09698996655517,5,78.7091580988621,5,78.90307403270864,4,1,Improved
Candidate_016,Restaurant Manager,78.99236641221374,6,78.27370729163516,6,78.63303685192446,5,1,Improved
Candidate_016,Bookkeeper,78.328611898017,8,78.86666413633431,4,78.59763801717565,6,2,Improved
Candidate_016,Inside Sales Representative,79.20997920997921,3,77.87735911576912,7,78.54366916287417,7,-4,Decreased
Candidate_016,Retail Sales Associate,79.20997920997921,3,77.87735911576912,7,78.54366916287417,7,-4,Decreased
Candidate_016,Continuing Care Assistant,78.36797536566588,7,76.95295807535068,8,77.66046672050828,8,-1,Decreased
Candidate_016,Office Administrator,78.13995215311006,9,76.29830120414485,9,77.21912667862745,9,0,Unchanged
Candidate_016,Office Manager,77.6978417266187,11,76.29830120414485,9,76.99807146538177,10,1,Improved
Candidate_016,Food Service Supervisor,77.80645161290323,10,75.8936685999531,10,76.85006010642817,11,-1,Decreased
Candidate_016,Delivery Driver,77.17729393468119,12,75.63094641173373,11,76.40412017320746,12,0,Unchanged
Candidate_016,Administrative Assistant,76.90756302521008,13,75.38746363395927,12,76.14751332958468,13,0,Unchanged
Candidate_016,"Driver, Truck",76.75247524752474,14,74.13537356546179,13,75.44392440649327,14,0,Unchanged
Candidate_017,Administrative Assistant,86.15126050420167,1,89.27267918540068,2,87.71196984480117,1,0,Unchanged
Candidate_017,Bookkeeper,85.41076487252124,5,89.90811443083051,1,87.65943965167588,2,3,Improved
Candidate_017,Inside Sales Representative,86.13998613998614,2,88.72179092176465,3,87.4308885308754,3,-1,Decreased
Candidate_017,Retail Sales Associate,86.13998613998614,2,88.72179092176465,3,87.4308885308754,3,-1,Decreased
Candidate_017,Office Administrator,85.79545454545455,3,87.38537444544924,4,86.5904144954519,4,-1,Decreased
Candidate_017,Office Manager,85.6115107913669,4,87.38537444544924,4,86.49844261840806,5,-1,Decreased
Candidate_017,Software Developer,83.54755784061696,9,86.98530752844292,5,85.26643268452995,6,3,Improved
Candidate_017,Delivery Driver,83.51477449455678,10,86.25935421613798,6,84.88706435534738,7,3,Improved
Candidate_017,Secondary School Teacher,83.61204013377926,8,85.89147854085105,8,84.75175933731515,8,0,Unchanged
Candidate_017,Information Technology (IT) Analyst,83.2909553214675,11,86.20930774609587,7,84.75013153378168,9,2,Improved
Candidate_017,Food Service Supervisor,84.25806451612904,6,84.96260999482605,12,84.61033725547755,10,-4,Decreased
Candidate_017,"Driver, Truck",83.68316831683167,7,85.38527597782809,10,84.53422214732987,11,-4,Decreased
Candidate_017,Restaurant Manager,83.20610687022901,12,85.70932771867875,9,84.45771729445389,12,0,Unchanged
Candidate_017,Continuing Care Assistant,82.92917628945342,13,84.97033338170161,11,83.94975483557752,13,0,Unchanged
Candidate_017,Licensed Practical Nurse (L.P.N.),81.09915673160802,14,81.80547224132354,13,81.45231448646578,14,0,Unchanged
Candidate_018,Food Service Supervisor,100.00000000000004,1,100.0,2,100.00000000000003,1,0,Unchanged
Candidate_018,Administrative Assistant,100.00000000000004,1,99.99999999999999,3,100.00000000000001,2,-1,Decreased
Candidate_018,Bookkeeper,100.0,2,100.00000000000003,1,100.00000000000001,2,0,Unchanged
Candidate_018,Software Developer,100.0,2,100.00000000000003,1,100.00000000000001,2,0,Unchanged
Candidate_018,Continuing Care Assistant,100.0,2,100.0,2,100.0,3,-1,Decreased
Candidate_018,Delivery Driver,100.0,2,100.0,2,100.0,3,-1,Decreased
Candidate_018,"Driver, Truck",100.0,3,100.0,2,100.0,3,0,Unchanged
Candidate_018,Information Technology (IT) Analyst,100.0,2,100.0,2,100.0,3,-1,Decreased
Candidate_018,Inside Sales Representative,100.0,2,100.0,2,100.0,3,-1,Decreased
Candidate_018,Licensed Practical Nurse (L.P.N.),100.0,2,100.0,2,100.0,3,-1,Decreased
Candidate_018,Office Administrator,100.0,2,100.0,2,100.0,3,-1,Decreased
Candidate_018,Office Manager,100.0,2,100.0,2,100.0,3,-1,Decreased
Candidate_018,Restaurant Manager,100.0,2,100.0,2,100.0,3,-1,Decreased
Candidate_018,Retail Sales Associate,100.0,2,100.0,2,100.0,3,-1,Decreased
Candidate_018,Secondary School Teacher,100.0,3,100.0,2,100.0,3,0,Unchanged
Candidate_019,Office Manager,74.10071942446042,1,75.149187657535,1,74.62495354099771,1,0,Unchanged
Candidate_019,Bookkeeper,73.47733711048159,2,74.63192290307332,2,74.05463000677744,2,0,Unchanged
Candidate_019,Office Administrator,72.69736842105264,4,75.149187657535,1,73.92327803929382,3,1,Improved
Candidate_019,Software Developer,72.30077120822622,5,74.48884520390038,3,73.3948082060633,4,1,Improved
Candidate_019,Food Service Supervisor,72.16129032258065,6,74.0624400490653,4,73.11186518582298,5,1,Improved
Candidate_019,"Driver, Truck",72.75247524752474,3,73.01897103599032,7,72.88572314175752,6,-3,Decreased
Candidate_019,Secondary School Teacher,72.12931995540691,7,73.4806629834254,5,72.80499146941617,7,0,Unchanged
Candidate_019,Restaurant Manager,71.3587786259542,9,73.21019536790998,6,72.28448699693209,8,1,Improved
Candidate_019,Information Technology (IT) Analyst,71.02796948783146,10,72.62838940253282,8,71.82817944518214,9,1,Improved
Candidate_019,Delivery Driver,71.38413685847588,8,71.45154728905119,9,71.41784207376354,10,-2,Decreased
Candidate_019,Continuing Care Assistant,69.47652040030793,14,71.03228116792091,10,70.25440078411442,11,3,Improved
Candidate_019,Inside Sales Representative,70.54747054747055,11,68.95781395533783,12,69.75264225140418,12,-1,Decreased
Candidate_019,Retail Sales Associate,70.54747054747055,11,68.95781395533783,12,69.75264225140418,12,-1,Decreased
Candidate_019,Licensed Practical Nurse (L.P.N.),69.81680721139865,12,69.19047828058935,11,69.503642745994,13,-1,Decreased
Candidate_019,Administrative Assistant,69.74789915966386,13,68.81248346998147,13,69.28019131482267,14,-1,Decreased
Candidate_020,Software Developer,62.66066838046272,2,65.05504398397511,1,63.85785618221891,1,1,Improved
Candidate_020,Bookkeeper,62.85410764872521,1,64.69461763802676,2,63.77436264337598,2,-1,Decreased
Candidate_020,Office Manager,62.58992805755395,3,62.534562102984225,3,62.562245080269086,3,0,Unchanged
Candidate_020,Office Administrator,62.05143540669857,4,62.534562102984225,3,62.2929987548414,4,0,Unchanged
Candidate_020,Secondary School Teacher,61.3154960981048,5,62.1235959167246,5,61.7195460074147,5,0,Unchanged
Candidate_020,Information Technology (IT) Analyst,60.85724664002905,6,62.12415507730557,4,61.49070085866731,6,0,Unchanged
Candidate_020,Restaurant Manager,59.51145038167939,10,59.81333527924066,6,59.66239283046002,7,3,Improved
Candidate_020,"Driver, Truck",60.39603960396038,7,58.40424701381841,8,59.4001433088894,8,-1,Decreased
Candidate_020,Food Service Supervisor,59.64516129032259,9,59.02505004389135,7,59.33510566710697,9,0,Unchanged
Candidate_020,Inside Sales Representative,60.15246015246015,8,57.67960487710248,12,58.916032514781314,10,-2,Decreased
Candidate_020,Retail Sales Associate,60.15246015246015,8,57.67960487710248,12,58.916032514781314,10,-2,Decreased
Candidate_020,Administrative Assistant,59.26050420168068,11,58.08516265538216,9,58.67283342853142,11,0,Unchanged
Candidate_020,Delivery Driver,59.25349922239502,12,57.922820030084864,11,58.58815962623994,12,0,Unchanged
Candidate_020,Continuing Care Assistant,58.17936874518861,14,58.05271965078988,10,58.11604419798925,13,1,Improved
Candidate_020,Licensed Practical Nurse (L.P.N.),58.5344576911893,13,56.57548431985514,13,57.55497100552222,14,-1,Decreased
Candidate_021,Software Developer,62.66066838046272,2,65.05504398397511,1,63.85785618221891,1,1,Improved
Candidate_021,Bookkeeper,62.85410764872521,1,64.69461763802676,2,63.77436264337598,2,-1,Decreased
Candidate_021,Office Manager,62.58992805755395,3,62.534562102984225,3,62.562245080269086,3,0,Unchanged
Candidate_021,Office Administrator,62.05143540669857,4,62.534562102984225,3,62.2929987548414,4,0,Unchanged
Candidate_021,Secondary School Teacher,61.3154960981048,5,62.1235959167246,5,61.7195460074147,5,0,Unchanged
Candidate_021,Information Technology (IT) Analyst,60.85724664002905,6,62.12415507730557,4,61.49070085866731,6,0,Unchanged
Candidate_021,Restaurant Manager,59.51145038167939,10,59.81333527924066,6,59.66239283046002,7,3,Improved
Candidate_021,"Driver, Truck",60.39603960396038,7,58.40424701381841,8,59.4001433088894,8,-1,Decreased
Candidate_021,Food Service Supervisor,59.64516129032259,9,59.02505004389135,7,59.33510566710697,9,0,Unchanged
Candidate_021,Inside Sales Representative,60.15246015246015,8,57.67960487710248,12,58.916032514781314,10,-2,Decreased
Candidate_021,Retail Sales Associate,60.15246015246015,8,57.67960487710248,12,58.916032514781314,10,-2,Decreased
Candidate_021,Administrative Assistant,59.26050420168068,11,58.08516265538216,9,58.67283342853142,11,0,Unchanged
Candidate_021,Delivery Driver,59.25349922239502,12,57.922820030084864,11,58.58815962623994,12,0,Unchanged
Candidate_021,Continuing Care Assistant,58.17936874518861,14,58.05271965078988,10,58.11604419798925,13,1,Improved
Candidate_021,Licensed Practical Nurse (L.P.N.),58.5344576911893,13,56.57548431985514,13,57.55497100552222,14,-1,Decreased
Candidate_022,Office Manager,97.12230215827336,1,100.0,1,98.56115107913668,1,0,Unchanged
Candidate_022,Food Service Supervisor,96.77419354838712,2,100.0,1,98.38709677419357,2,0,Unchanged
Candidate_022,Administrative Assistant,96.63865546218489,3,99.99999999999999,2,98.31932773109244,3,0,Unchanged
Candidate_022,Inside Sales Representative,96.53499653499654,4,100.0,1,98.26749826749827,4,0,Unchanged
Candidate_022,Retail Sales Associate,96.53499653499654,4,100.0,1,98.26749826749827,4,0,Unchanged
Candidate_022,Office Administrator,96.44138755980862,5,100.0,1,98.22069377990431,5,0,Unchanged
Candidate_022,"Driver, Truck",96.03960396039602,6,100.0,1,98.01980198019801,6,0,Unchanged
Candidate_022,Bookkeeper,96.03399433427762,7,99.84541969587707,3,97.93970701507735,7,0,Unchanged
Candidate_022,Delivery Driver,95.64541213063764,8,99.7880814751043,4,97.71674680287097,8,0,Unchanged
Candidate_022,Restaurant Manager,95.0534351145038,9,99.10618780734805,5,97.07981146092592,9,0,Unchanged
Candidate_022,Continuing Care Assistant,94.22632794457274,11,97.94989489883264,6,96.08811142170269,10,1,Improved
Candidate_022,Secondary School Teacher,94.42586399108136,10,97.24854560755188,7,95.83720479931662,11,-1,Decreased
Candidate_022,Information Technology (IT) Analyst,93.46167816926987,12,96.71354207132312,8,95.08761012029649,12,0,Unchanged
Candidate_022,Software Developer,93.18766066838046,13,96.41910874836819,9,94.80338470837432,13,0,Unchanged
Candidate_022,Licensed Practical Nurse (L.P.N.),92.38150625181738,14,94.42046620205775,10,93.40098622693756,14,0,Unchanged
Candidate_023,Office Manager,54.67625899280575,1,56.572180493216095,2,55.624219743010926,1,0,Unchanged
Candidate_023,Software Developer,53.82390745501285,3,57.02508223130063,1,55.42449484315674,2,1,Improved
Candidate_023,Office Administrator,53.82775119617226,2,56.572180493216095,2,55.19996584469418,3,-1,Decreased
Candidate_023,Secondary School Teacher,53.65105908584169,4,56.08649518861366,3,54.868777137227674,4,0,Unchanged
Candidate_023,Administrative Assistant,52.537815126050425,6,54.65749801639777,4,53.59765657122409,5,1,Improved
Candidate_023,Information Technology (IT) Analyst,52.86596440247002,5,54.24597933338513,5,53.555971867927575,6,-1,Decreased
Candidate_023,"Driver, Truck",52.47524752475247,7,52.5333749707237,7,52.50431124773809,7,0,Unchanged
Candidate_023,Continuing Care Assistant,50.73133179368745,10,52.74694115000247,6,51.73913647184496,8,2,Improved
Candidate_023,Restaurant Manager,50.7175572519084,11,52.43217652701816,8,51.57486688946328,9,2,Improved
Candidate_023,Bookkeeper,50.88526912181303,9,51.55483172714735,9,51.22005042448019,10,-1,Decreased
Candidate_023,Inside Sales Representative,51.07415107415108,8,51.365735692278406,10,51.21994338321474,11,-3,Decreased
Candidate_023,Retail Sales Associate,51.07415107415108,8,51.365735692278406,10,51.21994338321474,11,-3,Decreased
Candidate_023,Delivery Driver,50.5054432348367,12,50.40160452597422,11,50.453523880405456,12,0,Unchanged
Candidate_023,Food Service Supervisor,49.96774193548388,14,50.30491408728275,12,50.13632801138331,13,1,Improved
Candidate_023,Licensed Practical Nurse (L.P.N.),50.15993021227101,13,49.833615382489555,13,49.99677279738028,14,-1,Decreased
Candidate_024,Office Manager,74.10071942446042,1,75.149187657535,1,74.62495354099771,1,0,Unchanged
Candidate_024,Bookkeeper,73.47733711048159,2,74.63192290307332,2,74.05463000677744,2,0,Unchanged
Candidate_024,Office Administrator,72.69736842105264,4,75.149187657535,1,73.92327803929382,3,1,Improved
Candidate_024,Software Developer,72.30077120822622,5,74.48884520390038,3,73.3948082060633,4,1,Improved
Candidate_024,Food Service Supervisor,72.16129032258065,6,74.0624400490653,4,73.11186518582298,5,1,Improved
Candidate_024,"Driver, Truck",72.75247524752474,3,73.01897103599032,7,72.88572314175752,6,-3,Decreased
Candidate_024,Secondary School Teacher,72.12931995540691,7,73.4806629834254,5,72.80499146941617,7,0,Unchanged
Candidate_024,Restaurant Manager,71.3587786259542,9,73.21019536790998,6,72.28448699693209,8,1,Improved
Candidate_024,Information Technology (IT) Analyst,71.02796948783146,10,72.62838940253282,8,71.82817944518214,9,1,Improved
Candidate_024,Delivery Driver,71.38413685847588,8,71.45154728905119,9,71.41784207376354,10,-2,Decreased
Candidate_024,Continuing Care Assistant,69.47652040030793,14,71.03228116792091,10,70.25440078411442,11,3,Improved
Candidate_024,Inside Sales Representative,70.54747054747055,11,68.95781395533783,12,69.75264225140418,12,-1,Decreased
Candidate_024,Retail Sales Associate,70.54747054747055,11,68.95781395533783,12,69.75264225140418,12,-1,Decreased
Candidate_024,Licensed Practical Nurse (L.P.N.),69.81680721139865,12,69.19047828058935,11,69.503642745994,13,-1,Decreased
Candidate_024,Administrative Assistant,69.74789915966386,13,68.81248346998147,13,69.28019131482267,14,-1,Decreased
Candidate_025,Software Developer,69.47300771208226,1,68.63593523560694,1,69.0544714738446,1,0,Unchanged
Candidate_025,Information Technology (IT) Analyst,67.39556847075916,2,65.41061300598243,2,66.40309073837079,2,0,Unchanged
Candidate_025,Secondary School Teacher,66.88963210702342,3,64.87505030917274,3,65.88234120809807,3,0,Unchanged
Candidate_025,Bookkeeper,66.8201133144476,4,64.8491979421497,4,65.83465562829865,4,0,Unchanged
Candidate_025,Licensed Practical Nurse (L.P.N.),66.1529514393719,5,62.15501811779739,6,64.15398477858464,5,0,Unchanged
Candidate_025,Office Administrator,65.61004784688997,6,62.534562102984225,5,64.0723049749371,6,0,Unchanged
Candidate_025,Office Manager,65.46762589928056,7,62.534562102984225,5,64.0010940011324,7,0,Unchanged
Candidate_025,Restaurant Manager,64.45801526717557,8,60.70714747189262,7,62.5825813695341,8,0,Unchanged
Candidate_025,Continuing Care Assistant,63.95304080061586,10,60.10282475195725,8,62.027932776286555,9,1,Improved
Candidate_025,"Driver, Truck",64.35643564356435,9,58.40424701381841,10,61.38034132869139,10,-1,Decreased
Candidate_025,Food Service Supervisor,62.87096774193549,13,59.02505004389135,9,60.94800889291342,11,2,Improved
Candidate_025,Delivery Driver,63.60808709175739,12,58.13473855498056,11,60.87141282336897,12,0,Unchanged
Candidate_025,Inside Sales Representative,63.61746361746362,11,57.67960487710248,13,60.64853424728305,13,-2,Decreased
Candidate_025,Retail Sales Associate,63.61746361746362,11,57.67960487710248,13,60.64853424728305,13,-2,Decreased
Candidate_025,Administrative Assistant,62.6218487394958,14,58.08516265538216,12,60.35350569743898,14,0,Unchanged
Candidate_026,Software Developer,68.66966580976863,1,67.4993868029207,1,68.08452630634466,1,0,Unchanged
Candidate_026,Licensed Practical Nurse (L.P.N.),67.98487932538528,2,66.5279992717117,2,67.25643929854849,2,0,Unchanged
Candidate_026,Secondary School Teacher,67.61426978818284,3,66.29834254143645,3,66.95630616480965,3,0,Unchanged
Candidate_026,Restaurant Manager,67.14503816793894,4,65.77457494086637,4,66.45980655440266,4,0,Unchanged
Candidate_026,Information Technology (IT) Analyst,66.93788594260806,5,65.41061300598243,5,66.17424947429524,5,0,Unchanged
Candidate_026,Food Service Supervisor,65.70967741935483,9,64.99349865419236,6,65.35158803677359,6,3,Improved
Candidate_026,Office Manager,66.18705035971223,7,64.06211441623061,7,65.12458238797143,7,0,Unchanged
Candidate_026,Bookkeeper,66.39518413597733,6,63.59047260857713,8,64.99282837227723,8,-2,Decreased
Candidate_026,Office Administrator,65.04186602870814,11,64.06211441623061,7,64.55199022246939,9,2,Improved
Candidate_026,Continuing Care Assistant,64.91531947652041,12,63.01490586156998,9,63.9651126690452,10,2,Improved
Candidate_026,"Driver, Truck",65.82178217821782,8,61.769068623624015,10,63.79542540092092,11,-3,Decreased
Candidate_026,Delivery Driver,65.04665629860033,10,60.82313948464694,11,62.934897891623635,12,-2,Decreased
Candidate_026,Inside Sales Representative,63.61746361746362,13,58.1133821493423,12,60.86542288340296,13,0,Unchanged
Candidate_026,Retail Sales Associate,63.61746361746362,13,58.1133821493423,12,60.86542288340296,13,0,Unchanged
Candidate_026,Administrative Assistant,60.50420168067227,14,54.92726791854005,13,57.71573479960616,14,0,Unchanged
Candidate_027,Office Manager,54.67625899280575,1,56.572180493216095,2,55.624219743010926,1,0,Unchanged
Candidate_027,Software Developer,53.82390745501285,3,57.02508223130063,1,55.42449484315674,2,1,Improved
Candidate_027,Office Administrator,53.82775119617226,2,56.572180493216095,2,55.19996584469418,3,-1,Decreased
Candidate_027,Secondary School Teacher,53.65105908584169,4,56.08649518861366,3,54.868777137227674,4,0,Unchanged
Candidate_027,Administrative Assistant,52.537815126050425,6,54.65749801639777,4,53.59765657122409,5,1,Improved
Candidate_027,Information Technology (IT) Analyst,52.86596440247002,5,54.24597933338513,5,53.555971867927575,6,-1,Decreased
Candidate_027,"Driver, Truck",52.47524752475247,7,52.5333749707237,7,52.50431124773809,7,0,Unchanged
Candidate_027,Continuing Care Assistant,50.73133179368745,10,52.74694115000247,6,51.73913647184496,8,2,Improved
Candidate_027,Restaurant Manager,50.7175572519084,11,52.43217652701816,8,51.57486688946328,9,2,Improved
Candidate_027,Bookkeeper,50.88526912181303,9,51.55483172714735,9,51.22005042448019,10,-1,Decreased
Candidate_027,Inside Sales Representative,51.07415107415108,8,51.365735692278406,10,51.21994338321474,11,-3,Decreased
Candidate_027,Retail Sales Associate,51.07415107415108,8,51.365735692278406,10,51.21994338321474,11,-3,Decreased
Candidate_027,Delivery Driver,50.5054432348367,12,50.40160452597422,11,50.453523880405456,12,0,Unchanged
Candidate_027,Food Service Supervisor,49.96774193548388,14,50.30491408728275,12,50.13632801138331,13,1,Improved
Candidate_027,Licensed Practical Nurse (L.P.N.),50.15993021227101,13,49.833615382489555,13,49.99677279738028,14,-1,Decreased
Candidate_028,Office Manager,54.67625899280575,1,56.572180493216095,2,55.624219743010926,1,0,Unchanged
Candidate_028,Software Developer,53.82390745501285,3,57.02508223130063,1,55.42449484315674,2,1,Improved
Candidate_028,Office Administrator,53.82775119617226,2,56.572180493216095,2,55.19996584469418,3,-1,Decreased
Candidate_028,Secondary School Teacher,53.65105908584169,4,56.08649518861366,3,54.868777137227674,4,0,Unchanged
Candidate_028,Administrative Assistant,52.537815126050425,6,54.65749801639777,4,53.59765657122409,5,1,Improved
Candidate_028,Information Technology (IT) Analyst,52.86596440247002,5,54.24597933338513,5,53.555971867927575,6,-1,Decreased
Candidate_028,"Driver, Truck",52.47524752475247,7,52.5333749707237,7,52.50431124773809,7,0,Unchanged
Candidate_028,Continuing Care Assistant,50.73133179368745,10,52.74694115000247,6,51.73913647184496,8,2,Improved
Candidate_028,Restaurant Manager,50.7175572519084,11,52.43217652701816,8,51.57486688946328,9,2,Improved
Candidate_028,Bookkeeper,50.88526912181303,9,51.55483172714735,9,51.22005042448019,10,-1,Decreased
Candidate_028,Inside Sales Representative,51.07415107415108,8,51.365735692278406,10,51.21994338321474,11,-3,Decreased
Candidate_028,Retail Sales Associate,51.07415107415108,8,51.365735692278406,10,51.21994338321474,11,-3,Decreased
Candidate_028,Delivery Driver,50.5054432348367,12,50.40160452597422,11,50.453523880405456,12,0,Unchanged
Candidate_028,Food Service Supervisor,49.96774193548388,14,50.30491408728275,12,50.13632801138331,13,1,Improved
Candidate_028,Licensed Practical Nurse (L.P.N.),50.15993021227101,13,49.833615382489555,13,49.99677279738028,14,-1,Decreased
Candidate_029,Food Service Supervisor,100.00000000000004,1,100.0,2,100.00000000000003,1,0,Unchanged
Candidate_029,Administrative Assistant,100.00000000000004,1,99.99999999999999,3,100.00000000000001,2,-1,Decreased
Candidate_029,Bookkeeper,100.0,2,100.00000000000003,1,100.00000000000001,2,0,Unchanged
Candidate_029,Software Developer,100.0,2,100.00000000000003,1,100.00000000000001,2,0,Unchanged
Candidate_029,Continuing Care Assistant,100.0,2,100.0,2,100.0,3,-1,Decreased
Candidate_029,Delivery Driver,100.0,2,100.0,2,100.0,3,-1,Decreased
Candidate_029,"Driver, Truck",100.0,3,100.0,2,100.0,3,0,Unchanged
Candidate_029,Information Technology (IT) Analyst,100.0,2,100.0,2,100.0,3,-1,Decreased
Candidate_029,Inside Sales Representative,100.0,2,100.0,2,100.0,3,-1,Decreased
Candidate_029,Licensed Practical Nurse (L.P.N.),100.0,2,100.0,2,100.0,3,-1,Decreased
Candidate_029,Office Administrator,100.0,2,100.0,2,100.0,3,-1,Decreased
Candidate_029,Office Manager,100.0,2,100.0,2,100.0,3,-1,Decreased
Candidate_029,Restaurant Manager,100.0,2,100.0,2,100.0,3,-1,Decreased
Candidate_029,Retail Sales Associate,100.0,2,100.0,2,100.0,3,-1,Decreased
Candidate_029,Secondary School Teacher,100.0,3,100.0,2,100.0,3,0,Unchanged
Candidate_030,Office Manager,54.67625899280575,1,56.572180493216095,2,55.624219743010926,1,0,Unchanged
Candidate_030,Software Developer,53.82390745501285,3,57.02508223130063,1,55.42449484315674,2,1,Improved
Candidate_030,Office Administrator,53.82775119617226,2,56.572180493216095,2,55.19996584469418,3,-1,Decreased
Candidate_030,Secondary School Teacher,53.65105908584169,4,56.08649518861366,3,54.868777137227674,4,0,Unchanged
Candidate_030,Administrative Assistant,52.537815126050425,6,54.65749801639777,4,53.59765657122409,5,1,Improved
Candidate_030,Information Technology (IT) Analyst,52.86596440247002,5,54.24597933338513,5,53.555971867927575,6,-1,Decreased
Candidate_030,"Driver, Truck",52.47524752475247,7,52.5333749707237,7,52.50431124773809,7,0,Unchanged
Candidate_030,Continuing Care Assistant,50.73133179368745,10,52.74694115000247,6,51.73913647184496,8,2,Improved
Candidate_030,Restaurant Manager,50.7175572519084,11,52.43217652701816,8,51.57486688946328,9,2,Improved
Candidate_030,Bookkeeper,50.88526912181303,9,51.55483172714735,9,51.22005042448019,10,-1,Decreased
Candidate_030,Inside Sales Representative,51.07415107415108,8,51.365735692278406,10,51.21994338321474,11,-3,Decreased
Candidate_030,Retail Sales Associate,51.07415107415108,8,51.365735692278406,10,51.21994338321474,11,-3,Decreased
Candidate_030,Delivery Driver,50.5054432348367,12,50.40160452597422,11,50.453523880405456,12,0,Unchanged
Candidate_030,Food Service Supervisor,49.96774193548388,14,50.30491408728275,12,50.13632801138331,13,1,Improved
Candidate_030,Licensed Practical Nurse (L.P.N.),50.15993021227101,13,49.833615382489555,13,49.99677279738028,14,-1,Decreased
Candidate_031,Administrative Assistant,86.15126050420167,1,89.27267918540068,2,87.71196984480117,1,0,Unchanged
Candidate_031,Bookkeeper,85.41076487252124,5,89.90811443083051,1,87.65943965167588,2,3,Improved
Candidate_031,Inside Sales Representative,86.13998613998614,2,88.72179092176465,3,87.4308885308754,3,-1,Decreased
Candidate_031,Retail Sales Associate,86.13998613998614,2,88.72179092176465,3,87.4308885308754,3,-1,Decreased
Candidate_031,Office Administrator,85.79545454545455,3,87.38537444544924,4,86.5904144954519,4,-1,Decreased
Candidate_031,Office Manager,85.6115107913669,4,87.38537444544924,4,86.49844261840806,5,-1,Decreased
Candidate_031,Software Developer,83.54755784061696,9,86.98530752844292,5,85.26643268452995,6,3,Improved
Candidate_031,Delivery Driver,83.51477449455678,10,86.25935421613798,6,84.88706435534738,7,3,Improved
Candidate_031,Secondary School Teacher,83.61204013377926,8,85.89147854085105,8,84.75175933731515,8,0,Unchanged
Candidate_031,Information Technology (IT) Analyst,83.2909553214675,11,86.20930774609587,7,84.75013153378168,9,2,Improved
Candidate_031,Food Service Supervisor,84.25806451612904,6,84.96260999482605,12,84.61033725547755,10,-4,Decreased
Candidate_031,"Driver, Truck",83.68316831683167,7,85.38527597782809,10,84.53422214732987,11,-4,Decreased
Candidate_031,Restaurant Manager,83.20610687022901,12,85.70932771867875,9,84.45771729445389,12,0,Unchanged
Candidate_031,Continuing Care Assistant,82.92917628945342,13,84.97033338170161,11,83.94975483557752,13,0,Unchanged
Candidate_031,Licensed Practical Nurse (L.P.N.),81.09915673160802,14,81.80547224132354,13,81.45231448646578,14,0,Unchanged
Candidate_032,Food Service Supervisor,100.00000000000004,1,100.0,2,100.00000000000003,1,0,Unchanged
Candidate_032,Administrative Assistant,100.00000000000004,1,99.99999999999999,3,100.00000000000001,2,-1,Decreased
Candidate_032,Bookkeeper,100.0,2,100.00000000000003,1,100.00000000000001,2,0,Unchanged
Candidate_032,Software Developer,100.0,2,100.00000000000003,1,100.00000000000001,2,0,Unchanged
Candidate_032,Continuing Care Assistant,100.0,2,100.0,2,100.0,3,-1,Decreased
Candidate_032,Delivery Driver,100.0,2,100.0,2,100.0,3,-1,Decreased
Candidate_032,"Driver, Truck",100.0,3,100.0,2,100.0,3,0,Unchanged
Candidate_032,Information Technology (IT) Analyst,100.0,2,100.0,2,100.0,3,-1,Decreased
Candidate_032,Inside Sales Representative,100.0,2,100.0,2,100.0,3,-1,Decreased
Candidate_032,Licensed Practical Nurse (L.P.N.),100.0,2,100.0,2,100.0,3,-1,Decreased
Candidate_032,Office Administrator,100.0,2,100.0,2,100.0,3,-1,Decreased
Candidate_032,Office Manager,100.0,2,100.0,2,100.0,3,-1,Decreased
Candidate_032,Restaurant Manager,100.0,2,100.0,2,100.0,3,-1,Decreased
Candidate_032,Retail Sales Associate,100.0,2,100.0,2,100.0,3,-1,Decreased
Candidate_032,Secondary School Teacher,100.0,3,100.0,2,100.0,3,0,Unchanged
Candidate_033,Administrative Assistant,89.91596638655463,1,96.57233536101559,1,93.24415087378512,1,0,Unchanged
Candidate_033,Office Manager,89.20863309352518,2,94.03761839023187,3,91.62312574187852,2,0,Unchanged
Candidate_033,Office Administrator,88.2177033492823,3,94.03761839023187,3,91.12766086975708,3,0,Unchanged
Candidate_033,"Driver, Truck",88.11881188118811,4,94.1291279569053,2,91.1239699190467,4,0,Unchanged
Candidate_033,Inside Sales Representative,87.45668745668745,5,93.68613081517594,4,90.5714091359317,5,0,Unchanged
Candidate_033,Retail Sales Associate,87.45668745668745,5,93.68613081517594,4,90.5714091359317,5,0,Unchanged
Candidate_033,Continuing Care Assistant,86.7782909930716,8,92.64411639804521,5,89.7112036955584,6,2,Improved
Candidate_033,Delivery Driver,86.89735614307932,7,92.26686597099365,6,89.58211105703649,7,0,Unchanged
Candidate_033,Food Service Supervisor,87.0967741935484,6,91.2798640433914,8,89.1883191184699,8,-2,Decreased
Candidate_033,Restaurant Manager,86.25954198473282,10,91.72502905512555,7,88.99228551992918,9,1,Improved
Candidate_033,Secondary School Teacher,86.76142697881826,9,91.21144487944093,9,88.9864359291296,10,-1,Decreased
Candidate_033,Information Technology (IT) Analyst,85.47039593171087,11,88.83536632740268,10,87.15288112955677,11,0,Unchanged
Candidate_033,Software Developer,84.35089974293058,12,88.38914699569371,11,86.37002336931215,12,0,Unchanged
Candidate_033,Licensed Practical Nurse (L.P.N.),84.0069787728991,14,87.67859726469217,12,85.84278801879563,13,1,Improved
Candidate_033,Bookkeeper,84.06515580736544,13,86.70563378499767,13,85.38539479618156,14,-1,Decreased
Candidate_034,Office Manager,97.12230215827336,1,100.0,1,98.56115107913668,1,0,Unchanged
Candidate_034,Food Service Supervisor,96.77419354838712,2,100.0,1,98.38709677419357,2,0,Unchanged
Candidate_034,Administrative Assistant,96.63865546218489,3,99.99999999999999,2,98.31932773109244,3,0,Unchanged
Candidate_034,Inside Sales Representative,96.53499653499654,4,100.0,1,98.26749826749827,4,0,Unchanged
Candidate_034,Retail Sales Associate,96.53499653499654,4,100.0,1,98.26749826749827,4,0,Unchanged
Candidate_034,Office Administrator,96.44138755980862,5,100.0,1,98.22069377990431,5,0,Unchanged
Candidate_034,"Driver, Truck",96.03960396039602,6,100.0,1,98.01980198019801,6,0,Unchanged
Candidate_034,Bookkeeper,96.03399433427762,7,99.84541969587707,3,97.93970701507735,7,0,Unchanged
Candidate_034,Delivery Driver,95.64541213063764,8,99.7880814751043,4,97.71674680287097,8,0,Unchanged
Candidate_034,Restaurant Manager,95.0534351145038,9,99.10618780734805,5,97.07981146092592,9,0,Unchanged
Candidate_034,Continuing Care Assistant,94.22632794457274,11,97.94989489883264,6,96.08811142170269,10,1,Improved
Candidate_034,Secondary School Teacher,94.42586399108136,10,97.24854560755188,7,95.83720479931662,11,-1,Decreased
Candidate_034,Information Technology (IT) Analyst,93.46167816926987,12,96.71354207132312,8,95.08761012029649,12,0,Unchanged
Candidate_034,Software Developer,93.18766066838046,13,96.41910874836819,9,94.80338470837432,13,0,Unchanged
Candidate_034,Licensed Practical Nurse (L.P.N.),92.38150625181738,14,94.42046620205775,10,93.40098622693756,14,0,Unchanged
Candidate_035,Software Developer,90.35989717223649,1,90.56619878007474,1,90.46304797615562,1,0,Unchanged
Candidate_035,Bookkeeper,89.37677053824362,5,90.06269473495345,2,89.71973263659854,2,3,Improved
Candidate_035,Information Technology (IT) Analyst,89.82927715219759,2,89.49576567477276,3,89.66252141348517,3,-1,Decreased
Candidate_035,Administrative Assistant,89.5126050420168,4,89.27267918540068,4,89.39264211370875,4,0,Unchanged
Candidate_035,Inside Sales Representative,89.6049896049896,3,88.72179092176465,5,89.16339026337712,5,-2,Decreased
Candidate_035,Retail Sales Associate,89.6049896049896,3,88.72179092176465,5,89.16339026337712,5,-2,Decreased
Candidate_035,Secondary School Teacher,89.18617614269787,7,88.64293293329919,6,88.91455453799853,6,1,Improved
Candidate_035,Office Administrator,89.35406698564594,6,87.38537444544924,7,88.3697207155476,7,-1,Decreased
Candidate_035,Licensed Practical Nurse (L.P.N.),88.71765047979063,8,87.3850060392658,8,88.05132825952822,8,0,Unchanged
Candidate_035,Office Manager,88.48920863309353,10,87.38537444544924,7,87.93729153927138,9,1,Improved
Candidate_035,Continuing Care Assistant,88.70284834488066,9,87.02043848286898,9,87.86164341387482,10,-1,Decreased
Candidate_035,Restaurant Manager,88.1526717557252,11,86.6031399113307,10,87.37790583352795,11,0,Unchanged
Candidate_035,Delivery Driver,87.86936236391915,12,86.47127274103367,11,87.1703175524764,12,0,Unchanged
Candidate_035,"Driver, Truck",87.64356435643563,13,85.38527597782809,12,86.51442016713186,13,0,Unchanged
Candidate_035,Food Service Supervisor,87.48387096774194,14,84.96260999482605,13,86.223240481284,14,0,Unchanged
Candidate_036,Administrative Assistant,89.91596638655463,1,96.57233536101559,1,93.24415087378512,1,0,Unchanged
Candidate_036,Office Manager,89.20863309352518,2,94.03761839023187,3,91.62312574187852,2,0,Unchanged
Candidate_036,Office Administrator,88.2177033492823,3,94.03761839023187,3,91.12766086975708,3,0,Unchanged
Candidate_036,"Driver, Truck",88.11881188118811,4,94.1291279569053,2,91.1239699190467,4,0,Unchanged
Candidate_036,Inside Sales Representative,87.45668745668745,5,93.68613081517594,4,90.5714091359317,5,0,Unchanged
Candidate_036,Retail Sales Associate,87.45668745668745,5,93.68613081517594,4,90.5714091359317,5,0,Unchanged
Candidate_036,Continuing Care Assistant,86.7782909930716,8,92.64411639804521,5,89.7112036955584,6,2,Improved
Candidate_036,Delivery Driver,86.89735614307932,7,92.26686597099365,6,89.58211105703649,7,0,Unchanged
Candidate_036,Food Service Supervisor,87.0967741935484,6,91.2798640433914,8,89.1883191184699,8,-2,Decreased
Candidate_036,Restaurant Manager,86.25954198473282,10,91.72502905512555,7,88.99228551992918,9,1,Improved
Candidate_036,Secondary School Teacher,86.76142697881826,9,91.21144487944093,9,88.9864359291296,10,-1,Decreased
Candidate_036,Information Technology (IT) Analyst,85.47039593171087,11,88.83536632740268,10,87.15288112955677,11,0,Unchanged
Candidate_036,Software Developer,84.35089974293058,12,88.38914699569371,11,86.37002336931215,12,0,Unchanged
Candidate_036,Licensed Practical Nurse (L.P.N.),84.0069787728991,14,87.67859726469217,12,85.84278801879563,13,1,Improved
Candidate_036,Bookkeeper,84.06515580736544,13,86.70563378499767,13,85.38539479618156,14,-1,Decreased
Candidate_037,Software Developer,79.11311053984575,1,78.06973645553221,1,78.59142349768898,1,0,Unchanged
Candidate_037,Secondary School Teacher,77.70345596432553,2,76.23211737587354,2,76.96778667009954,2,0,Unchanged
Candidate_037,Information Technology (IT) Analyst,77.56629131856157,3,75.91484733120969,3,76.74056932488563,3,0,Unchanged
Candidate_037,Bookkeeper,77.44334277620398,4,74.78650320719628,5,76.11492299170013,4,0,Unchanged
Candidate_037,Licensed Practical Nurse (L.P.N.),77.43530095958127,5,74.7700120785316,6,76.10265651905644,5,0,Unchanged
Candidate_037,Office Manager,76.97841726618705,6,75.149187657535,4,76.06380246186103,6,0,Unchanged
Candidate_037,Office Administrator,76.25598086124403,9,75.149187657535,4,75.70258425938951,7,2,Improved
Candidate_037,Restaurant Manager,76.30534351145039,8,74.10400756056193,7,75.20467553600616,8,0,Unchanged
Candidate_037,"Driver, Truck",76.7128712871287,7,73.01897103599032,10,74.86592116155951,9,-2,Decreased
Candidate_037,Food Service Supervisor,75.38709677419355,11,74.0624400490653,8,74.72476841162943,10,1,Improved
Candidate_037,Continuing Care Assistant,75.25019245573519,12,73.08238626908827,9,74.16628936241173,11,1,Improved
Candidate_037,Delivery Driver,75.73872472783826,10,71.66346581394689,11,73.70109527089258,12,-2,Decreased
Candidate_037,Inside Sales Representative,74.01247401247402,13,68.95781395533783,12,71.48514398390591,13,0,Unchanged
Candidate_037,Retail Sales Associate,74.01247401247402,13,68.95781395533783,12,71.48514398390591,13,0,Unchanged
Candidate_037,Administrative Assistant,73.10924369747899,14,68.81248346998147,13,70.96086358373023,14,0,Unchanged
Candidate_038,Software Developer,69.47300771208226,1,68.63593523560694,1,69.0544714738446,1,0,Unchanged
Candidate_038,Information Technology (IT) Analyst,67.39556847075916,2,65.41061300598243,2,66.40309073837079,2,0,Unchanged
Candidate_038,Secondary School Teacher,66.88963210702342,3,64.87505030917274,3,65.88234120809807,3,0,Unchanged
Candidate_038,Bookkeeper,66.8201133144476,4,64.8491979421497,4,65.83465562829865,4,0,Unchanged
Candidate_038,Licensed Practical Nurse (L.P.N.),66.1529514393719,5,62.15501811779739,6,64.15398477858464,5,0,Unchanged
Candidate_038,Office Administrator,65.61004784688997,6,62.534562102984225,5,64.0723049749371,6,0,Unchanged
Candidate_038,Office Manager,65.46762589928056,7,62.534562102984225,5,64.0010940011324,7,0,Unchanged
Candidate_038,Restaurant Manager,64.45801526717557,8,60.70714747189262,7,62.5825813695341,8,0,Unchanged
Candidate_038,Continuing Care Assistant,63.95304080061586,10,60.10282475195725,8,62.027932776286555,9,1,Improved
Candidate_038,"Driver, Truck",64.35643564356435,9,58.40424701381841,10,61.38034132869139,10,-1,Decreased
Candidate_038,Food Service Supervisor,62.87096774193549,13,59.02505004389135,9,60.94800889291342,11,2,Improved
Candidate_038,Delivery Driver,63.60808709175739,12,58.13473855498056,11,60.87141282336897,12,0,Unchanged
Candidate_038,Inside Sales Representative,63.61746361746362,11,57.67960487710248,13,60.64853424728305,13,-2,Decreased
Candidate_038,Retail Sales Associate,63.61746361746362,11,57.67960487710248,13,60.64853424728305,13,-2,Decreased
Candidate_038,Administrative Assistant,62.6218487394958,14,58.08516265538216,12,60.35350569743898,14,0,Unchanged
Candidate_039,Food Service Supervisor,100.00000000000004,1,100.0,2,100.00000000000003,1,0,Unchanged
Candidate_039,Administrative Assistant,100.00000000000004,1,99.99999999999999,3,100.00000000000001,2,-1,Decreased
Candidate_039,Bookkeeper,100.0,2,100.00000000000003,1,100.00000000000001,2,0,Unchanged
Candidate_039,Software Developer,100.0,2,100.00000000000003,1,100.00000000000001,2,0,Unchanged
Candidate_039,Continuing Care Assistant,100.0,2,100.0,2,100.0,3,-1,Decreased
Candidate_039,Delivery Driver,100.0,2,100.0,2,100.0,3,-1,Decreased
Candidate_039,"Driver, Truck",100.0,3,100.0,2,100.0,3,0,Unchanged
Candidate_039,Information Technology (IT) Analyst,100.0,2,100.0,2,100.0,3,-1,Decreased
Candidate_039,Inside Sales Representative,100.0,2,100.0,2,100.0,3,-1,Decreased
Candidate_039,Licensed Practical Nurse (L.P.N.),100.0,2,100.0,2,100.0,3,-1,Decreased
Candidate_039,Office Administrator,100.0,2,100.0,2,100.0,3,-1,Decreased
Candidate_039,Office Manager,100.0,2,100.0,2,100.0,3,-1,Decreased
Candidate_039,Restaurant Manager,100.0,2,100.0,2,100.0,3,-1,Decreased
Candidate_039,Retail Sales Associate,100.0,2,100.0,2,100.0,3,-1,Decreased
Candidate_039,Secondary School Teacher,100.0,3,100.0,2,100.0,3,0,Unchanged
Candidate_040,Software Developer,59.029562982005146,1,58.06558558299544,1,58.54757428250029,1,0,Unchanged
Candidate_040,Secondary School Teacher,56.80044593088071,2,54.941275474735654,2,55.87086070280819,2,0,Unchanged
Candidate_040,Information Technology (IT) Analyst,56.76716309480566,3,54.90637868075518,3,55.83677088778042,3,0,Unchanged
Candidate_040,Licensed Practical Nurse (L.P.N.),56.70252980517592,4,53.9130053109775,4,55.30776755807671,4,0,Unchanged
Candidate_040,Bookkeeper,55.77195467422096,5,53.65316734353057,5,54.71256100887577,5,0,Unchanged
Candidate_040,Restaurant Manager,55.29770992366412,6,52.37771485219708,6,53.8377123879306,6,0,Unchanged
Candidate_040,Office Manager,54.67625899280576,7,51.447488861679844,7,53.0618739272428,7,0,Unchanged
Candidate_040,Office Administrator,54.39593301435407,8,51.447488861679844,7,52.92171093801696,8,0,Unchanged
Candidate_040,Continuing Care Assistant,53.61816782140107,9,50.03534434443896,8,51.826756082920014,9,0,Unchanged
Candidate_040,Food Service Supervisor,53.193548387096776,12,49.956108649018404,9,51.574828518057586,10,2,Improved
Candidate_040,"Driver, Truck",53.46534653465347,10,47.1543446014521,11,50.309845568052786,11,-1,Decreased
Candidate_040,Delivery Driver,52.91601866251944,13,47.29441222568062,10,50.105215444100025,12,1,Improved
Candidate_040,Inside Sales Representative,53.222453222453225,11,46.835173071106944,12,50.02881314678008,13,-2,Decreased
Candidate_040,Retail Sales Associate,53.222453222453225,11,46.835173071106944,12,50.02881314678008,13,-2,Decreased
Candidate_040,Administrative Assistant,50.01680672268908,14,44.19994710394074,13,47.10837691331491,14,0,Unchanged
Candidate_041,Office Manager,74.10071942446042,1,75.149187657535,1,74.62495354099771,1,0,Unchanged
Candidate_041,Bookkeeper,73.47733711048159,2,74.63192290307332,2,74.05463000677744,2,0,Unchanged
Candidate_041,Office Administrator,72.69736842105264,4,75.149187657535,1,73.92327803929382,3,1,Improved
Candidate_041,Software Developer,72.30077120822622,5,74.48884520390038,3,73.3948082060633,4,1,Improved
Candidate_041,Food Service Supervisor,72.16129032258065,6,74.0624400490653,4,73.11186518582298,5,1,Improved
Candidate_041,"Driver, Truck",72.75247524752474,3,73.01897103599032,7,72.88572314175752,6,-3,Decreased
Candidate_041,Secondary School Teacher,72.12931995540691,7,73.4806629834254,5,72.80499146941617,7,0,Unchanged
Candidate_041,Restaurant Manager,71.3587786259542,9,73.21019536790998,6,72.28448699693209,8,1,Improved
Candidate_041,Information Technology (IT) Analyst,71.02796948783146,10,72.62838940253282,8,71.82817944518214,9,1,Improved
Candidate_041,Delivery Driver,71.38413685847588,8,71.45154728905119,9,71.41784207376354,10,-2,Decreased
Candidate_041,Continuing Care Assistant,69.47652040030793,14,71.03228116792091,10,70.25440078411442,11,3,Improved
Candidate_041,Inside Sales Representative,70.54747054747055,11,68.95781395533783,12,69.75264225140418,12,-1,Decreased
Candidate_041,Retail Sales Associate,70.54747054747055,11,68.95781395533783,12,69.75264225140418,12,-1,Decreased
Candidate_041,Licensed Practical Nurse (L.P.N.),69.81680721139865,12,69.19047828058935,11,69.503642745994,13,-1,Decreased
Candidate_041,Administrative Assistant,69.74789915966386,13,68.81248346998147,13,69.28019131482267,14,-1,Decreased
Candidate_042,Software Developer,59.029562982005146,1,58.06558558299544,1,58.54757428250029,1,0,Unchanged
Candidate_042,Secondary School Teacher,56.80044593088071,2,54.941275474735654,2,55.87086070280819,2,0,Unchanged
Candidate_042,Information Technology (IT) Analyst,56.76716309480566,3,54.90637868075518,3,55.83677088778042,3,0,Unchanged
Candidate_042,Licensed Practical Nurse (L.P.N.),56.70252980517592,4,53.9130053109775,4,55.30776755807671,4,0,Unchanged
Candidate_042,Bookkeeper,55.77195467422096,5,53.65316734353057,5,54.71256100887577,5,0,Unchanged
Candidate_042,Restaurant Manager,55.29770992366412,6,52.37771485219708,6,53.8377123879306,6,0,Unchanged
Candidate_042,Office Manager,54.67625899280576,7,51.447488861679844,7,53.0618739272428,7,0,Unchanged
Candidate_042,Office Administrator,54.39593301435407,8,51.447488861679844,7,52.92171093801696,8,0,Unchanged
Candidate_042,Continuing Care Assistant,53.61816782140107,9,50.03534434443896,8,51.826756082920014,9,0,Unchanged
Candidate_042,Food Service Supervisor,53.193548387096776,12,49.956108649018404,9,51.574828518057586,10,2,Improved
Candidate_042,"Driver, Truck",53.46534653465347,10,47.1543446014521,11,50.309845568052786,11,-1,Decreased
Candidate_042,Delivery Driver,52.91601866251944,13,47.29441222568062,10,50.105215444100025,12,1,Improved
Candidate_042,Inside Sales Representative,53.222453222453225,11,46.835173071106944,12,50.02881314678008,13,-2,Decreased
Candidate_042,Retail Sales Associate,53.222453222453225,11,46.835173071106944,12,50.02881314678008,13,-2,Decreased
Candidate_042,Administrative Assistant,50.01680672268908,14,44.19994710394074,13,47.10837691331491,14,0,Unchanged
Candidate_043,Software Developer,79.9164524421594,1,79.99584912746323,1,79.95615078481131,1,0,Unchanged
Candidate_043,Licensed Practical Nurse (L.P.N.),79.26722884559464,2,79.1429932324459,2,79.20511103902027,2,0,Unchanged
Candidate_043,Information Technology (IT) Analyst,79.20087177624409,4,78.99153134954548,3,79.09620156289478,3,1,Improved
Candidate_043,Secondary School Teacher,79.09698996655517,5,78.7091580988621,5,78.90307403270864,4,1,Improved
Candidate_043,Restaurant Manager,78.99236641221374,6,78.27370729163516,6,78.63303685192446,5,1,Improved
Candidate_043,Bookkeeper,78.328611898017,8,78.86666413633431,4,78.59763801717565,6,2,Improved
Candidate_043,Inside Sales Representative,79.20997920997921,3,77.87735911576912,7,78.54366916287417,7,-4,Decreased
Candidate_043,Retail Sales Associate,79.20997920997921,3,77.87735911576912,7,78.54366916287417,7,-4,Decreased
Candidate_043,Continuing Care Assistant,78.36797536566588,7,76.95295807535068,8,77.66046672050828,8,-1,Decreased
Candidate_043,Office Administrator,78.13995215311006,9,76.29830120414485,9,77.21912667862745,9,0,Unchanged
Candidate_043,Office Manager,77.6978417266187,11,76.29830120414485,9,76.99807146538177,10,1,Improved
Candidate_043,Food Service Supervisor,77.80645161290323,10,75.8936685999531,10,76.85006010642817,11,-1,Decreased
Candidate_043,Delivery Driver,77.17729393468119,12,75.63094641173373,11,76.40412017320746,12,0,Unchanged
Candidate_043,Administrative Assistant,76.90756302521008,13,75.38746363395927,12,76.14751332958468,13,0,Unchanged
Candidate_043,"Driver, Truck",76.75247524752474,14,74.13537356546179,13,75.44392440649327,14,0,Unchanged
Candidate_044,Software Developer,79.11311053984575,1,78.06973645553221,1,78.59142349768898,1,0,Unchanged
Candidate_044,Secondary School Teacher,77.70345596432553,2,76.23211737587354,2,76.96778667009954,2,0,Unchanged
Candidate_044,Information Technology (IT) Analyst,77.56629131856157,3,75.91484733120969,3,76.74056932488563,3,0,Unchanged
Candidate_044,Bookkeeper,77.44334277620398,4,74.78650320719628,5,76.11492299170013,4,0,Unchanged
Candidate_044,Licensed Practical Nurse (L.P.N.),77.43530095958127,5,74.7700120785316,6,76.10265651905644,5,0,Unchanged
Candidate_044,Office Manager,76.97841726618705,6,75.149187657535,4,76.06380246186103,6,0,Unchanged
Candidate_044,Office Administrator,76.25598086124403,9,75.149187657535,4,75.70258425938951,7,2,Improved
Candidate_044,Restaurant Manager,76.30534351145039,8,74.10400756056193,7,75.20467553600616,8,0,Unchanged
Candidate_044,"Driver, Truck",76.7128712871287,7,73.01897103599032,10,74.86592116155951,9,-2,Decreased
Candidate_044,Food Service Supervisor,75.38709677419355,11,74.0624400490653,8,74.72476841162943,10,1,Improved
Candidate_044,Continuing Care Assistant,75.25019245573519,12,73.08238626908827,9,74.16628936241173,11,1,Improved
Candidate_044,Delivery Driver,75.73872472783826,10,71.66346581394689,11,73.70109527089258,12,-2,Decreased
Candidate_044,Inside Sales Representative,74.01247401247402,13,68.95781395533783,12,71.48514398390591,13,0,Unchanged
Candidate_044,Retail Sales Associate,74.01247401247402,13,68.95781395533783,12,71.48514398390591,13,0,Unchanged
Candidate_044,Administrative Assistant,73.10924369747899,14,68.81248346998147,13,70.96086358373023,14,0,Unchanged
Candidate_045,Delivery Driver,79.62674961119752,2,87.99380642882596,1,83.81027802001174,1,1,Improved
Candidate_045,Administrative Assistant,79.83193277310924,1,86.64311028828351,2,83.23752153069637,2,-1,Decreased
Candidate_045,Bookkeeper,79.21388101983003,3,85.6525554631601,4,82.43321824149507,3,0,Unchanged
Candidate_045,"Driver, Truck",78.2178217821782,4,86.2596611757358,3,82.238741478957,4,0,Unchanged
Candidate_045,Inside Sales Representative,77.06167706167706,5,82.48624263331723,5,79.77395984749714,5,0,Unchanged
Candidate_045,Retail Sales Associate,77.06167706167706,5,82.48624263331723,5,79.77395984749714,5,0,Unchanged
Candidate_045,Food Service Supervisor,77.03225806451613,6,81.49935955445919,6,79.26580880948765,6,0,Unchanged
Candidate_045,Continuing Care Assistant,75.94303310238647,9,80.68960743149786,7,78.31632026694217,7,2,Improved
Candidate_045,Restaurant Manager,76.0,8,80.03178710824524,8,78.01589355412261,8,0,Unchanged
Candidate_045,Office Administrator,76.45035885167465,7,78.21020538975645,9,77.33028212071555,9,-2,Decreased
Candidate_045,Office Manager,75.9136690647482,10,78.21020538975645,9,77.06193722725233,10,0,Unchanged
Candidate_045,Information Technology (IT) Analyst,74.30439520523066,11,78.19128272861471,10,76.24783896692269,11,0,Unchanged
Candidate_045,Software Developer,73.52185089974293,12,77.69130625802435,11,75.60657857888364,12,0,Unchanged
Candidate_045,Licensed Practical Nurse (L.P.N.),73.48066298342542,13,77.57928670012241,12,75.5299748417739,13,0,Unchanged
Candidate_045,Secondary School Teacher,72.82608695652173,14,74.16120888368519,13,73.49364792010346,14,0,Unchanged
Candidate_046,Software Developer,62.66066838046272,2,65.05504398397511,1,63.85785618221891,1,1,Improved
Candidate_046,Bookkeeper,62.85410764872521,1,64.69461763802676,2,63.77436264337598,2,-1,Decreased
Candidate_046,Office Manager,62.58992805755395,3,62.534562102984225,3,62.562245080269086,3,0,Unchanged
Candidate_046,Office Administrator,62.05143540669857,4,62.534562102984225,3,62.2929987548414,4,0,Unchanged
Candidate_046,Secondary School Teacher,61.3154960981048,5,62.1235959167246,5,61.7195460074147,5,0,Unchanged
Candidate_046,Information Technology (IT) Analyst,60.85724664002905,6,62.12415507730557,4,61.49070085866731,6,0,Unchanged
Candidate_046,Restaurant Manager,59.51145038167939,10,59.81333527924066,6,59.66239283046002,7,3,Improved
Candidate_046,"Driver, Truck",60.39603960396038,7,58.40424701381841,8,59.4001433088894,8,-1,Decreased
Candidate_046,Food Service Supervisor,59.64516129032259,9,59.02505004389135,7,59.33510566710697,9,0,Unchanged
Candidate_046,Inside Sales Representative,60.15246015246015,8,57.67960487710248,12,58.916032514781314,10,-2,Decreased
Candidate_046,Retail Sales Associate,60.15246015246015,8,57.67960487710248,12,58.916032514781314,10,-2,Decreased
Candidate_046,Administrative Assistant,59.26050420168068,11,58.08516265538216,9,58.67283342853142,11,0,Unchanged
Candidate_046,Delivery Driver,59.25349922239502,12,57.922820030084864,11,58.58815962623994,12,0,Unchanged
Candidate_046,Continuing Care Assistant,58.17936874518861,14,58.05271965078988,10,58.11604419798925,13,1,Improved
Candidate_046,Licensed Practical Nurse (L.P.N.),58.5344576911893,13,56.57548431985514,13,57.55497100552222,14,-1,Decreased
Candidate_047,Office Manager,97.12230215827336,1,100.0,1,98.56115107913668,1,0,Unchanged
Candidate_047,Food Service Supervisor,96.77419354838712,2,100.0,1,98.38709677419357,2,0,Unchanged
Candidate_047,Administrative Assistant,96.63865546218489,3,99.99999999999999,2,98.31932773109244,3,0,Unchanged
Candidate_047,Inside Sales Representative,96.53499653499654,4,100.0,1,98.26749826749827,4,0,Unchanged
Candidate_047,Retail Sales Associate,96.53499653499654,4,100.0,1,98.26749826749827,4,0,Unchanged
Candidate_047,Office Administrator,96.44138755980862,5,100.0,1,98.22069377990431,5,0,Unchanged
Candidate_047,"Driver, Truck",96.03960396039602,6,100.0,1,98.01980198019801,6,0,Unchanged
Candidate_047,Bookkeeper,96.03399433427762,7,99.84541969587707,3,97.93970701507735,7,0,Unchanged
Candidate_047,Delivery Driver,95.64541213063764,8,99.7880814751043,4,97.71674680287097,8,0,Unchanged
Candidate_047,Restaurant Manager,95.0534351145038,9,99.10618780734805,5,97.07981146092592,9,0,Unchanged
Candidate_047,Continuing Care Assistant,94.22632794457274,11,97.94989489883264,6,96.08811142170269,10,1,Improved
Candidate_047,Secondary School Teacher,94.42586399108136,10,97.24854560755188,7,95.83720479931662,11,-1,Decreased
Candidate_047,Information Technology (IT) Analyst,93.46167816926987,12,96.71354207132312,8,95.08761012029649,12,0,Unchanged
Candidate_047,Software Developer,93.18766066838046,13,96.41910874836819,9,94.80338470837432,13,0,Unchanged
Candidate_047,Licensed Practical Nurse (L.P.N.),92.38150625181738,14,94.42046620205775,10,93.40098622693756,14,0,Unchanged
Candidate_048,Software Developer,62.66066838046272,2,65.05504398397511,1,63.85785618221891,1,1,Improved
Candidate_048,Bookkeeper,62.85410764872521,1,64.69461763802676,2,63.77436264337598,2,-1,Decreased
Candidate_048,Office Manager,62.58992805755395,3,62.534562102984225,3,62.562245080269086,3,0,Unchanged
Candidate_048,Office Administrator,62.05143540669857,4,62.534562102984225,3,62.2929987548414,4,0,Unchanged
Candidate_048,Secondary School Teacher,61.3154960981048,5,62.1235959167246,5,61.7195460074147,5,0,Unchanged
Candidate_048,Information Technology (IT) Analyst,60.85724664002905,6,62.12415507730557,4,61.49070085866731,6,0,Unchanged
Candidate_048,Restaurant Manager,59.51145038167939,10,59.81333527924066,6,59.66239283046002,7,3,Improved
Candidate_048,"Driver, Truck",60.39603960396038,7,58.40424701381841,8,59.4001433088894,8,-1,Decreased
Candidate_048,Food Service Supervisor,59.64516129032259,9,59.02505004389135,7,59.33510566710697,9,0,Unchanged
Candidate_048,Inside Sales Representative,60.15246015246015,8,57.67960487710248,12,58.916032514781314,10,-2,Decreased
Candidate_048,Retail Sales Associate,60.15246015246015,8,57.67960487710248,12,58.916032514781314,10,-2,Decreased
Candidate_048,Administrative Assistant,59.26050420168068,11,58.08516265538216,9,58.67283342853142,11,0,Unchanged
Candidate_048,Delivery Driver,59.25349922239502,12,57.922820030084864,11,58.58815962623994,12,0,Unchanged
Candidate_048,Continuing Care Assistant,58.17936874518861,14,58.05271965078988,10,58.11604419798925,13,1,Improved
Candidate_048,Licensed Practical Nurse (L.P.N.),58.5344576911893,13,56.57548431985514,13,57.55497100552222,14,-1,Decreased
Candidate_049,"Driver, Truck",56.91089108910891,1,61.68319150597236,1,59.29704129754063,1,0,Unchanged
Candidate_049,Administrative Assistant,55.89915966386555,2,61.16836815657233,2,58.53376391021894,2,0,Unchanged
Candidate_049,Office Manager,55.76978417266187,3,58.4840846788277,6,57.126934425744786,3,0,Unchanged
Candidate_049,Software Developer,55.04498714652957,4,59.114534432925225,3,57.0797607897274,4,0,Unchanged
Candidate_049,Delivery Driver,54.86003110419906,5,58.821581631205,5,56.84080636770203,5,0,Unchanged
Candidate_049,Office Administrator,54.75478468899523,6,58.4840846788277,6,56.619434683911464,6,0,Unchanged
Candidate_049,Continuing Care Assistant,53.3679753656659,9,59.00961286294515,4,56.18879411430552,7,2,Improved
Candidate_049,Bookkeeper,54.42634560906515,7,57.167568960182926,8,55.79695728462404,8,-1,Decreased
Candidate_049,Information Technology (IT) Analyst,53.86124228114784,8,57.47805143345506,7,55.669646857301444,9,-1,Decreased
Candidate_049,Restaurant Manager,53.0381679389313,11,57.16642669120409,9,55.102297315067695,10,1,Improved
Candidate_049,Food Service Supervisor,52.41935483870967,12,55.91060504178883,10,54.16497994024925,11,1,Improved
Candidate_049,Secondary School Teacher,53.31661092530658,10,55.003475906479814,12,54.1600434158932,12,-2,Decreased
Candidate_049,Inside Sales Representative,52.3908523908524,13,55.540841937586684,11,53.96584716421954,13,0,Unchanged
Candidate_049,Retail Sales Associate,52.3908523908524,13,55.540841937586684,11,53.96584716421954,13,0,Unchanged
Candidate_049,Licensed Practical Nurse (L.P.N.),52.36987496365222,14,54.53627704867665,13,53.45307600616444,14,0,Unchanged
Candidate_050,Administrative Assistant,89.91596638655463,1,96.57233536101559,1,93.24415087378512,1,0,Unchanged
Candidate_050,Office Manager,89.20863309352518,2,94.03761839023187,3,91.62312574187852,2,0,Unchanged
Candidate_050,Office Administrator,88.2177033492823,3,94.03761839023187,3,91.12766086975708,3,0,Unchanged
Candidate_050,"Driver, Truck",88.11881188118811,4,94.1291279569053,2,91.1239699190467,4,0,Unchanged
Candidate_050,Inside Sales Representative,87.45668745668745,5,93.68613081517594,4,90.5714091359317,5,0,Unchanged
Candidate_050,Retail Sales Associate,87.45668745668745,5,93.68613081517594,4,90.5714091359317,5,0,Unchanged
Candidate_050,Continuing Care Assistant,86.7782909930716,8,92.64411639804521,5,89.7112036955584,6,2,Improved
Candidate_050,Delivery Driver,86.89735614307932,7,92.26686597099365,6,89.58211105703649,7,0,Unchanged
Candidate_050,Food Service Supervisor,87.0967741935484,6,91.2798640433914,8,89.1883191184699,8,-2,Decreased
Candidate_050,Restaurant Manager,86.25954198473282,10,91.72502905512555,7,88.99228551992918,9,1,Improved
Candidate_050,Secondary School Teacher,86.76142697881826,9,91.21144487944093,9,88.9864359291296,10,-1,Decreased
Candidate_050,Information Technology (IT) Analyst,85.47039593171087,11,88.83536632740268,10,87.15288112955677,11,0,Unchanged
Candidate_050,Software Developer,84.35089974293058,12,88.38914699569371,11,86.37002336931215,12,0,Unchanged
Candidate_050,Licensed Practical Nurse (L.P.N.),84.0069787728991,14,87.67859726469217,12,85.84278801879563,13,1,Improved
Candidate_050,Bookkeeper,84.06515580736544,13,86.70563378499767,13,85.38539479618156,14,-1,Decreased
Candidate_051,Administrative Assistant,45.41176470588235,1,50.44104734197301,1,47.92640602392768,1,0,Unchanged
Candidate_051,Software Developer,45.40488431876607,2,49.680733212999954,2,47.54280876588301,2,0,Unchanged
Candidate_051,"Driver, Truck",44.55445544554455,3,47.068467483800454,4,45.811461464672504,3,0,Unchanged
Candidate_051,Bookkeeper,43.80311614730878,6,47.23026369513636,3,45.516689921222564,4,2,Improved
Candidate_051,Information Technology (IT) Analyst,43.69051943334544,7,46.9738171082278,5,45.332168270786624,5,2,Improved
Candidate_051,Office Manager,44.25899280575539,4,45.86945912427693,7,45.06422596501616,6,-2,Decreased
Candidate_051,Office Administrator,44.10885167464116,5,45.86945912427693,7,44.989155399459044,7,-2,Decreased
Candidate_051,Continuing Care Assistant,42.07082371054658,10,46.03005134581413,6,44.05043752818035,8,2,Improved
Candidate_051,Delivery Driver,42.7293934681182,8,45.29285437223868,8,44.011123920178434,9,-1,Decreased
Candidate_051,Inside Sales Representative,41.995841995842,11,44.262632859351335,9,43.129237427596664,10,1,Improved
Candidate_051,Retail Sales Associate,41.995841995842,11,44.262632859351335,9,43.129237427596664,10,1,Improved
Candidate_051,Secondary School Teacher,42.50278706800445,9,43.646408839779,11,43.074597953891725,11,-2,Decreased
Candidate_051,Restaurant Manager,41.19083969465648,12,43.76956660253479,10,42.480203148595635,12,0,Unchanged
Candidate_051,Licensed Practical Nurse (L.P.N.),41.087525443442864,13,41.92128308794245,12,41.504404265692656,13,0,Unchanged
Candidate_051,Food Service Supervisor,39.903225806451616,14,40.87321503661489,13,40.38822042153325,14,0,Unchanged
Candidate_052,Software Developer,79.11311053984575,1,78.06973645553221,1,78.59142349768898,1,0,Unchanged
Candidate_052,Secondary School Teacher,77.70345596432553,2,76.23211737587354,2,76.96778667009954,2,0,Unchanged
Candidate_052,Information Technology (IT) Analyst,77.56629131856157,3,75.91484733120969,3,76.74056932488563,3,0,Unchanged
Candidate_052,Bookkeeper,77.44334277620398,4,74.78650320719628,5,76.11492299170013,4,0,Unchanged
Candidate_052,Licensed Practical Nurse (L.P.N.),77.43530095958127,5,74.7700120785316,6,76.10265651905644,5,0,Unchanged
Candidate_052,Office Manager,76.97841726618705,6,75.149187657535,4,76.06380246186103,6,0,Unchanged
Candidate_052,Office Administrator,76.25598086124403,9,75.149187657535,4,75.70258425938951,7,2,Improved
Candidate_052,Restaurant Manager,76.30534351145039,8,74.10400756056193,7,75.20467553600616,8,0,Unchanged
Candidate_052,"Driver, Truck",76.7128712871287,7,73.01897103599032,10,74.86592116155951,9,-2,Decreased
Candidate_052,Food Service Supervisor,75.38709677419355,11,74.0624400490653,8,74.72476841162943,10,1,Improved
Candidate_052,Continuing Care Assistant,75.25019245573519,12,73.08238626908827,9,74.16628936241173,11,1,Improved
Candidate_052,Delivery Driver,75.73872472783826,10,71.66346581394689,11,73.70109527089258,12,-2,Decreased
Candidate_052,Inside Sales Representative,74.01247401247402,13,68.95781395533783,12,71.48514398390591,13,0,Unchanged
Candidate_052,Retail Sales Associate,74.01247401247402,13,68.95781395533783,12,71.48514398390591,13,0,Unchanged
Candidate_052,Administrative Assistant,73.10924369747899,14,68.81248346998147,13,70.96086358373023,14,0,Unchanged
Candidate_053,Bookkeeper,55.77195467422096,1,60.370049606015755,1,58.07100214011835,1,0,Unchanged
Candidate_053,Software Developer,54.24164524421594,2,57.710694965674435,2,55.97617010494518,2,0,Unchanged
Candidate_053,Information Technology (IT) Analyst,51.68180167090446,7,54.85199285214824,3,53.26689726152635,3,4,Improved
Candidate_053,Administrative Assistant,52.134453781512605,6,53.86871198095741,4,53.00158288123501,4,2,Improved
Candidate_053,"Driver, Truck",52.47524752475247,3,52.939339526895154,5,52.707293525823815,5,-2,Decreased
Candidate_053,Delivery Driver,51.47744945567651,8,52.81406987634932,6,52.14575966601292,6,2,Improved
Candidate_053,Office Administrator,52.332535885167474,4,51.831840734045066,7,52.082188309606266,7,-3,Decreased
Candidate_053,Office Manager,52.17266187050359,5,51.831840734045066,7,52.00225130227433,8,-3,Decreased
Candidate_053,Inside Sales Representative,51.07415107415108,9,50.5765020441754,10,50.825326559163244,9,0,Unchanged
Candidate_053,Retail Sales Associate,51.07415107415108,9,50.5765020441754,10,50.825326559163244,9,0,Unchanged
Candidate_053,Restaurant Manager,49.98473282442748,11,51.1507253547573,9,50.56772908959239,10,1,Improved
Candidate_053,Continuing Care Assistant,49.518860662047736,13,51.335829846601555,8,50.42734525432465,11,2,Improved
Candidate_053,Secondary School Teacher,50.16722408026756,10,49.68350956788994,11,49.92536682407875,12,-2,Decreased
Candidate_053,Food Service Supervisor,49.58064516129033,12,49.59335099322348,12,49.58699807725691,13,-1,Decreased
Candidate_053,Licensed Practical Nurse (L.P.N.),49.46205292236115,14,48.66315202530803,13,49.06260247383459,14,0,Unchanged
Candidate_054,Office Manager,97.12230215827336,1,100.0,1,98.56115107913668,1,0,Unchanged
Candidate_054,Food Service Supervisor,96.77419354838712,2,100.0,1,98.38709677419357,2,0,Unchanged
Candidate_054,Administrative Assistant,96.63865546218489,3,99.99999999999999,2,98.31932773109244,3,0,Unchanged
Candidate_054,Inside Sales Representative,96.53499653499654,4,100.0,1,98.26749826749827,4,0,Unchanged
Candidate_054,Retail Sales Associate,96.53499653499654,4,100.0,1,98.26749826749827,4,0,Unchanged
Candidate_054,Office Administrator,96.44138755980862,5,100.0,1,98.22069377990431,5,0,Unchanged
Candidate_054,"Driver, Truck",96.03960396039602,6,100.0,1,98.01980198019801,6,0,Unchanged
Candidate_054,Bookkeeper,96.03399433427762,7,99.84541969587707,3,97.93970701507735,7,0,Unchanged
Candidate_054,Delivery Driver,95.64541213063764,8,99.7880814751043,4,97.71674680287097,8,0,Unchanged
Candidate_054,Restaurant Manager,95.0534351145038,9,99.10618780734805,5,97.07981146092592,9,0,Unchanged
Candidate_054,Continuing Care Assistant,94.22632794457274,11,97.94989489883264,6,96.08811142170269,10,1,Improved
Candidate_054,Secondary School Teacher,94.42586399108136,10,97.24854560755188,7,95.83720479931662,11,-1,Decreased
Candidate_054,Information Technology (IT) Analyst,93.46167816926987,12,96.71354207132312,8,95.08761012029649,12,0,Unchanged
Candidate_054,Software Developer,93.18766066838046,13,96.41910874836819,9,94.80338470837432,13,0,Unchanged
Candidate_054,Licensed Practical Nurse (L.P.N.),92.38150625181738,14,94.42046620205775,10,93.40098622693756,14,0,Unchanged
Candidate_055,Office Manager,66.18705035971223,1,69.18680604776685,1,67.68692820373954,1,0,Unchanged
Candidate_055,Office Administrator,64.47368421052633,3,69.18680604776685,1,66.83024512914659,2,1,Improved
Candidate_055,"Driver, Truck",64.83168316831683,2,67.14809899289561,3,65.98989108060621,3,-1,Decreased
Candidate_055,Secondary School Teacher,64.4648829431438,4,67.44356225531448,2,65.95422259922914,4,0,Unchanged
Candidate_055,Software Developer,63.46401028277635,5,66.45888345122589,4,64.96144686700111,5,0,Unchanged
Candidate_055,Administrative Assistant,63.02521008403361,7,65.38481883099708,7,64.20501445751535,6,1,Improved
Candidate_055,Restaurant Manager,62.56488549618321,9,65.82903661568746,5,64.19696105593533,7,2,Improved
Candidate_055,Food Service Supervisor,62.483870967741936,10,65.3423040924567,8,63.91308753009932,8,2,Improved
Candidate_055,Information Technology (IT) Analyst,63.03668725027243,6,64.75021365861238,9,63.8934504544424,9,-3,Decreased
Candidate_055,Continuing Care Assistant,62.02848344880678,11,65.72650266713349,6,63.877493057970135,10,1,Improved
Candidate_055,Delivery Driver,62.63608087091757,8,63.93033178494054,10,63.28320632792905,11,-3,Decreased
Candidate_055,Inside Sales Representative,61.46916146916147,13,62.64394477051375,11,62.05655311983761,12,1,Improved
Candidate_055,Retail Sales Associate,61.46916146916147,13,62.64394477051375,11,62.05655311983761,12,1,Improved
Candidate_055,Licensed Practical Nurse (L.P.N.),61.442279732480365,14,62.44860934322376,12,61.94544453785206,13,1,Improved
Candidate_055,Bookkeeper,61.508498583569406,12,61.49213699219393,13,61.50031778788167,14,-2,Decreased
Candidate_056,Administrative Assistant,89.91596638655463,1,96.57233536101559,1,93.24415087378512,1,0,Unchanged
Candidate_056,Office Manager,89.20863309352518,2,94.03761839023187,3,91.62312574187852,2,0,Unchanged
Candidate_056,Office Administrator,88.2177033492823,3,94.03761839023187,3,91.12766086975708,3,0,Unchanged
Candidate_056,"Driver, Truck",88.11881188118811,4,94.1291279569053,2,91.1239699190467,4,0,Unchanged
Candidate_056,Inside Sales Representative,87.45668745668745,5,93.68613081517594,4,90.5714091359317,5,0,Unchanged
Candidate_056,Retail Sales Associate,87.45668745668745,5,93.68613081517594,4,90.5714091359317,5,0,Unchanged
Candidate_056,Continuing Care Assistant,86.7782909930716,8,92.64411639804521,5,89.7112036955584,6,2,Improved
Candidate_056,Delivery Driver,86.89735614307932,7,92.26686597099365,6,89.58211105703649,7,0,Unchanged
Candidate_056,Food Service Supervisor,87.0967741935484,6,91.2798640433914,8,89.1883191184699,8,-2,Decreased
Candidate_056,Restaurant Manager,86.25954198473282,10,91.72502905512555,7,88.99228551992918,9,1,Improved
Candidate_056,Secondary School Teacher,86.76142697881826,9,91.21144487944093,9,88.9864359291296,10,-1,Decreased
Candidate_056,Information Technology (IT) Analyst,85.47039593171087,11,88.83536632740268,10,87.15288112955677,11,0,Unchanged
Candidate_056,Software Developer,84.35089974293058,12,88.38914699569371,11,86.37002336931215,12,0,Unchanged
Candidate_056,Licensed Practical Nurse (L.P.N.),84.0069787728991,14,87.67859726469217,12,85.84278801879563,13,1,Improved
Candidate_056,Bookkeeper,84.06515580736544,13,86.70563378499767,13,85.38539479618156,14,-1,Decreased
Candidate_057,Software Developer,90.35989717223649,1,90.56619878007474,1,90.46304797615562,1,0,Unchanged
Candidate_057,Bookkeeper,89.37677053824362,5,90.06269473495345,2,89.71973263659854,2,3,Improved
Candidate_057,Information Technology (IT) Analyst,89.82927715219759,2,89.49576567477276,3,89.66252141348517,3,-1,Decreased
Candidate_057,Administrative Assistant,89.5126050420168,4,89.27267918540068,4,89.39264211370875,4,0,Unchanged
Candidate_057,Inside Sales Representative,89.6049896049896,3,88.72179092176465,5,89.16339026337712,5,-2,Decreased
Candidate_057,Retail Sales Associate,89.6049896049896,3,88.72179092176465,5,89.16339026337712,5,-2,Decreased
Candidate_057,Secondary School Teacher,89.18617614269787,7,88.64293293329919,6,88.91455453799853,6,1,Improved
Candidate_057,Office Administrator,89.35406698564594,6,87.38537444544924,7,88.3697207155476,7,-1,Decreased
Candidate_057,Licensed Practical Nurse (L.P.N.),88.71765047979063,8,87.3850060392658,8,88.05132825952822,8,0,Unchanged
Candidate_057,Office Manager,88.48920863309353,10,87.38537444544924,7,87.93729153927138,9,1,Improved
Candidate_057,Continuing Care Assistant,88.70284834488066,9,87.02043848286898,9,87.86164341387482,10,-1,Decreased
Candidate_057,Restaurant Manager,88.1526717557252,11,86.6031399113307,10,87.37790583352795,11,0,Unchanged
Candidate_057,Delivery Driver,87.86936236391915,12,86.47127274103367,11,87.1703175524764,12,0,Unchanged
Candidate_057,"Driver, Truck",87.64356435643563,13,85.38527597782809,12,86.51442016713186,13,0,Unchanged
Candidate_057,Food Service Supervisor,87.48387096774194,14,84.96260999482605,13,86.223240481284,14,0,Unchanged
Candidate_058,Administrative Assistant,79.42857142857143,1,85.84501454641628,1,82.63679298749386,1,0,Unchanged
Candidate_058,Inside Sales Representative,77.06167706167706,4,82.40792173694061,2,79.73479939930883,2,2,Improved
Candidate_058,Retail Sales Associate,77.06167706167706,4,82.40792173694061,2,79.73479939930883,2,2,Improved
Candidate_058,Office Manager,77.6978417266187,2,81.4229928356811,3,79.56041728114991,3,-1,Decreased
Candidate_058,Office Administrator,77.57177033492823,3,81.4229928356811,3,79.49738158530467,4,-1,Decreased
Candidate_058,Secondary School Teacher,75.94760312151615,5,79.85437781274011,4,77.90099046712814,5,0,Unchanged
Candidate_058,"Driver, Truck",75.76237623762376,6,79.51440393473338,6,77.63839008617856,6,0,Unchanged
Candidate_058,Continuing Care Assistant,75.48113933795226,7,79.6645548809142,5,77.57284710943323,7,0,Unchanged
Candidate_058,Software Developer,74.7107969151671,10,78.95534577576844,7,76.83307134546777,8,2,Improved
Candidate_058,Information Technology (IT) Analyst,75.29967308390846,8,78.33113200217542,9,76.81540254304194,9,-1,Decreased
Candidate_058,Delivery Driver,74.76671850699846,9,78.73813871202732,8,76.75242860951289,10,-1,Decreased
Candidate_058,Restaurant Manager,74.41221374045803,12,78.32816896645623,10,76.37019135345713,11,1,Improved
Candidate_058,Food Service Supervisor,74.58064516129032,11,76.24247403821745,12,75.41155959975389,12,-1,Decreased
Candidate_058,Bookkeeper,73.44192634560906,13,76.7683285199511,11,75.10512743278008,13,0,Unchanged
Candidate_058,Licensed Practical Nurse (L.P.N.),72.72462925268974,14,75.06360330395798,13,73.89411627832385,14,0,Unchanged
Candidate_059,Software Developer,69.47300771208226,1,68.63593523560694,1,69.0544714738446,1,0,Unchanged
Candidate_059,Information Technology (IT) Analyst,67.39556847075916,2,65.41061300598243,2,66.40309073837079,2,0,Unchanged
Candidate_059,Secondary School Teacher,66.88963210702342,3,64.87505030917274,3,65.88234120809807,3,0,Unchanged
Candidate_059,Bookkeeper,66.8201133144476,4,64.8491979421497,4,65.83465562829865,4,0,Unchanged
Candidate_059,Licensed Practical Nurse (L.P.N.),66.1529514393719,5,62.15501811779739,6,64.15398477858464,5,0,Unchanged
Candidate_059,Office Administrator,65.61004784688997,6,62.534562102984225,5,64.0723049749371,6,0,Unchanged
Candidate_059,Office Manager,65.46762589928056,7,62.534562102984225,5,64.0010940011324,7,0,Unchanged
Candidate_059,Restaurant Manager,64.45801526717557,8,60.70714747189262,7,62.5825813695341,8,0,Unchanged
Candidate_059,Continuing Care Assistant,63.95304080061586,10,60.10282475195725,8,62.027932776286555,9,1,Improved
Candidate_059,"Driver, Truck",64.35643564356435,9,58.40424701381841,10,61.38034132869139,10,-1,Decreased
Candidate_059,Food Service Supervisor,62.87096774193549,13,59.02505004389135,9,60.94800889291342,11,2,Improved
Candidate_059,Delivery Driver,63.60808709175739,12,58.13473855498056,11,60.87141282336897,12,0,Unchanged
Candidate_059,Inside Sales Representative,63.61746361746362,11,57.67960487710248,13,60.64853424728305,13,-2,Decreased
Candidate_059,Retail Sales Associate,63.61746361746362,11,57.67960487710248,13,60.64853424728305,13,-2,Decreased
Candidate_059,Administrative Assistant,62.6218487394958,14,58.08516265538216,12,60.35350569743898,14,0,Unchanged
Candidate_060,Software Developer,59.029562982005146,1,58.06558558299544,1,58.54757428250029,1,0,Unchanged
Candidate_060,Secondary School Teacher,56.80044593088071,2,54.941275474735654,2,55.87086070280819,2,0,Unchanged
Candidate_060,Information Technology (IT) Analyst,56.76716309480566,3,54.90637868075518,3,55.83677088778042,3,0,Unchanged
Candidate_060,Licensed Practical Nurse (L.P.N.),56.70252980517592,4,53.9130053109775,4,55.30776755807671,4,0,Unchanged
Candidate_060,Bookkeeper,55.77195467422096,5,53.65316734353057,5,54.71256100887577,5,0,Unchanged
Candidate_060,Restaurant Manager,55.29770992366412,6,52.37771485219708,6,53.8377123879306,6,0,Unchanged
Candidate_060,Office Manager,54.67625899280576,7,51.447488861679844,7,53.0618739272428,7,0,Unchanged
Candidate_060,Office Administrator,54.39593301435407,8,51.447488861679844,7,52.92171093801696,8,0,Unchanged
Candidate_060,Continuing Care Assistant,53.61816782140107,9,50.03534434443896,8,51.826756082920014,9,0,Unchanged
Candidate_060,Food Service Supervisor,53.193548387096776,12,49.956108649018404,9,51.574828518057586,10,2,Improved
Candidate_060,"Driver, Truck",53.46534653465347,10,47.1543446014521,11,50.309845568052786,11,-1,Decreased
Candidate_060,Delivery Driver,52.91601866251944,13,47.29441222568062,10,50.105215444100025,12,1,Improved
Candidate_060,Inside Sales Representative,53.222453222453225,11,46.835173071106944,12,50.02881314678008,13,-2,Decreased
Candidate_060,Retail Sales Associate,53.222453222453225,11,46.835173071106944,12,50.02881314678008,13,-2,Decreased
Candidate_060,Administrative Assistant,50.01680672268908,14,44.19994710394074,13,47.10837691331491,14,0,Unchanged
Candidate_061,Food Service Supervisor,100.00000000000004,1,100.0,2,100.00000000000003,1,0,Unchanged
Candidate_061,Administrative Assistant,100.00000000000004,1,99.99999999999999,3,100.00000000000001,2,-1,Decreased
Candidate_061,Bookkeeper,100.0,2,100.00000000000003,1,100.00000000000001,2,0,Unchanged
Candidate_061,Software Developer,100.0,2,100.00000000000003,1,100.00000000000001,2,0,Unchanged
Candidate_061,Continuing Care Assistant,100.0,2,100.0,2,100.0,3,-1,Decreased
Candidate_061,Delivery Driver,100.0,2,100.0,2,100.0,3,-1,Decreased
Candidate_061,"Driver, Truck",100.0,3,100.0,2,100.0,3,0,Unchanged
Candidate_061,Information Technology (IT) Analyst,100.0,2,100.0,2,100.0,3,-1,Decreased
Candidate_061,Inside Sales Representative,100.0,2,100.0,2,100.0,3,-1,Decreased
Candidate_061,Licensed Practical Nurse (L.P.N.),100.0,2,100.0,2,100.0,3,-1,Decreased
Candidate_061,Office Administrator,100.0,2,100.0,2,100.0,3,-1,Decreased
Candidate_061,Office Manager,100.0,2,100.0,2,100.0,3,-1,Decreased
Candidate_061,Restaurant Manager,100.0,2,100.0,2,100.0,3,-1,Decreased
Candidate_061,Retail Sales Associate,100.0,2,100.0,2,100.0,3,-1,Decreased
Candidate_061,Secondary School Teacher,100.0,3,100.0,2,100.0,3,0,Unchanged
Candidate_062,Administrative Assistant,89.91596638655463,1,96.57233536101559,1,93.24415087378512,1,0,Unchanged
Candidate_062,Office Manager,89.20863309352518,2,94.03761839023187,3,91.62312574187852,2,0,Unchanged
Candidate_062,Office Administrator,88.2177033492823,3,94.03761839023187,3,91.12766086975708,3,0,Unchanged
Candidate_062,"Driver, Truck",88.11881188118811,4,94.1291279569053,2,91.1239699190467,4,0,Unchanged
Candidate_062,Inside Sales Representative,87.45668745668745,5,93.68613081517594,4,90.5714091359317,5,0,Unchanged
Candidate_062,Retail Sales Associate,87.45668745668745,5,93.68613081517594,4,90.5714091359317,5,0,Unchanged
Candidate_062,Continuing Care Assistant,86.7782909930716,8,92.64411639804521,5,89.7112036955584,6,2,Improved
Candidate_062,Delivery Driver,86.89735614307932,7,92.26686597099365,6,89.58211105703649,7,0,Unchanged
Candidate_062,Food Service Supervisor,87.0967741935484,6,91.2798640433914,8,89.1883191184699,8,-2,Decreased
Candidate_062,Restaurant Manager,86.25954198473282,10,91.72502905512555,7,88.99228551992918,9,1,Improved
Candidate_062,Secondary School Teacher,86.76142697881826,9,91.21144487944093,9,88.9864359291296,10,-1,Decreased
Candidate_062,Information Technology (IT) Analyst,85.47039593171087,11,88.83536632740268,10,87.15288112955677,11,0,Unchanged
Candidate_062,Software Developer,84.35089974293058,12,88.38914699569371,11,86.37002336931215,12,0,Unchanged
Candidate_062,Licensed Practical Nurse (L.P.N.),84.0069787728991,14,87.67859726469217,12,85.84278801879563,13,1,Improved
Candidate_062,Bookkeeper,84.06515580736544,13,86.70563378499767,13,85.38539479618156,14,-1,Decreased
Candidate_063,Administrative Assistant,79.42857142857143,1,85.84501454641628,1,82.63679298749386,1,0,Unchanged
Candidate_063,Inside Sales Representative,77.06167706167706,4,82.40792173694061,2,79.73479939930883,2,2,Improved
Candidate_063,Retail Sales Associate,77.06167706167706,4,82.40792173694061,2,79.73479939930883,2,2,Improved
Candidate_063,Office Manager,77.6978417266187,2,81.4229928356811,3,79.56041728114991,3,-1,Decreased
Candidate_063,Office Administrator,77.57177033492823,3,81.4229928356811,3,79.49738158530467,4,-1,Decreased
Candidate_063,Secondary School Teacher,75.94760312151615,5,79.85437781274011,4,77.90099046712814,5,0,Unchanged
Candidate_063,"Driver, Truck",75.76237623762376,6,79.51440393473338,6,77.63839008617856,6,0,Unchanged
Candidate_063,Continuing Care Assistant,75.48113933795226,7,79.6645548809142,5,77.57284710943323,7,0,Unchanged
Candidate_063,Software Developer,74.7107969151671,10,78.95534577576844,7,76.83307134546777,8,2,Improved
Candidate_063,Information Technology (IT) Analyst,75.29967308390846,8,78.33113200217542,9,76.81540254304194,9,-1,Decreased
Candidate_063,Delivery Driver,74.76671850699846,9,78.73813871202732,8,76.75242860951289,10,-1,Decreased
Candidate_063,Restaurant Manager,74.41221374045803,12,78.32816896645623,10,76.37019135345713,11,1,Improved
Candidate_063,Food Service Supervisor,74.58064516129032,11,76.24247403821745,12,75.41155959975389,12,-1,Decreased
Candidate_063,Bookkeeper,73.44192634560906,13,76.7683285199511,11,75.10512743278008,13,0,Unchanged
Candidate_063,Licensed Practical Nurse (L.P.N.),72.72462925268974,14,75.06360330395798,13,73.89411627832385,14,0,Unchanged
