candidate_id,selected_occupation,onet_soc_code,onet_title,skill,importance,level,candidate_evidence,skill_gap_priority,skill_priority_rank,posting_count,total_vacancies,province_count,demand_score,demand_percentage,demand_normalized,prescriptive_priority_score,prescriptive_priority_percentage,prescriptive_rank
Candidate_001,Administrative Assistant,43-6014.00,"Secretaries and Administrative Assistants, Except Legal, Medical, and Executive",Active Listening,4.0,3.75,0.0,0.775,1,812,890,11,0.4384514673595585,43.85,0.4385,0.64,64.04,1
Candidate_001,Administrative Assistant,43-6014.00,"Secretaries and Administrative Assistants, Except Legal, Medical, and Executive",Speaking,4.0,3.62,0.0,0.762,2,812,890,11,0.4384514673595585,43.85,0.4385,0.633,63.26,2
Candidate_001,Administrative Assistant,43-6014.00,"Secretaries and Administrative Assistants, Except Legal, Medical, and Executive",Monitoring,3.12,3.25,0.0,0.637,3,812,890,11,0.4384514673595585,43.85,0.4385,0.558,55.76,3
Candidate_001,Bookkeeper,43-3031.00,"Bookkeeping, Accounting, and Auditing Clerks",Active Listening,3.25,3.75,0.0,0.7,1,396,422,11,0.2992257912289334,29.92,0.2992,0.54,53.97,1
Candidate_001,Bookkeeper,43-3031.00,"Bookkeeping, Accounting, and Auditing Clerks",Speaking,3.12,3.12,0.0,0.624,2,396,422,11,0.2992257912289334,29.92,0.2992,0.494,49.41,2
Candidate_001,Bookkeeper,43-3031.00,"Bookkeeping, Accounting, and Auditing Clerks",Monitoring,3.0,2.88,0.0,0.588,3,396,422,11,0.2992257912289334,29.92,0.2992,0.472,47.25,3
Candidate_001,Continuing Care Assistant,31-1131.00,Nursing Assistants,Active Listening,3.62,3.0,0.0,0.6619999999999999,1,819,1172,9,0.4396201180333152,43.96,0.4396,0.573,57.3,1
Candidate_001,Continuing Care Assistant,31-1131.00,Nursing Assistants,Monitoring,3.25,3.0,0.0,0.625,2,819,1172,9,0.4396201180333152,43.96,0.4396,0.551,55.08,2
Candidate_001,Continuing Care Assistant,31-1131.00,Nursing Assistants,Speaking,3.12,3.0,0.0,0.612,3,819,1172,9,0.4396201180333152,43.96,0.4396,0.543,54.3,3
Candidate_001,Delivery Driver,53-3033.00,Light Truck Drivers,Active Listening,3.12,2.88,0.0,0.6,1,557,622,12,0.3705312074675783,37.05,0.3705,0.508,50.82,1
Candidate_001,Delivery Driver,53-3033.00,Light Truck Drivers,Speaking,3.12,2.88,0.0,0.6,1,557,622,12,0.3705312074675783,37.05,0.3705,0.508,50.82,1
Candidate_001,Delivery Driver,53-3033.00,Light Truck Drivers,Monitoring,3.12,2.75,0.0,0.587,2,557,622,12,0.3705312074675783,37.05,0.3705,0.5,50.04,2
Candidate_001,"Driver, Truck",53-3032.00,Heavy and Tractor-Trailer Truck Drivers,Monitoring,3.12,3.0,0.0,0.612,1,1423,3705,12,0.8880268984746598,88.8,0.888,0.722,72.24,1
Candidate_001,"Driver, Truck",53-3032.00,Heavy and Tractor-Trailer Truck Drivers,Active Listening,2.88,3.0,0.0,0.588,2,1423,3705,12,0.8880268984746598,88.8,0.888,0.708,70.8,2
Candidate_001,"Driver, Truck",53-3032.00,Heavy and Tractor-Trailer Truck Drivers,Speaking,3.0,2.88,0.0,0.588,2,1423,3705,12,0.8880268984746598,88.8,0.888,0.708,70.8,2
Candidate_001,Food Service Supervisor,35-1012.00,First-Line Supervisors of Food Preparation and Serving Workers,Monitoring,3.88,4.0,0.0,0.788,1,1061,2524,12,0.6833380235893983,68.33,0.6833,0.746,74.61,1
Candidate_001,Food Service Supervisor,35-1012.00,First-Line Supervisors of Food Preparation and Serving Workers,Speaking,3.88,4.0,0.0,0.788,1,1061,2524,12,0.6833380235893983,68.33,0.6833,0.746,74.61,1
Candidate_001,Food Service Supervisor,35-1012.00,First-Line Supervisors of Food Preparation and Serving Workers,Active Listening,3.75,3.0,0.0,0.675,2,1061,2524,12,0.6833380235893983,68.33,0.6833,0.678,67.83,2
Candidate_001,Information Technology (IT) Analyst,15-1211.00,Computer Systems Analysts,Active Listening,4.0,4.12,0.0,0.812,1,347,357,10,0.266375870790639,26.64,0.2664,0.594,59.38,1
Candidate_001,Information Technology (IT) Analyst,15-1211.00,Computer Systems Analysts,Speaking,4.0,4.0,0.0,0.8,2,347,357,10,0.266375870790639,26.64,0.2664,0.587,58.66,2
Candidate_001,Information Technology (IT) Analyst,15-1211.00,Computer Systems Analysts,Monitoring,3.62,4.0,0.0,0.762,3,347,357,10,0.266375870790639,26.64,0.2664,0.564,56.38,3
Candidate_001,Inside Sales Representative,41-2031.00,Retail Salespersons,Active Listening,3.75,3.75,0.0,0.75,1,1876,2449,13,0.8643994601889338,86.44,0.8644,0.796,79.58,1
Candidate_001,Inside Sales Representative,41-2031.00,Retail Salespersons,Speaking,3.75,3.12,0.0,0.687,2,1876,2449,13,0.8643994601889338,86.44,0.8644,0.758,75.8,2
Candidate_001,Inside Sales Representative,41-2031.00,Retail Salespersons,Monitoring,3.0,3.12,0.0,0.612,3,1876,2449,13,0.8643994601889338,86.44,0.8644,0.713,71.3,3
Candidate_001,Licensed Practical Nurse (L.P.N.),29-2061.00,Licensed Practical and Licensed Vocational Nurses,Active Listening,3.88,4.0,0.0,0.788,1,437,527,10,0.3039192124973743,30.39,0.3039,0.594,59.44,1
Candidate_001,Licensed Practical Nurse (L.P.N.),29-2061.00,Licensed Practical and Licensed Vocational Nurses,Monitoring,3.88,4.0,0.0,0.788,1,437,527,10,0.3039192124973743,30.39,0.3039,0.594,59.44,1
Candidate_001,Licensed Practical Nurse (L.P.N.),29-2061.00,Licensed Practical and Licensed Vocational Nurses,Speaking,3.88,4.0,0.0,0.788,1,437,527,10,0.3039192124973743,30.39,0.3039,0.594,59.44,1
Candidate_001,Office Administrator,43-1011.00,First-Line Supervisors of Office and Administrative Support Workers,Active Listening,4.0,4.0,0.0,0.8,1,676,1709,13,0.5286438829565303,52.86,0.5286,0.691,69.14,1
Candidate_001,Office Administrator,43-1011.00,First-Line Supervisors of Office and Administrative Support Workers,Monitoring,4.0,4.0,0.0,0.8,1,676,1709,13,0.5286438829565303,52.86,0.5286,0.691,69.14,1
Candidate_001,Office Administrator,43-1011.00,First-Line Supervisors of Office and Administrative Support Workers,Speaking,4.0,4.0,0.0,0.8,1,676,1709,13,0.5286438829565303,52.86,0.5286,0.691,69.14,1
Candidate_001,Office Manager,43-1011.00,First-Line Supervisors of Office and Administrative Support Workers,Monitoring,4.0,4.0,0.0,0.8,1,676,1709,13,0.5286438829565303,52.86,0.5286,0.691,69.14,1
Candidate_001,Office Manager,43-1011.00,First-Line Supervisors of Office and Administrative Support Workers,Speaking,4.0,4.0,0.0,0.8,1,676,1709,13,0.5286438829565303,52.86,0.5286,0.691,69.14,1
Candidate_001,Office Manager,43-1011.00,First-Line Supervisors of Office and Administrative Support Workers,Active Listening,4.0,3.88,0.0,0.788,2,676,1709,13,0.5286438829565303,52.86,0.5286,0.684,68.42,2
Candidate_001,Restaurant Manager,11-9051.00,Food Service Managers,Speaking,3.88,4.0,0.0,0.788,1,1139,1473,12,0.5865008675534992,58.65,0.5865,0.707,70.74,1
Candidate_001,Restaurant Manager,11-9051.00,Food Service Managers,Monitoring,3.88,3.88,0.0,0.776,2,1139,1473,12,0.5865008675534992,58.65,0.5865,0.7,70.02,2
Candidate_001,Restaurant Manager,11-9051.00,Food Service Managers,Active Listening,3.88,3.5,0.0,0.738,3,1139,1473,12,0.5865008675534992,58.65,0.5865,0.677,67.74,3
Candidate_001,Retail Sales Associate,41-2031.00,Retail Salespersons,Active Listening,3.75,3.75,0.0,0.75,1,1876,2449,13,0.8643994601889338,86.44,0.8644,0.796,79.58,1
Candidate_001,Retail Sales Associate,41-2031.00,Retail Salespersons,Speaking,3.75,3.12,0.0,0.687,2,1876,2449,13,0.8643994601889338,86.44,0.8644,0.758,75.8,2
Candidate_001,Retail Sales Associate,41-2031.00,Retail Salespersons,Monitoring,3.0,3.12,0.0,0.612,3,1876,2449,13,0.8643994601889338,86.44,0.8644,0.713,71.3,3
Candidate_001,Secondary School Teacher,25-2031.00,"Secondary School Teachers, Except Special and Career/Technical Education",Speaking,4.0,4.12,0.0,0.812,1,681,740,9,0.3635561348837076,36.36,0.3636,0.633,63.26,1
Candidate_001,Secondary School Teacher,25-2031.00,"Secondary School Teachers, Except Special and Career/Technical Education",Active Listening,4.0,4.0,0.0,0.8,2,681,740,9,0.3635561348837076,36.36,0.3636,0.625,62.54,2
Candidate_001,Secondary School Teacher,25-2031.00,"Secondary School Teachers, Except Special and Career/Technical Education",Monitoring,3.88,4.0,0.0,0.788,3,681,740,9,0.3635561348837076,36.36,0.3636,0.618,61.82,3
Candidate_001,Software Developer,15-1252.00,Software Developers,Active Listening,3.38,3.88,0.0,0.726,1,323,344,8,0.2290858604605659,22.91,0.2291,0.527,52.72,1
Candidate_001,Software Developer,15-1252.00,Software Developers,Speaking,3.12,3.62,0.0,0.6739999999999999,2,323,344,8,0.2290858604605659,22.91,0.2291,0.496,49.6,2
Candidate_001,Software Developer,15-1252.00,Software Developers,Monitoring,3.0,3.5,0.0,0.6499999999999999,3,323,344,8,0.2290858604605659,22.91,0.2291,0.482,48.16,3
Candidate_002,Administrative Assistant,43-6014.00,"Secretaries and Administrative Assistants, Except Legal, Medical, and Executive",Active Listening,4.0,3.75,0.0,0.775,1,812,890,11,0.4384514673595585,43.85,0.4385,0.64,64.04,1
Candidate_002,Administrative Assistant,43-6014.00,"Secretaries and Administrative Assistants, Except Legal, Medical, and Executive",Speaking,4.0,3.62,0.0,0.762,2,812,890,11,0.4384514673595585,43.85,0.4385,0.633,63.26,2
Candidate_002,Administrative Assistant,43-6014.00,"Secretaries and Administrative Assistants, Except Legal, Medical, and Executive",Monitoring,3.12,3.25,0.0,0.637,3,812,890,11,0.4384514673595585,43.85,0.4385,0.558,55.76,3
Candidate_002,Administrative Assistant,43-6014.00,"Secretaries and Administrative Assistants, Except Legal, Medical, and Executive",Mathematics,2.0,1.62,0.0,0.362,4,812,890,11,0.4384514673595585,43.85,0.4385,0.393,39.26,4
Candidate_002,Administrative Assistant,43-6014.00,"Secretaries and Administrative Assistants, Except Legal, Medical, and Executive",Science,1.0,0.0,0.0,0.1,5,812,890,11,0.4384514673595585,43.85,0.4385,0.235,23.54,5
Candidate_002,Bookkeeper,43-3031.00,"Bookkeeping, Accounting, and Auditing Clerks",Active Listening,3.25,3.75,0.0,0.7,1,396,422,11,0.2992257912289334,29.92,0.2992,0.54,53.97,1
Candidate_002,Bookkeeper,43-3031.00,"Bookkeeping, Accounting, and Auditing Clerks",Mathematics,3.38,3.38,0.0,0.6759999999999999,2,396,422,11,0.2992257912289334,29.92,0.2992,0.525,52.53,2
Candidate_002,Bookkeeper,43-3031.00,"Bookkeeping, Accounting, and Auditing Clerks",Speaking,3.12,3.12,0.0,0.624,3,396,422,11,0.2992257912289334,29.92,0.2992,0.494,49.41,3
Candidate_002,Bookkeeper,43-3031.00,"Bookkeeping, Accounting, and Auditing Clerks",Monitoring,3.0,2.88,0.0,0.588,4,396,422,11,0.2992257912289334,29.92,0.2992,0.472,47.25,4
Candidate_002,Bookkeeper,43-3031.00,"Bookkeeping, Accounting, and Auditing Clerks",Science,1.12,0.12,0.0,0.12400000000000001,5,396,422,11,0.2992257912289334,29.92,0.2992,0.194,19.41,5
Candidate_002,Continuing Care Assistant,31-1131.00,Nursing Assistants,Active Listening,3.62,3.0,0.0,0.6619999999999999,1,819,1172,9,0.4396201180333152,43.96,0.4396,0.573,57.3,1
Candidate_002,Continuing Care Assistant,31-1131.00,Nursing Assistants,Monitoring,3.25,3.0,0.0,0.625,2,819,1172,9,0.4396201180333152,43.96,0.4396,0.551,55.08,2
Candidate_002,Continuing Care Assistant,31-1131.00,Nursing Assistants,Speaking,3.12,3.0,0.0,0.612,3,819,1172,9,0.4396201180333152,43.96,0.4396,0.543,54.3,3
Candidate_002,Continuing Care Assistant,31-1131.00,Nursing Assistants,Mathematics,2.12,1.88,0.0,0.4,4,819,1172,9,0.4396201180333152,43.96,0.4396,0.416,41.58,4
Candidate_002,Continuing Care Assistant,31-1131.00,Nursing Assistants,Science,1.75,0.88,0.0,0.263,5,819,1172,9,0.4396201180333152,43.96,0.4396,0.334,33.36,5
Candidate_002,Delivery Driver,53-3033.00,Light Truck Drivers,Active Listening,3.12,2.88,0.0,0.6,1,557,622,12,0.3705312074675783,37.05,0.3705,0.508,50.82,1
Candidate_002,Delivery Driver,53-3033.00,Light Truck Drivers,Speaking,3.12,2.88,0.0,0.6,1,557,622,12,0.3705312074675783,37.05,0.3705,0.508,50.82,1
Candidate_002,Delivery Driver,53-3033.00,Light Truck Drivers,Monitoring,3.12,2.75,0.0,0.587,2,557,622,12,0.3705312074675783,37.05,0.3705,0.5,50.04,2
Candidate_002,Delivery Driver,53-3033.00,Light Truck Drivers,Mathematics,2.25,2.12,0.0,0.43700000000000006,3,557,622,12,0.3705312074675783,37.05,0.3705,0.41,41.04,3
Candidate_002,Delivery Driver,53-3033.00,Light Truck Drivers,Science,1.12,0.12,0.0,0.12400000000000001,4,557,622,12,0.3705312074675783,37.05,0.3705,0.223,22.26,4
Candidate_002,"Driver, Truck",53-3032.00,Heavy and Tractor-Trailer Truck Drivers,Monitoring,3.12,3.0,0.0,0.612,1,1423,3705,12,0.8880268984746598,88.8,0.888,0.722,72.24,1
Candidate_002,"Driver, Truck",53-3032.00,Heavy and Tractor-Trailer Truck Drivers,Active Listening,2.88,3.0,0.0,0.588,2,1423,3705,12,0.8880268984746598,88.8,0.888,0.708,70.8,2
Candidate_002,"Driver, Truck",53-3032.00,Heavy and Tractor-Trailer Truck Drivers,Speaking,3.0,2.88,0.0,0.588,2,1423,3705,12,0.8880268984746598,88.8,0.888,0.708,70.8,2
Candidate_002,"Driver, Truck",53-3032.00,Heavy and Tractor-Trailer Truck Drivers,Mathematics,2.0,1.88,0.0,0.388,3,1423,3705,12,0.8880268984746598,88.8,0.888,0.588,58.8,3
Candidate_002,"Driver, Truck",53-3032.00,Heavy and Tractor-Trailer Truck Drivers,Science,1.0,0.0,0.0,0.1,4,1423,3705,12,0.8880268984746598,88.8,0.888,0.415,41.52,4
Candidate_002,Food Service Supervisor,35-1012.00,First-Line Supervisors of Food Preparation and Serving Workers,Monitoring,3.88,4.0,0.0,0.788,1,1061,2524,12,0.6833380235893983,68.33,0.6833,0.746,74.61,1
Candidate_002,Food Service Supervisor,35-1012.00,First-Line Supervisors of Food Preparation and Serving Workers,Speaking,3.88,4.0,0.0,0.788,1,1061,2524,12,0.6833380235893983,68.33,0.6833,0.746,74.61,1
Candidate_002,Food Service Supervisor,35-1012.00,First-Line Supervisors of Food Preparation and Serving Workers,Active Listening,3.75,3.0,0.0,0.675,2,1061,2524,12,0.6833380235893983,68.33,0.6833,0.678,67.83,2
Candidate_002,Food Service Supervisor,35-1012.00,First-Line Supervisors of Food Preparation and Serving Workers,Mathematics,3.0,3.0,0.0,0.6,3,1061,2524,12,0.6833380235893983,68.33,0.6833,0.633,63.33,3
Candidate_002,Food Service Supervisor,35-1012.00,First-Line Supervisors of Food Preparation and Serving Workers,Science,1.0,0.0,0.0,0.1,4,1061,2524,12,0.6833380235893983,68.33,0.6833,0.333,33.33,4
Candidate_002,Information Technology (IT) Analyst,15-1211.00,Computer Systems Analysts,Active Listening,4.0,4.12,0.0,0.812,1,347,357,10,0.266375870790639,26.64,0.2664,0.594,59.38,1
Candidate_002,Information Technology (IT) Analyst,15-1211.00,Computer Systems Analysts,Speaking,4.0,4.0,0.0,0.8,2,347,357,10,0.266375870790639,26.64,0.2664,0.587,58.66,2
Candidate_002,Information Technology (IT) Analyst,15-1211.00,Computer Systems Analysts,Monitoring,3.62,4.0,0.0,0.762,3,347,357,10,0.266375870790639,26.64,0.2664,0.564,56.38,3
Candidate_002,Information Technology (IT) Analyst,15-1211.00,Computer Systems Analysts,Mathematics,3.0,3.38,0.0,0.6379999999999999,4,347,357,10,0.266375870790639,26.64,0.2664,0.489,48.94,4
Candidate_002,Information Technology (IT) Analyst,15-1211.00,Computer Systems Analysts,Science,2.75,3.12,0.0,0.587,5,347,357,10,0.266375870790639,26.64,0.2664,0.459,45.88,5
Candidate_002,Inside Sales Representative,41-2031.00,Retail Salespersons,Active Listening,3.75,3.75,0.0,0.75,1,1876,2449,13,0.8643994601889338,86.44,0.8644,0.796,79.58,1
Candidate_002,Inside Sales Representative,41-2031.00,Retail Salespersons,Speaking,3.75,3.12,0.0,0.687,2,1876,2449,13,0.8643994601889338,86.44,0.8644,0.758,75.8,2
Candidate_002,Inside Sales Representative,41-2031.00,Retail Salespersons,Monitoring,3.0,3.12,0.0,0.612,3,1876,2449,13,0.8643994601889338,86.44,0.8644,0.713,71.3,3
Candidate_002,Inside Sales Representative,41-2031.00,Retail Salespersons,Mathematics,2.62,2.0,0.0,0.462,4,1876,2449,13,0.8643994601889338,86.44,0.8644,0.623,62.3,4
Candidate_002,Inside Sales Representative,41-2031.00,Retail Salespersons,Science,1.0,0.0,0.0,0.1,5,1876,2449,13,0.8643994601889338,86.44,0.8644,0.406,40.58,5
Candidate_002,Licensed Practical Nurse (L.P.N.),29-2061.00,Licensed Practical and Licensed Vocational Nurses,Active Listening,3.88,4.0,0.0,0.788,1,437,527,10,0.3039192124973743,30.39,0.3039,0.594,59.44,1
Candidate_002,Licensed Practical Nurse (L.P.N.),29-2061.00,Licensed Practical and Licensed Vocational Nurses,Monitoring,3.88,4.0,0.0,0.788,1,437,527,10,0.3039192124973743,30.39,0.3039,0.594,59.44,1
Candidate_002,Licensed Practical Nurse (L.P.N.),29-2061.00,Licensed Practical and Licensed Vocational Nurses,Speaking,3.88,4.0,0.0,0.788,1,437,527,10,0.3039192124973743,30.39,0.3039,0.594,59.44,1
Candidate_002,Licensed Practical Nurse (L.P.N.),29-2061.00,Licensed Practical and Licensed Vocational Nurses,Mathematics,2.88,2.88,0.0,0.576,2,437,527,10,0.3039192124973743,30.39,0.3039,0.467,46.72,2
Candidate_002,Licensed Practical Nurse (L.P.N.),29-2061.00,Licensed Practical and Licensed Vocational Nurses,Science,2.62,2.62,0.0,0.524,3,437,527,10,0.3039192124973743,30.39,0.3039,0.436,43.6,3
Candidate_002,Office Administrator,43-1011.00,First-Line Supervisors of Office and Administrative Support Workers,Active Listening,4.0,4.0,0.0,0.8,1,676,1709,13,0.5286438829565303,52.86,0.5286,0.691,69.14,1
Candidate_002,Office Administrator,43-1011.00,First-Line Supervisors of Office and Administrative Support Workers,Monitoring,4.0,4.0,0.0,0.8,1,676,1709,13,0.5286438829565303,52.86,0.5286,0.691,69.14,1
Candidate_002,Office Administrator,43-1011.00,First-Line Supervisors of Office and Administrative Support Workers,Speaking,4.0,4.0,0.0,0.8,1,676,1709,13,0.5286438829565303,52.86,0.5286,0.691,69.14,1
Candidate_002,Office Administrator,43-1011.00,First-Line Supervisors of Office and Administrative Support Workers,Mathematics,2.75,2.75,0.0,0.55,2,676,1709,13,0.5286438829565303,52.86,0.5286,0.541,54.14,2
Candidate_002,Office Administrator,43-1011.00,First-Line Supervisors of Office and Administrative Support Workers,Science,1.38,0.38,0.0,0.176,3,676,1709,13,0.5286438829565303,52.86,0.5286,0.317,31.7,3
Candidate_002,Office Manager,43-1011.00,First-Line Supervisors of Office and Administrative Support Workers,Monitoring,4.0,4.0,0.0,0.8,1,676,1709,13,0.5286438829565303,52.86,0.5286,0.691,69.14,1
Candidate_002,Office Manager,43-1011.00,First-Line Supervisors of Office and Administrative Support Workers,Speaking,4.0,4.0,0.0,0.8,1,676,1709,13,0.5286438829565303,52.86,0.5286,0.691,69.14,1
Candidate_002,Office Manager,43-1011.00,First-Line Supervisors of Office and Administrative Support Workers,Active Listening,4.0,3.88,0.0,0.788,2,676,1709,13,0.5286438829565303,52.86,0.5286,0.684,68.42,2
Candidate_002,Office Manager,43-1011.00,First-Line Supervisors of Office and Administrative Support Workers,Mathematics,2.75,2.75,0.0,0.55,3,676,1709,13,0.5286438829565303,52.86,0.5286,0.541,54.14,3
Candidate_002,Office Manager,43-1011.00,First-Line Supervisors of Office and Administrative Support Workers,Science,1.0,0.0,0.0,0.1,4,676,1709,13,0.5286438829565303,52.86,0.5286,0.271,27.14,4
Candidate_002,Restaurant Manager,11-9051.00,Food Service Managers,Speaking,3.88,4.0,0.0,0.788,1,1139,1473,12,0.5865008675534992,58.65,0.5865,0.707,70.74,1
Candidate_002,Restaurant Manager,11-9051.00,Food Service Managers,Monitoring,3.88,3.88,0.0,0.776,2,1139,1473,12,0.5865008675534992,58.65,0.5865,0.7,70.02,2
Candidate_002,Restaurant Manager,11-9051.00,Food Service Managers,Active Listening,3.88,3.5,0.0,0.738,3,1139,1473,12,0.5865008675534992,58.65,0.5865,0.677,67.74,3
Candidate_002,Restaurant Manager,11-9051.00,Food Service Managers,Mathematics,2.88,2.88,0.0,0.576,4,1139,1473,12,0.5865008675534992,58.65,0.5865,0.58,58.02,4
Candidate_002,Restaurant Manager,11-9051.00,Food Service Managers,Science,1.62,0.62,0.0,0.224,5,1139,1473,12,0.5865008675534992,58.65,0.5865,0.369,36.9,5
Candidate_002,Retail Sales Associate,41-2031.00,Retail Salespersons,Active Listening,3.75,3.75,0.0,0.75,1,1876,2449,13,0.8643994601889338,86.44,0.8644,0.796,79.58,1
Candidate_002,Retail Sales Associate,41-2031.00,Retail Salespersons,Speaking,3.75,3.12,0.0,0.687,2,1876,2449,13,0.8643994601889338,86.44,0.8644,0.758,75.8,2
Candidate_002,Retail Sales Associate,41-2031.00,Retail Salespersons,Monitoring,3.0,3.12,0.0,0.612,3,1876,2449,13,0.8643994601889338,86.44,0.8644,0.713,71.3,3
Candidate_002,Retail Sales Associate,41-2031.00,Retail Salespersons,Mathematics,2.62,2.0,0.0,0.462,4,1876,2449,13,0.8643994601889338,86.44,0.8644,0.623,62.3,4
Candidate_002,Retail Sales Associate,41-2031.00,Retail Salespersons,Science,1.0,0.0,0.0,0.1,5,1876,2449,13,0.8643994601889338,86.44,0.8644,0.406,40.58,5
Candidate_002,Secondary School Teacher,25-2031.00,"Secondary School Teachers, Except Special and Career/Technical Education",Speaking,4.0,4.12,0.0,0.812,1,681,740,9,0.3635561348837076,36.36,0.3636,0.633,63.26,1
Candidate_002,Secondary School Teacher,25-2031.00,"Secondary School Teachers, Except Special and Career/Technical Education",Active Listening,4.0,4.0,0.0,0.8,2,681,740,9,0.3635561348837076,36.36,0.3636,0.625,62.54,2
Candidate_002,Secondary School Teacher,25-2031.00,"Secondary School Teachers, Except Special and Career/Technical Education",Monitoring,3.88,4.0,0.0,0.788,3,681,740,9,0.3635561348837076,36.36,0.3636,0.618,61.82,3
Candidate_002,Secondary School Teacher,25-2031.00,"Secondary School Teachers, Except Special and Career/Technical Education",Mathematics,2.75,3.0,0.0,0.575,4,681,740,9,0.3635561348837076,36.36,0.3636,0.49,49.04,4
Candidate_002,Secondary School Teacher,25-2031.00,"Secondary School Teachers, Except Special and Career/Technical Education",Science,2.0,1.88,0.0,0.388,5,681,740,9,0.3635561348837076,36.36,0.3636,0.378,37.82,5
Candidate_002,Software Developer,15-1252.00,Software Developers,Active Listening,3.38,3.88,0.0,0.726,1,323,344,8,0.2290858604605659,22.91,0.2291,0.527,52.72,1
Candidate_002,Software Developer,15-1252.00,Software Developers,Speaking,3.12,3.62,0.0,0.6739999999999999,2,323,344,8,0.2290858604605659,22.91,0.2291,0.496,49.6,2
Candidate_002,Software Developer,15-1252.00,Software Developers,Monitoring,3.0,3.5,0.0,0.6499999999999999,3,323,344,8,0.2290858604605659,22.91,0.2291,0.482,48.16,3
Candidate_002,Software Developer,15-1252.00,Software Developers,Mathematics,2.75,3.25,0.0,0.6000000000000001,4,323,344,8,0.2290858604605659,22.91,0.2291,0.452,45.16,4
Candidate_002,Software Developer,15-1252.00,Software Developers,Science,2.12,1.88,0.0,0.4,5,323,344,8,0.2290858604605659,22.91,0.2291,0.332,33.16,5
Candidate_003,Administrative Assistant,43-6014.00,"Secretaries and Administrative Assistants, Except Legal, Medical, and Executive",Mathematics,2.0,1.62,0.0,0.362,1,812,890,11,0.4384514673595585,43.85,0.4385,0.393,39.26,1
Candidate_003,Administrative Assistant,43-6014.00,"Secretaries and Administrative Assistants, Except Legal, Medical, and Executive",Science,1.0,0.0,0.0,0.1,2,812,890,11,0.4384514673595585,43.85,0.4385,0.235,23.54,2
Candidate_003,Bookkeeper,43-3031.00,"Bookkeeping, Accounting, and Auditing Clerks",Mathematics,3.38,3.38,0.0,0.6759999999999999,1,396,422,11,0.2992257912289334,29.92,0.2992,0.525,52.53,1
Candidate_003,Bookkeeper,43-3031.00,"Bookkeeping, Accounting, and Auditing Clerks",Science,1.12,0.12,0.0,0.12400000000000001,2,396,422,11,0.2992257912289334,29.92,0.2992,0.194,19.41,2
Candidate_003,Continuing Care Assistant,31-1131.00,Nursing Assistants,Mathematics,2.12,1.88,0.0,0.4,1,819,1172,9,0.4396201180333152,43.96,0.4396,0.416,41.58,1
Candidate_003,Continuing Care Assistant,31-1131.00,Nursing Assistants,Science,1.75,0.88,0.0,0.263,2,819,1172,9,0.4396201180333152,43.96,0.4396,0.334,33.36,2
Candidate_003,Delivery Driver,53-3033.00,Light Truck Drivers,Mathematics,2.25,2.12,0.0,0.43700000000000006,1,557,622,12,0.3705312074675783,37.05,0.3705,0.41,41.04,1
Candidate_003,Delivery Driver,53-3033.00,Light Truck Drivers,Science,1.12,0.12,0.0,0.12400000000000001,2,557,622,12,0.3705312074675783,37.05,0.3705,0.223,22.26,2
Candidate_003,"Driver, Truck",53-3032.00,Heavy and Tractor-Trailer Truck Drivers,Mathematics,2.0,1.88,0.0,0.388,1,1423,3705,12,0.8880268984746598,88.8,0.888,0.588,58.8,1
Candidate_003,"Driver, Truck",53-3032.00,Heavy and Tractor-Trailer Truck Drivers,Science,1.0,0.0,0.0,0.1,2,1423,3705,12,0.8880268984746598,88.8,0.888,0.415,41.52,2
Candidate_003,Food Service Supervisor,35-1012.00,First-Line Supervisors of Food Preparation and Serving Workers,Mathematics,3.0,3.0,0.0,0.6,1,1061,2524,12,0.6833380235893983,68.33,0.6833,0.633,63.33,1
Candidate_003,Food Service Supervisor,35-1012.00,First-Line Supervisors of Food Preparation and Serving Workers,Science,1.0,0.0,0.0,0.1,2,1061,2524,12,0.6833380235893983,68.33,0.6833,0.333,33.33,2
Candidate_003,Information Technology (IT) Analyst,15-1211.00,Computer Systems Analysts,Mathematics,3.0,3.38,0.0,0.6379999999999999,1,347,357,10,0.266375870790639,26.64,0.2664,0.489,48.94,1
Candidate_003,Information Technology (IT) Analyst,15-1211.00,Computer Systems Analysts,Science,2.75,3.12,0.0,0.587,2,347,357,10,0.266375870790639,26.64,0.2664,0.459,45.88,2
Candidate_003,Inside Sales Representative,41-2031.00,Retail Salespersons,Mathematics,2.62,2.0,0.0,0.462,1,1876,2449,13,0.8643994601889338,86.44,0.8644,0.623,62.3,1
Candidate_003,Inside Sales Representative,41-2031.00,Retail Salespersons,Science,1.0,0.0,0.0,0.1,2,1876,2449,13,0.8643994601889338,86.44,0.8644,0.406,40.58,2
Candidate_003,Licensed Practical Nurse (L.P.N.),29-2061.00,Licensed Practical and Licensed Vocational Nurses,Mathematics,2.88,2.88,0.0,0.576,1,437,527,10,0.3039192124973743,30.39,0.3039,0.467,46.72,1
Candidate_003,Licensed Practical Nurse (L.P.N.),29-2061.00,Licensed Practical and Licensed Vocational Nurses,Science,2.62,2.62,0.0,0.524,2,437,527,10,0.3039192124973743,30.39,0.3039,0.436,43.6,2
Candidate_003,Office Administrator,43-1011.00,First-Line Supervisors of Office and Administrative Support Workers,Mathematics,2.75,2.75,0.0,0.55,1,676,1709,13,0.5286438829565303,52.86,0.5286,0.541,54.14,1
Candidate_003,Office Administrator,43-1011.00,First-Line Supervisors of Office and Administrative Support Workers,Science,1.38,0.38,0.0,0.176,2,676,1709,13,0.5286438829565303,52.86,0.5286,0.317,31.7,2
Candidate_003,Office Manager,43-1011.00,First-Line Supervisors of Office and Administrative Support Workers,Mathematics,2.75,2.75,0.0,0.55,1,676,1709,13,0.5286438829565303,52.86,0.5286,0.541,54.14,1
Candidate_003,Office Manager,43-1011.00,First-Line Supervisors of Office and Administrative Support Workers,Science,1.0,0.0,0.0,0.1,2,676,1709,13,0.5286438829565303,52.86,0.5286,0.271,27.14,2
Candidate_003,Restaurant Manager,11-9051.00,Food Service Managers,Mathematics,2.88,2.88,0.0,0.576,1,1139,1473,12,0.5865008675534992,58.65,0.5865,0.58,58.02,1
Candidate_003,Restaurant Manager,11-9051.00,Food Service Managers,Science,1.62,0.62,0.0,0.224,2,1139,1473,12,0.5865008675534992,58.65,0.5865,0.369,36.9,2
Candidate_003,Retail Sales Associate,41-2031.00,Retail Salespersons,Mathematics,2.62,2.0,0.0,0.462,1,1876,2449,13,0.8643994601889338,86.44,0.8644,0.623,62.3,1
Candidate_003,Retail Sales Associate,41-2031.00,Retail Salespersons,Science,1.0,0.0,0.0,0.1,2,1876,2449,13,0.8643994601889338,86.44,0.8644,0.406,40.58,2
Candidate_003,Secondary School Teacher,25-2031.00,"Secondary School Teachers, Except Special and Career/Technical Education",Mathematics,2.75,3.0,0.0,0.575,1,681,740,9,0.3635561348837076,36.36,0.3636,0.49,49.04,1
Candidate_003,Secondary School Teacher,25-2031.00,"Secondary School Teachers, Except Special and Career/Technical Education",Science,2.0,1.88,0.0,0.388,2,681,740,9,0.3635561348837076,36.36,0.3636,0.378,37.82,2
Candidate_003,Software Developer,15-1252.00,Software Developers,Mathematics,2.75,3.25,0.0,0.6000000000000001,1,323,344,8,0.2290858604605659,22.91,0.2291,0.452,45.16,1
Candidate_003,Software Developer,15-1252.00,Software Developers,Science,2.12,1.88,0.0,0.4,2,323,344,8,0.2290858604605659,22.91,0.2291,0.332,33.16,2
Candidate_004,Administrative Assistant,43-6014.00,"Secretaries and Administrative Assistants, Except Legal, Medical, and Executive",Active Listening,4.0,3.75,0.0,0.775,1,812,890,11,0.4384514673595585,43.85,0.4385,0.64,64.04,1
Candidate_004,Administrative Assistant,43-6014.00,"Secretaries and Administrative Assistants, Except Legal, Medical, and Executive",Speaking,4.0,3.62,0.0,0.762,2,812,890,11,0.4384514673595585,43.85,0.4385,0.633,63.26,2
Candidate_004,Bookkeeper,43-3031.00,"Bookkeeping, Accounting, and Auditing Clerks",Active Listening,3.25,3.75,0.0,0.7,1,396,422,11,0.2992257912289334,29.92,0.2992,0.54,53.97,1
Candidate_004,Bookkeeper,43-3031.00,"Bookkeeping, Accounting, and Auditing Clerks",Speaking,3.12,3.12,0.0,0.624,2,396,422,11,0.2992257912289334,29.92,0.2992,0.494,49.41,2
Candidate_004,Continuing Care Assistant,31-1131.00,Nursing Assistants,Active Listening,3.62,3.0,0.0,0.6619999999999999,1,819,1172,9,0.4396201180333152,43.96,0.4396,0.573,57.3,1
Candidate_004,Continuing Care Assistant,31-1131.00,Nursing Assistants,Speaking,3.12,3.0,0.0,0.612,2,819,1172,9,0.4396201180333152,43.96,0.4396,0.543,54.3,2
Candidate_004,Delivery Driver,53-3033.00,Light Truck Drivers,Active Listening,3.12,2.88,0.0,0.6,1,557,622,12,0.3705312074675783,37.05,0.3705,0.508,50.82,1
Candidate_004,Delivery Driver,53-3033.00,Light Truck Drivers,Speaking,3.12,2.88,0.0,0.6,1,557,622,12,0.3705312074675783,37.05,0.3705,0.508,50.82,1
Candidate_004,"Driver, Truck",53-3032.00,Heavy and Tractor-Trailer Truck Drivers,Active Listening,2.88,3.0,0.0,0.588,1,1423,3705,12,0.8880268984746598,88.8,0.888,0.708,70.8,1
Candidate_004,"Driver, Truck",53-3032.00,Heavy and Tractor-Trailer Truck Drivers,Speaking,3.0,2.88,0.0,0.588,1,1423,3705,12,0.8880268984746598,88.8,0.888,0.708,70.8,1
Candidate_004,Food Service Supervisor,35-1012.00,First-Line Supervisors of Food Preparation and Serving Workers,Speaking,3.88,4.0,0.0,0.788,1,1061,2524,12,0.6833380235893983,68.33,0.6833,0.746,74.61,1
Candidate_004,Food Service Supervisor,35-1012.00,First-Line Supervisors of Food Preparation and Serving Workers,Active Listening,3.75,3.0,0.0,0.675,2,1061,2524,12,0.6833380235893983,68.33,0.6833,0.678,67.83,2
Candidate_004,Information Technology (IT) Analyst,15-1211.00,Computer Systems Analysts,Active Listening,4.0,4.12,0.0,0.812,1,347,357,10,0.266375870790639,26.64,0.2664,0.594,59.38,1
Candidate_004,Information Technology (IT) Analyst,15-1211.00,Computer Systems Analysts,Speaking,4.0,4.0,0.0,0.8,2,347,357,10,0.266375870790639,26.64,0.2664,0.587,58.66,2
Candidate_004,Inside Sales Representative,41-2031.00,Retail Salespersons,Active Listening,3.75,3.75,0.0,0.75,1,1876,2449,13,0.8643994601889338,86.44,0.8644,0.796,79.58,1
Candidate_004,Inside Sales Representative,41-2031.00,Retail Salespersons,Speaking,3.75,3.12,0.0,0.687,2,1876,2449,13,0.8643994601889338,86.44,0.8644,0.758,75.8,2
Candidate_004,Licensed Practical Nurse (L.P.N.),29-2061.00,Licensed Practical and Licensed Vocational Nurses,Active Listening,3.88,4.0,0.0,0.788,1,437,527,10,0.3039192124973743,30.39,0.3039,0.594,59.44,1
Candidate_004,Licensed Practical Nurse (L.P.N.),29-2061.00,Licensed Practical and Licensed Vocational Nurses,Speaking,3.88,4.0,0.0,0.788,1,437,527,10,0.3039192124973743,30.39,0.3039,0.594,59.44,1
Candidate_004,Office Administrator,43-1011.00,First-Line Supervisors of Office and Administrative Support Workers,Active Listening,4.0,4.0,0.0,0.8,1,676,1709,13,0.5286438829565303,52.86,0.5286,0.691,69.14,1
Candidate_004,Office Administrator,43-1011.00,First-Line Supervisors of Office and Administrative Support Workers,Speaking,4.0,4.0,0.0,0.8,1,676,1709,13,0.5286438829565303,52.86,0.5286,0.691,69.14,1
Candidate_004,Office Manager,43-1011.00,First-Line Supervisors of Office and Administrative Support Workers,Speaking,4.0,4.0,0.0,0.8,1,676,1709,13,0.5286438829565303,52.86,0.5286,0.691,69.14,1
Candidate_004,Office Manager,43-1011.00,First-Line Supervisors of Office and Administrative Support Workers,Active Listening,4.0,3.88,0.0,0.788,2,676,1709,13,0.5286438829565303,52.86,0.5286,0.684,68.42,2
Candidate_004,Restaurant Manager,11-9051.00,Food Service Managers,Speaking,3.88,4.0,0.0,0.788,1,1139,1473,12,0.5865008675534992,58.65,0.5865,0.707,70.74,1
Candidate_004,Restaurant Manager,11-9051.00,Food Service Managers,Active Listening,3.88,3.5,0.0,0.738,2,1139,1473,12,0.5865008675534992,58.65,0.5865,0.677,67.74,2
Candidate_004,Retail Sales Associate,41-2031.00,Retail Salespersons,Active Listening,3.75,3.75,0.0,0.75,1,1876,2449,13,0.8643994601889338,86.44,0.8644,0.796,79.58,1
Candidate_004,Retail Sales Associate,41-2031.00,Retail Salespersons,Speaking,3.75,3.12,0.0,0.687,2,1876,2449,13,0.8643994601889338,86.44,0.8644,0.758,75.8,2
Candidate_004,Secondary School Teacher,25-2031.00,"Secondary School Teachers, Except Special and Career/Technical Education",Speaking,4.0,4.12,0.0,0.812,1,681,740,9,0.3635561348837076,36.36,0.3636,0.633,63.26,1
Candidate_004,Secondary School Teacher,25-2031.00,"Secondary School Teachers, Except Special and Career/Technical Education",Active Listening,4.0,4.0,0.0,0.8,2,681,740,9,0.3635561348837076,36.36,0.3636,0.625,62.54,2
Candidate_004,Software Developer,15-1252.00,Software Developers,Active Listening,3.38,3.88,0.0,0.726,1,323,344,8,0.2290858604605659,22.91,0.2291,0.527,52.72,1
Candidate_004,Software Developer,15-1252.00,Software Developers,Speaking,3.12,3.62,0.0,0.6739999999999999,2,323,344,8,0.2290858604605659,22.91,0.2291,0.496,49.6,2
Candidate_005,Administrative Assistant,43-6014.00,"Secretaries and Administrative Assistants, Except Legal, Medical, and Executive",Active Listening,4.0,3.75,0.0,0.775,1,812,890,11,0.4384514673595585,43.85,0.4385,0.64,64.04,1
Candidate_005,Administrative Assistant,43-6014.00,"Secretaries and Administrative Assistants, Except Legal, Medical, and Executive",Speaking,4.0,3.62,0.0,0.762,2,812,890,11,0.4384514673595585,43.85,0.4385,0.633,63.26,2
Candidate_005,Administrative Assistant,43-6014.00,"Secretaries and Administrative Assistants, Except Legal, Medical, and Executive",Writing,3.75,3.5,0.0,0.725,3,812,890,11,0.4384514673595585,43.85,0.4385,0.61,61.04,3
Candidate_005,Administrative Assistant,43-6014.00,"Secretaries and Administrative Assistants, Except Legal, Medical, and Executive",Monitoring,3.12,3.25,0.0,0.637,4,812,890,11,0.4384514673595585,43.85,0.4385,0.558,55.76,4
Candidate_005,Administrative Assistant,43-6014.00,"Secretaries and Administrative Assistants, Except Legal, Medical, and Executive",Science,1.0,0.0,0.0,0.1,5,812,890,11,0.4384514673595585,43.85,0.4385,0.235,23.54,5
Candidate_005,Bookkeeper,43-3031.00,"Bookkeeping, Accounting, and Auditing Clerks",Active Listening,3.25,3.75,0.0,0.7,1,396,422,11,0.2992257912289334,29.92,0.2992,0.54,53.97,1
Candidate_005,Bookkeeper,43-3031.00,"Bookkeeping, Accounting, and Auditing Clerks",Speaking,3.12,3.12,0.0,0.624,2,396,422,11,0.2992257912289334,29.92,0.2992,0.494,49.41,2
Candidate_005,Bookkeeper,43-3031.00,"Bookkeeping, Accounting, and Auditing Clerks",Writing,3.12,3.12,0.0,0.624,2,396,422,11,0.2992257912289334,29.92,0.2992,0.494,49.41,2
Candidate_005,Bookkeeper,43-3031.00,"Bookkeeping, Accounting, and Auditing Clerks",Monitoring,3.0,2.88,0.0,0.588,3,396,422,11,0.2992257912289334,29.92,0.2992,0.472,47.25,3
Candidate_005,Bookkeeper,43-3031.00,"Bookkeeping, Accounting, and Auditing Clerks",Science,1.12,0.12,0.0,0.12400000000000001,4,396,422,11,0.2992257912289334,29.92,0.2992,0.194,19.41,4
Candidate_005,Continuing Care Assistant,31-1131.00,Nursing Assistants,Active Listening,3.62,3.0,0.0,0.6619999999999999,1,819,1172,9,0.4396201180333152,43.96,0.4396,0.573,57.3,1
Candidate_005,Continuing Care Assistant,31-1131.00,Nursing Assistants,Monitoring,3.25,3.0,0.0,0.625,2,819,1172,9,0.4396201180333152,43.96,0.4396,0.551,55.08,2
Candidate_005,Continuing Care Assistant,31-1131.00,Nursing Assistants,Speaking,3.12,3.0,0.0,0.612,3,819,1172,9,0.4396201180333152,43.96,0.4396,0.543,54.3,3
Candidate_005,Continuing Care Assistant,31-1131.00,Nursing Assistants,Writing,2.75,2.75,0.0,0.55,4,819,1172,9,0.4396201180333152,43.96,0.4396,0.506,50.58,4
Candidate_005,Continuing Care Assistant,31-1131.00,Nursing Assistants,Science,1.75,0.88,0.0,0.263,5,819,1172,9,0.4396201180333152,43.96,0.4396,0.334,33.36,5
Candidate_005,Delivery Driver,53-3033.00,Light Truck Drivers,Active Listening,3.12,2.88,0.0,0.6,1,557,622,12,0.3705312074675783,37.05,0.3705,0.508,50.82,1
Candidate_005,Delivery Driver,53-3033.00,Light Truck Drivers,Speaking,3.12,2.88,0.0,0.6,1,557,622,12,0.3705312074675783,37.05,0.3705,0.508,50.82,1
Candidate_005,Delivery Driver,53-3033.00,Light Truck Drivers,Monitoring,3.12,2.75,0.0,0.587,2,557,622,12,0.3705312074675783,37.05,0.3705,0.5,50.04,2
Candidate_005,Delivery Driver,53-3033.00,Light Truck Drivers,Writing,2.75,2.5,0.0,0.525,3,557,622,12,0.3705312074675783,37.05,0.3705,0.463,46.32,3
Candidate_005,Delivery Driver,53-3033.00,Light Truck Drivers,Science,1.12,0.12,0.0,0.12400000000000001,4,557,622,12,0.3705312074675783,37.05,0.3705,0.223,22.26,4
Candidate_005,"Driver, Truck",53-3032.00,Heavy and Tractor-Trailer Truck Drivers,Monitoring,3.12,3.0,0.0,0.612,1,1423,3705,12,0.8880268984746598,88.8,0.888,0.722,72.24,1
Candidate_005,"Driver, Truck",53-3032.00,Heavy and Tractor-Trailer Truck Drivers,Active Listening,2.88,3.0,0.0,0.588,2,1423,3705,12,0.8880268984746598,88.8,0.888,0.708,70.8,2
Candidate_005,"Driver, Truck",53-3032.00,Heavy and Tractor-Trailer Truck Drivers,Speaking,3.0,2.88,0.0,0.588,2,1423,3705,12,0.8880268984746598,88.8,0.888,0.708,70.8,2
Candidate_005,"Driver, Truck",53-3032.00,Heavy and Tractor-Trailer Truck Drivers,Writing,2.75,2.62,0.0,0.537,3,1423,3705,12,0.8880268984746598,88.8,0.888,0.677,67.74,3
Candidate_005,"Driver, Truck",53-3032.00,Heavy and Tractor-Trailer Truck Drivers,Science,1.0,0.0,0.0,0.1,4,1423,3705,12,0.8880268984746598,88.8,0.888,0.415,41.52,4
Candidate_005,Food Service Supervisor,35-1012.00,First-Line Supervisors of Food Preparation and Serving Workers,Monitoring,3.88,4.0,0.0,0.788,1,1061,2524,12,0.6833380235893983,68.33,0.6833,0.746,74.61,1
Candidate_005,Food Service Supervisor,35-1012.00,First-Line Supervisors of Food Preparation and Serving Workers,Speaking,3.88,4.0,0.0,0.788,1,1061,2524,12,0.6833380235893983,68.33,0.6833,0.746,74.61,1
Candidate_005,Food Service Supervisor,35-1012.00,First-Line Supervisors of Food Preparation and Serving Workers,Active Listening,3.75,3.0,0.0,0.675,2,1061,2524,12,0.6833380235893983,68.33,0.6833,0.678,67.83,2
Candidate_005,Food Service Supervisor,35-1012.00,First-Line Supervisors of Food Preparation and Serving Workers,Writing,3.0,3.12,0.0,0.612,3,1061,2524,12,0.6833380235893983,68.33,0.6833,0.641,64.05,3
Candidate_005,Food Service Supervisor,35-1012.00,First-Line Supervisors of Food Preparation and Serving Workers,Science,1.0,0.0,0.0,0.1,4,1061,2524,12,0.6833380235893983,68.33,0.6833,0.333,33.33,4
Candidate_005,Information Technology (IT) Analyst,15-1211.00,Computer Systems Analysts,Active Listening,4.0,4.12,0.0,0.812,1,347,357,10,0.266375870790639,26.64,0.2664,0.594,59.38,1
Candidate_005,Information Technology (IT) Analyst,15-1211.00,Computer Systems Analysts,Speaking,4.0,4.0,0.0,0.8,2,347,357,10,0.266375870790639,26.64,0.2664,0.587,58.66,2
Candidate_005,Information Technology (IT) Analyst,15-1211.00,Computer Systems Analysts,Writing,4.0,4.0,0.0,0.8,2,347,357,10,0.266375870790639,26.64,0.2664,0.587,58.66,2
Candidate_005,Information Technology (IT) Analyst,15-1211.00,Computer Systems Analysts,Monitoring,3.62,4.0,0.0,0.762,3,347,357,10,0.266375870790639,26.64,0.2664,0.564,56.38,3
Candidate_005,Information Technology (IT) Analyst,15-1211.00,Computer Systems Analysts,Science,2.75,3.12,0.0,0.587,4,347,357,10,0.266375870790639,26.64,0.2664,0.459,45.88,4
Candidate_005,Inside Sales Representative,41-2031.00,Retail Salespersons,Active Listening,3.75,3.75,0.0,0.75,1,1876,2449,13,0.8643994601889338,86.44,0.8644,0.796,79.58,1
Candidate_005,Inside Sales Representative,41-2031.00,Retail Salespersons,Speaking,3.75,3.12,0.0,0.687,2,1876,2449,13,0.8643994601889338,86.44,0.8644,0.758,75.8,2
Candidate_005,Inside Sales Representative,41-2031.00,Retail Salespersons,Monitoring,3.0,3.12,0.0,0.612,3,1876,2449,13,0.8643994601889338,86.44,0.8644,0.713,71.3,3
Candidate_005,Inside Sales Representative,41-2031.00,Retail Salespersons,Writing,3.0,3.0,0.0,0.6,4,1876,2449,13,0.8643994601889338,86.44,0.8644,0.706,70.58,4
Candidate_005,Inside Sales Representative,41-2031.00,Retail Salespersons,Science,1.0,0.0,0.0,0.1,5,1876,2449,13,0.8643994601889338,86.44,0.8644,0.406,40.58,5
Candidate_005,Licensed Practical Nurse (L.P.N.),29-2061.00,Licensed Practical and Licensed Vocational Nurses,Active Listening,3.88,4.0,0.0,0.788,1,437,527,10,0.3039192124973743,30.39,0.3039,0.594,59.44,1
Candidate_005,Licensed Practical Nurse (L.P.N.),29-2061.00,Licensed Practical and Licensed Vocational Nurses,Monitoring,3.88,4.0,0.0,0.788,1,437,527,10,0.3039192124973743,30.39,0.3039,0.594,59.44,1
Candidate_005,Licensed Practical Nurse (L.P.N.),29-2061.00,Licensed Practical and Licensed Vocational Nurses,Speaking,3.88,4.0,0.0,0.788,1,437,527,10,0.3039192124973743,30.39,0.3039,0.594,59.44,1
Candidate_005,Licensed Practical Nurse (L.P.N.),29-2061.00,Licensed Practical and Licensed Vocational Nurses,Writing,3.25,3.12,0.0,0.637,2,437,527,10,0.3039192124973743,30.39,0.3039,0.504,50.38,2
Candidate_005,Licensed Practical Nurse (L.P.N.),29-2061.00,Licensed Practical and Licensed Vocational Nurses,Science,2.62,2.62,0.0,0.524,3,437,527,10,0.3039192124973743,30.39,0.3039,0.436,43.6,3
Candidate_005,Office Administrator,43-1011.00,First-Line Supervisors of Office and Administrative Support Workers,Active Listening,4.0,4.0,0.0,0.8,1,676,1709,13,0.5286438829565303,52.86,0.5286,0.691,69.14,1
Candidate_005,Office Administrator,43-1011.00,First-Line Supervisors of Office and Administrative Support Workers,Monitoring,4.0,4.0,0.0,0.8,1,676,1709,13,0.5286438829565303,52.86,0.5286,0.691,69.14,1
Candidate_005,Office Administrator,43-1011.00,First-Line Supervisors of Office and Administrative Support Workers,Speaking,4.0,4.0,0.0,0.8,1,676,1709,13,0.5286438829565303,52.86,0.5286,0.691,69.14,1
Candidate_005,Office Administrator,43-1011.00,First-Line Supervisors of Office and Administrative Support Workers,Writing,3.75,3.75,0.0,0.75,2,676,1709,13,0.5286438829565303,52.86,0.5286,0.661,66.14,2
Candidate_005,Office Administrator,43-1011.00,First-Line Supervisors of Office and Administrative Support Workers,Science,1.38,0.38,0.0,0.176,3,676,1709,13,0.5286438829565303,52.86,0.5286,0.317,31.7,3
Candidate_005,Office Manager,43-1011.00,First-Line Supervisors of Office and Administrative Support Workers,Monitoring,4.0,4.0,0.0,0.8,1,676,1709,13,0.5286438829565303,52.86,0.5286,0.691,69.14,1
Candidate_005,Office Manager,43-1011.00,First-Line Supervisors of Office and Administrative Support Workers,Speaking,4.0,4.0,0.0,0.8,1,676,1709,13,0.5286438829565303,52.86,0.5286,0.691,69.14,1
Candidate_005,Office Manager,43-1011.00,First-Line Supervisors of Office and Administrative Support Workers,Active Listening,4.0,3.88,0.0,0.788,2,676,1709,13,0.5286438829565303,52.86,0.5286,0.684,68.42,2
Candidate_005,Office Manager,43-1011.00,First-Line Supervisors of Office and Administrative Support Workers,Writing,3.75,3.75,0.0,0.75,3,676,1709,13,0.5286438829565303,52.86,0.5286,0.661,66.14,3
Candidate_005,Office Manager,43-1011.00,First-Line Supervisors of Office and Administrative Support Workers,Science,1.0,0.0,0.0,0.1,4,676,1709,13,0.5286438829565303,52.86,0.5286,0.271,27.14,4
Candidate_005,Restaurant Manager,11-9051.00,Food Service Managers,Speaking,3.88,4.0,0.0,0.788,1,1139,1473,12,0.5865008675534992,58.65,0.5865,0.707,70.74,1
Candidate_005,Restaurant Manager,11-9051.00,Food Service Managers,Monitoring,3.88,3.88,0.0,0.776,2,1139,1473,12,0.5865008675534992,58.65,0.5865,0.7,70.02,2
Candidate_005,Restaurant Manager,11-9051.00,Food Service Managers,Active Listening,3.88,3.5,0.0,0.738,3,1139,1473,12,0.5865008675534992,58.65,0.5865,0.677,67.74,3
Candidate_005,Restaurant Manager,11-9051.00,Food Service Managers,Writing,3.0,3.12,0.0,0.612,4,1139,1473,12,0.5865008675534992,58.65,0.5865,0.602,60.18,4
Candidate_005,Restaurant Manager,11-9051.00,Food Service Managers,Science,1.62,0.62,0.0,0.224,5,1139,1473,12,0.5865008675534992,58.65,0.5865,0.369,36.9,5
Candidate_005,Retail Sales Associate,41-2031.00,Retail Salespersons,Active Listening,3.75,3.75,0.0,0.75,1,1876,2449,13,0.8643994601889338,86.44,0.8644,0.796,79.58,1
Candidate_005,Retail Sales Associate,41-2031.00,Retail Salespersons,Speaking,3.75,3.12,0.0,0.687,2,1876,2449,13,0.8643994601889338,86.44,0.8644,0.758,75.8,2
Candidate_005,Retail Sales Associate,41-2031.00,Retail Salespersons,Monitoring,3.0,3.12,0.0,0.612,3,1876,2449,13,0.8643994601889338,86.44,0.8644,0.713,71.3,3
Candidate_005,Retail Sales Associate,41-2031.00,Retail Salespersons,Writing,3.0,3.0,0.0,0.6,4,1876,2449,13,0.8643994601889338,86.44,0.8644,0.706,70.58,4
Candidate_005,Retail Sales Associate,41-2031.00,Retail Salespersons,Science,1.0,0.0,0.0,0.1,5,1876,2449,13,0.8643994601889338,86.44,0.8644,0.406,40.58,5
Candidate_005,Secondary School Teacher,25-2031.00,"Secondary School Teachers, Except Special and Career/Technical Education",Speaking,4.0,4.12,0.0,0.812,1,681,740,9,0.3635561348837076,36.36,0.3636,0.633,63.26,1
Candidate_005,Secondary School Teacher,25-2031.00,"Secondary School Teachers, Except Special and Career/Technical Education",Active Listening,4.0,4.0,0.0,0.8,2,681,740,9,0.3635561348837076,36.36,0.3636,0.625,62.54,2
Candidate_005,Secondary School Teacher,25-2031.00,"Secondary School Teachers, Except Special and Career/Technical Education",Monitoring,3.88,4.0,0.0,0.788,3,681,740,9,0.3635561348837076,36.36,0.3636,0.618,61.82,3
Candidate_005,Secondary School Teacher,25-2031.00,"Secondary School Teachers, Except Special and Career/Technical Education",Writing,3.62,3.75,0.0,0.737,4,681,740,9,0.3635561348837076,36.36,0.3636,0.588,58.76,4
Candidate_005,Secondary School Teacher,25-2031.00,"Secondary School Teachers, Except Special and Career/Technical Education",Science,2.0,1.88,0.0,0.388,5,681,740,9,0.3635561348837076,36.36,0.3636,0.378,37.82,5
Candidate_005,Software Developer,15-1252.00,Software Developers,Active Listening,3.38,3.88,0.0,0.726,1,323,344,8,0.2290858604605659,22.91,0.2291,0.527,52.72,1
Candidate_005,Software Developer,15-1252.00,Software Developers,Writing,3.25,3.62,0.0,0.687,2,323,344,8,0.2290858604605659,22.91,0.2291,0.504,50.38,2
Candidate_005,Software Developer,15-1252.00,Software Developers,Speaking,3.12,3.62,0.0,0.6739999999999999,3,323,344,8,0.2290858604605659,22.91,0.2291,0.496,49.6,3
Candidate_005,Software Developer,15-1252.00,Software Developers,Monitoring,3.0,3.5,0.0,0.6499999999999999,4,323,344,8,0.2290858604605659,22.91,0.2291,0.482,48.16,4
Candidate_005,Software Developer,15-1252.00,Software Developers,Science,2.12,1.88,0.0,0.4,5,323,344,8,0.2290858604605659,22.91,0.2291,0.332,33.16,5
Candidate_006,Administrative Assistant,43-6014.00,"Secretaries and Administrative Assistants, Except Legal, Medical, and Executive",Monitoring,3.12,3.25,0.0,0.637,1,812,890,11,0.4384514673595585,43.85,0.4385,0.558,55.76,1
Candidate_006,Bookkeeper,43-3031.00,"Bookkeeping, Accounting, and Auditing Clerks",Monitoring,3.0,2.88,0.0,0.588,1,396,422,11,0.2992257912289334,29.92,0.2992,0.472,47.25,1
Candidate_006,Continuing Care Assistant,31-1131.00,Nursing Assistants,Monitoring,3.25,3.0,0.0,0.625,1,819,1172,9,0.4396201180333152,43.96,0.4396,0.551,55.08,1
Candidate_006,Delivery Driver,53-3033.00,Light Truck Drivers,Monitoring,3.12,2.75,0.0,0.587,1,557,622,12,0.3705312074675783,37.05,0.3705,0.5,50.04,1
Candidate_006,"Driver, Truck",53-3032.00,Heavy and Tractor-Trailer Truck Drivers,Monitoring,3.12,3.0,0.0,0.612,1,1423,3705,12,0.8880268984746598,88.8,0.888,0.722,72.24,1
Candidate_006,Food Service Supervisor,35-1012.00,First-Line Supervisors of Food Preparation and Serving Workers,Monitoring,3.88,4.0,0.0,0.788,1,1061,2524,12,0.6833380235893983,68.33,0.6833,0.746,74.61,1
Candidate_006,Information Technology (IT) Analyst,15-1211.00,Computer Systems Analysts,Monitoring,3.62,4.0,0.0,0.762,1,347,357,10,0.266375870790639,26.64,0.2664,0.564,56.38,1
Candidate_006,Inside Sales Representative,41-2031.00,Retail Salespersons,Monitoring,3.0,3.12,0.0,0.612,1,1876,2449,13,0.8643994601889338,86.44,0.8644,0.713,71.3,1
Candidate_006,Licensed Practical Nurse (L.P.N.),29-2061.00,Licensed Practical and Licensed Vocational Nurses,Monitoring,3.88,4.0,0.0,0.788,1,437,527,10,0.3039192124973743,30.39,0.3039,0.594,59.44,1
Candidate_006,Office Administrator,43-1011.00,First-Line Supervisors of Office and Administrative Support Workers,Monitoring,4.0,4.0,0.0,0.8,1,676,1709,13,0.5286438829565303,52.86,0.5286,0.691,69.14,1
Candidate_006,Office Manager,43-1011.00,First-Line Supervisors of Office and Administrative Support Workers,Monitoring,4.0,4.0,0.0,0.8,1,676,1709,13,0.5286438829565303,52.86,0.5286,0.691,69.14,1
Candidate_006,Restaurant Manager,11-9051.00,Food Service Managers,Monitoring,3.88,3.88,0.0,0.776,1,1139,1473,12,0.5865008675534992,58.65,0.5865,0.7,70.02,1
Candidate_006,Retail Sales Associate,41-2031.00,Retail Salespersons,Monitoring,3.0,3.12,0.0,0.612,1,1876,2449,13,0.8643994601889338,86.44,0.8644,0.713,71.3,1
Candidate_006,Secondary School Teacher,25-2031.00,"Secondary School Teachers, Except Special and Career/Technical Education",Monitoring,3.88,4.0,0.0,0.788,1,681,740,9,0.3635561348837076,36.36,0.3636,0.618,61.82,1
Candidate_006,Software Developer,15-1252.00,Software Developers,Monitoring,3.0,3.5,0.0,0.6499999999999999,1,323,344,8,0.2290858604605659,22.91,0.2291,0.482,48.16,1
Candidate_008,Administrative Assistant,43-6014.00,"Secretaries and Administrative Assistants, Except Legal, Medical, and Executive",Active Listening,4.0,3.75,0.0,0.775,1,812,890,11,0.4384514673595585,43.85,0.4385,0.64,64.04,1
Candidate_008,Administrative Assistant,43-6014.00,"Secretaries and Administrative Assistants, Except Legal, Medical, and Executive",Speaking,4.0,3.62,0.0,0.762,2,812,890,11,0.4384514673595585,43.85,0.4385,0.633,63.26,2
Candidate_008,Administrative Assistant,43-6014.00,"Secretaries and Administrative Assistants, Except Legal, Medical, and Executive",Writing,3.75,3.5,0.0,0.725,3,812,890,11,0.4384514673595585,43.85,0.4385,0.61,61.04,3
Candidate_008,Bookkeeper,43-3031.00,"Bookkeeping, Accounting, and Auditing Clerks",Active Listening,3.25,3.75,0.0,0.7,1,396,422,11,0.2992257912289334,29.92,0.2992,0.54,53.97,1
Candidate_008,Bookkeeper,43-3031.00,"Bookkeeping, Accounting, and Auditing Clerks",Speaking,3.12,3.12,0.0,0.624,2,396,422,11,0.2992257912289334,29.92,0.2992,0.494,49.41,2
Candidate_008,Bookkeeper,43-3031.00,"Bookkeeping, Accounting, and Auditing Clerks",Writing,3.12,3.12,0.0,0.624,2,396,422,11,0.2992257912289334,29.92,0.2992,0.494,49.41,2
Candidate_008,Continuing Care Assistant,31-1131.00,Nursing Assistants,Active Listening,3.62,3.0,0.0,0.6619999999999999,1,819,1172,9,0.4396201180333152,43.96,0.4396,0.573,57.3,1
Candidate_008,Continuing Care Assistant,31-1131.00,Nursing Assistants,Speaking,3.12,3.0,0.0,0.612,2,819,1172,9,0.4396201180333152,43.96,0.4396,0.543,54.3,2
Candidate_008,Continuing Care Assistant,31-1131.00,Nursing Assistants,Writing,2.75,2.75,0.0,0.55,3,819,1172,9,0.4396201180333152,43.96,0.4396,0.506,50.58,3
Candidate_008,Delivery Driver,53-3033.00,Light Truck Drivers,Active Listening,3.12,2.88,0.0,0.6,1,557,622,12,0.3705312074675783,37.05,0.3705,0.508,50.82,1
Candidate_008,Delivery Driver,53-3033.00,Light Truck Drivers,Speaking,3.12,2.88,0.0,0.6,1,557,622,12,0.3705312074675783,37.05,0.3705,0.508,50.82,1
Candidate_008,Delivery Driver,53-3033.00,Light Truck Drivers,Writing,2.75,2.5,0.0,0.525,2,557,622,12,0.3705312074675783,37.05,0.3705,0.463,46.32,2
Candidate_008,"Driver, Truck",53-3032.00,Heavy and Tractor-Trailer Truck Drivers,Active Listening,2.88,3.0,0.0,0.588,1,1423,3705,12,0.8880268984746598,88.8,0.888,0.708,70.8,1
Candidate_008,"Driver, Truck",53-3032.00,Heavy and Tractor-Trailer Truck Drivers,Speaking,3.0,2.88,0.0,0.588,1,1423,3705,12,0.8880268984746598,88.8,0.888,0.708,70.8,1
Candidate_008,"Driver, Truck",53-3032.00,Heavy and Tractor-Trailer Truck Drivers,Writing,2.75,2.62,0.0,0.537,2,1423,3705,12,0.8880268984746598,88.8,0.888,0.677,67.74,2
Candidate_008,Food Service Supervisor,35-1012.00,First-Line Supervisors of Food Preparation and Serving Workers,Speaking,3.88,4.0,0.0,0.788,1,1061,2524,12,0.6833380235893983,68.33,0.6833,0.746,74.61,1
Candidate_008,Food Service Supervisor,35-1012.00,First-Line Supervisors of Food Preparation and Serving Workers,Active Listening,3.75,3.0,0.0,0.675,2,1061,2524,12,0.6833380235893983,68.33,0.6833,0.678,67.83,2
Candidate_008,Food Service Supervisor,35-1012.00,First-Line Supervisors of Food Preparation and Serving Workers,Writing,3.0,3.12,0.0,0.612,3,1061,2524,12,0.6833380235893983,68.33,0.6833,0.641,64.05,3
Candidate_008,Information Technology (IT) Analyst,15-1211.00,Computer Systems Analysts,Active Listening,4.0,4.12,0.0,0.812,1,347,357,10,0.266375870790639,26.64,0.2664,0.594,59.38,1
Candidate_008,Information Technology (IT) Analyst,15-1211.00,Computer Systems Analysts,Speaking,4.0,4.0,0.0,0.8,2,347,357,10,0.266375870790639,26.64,0.2664,0.587,58.66,2
Candidate_008,Information Technology (IT) Analyst,15-1211.00,Computer Systems Analysts,Writing,4.0,4.0,0.0,0.8,2,347,357,10,0.266375870790639,26.64,0.2664,0.587,58.66,2
Candidate_008,Inside Sales Representative,41-2031.00,Retail Salespersons,Active Listening,3.75,3.75,0.0,0.75,1,1876,2449,13,0.8643994601889338,86.44,0.8644,0.796,79.58,1
Candidate_008,Inside Sales Representative,41-2031.00,Retail Salespersons,Speaking,3.75,3.12,0.0,0.687,2,1876,2449,13,0.8643994601889338,86.44,0.8644,0.758,75.8,2
Candidate_008,Inside Sales Representative,41-2031.00,Retail Salespersons,Writing,3.0,3.0,0.0,0.6,3,1876,2449,13,0.8643994601889338,86.44,0.8644,0.706,70.58,3
Candidate_008,Licensed Practical Nurse (L.P.N.),29-2061.00,Licensed Practical and Licensed Vocational Nurses,Active Listening,3.88,4.0,0.0,0.788,1,437,527,10,0.3039192124973743,30.39,0.3039,0.594,59.44,1
Candidate_008,Licensed Practical Nurse (L.P.N.),29-2061.00,Licensed Practical and Licensed Vocational Nurses,Speaking,3.88,4.0,0.0,0.788,1,437,527,10,0.3039192124973743,30.39,0.3039,0.594,59.44,1
Candidate_008,Licensed Practical Nurse (L.P.N.),29-2061.00,Licensed Practical and Licensed Vocational Nurses,Writing,3.25,3.12,0.0,0.637,2,437,527,10,0.3039192124973743,30.39,0.3039,0.504,50.38,2
Candidate_008,Office Administrator,43-1011.00,First-Line Supervisors of Office and Administrative Support Workers,Active Listening,4.0,4.0,0.0,0.8,1,676,1709,13,0.5286438829565303,52.86,0.5286,0.691,69.14,1
Candidate_008,Office Administrator,43-1011.00,First-Line Supervisors of Office and Administrative Support Workers,Speaking,4.0,4.0,0.0,0.8,1,676,1709,13,0.5286438829565303,52.86,0.5286,0.691,69.14,1
Candidate_008,Office Administrator,43-1011.00,First-Line Supervisors of Office and Administrative Support Workers,Writing,3.75,3.75,0.0,0.75,2,676,1709,13,0.5286438829565303,52.86,0.5286,0.661,66.14,2
Candidate_008,Office Manager,43-1011.00,First-Line Supervisors of Office and Administrative Support Workers,Speaking,4.0,4.0,0.0,0.8,1,676,1709,13,0.5286438829565303,52.86,0.5286,0.691,69.14,1
Candidate_008,Office Manager,43-1011.00,First-Line Supervisors of Office and Administrative Support Workers,Active Listening,4.0,3.88,0.0,0.788,2,676,1709,13,0.5286438829565303,52.86,0.5286,0.684,68.42,2
Candidate_008,Office Manager,43-1011.00,First-Line Supervisors of Office and Administrative Support Workers,Writing,3.75,3.75,0.0,0.75,3,676,1709,13,0.5286438829565303,52.86,0.5286,0.661,66.14,3
Candidate_008,Restaurant Manager,11-9051.00,Food Service Managers,Speaking,3.88,4.0,0.0,0.788,1,1139,1473,12,0.5865008675534992,58.65,0.5865,0.707,70.74,1
Candidate_008,Restaurant Manager,11-9051.00,Food Service Managers,Active Listening,3.88,3.5,0.0,0.738,2,1139,1473,12,0.5865008675534992,58.65,0.5865,0.677,67.74,2
Candidate_008,Restaurant Manager,11-9051.00,Food Service Managers,Writing,3.0,3.12,0.0,0.612,3,1139,1473,12,0.5865008675534992,58.65,0.5865,0.602,60.18,3
Candidate_008,Retail Sales Associate,41-2031.00,Retail Salespersons,Active Listening,3.75,3.75,0.0,0.75,1,1876,2449,13,0.8643994601889338,86.44,0.8644,0.796,79.58,1
Candidate_008,Retail Sales Associate,41-2031.00,Retail Salespersons,Speaking,3.75,3.12,0.0,0.687,2,1876,2449,13,0.8643994601889338,86.44,0.8644,0.758,75.8,2
Candidate_008,Retail Sales Associate,41-2031.00,Retail Salespersons,Writing,3.0,3.0,0.0,0.6,3,1876,2449,13,0.8643994601889338,86.44,0.8644,0.706,70.58,3
Candidate_008,Secondary School Teacher,25-2031.00,"Secondary School Teachers, Except Special and Career/Technical Education",Speaking,4.0,4.12,0.0,0.812,1,681,740,9,0.3635561348837076,36.36,0.3636,0.633,63.26,1
Candidate_008,Secondary School Teacher,25-2031.00,"Secondary School Teachers, Except Special and Career/Technical Education",Active Listening,4.0,4.0,0.0,0.8,2,681,740,9,0.3635561348837076,36.36,0.3636,0.625,62.54,2
Candidate_008,Secondary School Teacher,25-2031.00,"Secondary School Teachers, Except Special and Career/Technical Education",Writing,3.62,3.75,0.0,0.737,3,681,740,9,0.3635561348837076,36.36,0.3636,0.588,58.76,3
Candidate_008,Software Developer,15-1252.00,Software Developers,Active Listening,3.38,3.88,0.0,0.726,1,323,344,8,0.2290858604605659,22.91,0.2291,0.527,52.72,1
Candidate_008,Software Developer,15-1252.00,Software Developers,Writing,3.25,3.62,0.0,0.687,2,323,344,8,0.2290858604605659,22.91,0.2291,0.504,50.38,2
Candidate_008,Software Developer,15-1252.00,Software Developers,Speaking,3.12,3.62,0.0,0.6739999999999999,3,323,344,8,0.2290858604605659,22.91,0.2291,0.496,49.6,3
Candidate_009,Administrative Assistant,43-6014.00,"Secretaries and Administrative Assistants, Except Legal, Medical, and Executive",Active Listening,4.0,3.75,0.0,0.775,1,812,890,11,0.4384514673595585,43.85,0.4385,0.64,64.04,1
Candidate_009,Administrative Assistant,43-6014.00,"Secretaries and Administrative Assistants, Except Legal, Medical, and Executive",Speaking,4.0,3.62,0.0,0.762,2,812,890,11,0.4384514673595585,43.85,0.4385,0.633,63.26,2
Candidate_009,Administrative Assistant,43-6014.00,"Secretaries and Administrative Assistants, Except Legal, Medical, and Executive",Critical Thinking,3.0,3.62,0.0,0.6619999999999999,3,812,890,11,0.4384514673595585,43.85,0.4385,0.573,57.26,3
Candidate_009,Administrative Assistant,43-6014.00,"Secretaries and Administrative Assistants, Except Legal, Medical, and Executive",Monitoring,3.12,3.25,0.0,0.637,4,812,890,11,0.4384514673595585,43.85,0.4385,0.558,55.76,4
Candidate_009,Administrative Assistant,43-6014.00,"Secretaries and Administrative Assistants, Except Legal, Medical, and Executive",Active Learning,2.88,3.0,0.0,0.588,5,812,890,11,0.4384514673595585,43.85,0.4385,0.528,52.82,5
Candidate_009,Administrative Assistant,43-6014.00,"Secretaries and Administrative Assistants, Except Legal, Medical, and Executive",Learning Strategies,2.12,1.88,0.0,0.4,6,812,890,11,0.4384514673595585,43.85,0.4385,0.415,41.54,6
Candidate_009,Administrative Assistant,43-6014.00,"Secretaries and Administrative Assistants, Except Legal, Medical, and Executive",Mathematics,2.0,1.62,0.0,0.362,7,812,890,11,0.4384514673595585,43.85,0.4385,0.393,39.26,7
Candidate_009,Administrative Assistant,43-6014.00,"Secretaries and Administrative Assistants, Except Legal, Medical, and Executive",Science,1.0,0.0,0.0,0.1,8,812,890,11,0.4384514673595585,43.85,0.4385,0.235,23.54,8
Candidate_009,Bookkeeper,43-3031.00,"Bookkeeping, Accounting, and Auditing Clerks",Active Listening,3.25,3.75,0.0,0.7,1,396,422,11,0.2992257912289334,29.92,0.2992,0.54,53.97,1
Candidate_009,Bookkeeper,43-3031.00,"Bookkeeping, Accounting, and Auditing Clerks",Mathematics,3.38,3.38,0.0,0.6759999999999999,2,396,422,11,0.2992257912289334,29.92,0.2992,0.525,52.53,2
Candidate_009,Bookkeeper,43-3031.00,"Bookkeeping, Accounting, and Auditing Clerks",Critical Thinking,3.25,3.25,0.0,0.65,3,396,422,11,0.2992257912289334,29.92,0.2992,0.51,50.97,3
Candidate_009,Bookkeeper,43-3031.00,"Bookkeeping, Accounting, and Auditing Clerks",Speaking,3.12,3.12,0.0,0.624,4,396,422,11,0.2992257912289334,29.92,0.2992,0.494,49.41,4
Candidate_009,Bookkeeper,43-3031.00,"Bookkeeping, Accounting, and Auditing Clerks",Monitoring,3.0,2.88,0.0,0.588,5,396,422,11,0.2992257912289334,29.92,0.2992,0.472,47.25,5
Candidate_009,Bookkeeper,43-3031.00,"Bookkeeping, Accounting, and Auditing Clerks",Active Learning,2.75,3.12,0.0,0.587,6,396,422,11,0.2992257912289334,29.92,0.2992,0.472,47.19,5
Candidate_009,Bookkeeper,43-3031.00,"Bookkeeping, Accounting, and Auditing Clerks",Learning Strategies,2.0,1.88,0.0,0.388,7,396,422,11,0.2992257912289334,29.92,0.2992,0.352,35.25,6
Candidate_009,Bookkeeper,43-3031.00,"Bookkeeping, Accounting, and Auditing Clerks",Science,1.12,0.12,0.0,0.12400000000000001,8,396,422,11,0.2992257912289334,29.92,0.2992,0.194,19.41,7
Candidate_009,Continuing Care Assistant,31-1131.00,Nursing Assistants,Active Listening,3.62,3.0,0.0,0.6619999999999999,1,819,1172,9,0.4396201180333152,43.96,0.4396,0.573,57.3,1
Candidate_009,Continuing Care Assistant,31-1131.00,Nursing Assistants,Monitoring,3.25,3.0,0.0,0.625,2,819,1172,9,0.4396201180333152,43.96,0.4396,0.551,55.08,2
Candidate_009,Continuing Care Assistant,31-1131.00,Nursing Assistants,Critical Thinking,3.12,3.12,0.0,0.624,3,819,1172,9,0.4396201180333152,43.96,0.4396,0.55,55.02,3
Candidate_009,Continuing Care Assistant,31-1131.00,Nursing Assistants,Speaking,3.12,3.0,0.0,0.612,4,819,1172,9,0.4396201180333152,43.96,0.4396,0.543,54.3,4
Candidate_009,Continuing Care Assistant,31-1131.00,Nursing Assistants,Active Learning,2.88,2.75,0.0,0.563,5,819,1172,9,0.4396201180333152,43.96,0.4396,0.514,51.36,5
Candidate_009,Continuing Care Assistant,31-1131.00,Nursing Assistants,Learning Strategies,2.38,2.12,0.0,0.45,6,819,1172,9,0.4396201180333152,43.96,0.4396,0.446,44.58,6
Candidate_009,Continuing Care Assistant,31-1131.00,Nursing Assistants,Mathematics,2.12,1.88,0.0,0.4,7,819,1172,9,0.4396201180333152,43.96,0.4396,0.416,41.58,7
Candidate_009,Continuing Care Assistant,31-1131.00,Nursing Assistants,Science,1.75,0.88,0.0,0.263,8,819,1172,9,0.4396201180333152,43.96,0.4396,0.334,33.36,8
Candidate_009,Delivery Driver,53-3033.00,Light Truck Drivers,Active Listening,3.12,2.88,0.0,0.6,1,557,622,12,0.3705312074675783,37.05,0.3705,0.508,50.82,1
Candidate_009,Delivery Driver,53-3033.00,Light Truck Drivers,Speaking,3.12,2.88,0.0,0.6,1,557,622,12,0.3705312074675783,37.05,0.3705,0.508,50.82,1
Candidate_009,Delivery Driver,53-3033.00,Light Truck Drivers,Monitoring,3.12,2.75,0.0,0.587,2,557,622,12,0.3705312074675783,37.05,0.3705,0.5,50.04,2
Candidate_009,Delivery Driver,53-3033.00,Light Truck Drivers,Critical Thinking,3.0,2.75,0.0,0.575,3,557,622,12,0.3705312074675783,37.05,0.3705,0.493,49.32,3
Candidate_009,Delivery Driver,53-3033.00,Light Truck Drivers,Mathematics,2.25,2.12,0.0,0.43700000000000006,4,557,622,12,0.3705312074675783,37.05,0.3705,0.41,41.04,4
Candidate_009,Delivery Driver,53-3033.00,Light Truck Drivers,Active Learning,2.12,2.0,0.0,0.41200000000000003,5,557,622,12,0.3705312074675783,37.05,0.3705,0.395,39.54,5
Candidate_009,Delivery Driver,53-3033.00,Light Truck Drivers,Learning Strategies,2.0,1.62,0.0,0.362,6,557,622,12,0.3705312074675783,37.05,0.3705,0.365,36.54,6
Candidate_009,Delivery Driver,53-3033.00,Light Truck Drivers,Science,1.12,0.12,0.0,0.12400000000000001,7,557,622,12,0.3705312074675783,37.05,0.3705,0.223,22.26,7
Candidate_009,"Driver, Truck",53-3032.00,Heavy and Tractor-Trailer Truck Drivers,Monitoring,3.12,3.0,0.0,0.612,1,1423,3705,12,0.8880268984746598,88.8,0.888,0.722,72.24,1
Candidate_009,"Driver, Truck",53-3032.00,Heavy and Tractor-Trailer Truck Drivers,Active Listening,2.88,3.0,0.0,0.588,2,1423,3705,12,0.8880268984746598,88.8,0.888,0.708,70.8,2
Candidate_009,"Driver, Truck",53-3032.00,Heavy and Tractor-Trailer Truck Drivers,Critical Thinking,3.0,2.88,0.0,0.588,2,1423,3705,12,0.8880268984746598,88.8,0.888,0.708,70.8,2
Candidate_009,"Driver, Truck",53-3032.00,Heavy and Tractor-Trailer Truck Drivers,Speaking,3.0,2.88,0.0,0.588,2,1423,3705,12,0.8880268984746598,88.8,0.888,0.708,70.8,2
Candidate_009,"Driver, Truck",53-3032.00,Heavy and Tractor-Trailer Truck Drivers,Active Learning,2.5,2.12,0.0,0.462,3,1423,3705,12,0.8880268984746598,88.8,0.888,0.632,63.24,3
Candidate_009,"Driver, Truck",53-3032.00,Heavy and Tractor-Trailer Truck Drivers,Mathematics,2.0,1.88,0.0,0.388,4,1423,3705,12,0.8880268984746598,88.8,0.888,0.588,58.8,4
Candidate_009,"Driver, Truck",53-3032.00,Heavy and Tractor-Trailer Truck Drivers,Learning Strategies,2.0,1.75,0.0,0.375,5,1423,3705,12,0.8880268984746598,88.8,0.888,0.58,58.02,5
Candidate_009,"Driver, Truck",53-3032.00,Heavy and Tractor-Trailer Truck Drivers,Science,1.0,0.0,0.0,0.1,6,1423,3705,12,0.8880268984746598,88.8,0.888,0.415,41.52,6
Candidate_009,Food Service Supervisor,35-1012.00,First-Line Supervisors of Food Preparation and Serving Workers,Monitoring,3.88,4.0,0.0,0.788,1,1061,2524,12,0.6833380235893983,68.33,0.6833,0.746,74.61,1
Candidate_009,Food Service Supervisor,35-1012.00,First-Line Supervisors of Food Preparation and Serving Workers,Speaking,3.88,4.0,0.0,0.788,1,1061,2524,12,0.6833380235893983,68.33,0.6833,0.746,74.61,1
Candidate_009,Food Service Supervisor,35-1012.00,First-Line Supervisors of Food Preparation and Serving Workers,Critical Thinking,3.12,3.75,0.0,0.687,2,1061,2524,12,0.6833380235893983,68.33,0.6833,0.686,68.55,2
Candidate_009,Food Service Supervisor,35-1012.00,First-Line Supervisors of Food Preparation and Serving Workers,Active Listening,3.75,3.0,0.0,0.675,3,1061,2524,12,0.6833380235893983,68.33,0.6833,0.678,67.83,3
Candidate_009,Food Service Supervisor,35-1012.00,First-Line Supervisors of Food Preparation and Serving Workers,Learning Strategies,3.12,3.12,0.0,0.624,4,1061,2524,12,0.6833380235893983,68.33,0.6833,0.648,64.77,4
Candidate_009,Food Service Supervisor,35-1012.00,First-Line Supervisors of Food Preparation and Serving Workers,Active Learning,3.0,3.12,0.0,0.612,5,1061,2524,12,0.6833380235893983,68.33,0.6833,0.641,64.05,5
Candidate_009,Food Service Supervisor,35-1012.00,First-Line Supervisors of Food Preparation and Serving Workers,Mathematics,3.0,3.0,0.0,0.6,6,1061,2524,12,0.6833380235893983,68.33,0.6833,0.633,63.33,6
Candidate_009,Food Service Supervisor,35-1012.00,First-Line Supervisors of Food Preparation and Serving Workers,Science,1.0,0.0,0.0,0.1,7,1061,2524,12,0.6833380235893983,68.33,0.6833,0.333,33.33,7
Candidate_009,Information Technology (IT) Analyst,15-1211.00,Computer Systems Analysts,Active Learning,3.75,4.75,0.0,0.85,1,347,357,10,0.266375870790639,26.64,0.2664,0.617,61.66,1
Candidate_009,Information Technology (IT) Analyst,15-1211.00,Computer Systems Analysts,Active Listening,4.0,4.12,0.0,0.812,2,347,357,10,0.266375870790639,26.64,0.2664,0.594,59.38,2
Candidate_009,Information Technology (IT) Analyst,15-1211.00,Computer Systems Analysts,Critical Thinking,4.0,4.12,0.0,0.812,2,347,357,10,0.266375870790639,26.64,0.2664,0.594,59.38,2
Candidate_009,Information Technology (IT) Analyst,15-1211.00,Computer Systems Analysts,Speaking,4.0,4.0,0.0,0.8,3,347,357,10,0.266375870790639,26.64,0.2664,0.587,58.66,3
Candidate_009,Information Technology (IT) Analyst,15-1211.00,Computer Systems Analysts,Learning Strategies,3.75,4.0,0.0,0.775,4,347,357,10,0.266375870790639,26.64,0.2664,0.572,57.16,4
Candidate_009,Information Technology (IT) Analyst,15-1211.00,Computer Systems Analysts,Monitoring,3.62,4.0,0.0,0.762,5,347,357,10,0.266375870790639,26.64,0.2664,0.564,56.38,5
Candidate_009,Information Technology (IT) Analyst,15-1211.00,Computer Systems Analysts,Mathematics,3.0,3.38,0.0,0.6379999999999999,6,347,357,10,0.266375870790639,26.64,0.2664,0.489,48.94,6
Candidate_009,Information Technology (IT) Analyst,15-1211.00,Computer Systems Analysts,Science,2.75,3.12,0.0,0.587,7,347,357,10,0.266375870790639,26.64,0.2664,0.459,45.88,7
Candidate_009,Inside Sales Representative,41-2031.00,Retail Salespersons,Active Listening,3.75,3.75,0.0,0.75,1,1876,2449,13,0.8643994601889338,86.44,0.8644,0.796,79.58,1
Candidate_009,Inside Sales Representative,41-2031.00,Retail Salespersons,Speaking,3.75,3.12,0.0,0.687,2,1876,2449,13,0.8643994601889338,86.44,0.8644,0.758,75.8,2
Candidate_009,Inside Sales Representative,41-2031.00,Retail Salespersons,Critical Thinking,3.12,3.12,0.0,0.624,3,1876,2449,13,0.8643994601889338,86.44,0.8644,0.72,72.02,3
Candidate_009,Inside Sales Representative,41-2031.00,Retail Salespersons,Monitoring,3.0,3.12,0.0,0.612,4,1876,2449,13,0.8643994601889338,86.44,0.8644,0.713,71.3,4
Candidate_009,Inside Sales Representative,41-2031.00,Retail Salespersons,Active Learning,3.0,2.88,0.0,0.588,5,1876,2449,13,0.8643994601889338,86.44,0.8644,0.699,69.86,5
Candidate_009,Inside Sales Representative,41-2031.00,Retail Salespersons,Learning Strategies,2.62,2.25,0.0,0.487,6,1876,2449,13,0.8643994601889338,86.44,0.8644,0.638,63.8,6
Candidate_009,Inside Sales Representative,41-2031.00,Retail Salespersons,Mathematics,2.62,2.0,0.0,0.462,7,1876,2449,13,0.8643994601889338,86.44,0.8644,0.623,62.3,7
Candidate_009,Inside Sales Representative,41-2031.00,Retail Salespersons,Science,1.0,0.0,0.0,0.1,8,1876,2449,13,0.8643994601889338,86.44,0.8644,0.406,40.58,8
Candidate_009,Licensed Practical Nurse (L.P.N.),29-2061.00,Licensed Practical and Licensed Vocational Nurses,Active Listening,3.88,4.0,0.0,0.788,1,437,527,10,0.3039192124973743,30.39,0.3039,0.594,59.44,1
Candidate_009,Licensed Practical Nurse (L.P.N.),29-2061.00,Licensed Practical and Licensed Vocational Nurses,Monitoring,3.88,4.0,0.0,0.788,1,437,527,10,0.3039192124973743,30.39,0.3039,0.594,59.44,1
Candidate_009,Licensed Practical Nurse (L.P.N.),29-2061.00,Licensed Practical and Licensed Vocational Nurses,Speaking,3.88,4.0,0.0,0.788,1,437,527,10,0.3039192124973743,30.39,0.3039,0.594,59.44,1
Candidate_009,Licensed Practical Nurse (L.P.N.),29-2061.00,Licensed Practical and Licensed Vocational Nurses,Critical Thinking,3.75,4.0,0.0,0.775,2,437,527,10,0.3039192124973743,30.39,0.3039,0.587,58.66,2
Candidate_009,Licensed Practical Nurse (L.P.N.),29-2061.00,Licensed Practical and Licensed Vocational Nurses,Active Learning,3.38,3.25,0.0,0.663,3,437,527,10,0.3039192124973743,30.39,0.3039,0.519,51.94,3
Candidate_009,Licensed Practical Nurse (L.P.N.),29-2061.00,Licensed Practical and Licensed Vocational Nurses,Learning Strategies,3.12,3.12,0.0,0.624,4,437,527,10,0.3039192124973743,30.39,0.3039,0.496,49.6,4
Candidate_009,Licensed Practical Nurse (L.P.N.),29-2061.00,Licensed Practical and Licensed Vocational Nurses,Mathematics,2.88,2.88,0.0,0.576,5,437,527,10,0.3039192124973743,30.39,0.3039,0.467,46.72,5
Candidate_009,Licensed Practical Nurse (L.P.N.),29-2061.00,Licensed Practical and Licensed Vocational Nurses,Science,2.62,2.62,0.0,0.524,6,437,527,10,0.3039192124973743,30.39,0.3039,0.436,43.6,6
Candidate_009,Office Administrator,43-1011.00,First-Line Supervisors of Office and Administrative Support Workers,Active Listening,4.0,4.0,0.0,0.8,1,676,1709,13,0.5286438829565303,52.86,0.5286,0.691,69.14,1
Candidate_009,Office Administrator,43-1011.00,First-Line Supervisors of Office and Administrative Support Workers,Monitoring,4.0,4.0,0.0,0.8,1,676,1709,13,0.5286438829565303,52.86,0.5286,0.691,69.14,1
Candidate_009,Office Administrator,43-1011.00,First-Line Supervisors of Office and Administrative Support Workers,Speaking,4.0,4.0,0.0,0.8,1,676,1709,13,0.5286438829565303,52.86,0.5286,0.691,69.14,1
Candidate_009,Office Administrator,43-1011.00,First-Line Supervisors of Office and Administrative Support Workers,Critical Thinking,3.88,3.88,0.0,0.776,2,676,1709,13,0.5286438829565303,52.86,0.5286,0.677,67.7,2
Candidate_009,Office Administrator,43-1011.00,First-Line Supervisors of Office and Administrative Support Workers,Active Learning,3.75,3.75,0.0,0.75,3,676,1709,13,0.5286438829565303,52.86,0.5286,0.661,66.14,3
Candidate_009,Office Administrator,43-1011.00,First-Line Supervisors of Office and Administrative Support Workers,Learning Strategies,3.62,3.75,0.0,0.737,4,676,1709,13,0.5286438829565303,52.86,0.5286,0.654,65.36,4
Candidate_009,Office Administrator,43-1011.00,First-Line Supervisors of Office and Administrative Support Workers,Mathematics,2.75,2.75,0.0,0.55,5,676,1709,13,0.5286438829565303,52.86,0.5286,0.541,54.14,5
Candidate_009,Office Administrator,43-1011.00,First-Line Supervisors of Office and Administrative Support Workers,Science,1.38,0.38,0.0,0.176,6,676,1709,13,0.5286438829565303,52.86,0.5286,0.317,31.7,6
Candidate_009,Office Manager,43-1011.00,First-Line Supervisors of Office and Administrative Support Workers,Monitoring,4.0,4.0,0.0,0.8,1,676,1709,13,0.5286438829565303,52.86,0.5286,0.691,69.14,1
Candidate_009,Office Manager,43-1011.00,First-Line Supervisors of Office and Administrative Support Workers,Speaking,4.0,4.0,0.0,0.8,1,676,1709,13,0.5286438829565303,52.86,0.5286,0.691,69.14,1
Candidate_009,Office Manager,43-1011.00,First-Line Supervisors of Office and Administrative Support Workers,Active Listening,4.0,3.88,0.0,0.788,2,676,1709,13,0.5286438829565303,52.86,0.5286,0.684,68.42,2
Candidate_009,Office Manager,43-1011.00,First-Line Supervisors of Office and Administrative Support Workers,Critical Thinking,3.88,3.88,0.0,0.776,3,676,1709,13,0.5286438829565303,52.86,0.5286,0.677,67.7,3
Candidate_009,Office Manager,43-1011.00,First-Line Supervisors of Office and Administrative Support Workers,Active Learning,3.75,3.75,0.0,0.75,4,676,1709,13,0.5286438829565303,52.86,0.5286,0.661,66.14,4
Candidate_009,Office Manager,43-1011.00,First-Line Supervisors of Office and Administrative Support Workers,Learning Strategies,3.62,3.75,0.0,0.737,5,676,1709,13,0.5286438829565303,52.86,0.5286,0.654,65.36,5
Candidate_009,Office Manager,43-1011.00,First-Line Supervisors of Office and Administrative Support Workers,Mathematics,2.75,2.75,0.0,0.55,6,676,1709,13,0.5286438829565303,52.86,0.5286,0.541,54.14,6
Candidate_009,Office Manager,43-1011.00,First-Line Supervisors of Office and Administrative Support Workers,Science,1.0,0.0,0.0,0.1,7,676,1709,13,0.5286438829565303,52.86,0.5286,0.271,27.14,7
Candidate_009,Restaurant Manager,11-9051.00,Food Service Managers,Speaking,3.88,4.0,0.0,0.788,1,1139,1473,12,0.5865008675534992,58.65,0.5865,0.707,70.74,1
Candidate_009,Restaurant Manager,11-9051.00,Food Service Managers,Monitoring,3.88,3.88,0.0,0.776,2,1139,1473,12,0.5865008675534992,58.65,0.5865,0.7,70.02,2
Candidate_009,Restaurant Manager,11-9051.00,Food Service Managers,Active Listening,3.88,3.5,0.0,0.738,3,1139,1473,12,0.5865008675534992,58.65,0.5865,0.677,67.74,3
Candidate_009,Restaurant Manager,11-9051.00,Food Service Managers,Critical Thinking,3.62,3.75,0.0,0.737,4,1139,1473,12,0.5865008675534992,58.65,0.5865,0.677,67.68,3
Candidate_009,Restaurant Manager,11-9051.00,Food Service Managers,Active Learning,3.12,3.75,0.0,0.687,5,1139,1473,12,0.5865008675534992,58.65,0.5865,0.647,64.68,4
Candidate_009,Restaurant Manager,11-9051.00,Food Service Managers,Learning Strategies,3.12,3.12,0.0,0.624,6,1139,1473,12,0.5865008675534992,58.65,0.5865,0.609,60.9,5
Candidate_009,Restaurant Manager,11-9051.00,Food Service Managers,Mathematics,2.88,2.88,0.0,0.576,7,1139,1473,12,0.5865008675534992,58.65,0.5865,0.58,58.02,6
Candidate_009,Restaurant Manager,11-9051.00,Food Service Managers,Science,1.62,0.62,0.0,0.224,8,1139,1473,12,0.5865008675534992,58.65,0.5865,0.369,36.9,7
Candidate_009,Retail Sales Associate,41-2031.00,Retail Salespersons,Active Listening,3.75,3.75,0.0,0.75,1,1876,2449,13,0.8643994601889338,86.44,0.8644,0.796,79.58,1
Candidate_009,Retail Sales Associate,41-2031.00,Retail Salespersons,Speaking,3.75,3.12,0.0,0.687,2,1876,2449,13,0.8643994601889338,86.44,0.8644,0.758,75.8,2
Candidate_009,Retail Sales Associate,41-2031.00,Retail Salespersons,Critical Thinking,3.12,3.12,0.0,0.624,3,1876,2449,13,0.8643994601889338,86.44,0.8644,0.72,72.02,3
Candidate_009,Retail Sales Associate,41-2031.00,Retail Salespersons,Monitoring,3.0,3.12,0.0,0.612,4,1876,2449,13,0.8643994601889338,86.44,0.8644,0.713,71.3,4
Candidate_009,Retail Sales Associate,41-2031.00,Retail Salespersons,Active Learning,3.0,2.88,0.0,0.588,5,1876,2449,13,0.8643994601889338,86.44,0.8644,0.699,69.86,5
Candidate_009,Retail Sales Associate,41-2031.00,Retail Salespersons,Learning Strategies,2.62,2.25,0.0,0.487,6,1876,2449,13,0.8643994601889338,86.44,0.8644,0.638,63.8,6
Candidate_009,Retail Sales Associate,41-2031.00,Retail Salespersons,Mathematics,2.62,2.0,0.0,0.462,7,1876,2449,13,0.8643994601889338,86.44,0.8644,0.623,62.3,7
Candidate_009,Retail Sales Associate,41-2031.00,Retail Salespersons,Science,1.0,0.0,0.0,0.1,8,1876,2449,13,0.8643994601889338,86.44,0.8644,0.406,40.58,8
Candidate_009,Secondary School Teacher,25-2031.00,"Secondary School Teachers, Except Special and Career/Technical Education",Learning Strategies,4.0,4.25,0.0,0.825,1,681,740,9,0.3635561348837076,36.36,0.3636,0.64,64.04,1
Candidate_009,Secondary School Teacher,25-2031.00,"Secondary School Teachers, Except Special and Career/Technical Education",Speaking,4.0,4.12,0.0,0.812,2,681,740,9,0.3635561348837076,36.36,0.3636,0.633,63.26,2
Candidate_009,Secondary School Teacher,25-2031.00,"Secondary School Teachers, Except Special and Career/Technical Education",Active Listening,4.0,4.0,0.0,0.8,3,681,740,9,0.3635561348837076,36.36,0.3636,0.625,62.54,3
Candidate_009,Secondary School Teacher,25-2031.00,"Secondary School Teachers, Except Special and Career/Technical Education",Critical Thinking,3.88,4.0,0.0,0.788,4,681,740,9,0.3635561348837076,36.36,0.3636,0.618,61.82,4
Candidate_009,Secondary School Teacher,25-2031.00,"Secondary School Teachers, Except Special and Career/Technical Education",Monitoring,3.88,4.0,0.0,0.788,4,681,740,9,0.3635561348837076,36.36,0.3636,0.618,61.82,4
Candidate_009,Secondary School Teacher,25-2031.00,"Secondary School Teachers, Except Special and Career/Technical Education",Active Learning,3.75,3.88,0.0,0.763,5,681,740,9,0.3635561348837076,36.36,0.3636,0.603,60.32,5
Candidate_009,Secondary School Teacher,25-2031.00,"Secondary School Teachers, Except Special and Career/Technical Education",Mathematics,2.75,3.0,0.0,0.575,6,681,740,9,0.3635561348837076,36.36,0.3636,0.49,49.04,6
Candidate_009,Secondary School Teacher,25-2031.00,"Secondary School Teachers, Except Special and Career/Technical Education",Science,2.0,1.88,0.0,0.388,7,681,740,9,0.3635561348837076,36.36,0.3636,0.378,37.82,7
Candidate_009,Software Developer,15-1252.00,Software Developers,Critical Thinking,3.88,4.12,0.0,0.8,1,323,344,8,0.2290858604605659,22.91,0.2291,0.572,57.16,1
Candidate_009,Software Developer,15-1252.00,Software Developers,Active Listening,3.38,3.88,0.0,0.726,2,323,344,8,0.2290858604605659,22.91,0.2291,0.527,52.72,2
Candidate_009,Software Developer,15-1252.00,Software Developers,Active Learning,3.5,3.62,0.0,0.712,3,323,344,8,0.2290858604605659,22.91,0.2291,0.519,51.88,3
Candidate_009,Software Developer,15-1252.00,Software Developers,Speaking,3.12,3.62,0.0,0.6739999999999999,4,323,344,8,0.2290858604605659,22.91,0.2291,0.496,49.6,4
Candidate_009,Software Developer,15-1252.00,Software Developers,Monitoring,3.0,3.5,0.0,0.6499999999999999,5,323,344,8,0.2290858604605659,22.91,0.2291,0.482,48.16,5
Candidate_009,Software Developer,15-1252.00,Software Developers,Mathematics,2.75,3.25,0.0,0.6000000000000001,6,323,344,8,0.2290858604605659,22.91,0.2291,0.452,45.16,6
Candidate_009,Software Developer,15-1252.00,Software Developers,Learning Strategies,2.62,3.12,0.0,0.5740000000000001,7,323,344,8,0.2290858604605659,22.91,0.2291,0.436,43.6,7
Candidate_009,Software Developer,15-1252.00,Software Developers,Science,2.12,1.88,0.0,0.4,8,323,344,8,0.2290858604605659,22.91,0.2291,0.332,33.16,8
Candidate_010,Administrative Assistant,43-6014.00,"Secretaries and Administrative Assistants, Except Legal, Medical, and Executive",Science,1.0,0.0,0.0,0.1,1,812,890,11,0.4384514673595585,43.85,0.4385,0.235,23.54,1
Candidate_010,Bookkeeper,43-3031.00,"Bookkeeping, Accounting, and Auditing Clerks",Science,1.12,0.12,0.0,0.12400000000000001,1,396,422,11,0.2992257912289334,29.92,0.2992,0.194,19.41,1
Candidate_010,Continuing Care Assistant,31-1131.00,Nursing Assistants,Science,1.75,0.88,0.0,0.263,1,819,1172,9,0.4396201180333152,43.96,0.4396,0.334,33.36,1
Candidate_010,Delivery Driver,53-3033.00,Light Truck Drivers,Science,1.12,0.12,0.0,0.12400000000000001,1,557,622,12,0.3705312074675783,37.05,0.3705,0.223,22.26,1
Candidate_010,"Driver, Truck",53-3032.00,Heavy and Tractor-Trailer Truck Drivers,Science,1.0,0.0,0.0,0.1,1,1423,3705,12,0.8880268984746598,88.8,0.888,0.415,41.52,1
Candidate_010,Food Service Supervisor,35-1012.00,First-Line Supervisors of Food Preparation and Serving Workers,Science,1.0,0.0,0.0,0.1,1,1061,2524,12,0.6833380235893983,68.33,0.6833,0.333,33.33,1
Candidate_010,Information Technology (IT) Analyst,15-1211.00,Computer Systems Analysts,Science,2.75,3.12,0.0,0.587,1,347,357,10,0.266375870790639,26.64,0.2664,0.459,45.88,1
Candidate_010,Inside Sales Representative,41-2031.00,Retail Salespersons,Science,1.0,0.0,0.0,0.1,1,1876,2449,13,0.8643994601889338,86.44,0.8644,0.406,40.58,1
Candidate_010,Licensed Practical Nurse (L.P.N.),29-2061.00,Licensed Practical and Licensed Vocational Nurses,Science,2.62,2.62,0.0,0.524,1,437,527,10,0.3039192124973743,30.39,0.3039,0.436,43.6,1
Candidate_010,Office Administrator,43-1011.00,First-Line Supervisors of Office and Administrative Support Workers,Science,1.38,0.38,0.0,0.176,1,676,1709,13,0.5286438829565303,52.86,0.5286,0.317,31.7,1
Candidate_010,Office Manager,43-1011.00,First-Line Supervisors of Office and Administrative Support Workers,Science,1.0,0.0,0.0,0.1,1,676,1709,13,0.5286438829565303,52.86,0.5286,0.271,27.14,1
Candidate_010,Restaurant Manager,11-9051.00,Food Service Managers,Science,1.62,0.62,0.0,0.224,1,1139,1473,12,0.5865008675534992,58.65,0.5865,0.369,36.9,1
Candidate_010,Retail Sales Associate,41-2031.00,Retail Salespersons,Science,1.0,0.0,0.0,0.1,1,1876,2449,13,0.8643994601889338,86.44,0.8644,0.406,40.58,1
Candidate_010,Secondary School Teacher,25-2031.00,"Secondary School Teachers, Except Special and Career/Technical Education",Science,2.0,1.88,0.0,0.388,1,681,740,9,0.3635561348837076,36.36,0.3636,0.378,37.82,1
Candidate_010,Software Developer,15-1252.00,Software Developers,Science,2.12,1.88,0.0,0.4,1,323,344,8,0.2290858604605659,22.91,0.2291,0.332,33.16,1
Candidate_011,Administrative Assistant,43-6014.00,"Secretaries and Administrative Assistants, Except Legal, Medical, and Executive",Active Listening,4.0,3.75,0.0,0.775,1,812,890,11,0.4384514673595585,43.85,0.4385,0.64,64.04,1
Candidate_011,Administrative Assistant,43-6014.00,"Secretaries and Administrative Assistants, Except Legal, Medical, and Executive",Speaking,4.0,3.62,0.0,0.762,2,812,890,11,0.4384514673595585,43.85,0.4385,0.633,63.26,2
Candidate_011,Administrative Assistant,43-6014.00,"Secretaries and Administrative Assistants, Except Legal, Medical, and Executive",Mathematics,2.0,1.62,0.0,0.362,3,812,890,11,0.4384514673595585,43.85,0.4385,0.393,39.26,3
Candidate_011,Administrative Assistant,43-6014.00,"Secretaries and Administrative Assistants, Except Legal, Medical, and Executive",Science,1.0,0.0,0.0,0.1,4,812,890,11,0.4384514673595585,43.85,0.4385,0.235,23.54,4
Candidate_011,Bookkeeper,43-3031.00,"Bookkeeping, Accounting, and Auditing Clerks",Active Listening,3.25,3.75,0.0,0.7,1,396,422,11,0.2992257912289334,29.92,0.2992,0.54,53.97,1
Candidate_011,Bookkeeper,43-3031.00,"Bookkeeping, Accounting, and Auditing Clerks",Mathematics,3.38,3.38,0.0,0.6759999999999999,2,396,422,11,0.2992257912289334,29.92,0.2992,0.525,52.53,2
Candidate_011,Bookkeeper,43-3031.00,"Bookkeeping, Accounting, and Auditing Clerks",Speaking,3.12,3.12,0.0,0.624,3,396,422,11,0.2992257912289334,29.92,0.2992,0.494,49.41,3
Candidate_011,Bookkeeper,43-3031.00,"Bookkeeping, Accounting, and Auditing Clerks",Science,1.12,0.12,0.0,0.12400000000000001,4,396,422,11,0.2992257912289334,29.92,0.2992,0.194,19.41,4
Candidate_011,Continuing Care Assistant,31-1131.00,Nursing Assistants,Active Listening,3.62,3.0,0.0,0.6619999999999999,1,819,1172,9,0.4396201180333152,43.96,0.4396,0.573,57.3,1
Candidate_011,Continuing Care Assistant,31-1131.00,Nursing Assistants,Speaking,3.12,3.0,0.0,0.612,2,819,1172,9,0.4396201180333152,43.96,0.4396,0.543,54.3,2
Candidate_011,Continuing Care Assistant,31-1131.00,Nursing Assistants,Mathematics,2.12,1.88,0.0,0.4,3,819,1172,9,0.4396201180333152,43.96,0.4396,0.416,41.58,3
Candidate_011,Continuing Care Assistant,31-1131.00,Nursing Assistants,Science,1.75,0.88,0.0,0.263,4,819,1172,9,0.4396201180333152,43.96,0.4396,0.334,33.36,4
Candidate_011,Delivery Driver,53-3033.00,Light Truck Drivers,Active Listening,3.12,2.88,0.0,0.6,1,557,622,12,0.3705312074675783,37.05,0.3705,0.508,50.82,1
Candidate_011,Delivery Driver,53-3033.00,Light Truck Drivers,Speaking,3.12,2.88,0.0,0.6,1,557,622,12,0.3705312074675783,37.05,0.3705,0.508,50.82,1
Candidate_011,Delivery Driver,53-3033.00,Light Truck Drivers,Mathematics,2.25,2.12,0.0,0.43700000000000006,2,557,622,12,0.3705312074675783,37.05,0.3705,0.41,41.04,2
Candidate_011,Delivery Driver,53-3033.00,Light Truck Drivers,Science,1.12,0.12,0.0,0.12400000000000001,3,557,622,12,0.3705312074675783,37.05,0.3705,0.223,22.26,3
Candidate_011,"Driver, Truck",53-3032.00,Heavy and Tractor-Trailer Truck Drivers,Active Listening,2.88,3.0,0.0,0.588,1,1423,3705,12,0.8880268984746598,88.8,0.888,0.708,70.8,1
Candidate_011,"Driver, Truck",53-3032.00,Heavy and Tractor-Trailer Truck Drivers,Speaking,3.0,2.88,0.0,0.588,1,1423,3705,12,0.8880268984746598,88.8,0.888,0.708,70.8,1
Candidate_011,"Driver, Truck",53-3032.00,Heavy and Tractor-Trailer Truck Drivers,Mathematics,2.0,1.88,0.0,0.388,2,1423,3705,12,0.8880268984746598,88.8,0.888,0.588,58.8,2
Candidate_011,"Driver, Truck",53-3032.00,Heavy and Tractor-Trailer Truck Drivers,Science,1.0,0.0,0.0,0.1,3,1423,3705,12,0.8880268984746598,88.8,0.888,0.415,41.52,3
Candidate_011,Food Service Supervisor,35-1012.00,First-Line Supervisors of Food Preparation and Serving Workers,Speaking,3.88,4.0,0.0,0.788,1,1061,2524,12,0.6833380235893983,68.33,0.6833,0.746,74.61,1
Candidate_011,Food Service Supervisor,35-1012.00,First-Line Supervisors of Food Preparation and Serving Workers,Active Listening,3.75,3.0,0.0,0.675,2,1061,2524,12,0.6833380235893983,68.33,0.6833,0.678,67.83,2
Candidate_011,Food Service Supervisor,35-1012.00,First-Line Supervisors of Food Preparation and Serving Workers,Mathematics,3.0,3.0,0.0,0.6,3,1061,2524,12,0.6833380235893983,68.33,0.6833,0.633,63.33,3
Candidate_011,Food Service Supervisor,35-1012.00,First-Line Supervisors of Food Preparation and Serving Workers,Science,1.0,0.0,0.0,0.1,4,1061,2524,12,0.6833380235893983,68.33,0.6833,0.333,33.33,4
Candidate_011,Information Technology (IT) Analyst,15-1211.00,Computer Systems Analysts,Active Listening,4.0,4.12,0.0,0.812,1,347,357,10,0.266375870790639,26.64,0.2664,0.594,59.38,1
Candidate_011,Information Technology (IT) Analyst,15-1211.00,Computer Systems Analysts,Speaking,4.0,4.0,0.0,0.8,2,347,357,10,0.266375870790639,26.64,0.2664,0.587,58.66,2
Candidate_011,Information Technology (IT) Analyst,15-1211.00,Computer Systems Analysts,Mathematics,3.0,3.38,0.0,0.6379999999999999,3,347,357,10,0.266375870790639,26.64,0.2664,0.489,48.94,3
Candidate_011,Information Technology (IT) Analyst,15-1211.00,Computer Systems Analysts,Science,2.75,3.12,0.0,0.587,4,347,357,10,0.266375870790639,26.64,0.2664,0.459,45.88,4
Candidate_011,Inside Sales Representative,41-2031.00,Retail Salespersons,Active Listening,3.75,3.75,0.0,0.75,1,1876,2449,13,0.8643994601889338,86.44,0.8644,0.796,79.58,1
Candidate_011,Inside Sales Representative,41-2031.00,Retail Salespersons,Speaking,3.75,3.12,0.0,0.687,2,1876,2449,13,0.8643994601889338,86.44,0.8644,0.758,75.8,2
Candidate_011,Inside Sales Representative,41-2031.00,Retail Salespersons,Mathematics,2.62,2.0,0.0,0.462,3,1876,2449,13,0.8643994601889338,86.44,0.8644,0.623,62.3,3
Candidate_011,Inside Sales Representative,41-2031.00,Retail Salespersons,Science,1.0,0.0,0.0,0.1,4,1876,2449,13,0.8643994601889338,86.44,0.8644,0.406,40.58,4
Candidate_011,Licensed Practical Nurse (L.P.N.),29-2061.00,Licensed Practical and Licensed Vocational Nurses,Active Listening,3.88,4.0,0.0,0.788,1,437,527,10,0.3039192124973743,30.39,0.3039,0.594,59.44,1
Candidate_011,Licensed Practical Nurse (L.P.N.),29-2061.00,Licensed Practical and Licensed Vocational Nurses,Speaking,3.88,4.0,0.0,0.788,1,437,527,10,0.3039192124973743,30.39,0.3039,0.594,59.44,1
Candidate_011,Licensed Practical Nurse (L.P.N.),29-2061.00,Licensed Practical and Licensed Vocational Nurses,Mathematics,2.88,2.88,0.0,0.576,2,437,527,10,0.3039192124973743,30.39,0.3039,0.467,46.72,2
Candidate_011,Licensed Practical Nurse (L.P.N.),29-2061.00,Licensed Practical and Licensed Vocational Nurses,Science,2.62,2.62,0.0,0.524,3,437,527,10,0.3039192124973743,30.39,0.3039,0.436,43.6,3
Candidate_011,Office Administrator,43-1011.00,First-Line Supervisors of Office and Administrative Support Workers,Active Listening,4.0,4.0,0.0,0.8,1,676,1709,13,0.5286438829565303,52.86,0.5286,0.691,69.14,1
Candidate_011,Office Administrator,43-1011.00,First-Line Supervisors of Office and Administrative Support Workers,Speaking,4.0,4.0,0.0,0.8,1,676,1709,13,0.5286438829565303,52.86,0.5286,0.691,69.14,1
Candidate_011,Office Administrator,43-1011.00,First-Line Supervisors of Office and Administrative Support Workers,Mathematics,2.75,2.75,0.0,0.55,2,676,1709,13,0.5286438829565303,52.86,0.5286,0.541,54.14,2
Candidate_011,Office Administrator,43-1011.00,First-Line Supervisors of Office and Administrative Support Workers,Science,1.38,0.38,0.0,0.176,3,676,1709,13,0.5286438829565303,52.86,0.5286,0.317,31.7,3
Candidate_011,Office Manager,43-1011.00,First-Line Supervisors of Office and Administrative Support Workers,Speaking,4.0,4.0,0.0,0.8,1,676,1709,13,0.5286438829565303,52.86,0.5286,0.691,69.14,1
Candidate_011,Office Manager,43-1011.00,First-Line Supervisors of Office and Administrative Support Workers,Active Listening,4.0,3.88,0.0,0.788,2,676,1709,13,0.5286438829565303,52.86,0.5286,0.684,68.42,2
Candidate_011,Office Manager,43-1011.00,First-Line Supervisors of Office and Administrative Support Workers,Mathematics,2.75,2.75,0.0,0.55,3,676,1709,13,0.5286438829565303,52.86,0.5286,0.541,54.14,3
Candidate_011,Office Manager,43-1011.00,First-Line Supervisors of Office and Administrative Support Workers,Science,1.0,0.0,0.0,0.1,4,676,1709,13,0.5286438829565303,52.86,0.5286,0.271,27.14,4
Candidate_011,Restaurant Manager,11-9051.00,Food Service Managers,Speaking,3.88,4.0,0.0,0.788,1,1139,1473,12,0.5865008675534992,58.65,0.5865,0.707,70.74,1
Candidate_011,Restaurant Manager,11-9051.00,Food Service Managers,Active Listening,3.88,3.5,0.0,0.738,2,1139,1473,12,0.5865008675534992,58.65,0.5865,0.677,67.74,2
Candidate_011,Restaurant Manager,11-9051.00,Food Service Managers,Mathematics,2.88,2.88,0.0,0.576,3,1139,1473,12,0.5865008675534992,58.65,0.5865,0.58,58.02,3
Candidate_011,Restaurant Manager,11-9051.00,Food Service Managers,Science,1.62,0.62,0.0,0.224,4,1139,1473,12,0.5865008675534992,58.65,0.5865,0.369,36.9,4
Candidate_011,Retail Sales Associate,41-2031.00,Retail Salespersons,Active Listening,3.75,3.75,0.0,0.75,1,1876,2449,13,0.8643994601889338,86.44,0.8644,0.796,79.58,1
Candidate_011,Retail Sales Associate,41-2031.00,Retail Salespersons,Speaking,3.75,3.12,0.0,0.687,2,1876,2449,13,0.8643994601889338,86.44,0.8644,0.758,75.8,2
Candidate_011,Retail Sales Associate,41-2031.00,Retail Salespersons,Mathematics,2.62,2.0,0.0,0.462,3,1876,2449,13,0.8643994601889338,86.44,0.8644,0.623,62.3,3
Candidate_011,Retail Sales Associate,41-2031.00,Retail Salespersons,Science,1.0,0.0,0.0,0.1,4,1876,2449,13,0.8643994601889338,86.44,0.8644,0.406,40.58,4
Candidate_011,Secondary School Teacher,25-2031.00,"Secondary School Teachers, Except Special and Career/Technical Education",Speaking,4.0,4.12,0.0,0.812,1,681,740,9,0.3635561348837076,36.36,0.3636,0.633,63.26,1
Candidate_011,Secondary School Teacher,25-2031.00,"Secondary School Teachers, Except Special and Career/Technical Education",Active Listening,4.0,4.0,0.0,0.8,2,681,740,9,0.3635561348837076,36.36,0.3636,0.625,62.54,2
Candidate_011,Secondary School Teacher,25-2031.00,"Secondary School Teachers, Except Special and Career/Technical Education",Mathematics,2.75,3.0,0.0,0.575,3,681,740,9,0.3635561348837076,36.36,0.3636,0.49,49.04,3
Candidate_011,Secondary School Teacher,25-2031.00,"Secondary School Teachers, Except Special and Career/Technical Education",Science,2.0,1.88,0.0,0.388,4,681,740,9,0.3635561348837076,36.36,0.3636,0.378,37.82,4
Candidate_011,Software Developer,15-1252.00,Software Developers,Active Listening,3.38,3.88,0.0,0.726,1,323,344,8,0.2290858604605659,22.91,0.2291,0.527,52.72,1
Candidate_011,Software Developer,15-1252.00,Software Developers,Speaking,3.12,3.62,0.0,0.6739999999999999,2,323,344,8,0.2290858604605659,22.91,0.2291,0.496,49.6,2
Candidate_011,Software Developer,15-1252.00,Software Developers,Mathematics,2.75,3.25,0.0,0.6000000000000001,3,323,344,8,0.2290858604605659,22.91,0.2291,0.452,45.16,3
Candidate_011,Software Developer,15-1252.00,Software Developers,Science,2.12,1.88,0.0,0.4,4,323,344,8,0.2290858604605659,22.91,0.2291,0.332,33.16,4
Candidate_012,Administrative Assistant,43-6014.00,"Secretaries and Administrative Assistants, Except Legal, Medical, and Executive",Active Listening,4.0,3.75,0.0,0.775,1,812,890,11,0.4384514673595585,43.85,0.4385,0.64,64.04,1
Candidate_012,Administrative Assistant,43-6014.00,"Secretaries and Administrative Assistants, Except Legal, Medical, and Executive",Speaking,4.0,3.62,0.0,0.762,2,812,890,11,0.4384514673595585,43.85,0.4385,0.633,63.26,2
Candidate_012,Administrative Assistant,43-6014.00,"Secretaries and Administrative Assistants, Except Legal, Medical, and Executive",Writing,3.75,3.5,0.0,0.725,3,812,890,11,0.4384514673595585,43.85,0.4385,0.61,61.04,3
Candidate_012,Bookkeeper,43-3031.00,"Bookkeeping, Accounting, and Auditing Clerks",Active Listening,3.25,3.75,0.0,0.7,1,396,422,11,0.2992257912289334,29.92,0.2992,0.54,53.97,1
Candidate_012,Bookkeeper,43-3031.00,"Bookkeeping, Accounting, and Auditing Clerks",Speaking,3.12,3.12,0.0,0.624,2,396,422,11,0.2992257912289334,29.92,0.2992,0.494,49.41,2
Candidate_012,Bookkeeper,43-3031.00,"Bookkeeping, Accounting, and Auditing Clerks",Writing,3.12,3.12,0.0,0.624,2,396,422,11,0.2992257912289334,29.92,0.2992,0.494,49.41,2
Candidate_012,Continuing Care Assistant,31-1131.00,Nursing Assistants,Active Listening,3.62,3.0,0.0,0.6619999999999999,1,819,1172,9,0.4396201180333152,43.96,0.4396,0.573,57.3,1
Candidate_012,Continuing Care Assistant,31-1131.00,Nursing Assistants,Speaking,3.12,3.0,0.0,0.612,2,819,1172,9,0.4396201180333152,43.96,0.4396,0.543,54.3,2
Candidate_012,Continuing Care Assistant,31-1131.00,Nursing Assistants,Writing,2.75,2.75,0.0,0.55,3,819,1172,9,0.4396201180333152,43.96,0.4396,0.506,50.58,3
Candidate_012,Delivery Driver,53-3033.00,Light Truck Drivers,Active Listening,3.12,2.88,0.0,0.6,1,557,622,12,0.3705312074675783,37.05,0.3705,0.508,50.82,1
Candidate_012,Delivery Driver,53-3033.00,Light Truck Drivers,Speaking,3.12,2.88,0.0,0.6,1,557,622,12,0.3705312074675783,37.05,0.3705,0.508,50.82,1
Candidate_012,Delivery Driver,53-3033.00,Light Truck Drivers,Writing,2.75,2.5,0.0,0.525,2,557,622,12,0.3705312074675783,37.05,0.3705,0.463,46.32,2
Candidate_012,"Driver, Truck",53-3032.00,Heavy and Tractor-Trailer Truck Drivers,Active Listening,2.88,3.0,0.0,0.588,1,1423,3705,12,0.8880268984746598,88.8,0.888,0.708,70.8,1
Candidate_012,"Driver, Truck",53-3032.00,Heavy and Tractor-Trailer Truck Drivers,Speaking,3.0,2.88,0.0,0.588,1,1423,3705,12,0.8880268984746598,88.8,0.888,0.708,70.8,1
Candidate_012,"Driver, Truck",53-3032.00,Heavy and Tractor-Trailer Truck Drivers,Writing,2.75,2.62,0.0,0.537,2,1423,3705,12,0.8880268984746598,88.8,0.888,0.677,67.74,2
Candidate_012,Food Service Supervisor,35-1012.00,First-Line Supervisors of Food Preparation and Serving Workers,Speaking,3.88,4.0,0.0,0.788,1,1061,2524,12,0.6833380235893983,68.33,0.6833,0.746,74.61,1
Candidate_012,Food Service Supervisor,35-1012.00,First-Line Supervisors of Food Preparation and Serving Workers,Active Listening,3.75,3.0,0.0,0.675,2,1061,2524,12,0.6833380235893983,68.33,0.6833,0.678,67.83,2
Candidate_012,Food Service Supervisor,35-1012.00,First-Line Supervisors of Food Preparation and Serving Workers,Writing,3.0,3.12,0.0,0.612,3,1061,2524,12,0.6833380235893983,68.33,0.6833,0.641,64.05,3
Candidate_012,Information Technology (IT) Analyst,15-1211.00,Computer Systems Analysts,Active Listening,4.0,4.12,0.0,0.812,1,347,357,10,0.266375870790639,26.64,0.2664,0.594,59.38,1
Candidate_012,Information Technology (IT) Analyst,15-1211.00,Computer Systems Analysts,Speaking,4.0,4.0,0.0,0.8,2,347,357,10,0.266375870790639,26.64,0.2664,0.587,58.66,2
Candidate_012,Information Technology (IT) Analyst,15-1211.00,Computer Systems Analysts,Writing,4.0,4.0,0.0,0.8,2,347,357,10,0.266375870790639,26.64,0.2664,0.587,58.66,2
Candidate_012,Inside Sales Representative,41-2031.00,Retail Salespersons,Active Listening,3.75,3.75,0.0,0.75,1,1876,2449,13,0.8643994601889338,86.44,0.8644,0.796,79.58,1
Candidate_012,Inside Sales Representative,41-2031.00,Retail Salespersons,Speaking,3.75,3.12,0.0,0.687,2,1876,2449,13,0.8643994601889338,86.44,0.8644,0.758,75.8,2
Candidate_012,Inside Sales Representative,41-2031.00,Retail Salespersons,Writing,3.0,3.0,0.0,0.6,3,1876,2449,13,0.8643994601889338,86.44,0.8644,0.706,70.58,3
Candidate_012,Licensed Practical Nurse (L.P.N.),29-2061.00,Licensed Practical and Licensed Vocational Nurses,Active Listening,3.88,4.0,0.0,0.788,1,437,527,10,0.3039192124973743,30.39,0.3039,0.594,59.44,1
Candidate_012,Licensed Practical Nurse (L.P.N.),29-2061.00,Licensed Practical and Licensed Vocational Nurses,Speaking,3.88,4.0,0.0,0.788,1,437,527,10,0.3039192124973743,30.39,0.3039,0.594,59.44,1
Candidate_012,Licensed Practical Nurse (L.P.N.),29-2061.00,Licensed Practical and Licensed Vocational Nurses,Writing,3.25,3.12,0.0,0.637,2,437,527,10,0.3039192124973743,30.39,0.3039,0.504,50.38,2
Candidate_012,Office Administrator,43-1011.00,First-Line Supervisors of Office and Administrative Support Workers,Active Listening,4.0,4.0,0.0,0.8,1,676,1709,13,0.5286438829565303,52.86,0.5286,0.691,69.14,1
Candidate_012,Office Administrator,43-1011.00,First-Line Supervisors of Office and Administrative Support Workers,Speaking,4.0,4.0,0.0,0.8,1,676,1709,13,0.5286438829565303,52.86,0.5286,0.691,69.14,1
Candidate_012,Office Administrator,43-1011.00,First-Line Supervisors of Office and Administrative Support Workers,Writing,3.75,3.75,0.0,0.75,2,676,1709,13,0.5286438829565303,52.86,0.5286,0.661,66.14,2
Candidate_012,Office Manager,43-1011.00,First-Line Supervisors of Office and Administrative Support Workers,Speaking,4.0,4.0,0.0,0.8,1,676,1709,13,0.5286438829565303,52.86,0.5286,0.691,69.14,1
Candidate_012,Office Manager,43-1011.00,First-Line Supervisors of Office and Administrative Support Workers,Active Listening,4.0,3.88,0.0,0.788,2,676,1709,13,0.5286438829565303,52.86,0.5286,0.684,68.42,2
Candidate_012,Office Manager,43-1011.00,First-Line Supervisors of Office and Administrative Support Workers,Writing,3.75,3.75,0.0,0.75,3,676,1709,13,0.5286438829565303,52.86,0.5286,0.661,66.14,3
Candidate_012,Restaurant Manager,11-9051.00,Food Service Managers,Speaking,3.88,4.0,0.0,0.788,1,1139,1473,12,0.5865008675534992,58.65,0.5865,0.707,70.74,1
Candidate_012,Restaurant Manager,11-9051.00,Food Service Managers,Active Listening,3.88,3.5,0.0,0.738,2,1139,1473,12,0.5865008675534992,58.65,0.5865,0.677,67.74,2
Candidate_012,Restaurant Manager,11-9051.00,Food Service Managers,Writing,3.0,3.12,0.0,0.612,3,1139,1473,12,0.5865008675534992,58.65,0.5865,0.602,60.18,3
Candidate_012,Retail Sales Associate,41-2031.00,Retail Salespersons,Active Listening,3.75,3.75,0.0,0.75,1,1876,2449,13,0.8643994601889338,86.44,0.8644,0.796,79.58,1
Candidate_012,Retail Sales Associate,41-2031.00,Retail Salespersons,Speaking,3.75,3.12,0.0,0.687,2,1876,2449,13,0.8643994601889338,86.44,0.8644,0.758,75.8,2
Candidate_012,Retail Sales Associate,41-2031.00,Retail Salespersons,Writing,3.0,3.0,0.0,0.6,3,1876,2449,13,0.8643994601889338,86.44,0.8644,0.706,70.58,3
Candidate_012,Secondary School Teacher,25-2031.00,"Secondary School Teachers, Except Special and Career/Technical Education",Speaking,4.0,4.12,0.0,0.812,1,681,740,9,0.3635561348837076,36.36,0.3636,0.633,63.26,1
Candidate_012,Secondary School Teacher,25-2031.00,"Secondary School Teachers, Except Special and Career/Technical Education",Active Listening,4.0,4.0,0.0,0.8,2,681,740,9,0.3635561348837076,36.36,0.3636,0.625,62.54,2
Candidate_012,Secondary School Teacher,25-2031.00,"Secondary School Teachers, Except Special and Career/Technical Education",Writing,3.62,3.75,0.0,0.737,3,681,740,9,0.3635561348837076,36.36,0.3636,0.588,58.76,3
Candidate_012,Software Developer,15-1252.00,Software Developers,Active Listening,3.38,3.88,0.0,0.726,1,323,344,8,0.2290858604605659,22.91,0.2291,0.527,52.72,1
Candidate_012,Software Developer,15-1252.00,Software Developers,Writing,3.25,3.62,0.0,0.687,2,323,344,8,0.2290858604605659,22.91,0.2291,0.504,50.38,2
Candidate_012,Software Developer,15-1252.00,Software Developers,Speaking,3.12,3.62,0.0,0.6739999999999999,3,323,344,8,0.2290858604605659,22.91,0.2291,0.496,49.6,3
Candidate_013,Administrative Assistant,43-6014.00,"Secretaries and Administrative Assistants, Except Legal, Medical, and Executive",Active Listening,4.0,3.75,0.0,0.775,1,812,890,11,0.4384514673595585,43.85,0.4385,0.64,64.04,1
Candidate_013,Administrative Assistant,43-6014.00,"Secretaries and Administrative Assistants, Except Legal, Medical, and Executive",Speaking,4.0,3.62,0.0,0.762,2,812,890,11,0.4384514673595585,43.85,0.4385,0.633,63.26,2
Candidate_013,Administrative Assistant,43-6014.00,"Secretaries and Administrative Assistants, Except Legal, Medical, and Executive",Writing,3.75,3.5,0.0,0.725,3,812,890,11,0.4384514673595585,43.85,0.4385,0.61,61.04,3
Candidate_013,Administrative Assistant,43-6014.00,"Secretaries and Administrative Assistants, Except Legal, Medical, and Executive",Monitoring,3.12,3.25,0.0,0.637,4,812,890,11,0.4384514673595585,43.85,0.4385,0.558,55.76,4
Candidate_013,Administrative Assistant,43-6014.00,"Secretaries and Administrative Assistants, Except Legal, Medical, and Executive",Science,1.0,0.0,0.0,0.1,5,812,890,11,0.4384514673595585,43.85,0.4385,0.235,23.54,5
Candidate_013,Bookkeeper,43-3031.00,"Bookkeeping, Accounting, and Auditing Clerks",Active Listening,3.25,3.75,0.0,0.7,1,396,422,11,0.2992257912289334,29.92,0.2992,0.54,53.97,1
Candidate_013,Bookkeeper,43-3031.00,"Bookkeeping, Accounting, and Auditing Clerks",Speaking,3.12,3.12,0.0,0.624,2,396,422,11,0.2992257912289334,29.92,0.2992,0.494,49.41,2
Candidate_013,Bookkeeper,43-3031.00,"Bookkeeping, Accounting, and Auditing Clerks",Writing,3.12,3.12,0.0,0.624,2,396,422,11,0.2992257912289334,29.92,0.2992,0.494,49.41,2
Candidate_013,Bookkeeper,43-3031.00,"Bookkeeping, Accounting, and Auditing Clerks",Monitoring,3.0,2.88,0.0,0.588,3,396,422,11,0.2992257912289334,29.92,0.2992,0.472,47.25,3
Candidate_013,Bookkeeper,43-3031.00,"Bookkeeping, Accounting, and Auditing Clerks",Science,1.12,0.12,0.0,0.12400000000000001,4,396,422,11,0.2992257912289334,29.92,0.2992,0.194,19.41,4
Candidate_013,Continuing Care Assistant,31-1131.00,Nursing Assistants,Active Listening,3.62,3.0,0.0,0.6619999999999999,1,819,1172,9,0.4396201180333152,43.96,0.4396,0.573,57.3,1
Candidate_013,Continuing Care Assistant,31-1131.00,Nursing Assistants,Monitoring,3.25,3.0,0.0,0.625,2,819,1172,9,0.4396201180333152,43.96,0.4396,0.551,55.08,2
Candidate_013,Continuing Care Assistant,31-1131.00,Nursing Assistants,Speaking,3.12,3.0,0.0,0.612,3,819,1172,9,0.4396201180333152,43.96,0.4396,0.543,54.3,3
Candidate_013,Continuing Care Assistant,31-1131.00,Nursing Assistants,Writing,2.75,2.75,0.0,0.55,4,819,1172,9,0.4396201180333152,43.96,0.4396,0.506,50.58,4
Candidate_013,Continuing Care Assistant,31-1131.00,Nursing Assistants,Science,1.75,0.88,0.0,0.263,5,819,1172,9,0.4396201180333152,43.96,0.4396,0.334,33.36,5
Candidate_013,Delivery Driver,53-3033.00,Light Truck Drivers,Active Listening,3.12,2.88,0.0,0.6,1,557,622,12,0.3705312074675783,37.05,0.3705,0.508,50.82,1
Candidate_013,Delivery Driver,53-3033.00,Light Truck Drivers,Speaking,3.12,2.88,0.0,0.6,1,557,622,12,0.3705312074675783,37.05,0.3705,0.508,50.82,1
Candidate_013,Delivery Driver,53-3033.00,Light Truck Drivers,Monitoring,3.12,2.75,0.0,0.587,2,557,622,12,0.3705312074675783,37.05,0.3705,0.5,50.04,2
Candidate_013,Delivery Driver,53-3033.00,Light Truck Drivers,Writing,2.75,2.5,0.0,0.525,3,557,622,12,0.3705312074675783,37.05,0.3705,0.463,46.32,3
Candidate_013,Delivery Driver,53-3033.00,Light Truck Drivers,Science,1.12,0.12,0.0,0.12400000000000001,4,557,622,12,0.3705312074675783,37.05,0.3705,0.223,22.26,4
Candidate_013,"Driver, Truck",53-3032.00,Heavy and Tractor-Trailer Truck Drivers,Monitoring,3.12,3.0,0.0,0.612,1,1423,3705,12,0.8880268984746598,88.8,0.888,0.722,72.24,1
Candidate_013,"Driver, Truck",53-3032.00,Heavy and Tractor-Trailer Truck Drivers,Active Listening,2.88,3.0,0.0,0.588,2,1423,3705,12,0.8880268984746598,88.8,0.888,0.708,70.8,2
Candidate_013,"Driver, Truck",53-3032.00,Heavy and Tractor-Trailer Truck Drivers,Speaking,3.0,2.88,0.0,0.588,2,1423,3705,12,0.8880268984746598,88.8,0.888,0.708,70.8,2
Candidate_013,"Driver, Truck",53-3032.00,Heavy and Tractor-Trailer Truck Drivers,Writing,2.75,2.62,0.0,0.537,3,1423,3705,12,0.8880268984746598,88.8,0.888,0.677,67.74,3
Candidate_013,"Driver, Truck",53-3032.00,Heavy and Tractor-Trailer Truck Drivers,Science,1.0,0.0,0.0,0.1,4,1423,3705,12,0.8880268984746598,88.8,0.888,0.415,41.52,4
Candidate_013,Food Service Supervisor,35-1012.00,First-Line Supervisors of Food Preparation and Serving Workers,Monitoring,3.88,4.0,0.0,0.788,1,1061,2524,12,0.6833380235893983,68.33,0.6833,0.746,74.61,1
Candidate_013,Food Service Supervisor,35-1012.00,First-Line Supervisors of Food Preparation and Serving Workers,Speaking,3.88,4.0,0.0,0.788,1,1061,2524,12,0.6833380235893983,68.33,0.6833,0.746,74.61,1
Candidate_013,Food Service Supervisor,35-1012.00,First-Line Supervisors of Food Preparation and Serving Workers,Active Listening,3.75,3.0,0.0,0.675,2,1061,2524,12,0.6833380235893983,68.33,0.6833,0.678,67.83,2
Candidate_013,Food Service Supervisor,35-1012.00,First-Line Supervisors of Food Preparation and Serving Workers,Writing,3.0,3.12,0.0,0.612,3,1061,2524,12,0.6833380235893983,68.33,0.6833,0.641,64.05,3
Candidate_013,Food Service Supervisor,35-1012.00,First-Line Supervisors of Food Preparation and Serving Workers,Science,1.0,0.0,0.0,0.1,4,1061,2524,12,0.6833380235893983,68.33,0.6833,0.333,33.33,4
Candidate_013,Information Technology (IT) Analyst,15-1211.00,Computer Systems Analysts,Active Listening,4.0,4.12,0.0,0.812,1,347,357,10,0.266375870790639,26.64,0.2664,0.594,59.38,1
Candidate_013,Information Technology (IT) Analyst,15-1211.00,Computer Systems Analysts,Speaking,4.0,4.0,0.0,0.8,2,347,357,10,0.266375870790639,26.64,0.2664,0.587,58.66,2
Candidate_013,Information Technology (IT) Analyst,15-1211.00,Computer Systems Analysts,Writing,4.0,4.0,0.0,0.8,2,347,357,10,0.266375870790639,26.64,0.2664,0.587,58.66,2
Candidate_013,Information Technology (IT) Analyst,15-1211.00,Computer Systems Analysts,Monitoring,3.62,4.0,0.0,0.762,3,347,357,10,0.266375870790639,26.64,0.2664,0.564,56.38,3
Candidate_013,Information Technology (IT) Analyst,15-1211.00,Computer Systems Analysts,Science,2.75,3.12,0.0,0.587,4,347,357,10,0.266375870790639,26.64,0.2664,0.459,45.88,4
Candidate_013,Inside Sales Representative,41-2031.00,Retail Salespersons,Active Listening,3.75,3.75,0.0,0.75,1,1876,2449,13,0.8643994601889338,86.44,0.8644,0.796,79.58,1
Candidate_013,Inside Sales Representative,41-2031.00,Retail Salespersons,Speaking,3.75,3.12,0.0,0.687,2,1876,2449,13,0.8643994601889338,86.44,0.8644,0.758,75.8,2
Candidate_013,Inside Sales Representative,41-2031.00,Retail Salespersons,Monitoring,3.0,3.12,0.0,0.612,3,1876,2449,13,0.8643994601889338,86.44,0.8644,0.713,71.3,3
Candidate_013,Inside Sales Representative,41-2031.00,Retail Salespersons,Writing,3.0,3.0,0.0,0.6,4,1876,2449,13,0.8643994601889338,86.44,0.8644,0.706,70.58,4
Candidate_013,Inside Sales Representative,41-2031.00,Retail Salespersons,Science,1.0,0.0,0.0,0.1,5,1876,2449,13,0.8643994601889338,86.44,0.8644,0.406,40.58,5
Candidate_013,Licensed Practical Nurse (L.P.N.),29-2061.00,Licensed Practical and Licensed Vocational Nurses,Active Listening,3.88,4.0,0.0,0.788,1,437,527,10,0.3039192124973743,30.39,0.3039,0.594,59.44,1
Candidate_013,Licensed Practical Nurse (L.P.N.),29-2061.00,Licensed Practical and Licensed Vocational Nurses,Monitoring,3.88,4.0,0.0,0.788,1,437,527,10,0.3039192124973743,30.39,0.3039,0.594,59.44,1
Candidate_013,Licensed Practical Nurse (L.P.N.),29-2061.00,Licensed Practical and Licensed Vocational Nurses,Speaking,3.88,4.0,0.0,0.788,1,437,527,10,0.3039192124973743,30.39,0.3039,0.594,59.44,1
Candidate_013,Licensed Practical Nurse (L.P.N.),29-2061.00,Licensed Practical and Licensed Vocational Nurses,Writing,3.25,3.12,0.0,0.637,2,437,527,10,0.3039192124973743,30.39,0.3039,0.504,50.38,2
Candidate_013,Licensed Practical Nurse (L.P.N.),29-2061.00,Licensed Practical and Licensed Vocational Nurses,Science,2.62,2.62,0.0,0.524,3,437,527,10,0.3039192124973743,30.39,0.3039,0.436,43.6,3
Candidate_013,Office Administrator,43-1011.00,First-Line Supervisors of Office and Administrative Support Workers,Active Listening,4.0,4.0,0.0,0.8,1,676,1709,13,0.5286438829565303,52.86,0.5286,0.691,69.14,1
Candidate_013,Office Administrator,43-1011.00,First-Line Supervisors of Office and Administrative Support Workers,Monitoring,4.0,4.0,0.0,0.8,1,676,1709,13,0.5286438829565303,52.86,0.5286,0.691,69.14,1
Candidate_013,Office Administrator,43-1011.00,First-Line Supervisors of Office and Administrative Support Workers,Speaking,4.0,4.0,0.0,0.8,1,676,1709,13,0.5286438829565303,52.86,0.5286,0.691,69.14,1
Candidate_013,Office Administrator,43-1011.00,First-Line Supervisors of Office and Administrative Support Workers,Writing,3.75,3.75,0.0,0.75,2,676,1709,13,0.5286438829565303,52.86,0.5286,0.661,66.14,2
Candidate_013,Office Administrator,43-1011.00,First-Line Supervisors of Office and Administrative Support Workers,Science,1.38,0.38,0.0,0.176,3,676,1709,13,0.5286438829565303,52.86,0.5286,0.317,31.7,3
Candidate_013,Office Manager,43-1011.00,First-Line Supervisors of Office and Administrative Support Workers,Monitoring,4.0,4.0,0.0,0.8,1,676,1709,13,0.5286438829565303,52.86,0.5286,0.691,69.14,1
Candidate_013,Office Manager,43-1011.00,First-Line Supervisors of Office and Administrative Support Workers,Speaking,4.0,4.0,0.0,0.8,1,676,1709,13,0.5286438829565303,52.86,0.5286,0.691,69.14,1
Candidate_013,Office Manager,43-1011.00,First-Line Supervisors of Office and Administrative Support Workers,Active Listening,4.0,3.88,0.0,0.788,2,676,1709,13,0.5286438829565303,52.86,0.5286,0.684,68.42,2
Candidate_013,Office Manager,43-1011.00,First-Line Supervisors of Office and Administrative Support Workers,Writing,3.75,3.75,0.0,0.75,3,676,1709,13,0.5286438829565303,52.86,0.5286,0.661,66.14,3
Candidate_013,Office Manager,43-1011.00,First-Line Supervisors of Office and Administrative Support Workers,Science,1.0,0.0,0.0,0.1,4,676,1709,13,0.5286438829565303,52.86,0.5286,0.271,27.14,4
Candidate_013,Restaurant Manager,11-9051.00,Food Service Managers,Speaking,3.88,4.0,0.0,0.788,1,1139,1473,12,0.5865008675534992,58.65,0.5865,0.707,70.74,1
Candidate_013,Restaurant Manager,11-9051.00,Food Service Managers,Monitoring,3.88,3.88,0.0,0.776,2,1139,1473,12,0.5865008675534992,58.65,0.5865,0.7,70.02,2
Candidate_013,Restaurant Manager,11-9051.00,Food Service Managers,Active Listening,3.88,3.5,0.0,0.738,3,1139,1473,12,0.5865008675534992,58.65,0.5865,0.677,67.74,3
Candidate_013,Restaurant Manager,11-9051.00,Food Service Managers,Writing,3.0,3.12,0.0,0.612,4,1139,1473,12,0.5865008675534992,58.65,0.5865,0.602,60.18,4
Candidate_013,Restaurant Manager,11-9051.00,Food Service Managers,Science,1.62,0.62,0.0,0.224,5,1139,1473,12,0.5865008675534992,58.65,0.5865,0.369,36.9,5
Candidate_013,Retail Sales Associate,41-2031.00,Retail Salespersons,Active Listening,3.75,3.75,0.0,0.75,1,1876,2449,13,0.8643994601889338,86.44,0.8644,0.796,79.58,1
Candidate_013,Retail Sales Associate,41-2031.00,Retail Salespersons,Speaking,3.75,3.12,0.0,0.687,2,1876,2449,13,0.8643994601889338,86.44,0.8644,0.758,75.8,2
Candidate_013,Retail Sales Associate,41-2031.00,Retail Salespersons,Monitoring,3.0,3.12,0.0,0.612,3,1876,2449,13,0.8643994601889338,86.44,0.8644,0.713,71.3,3
Candidate_013,Retail Sales Associate,41-2031.00,Retail Salespersons,Writing,3.0,3.0,0.0,0.6,4,1876,2449,13,0.8643994601889338,86.44,0.8644,0.706,70.58,4
Candidate_013,Retail Sales Associate,41-2031.00,Retail Salespersons,Science,1.0,0.0,0.0,0.1,5,1876,2449,13,0.8643994601889338,86.44,0.8644,0.406,40.58,5
Candidate_013,Secondary School Teacher,25-2031.00,"Secondary School Teachers, Except Special and Career/Technical Education",Speaking,4.0,4.12,0.0,0.812,1,681,740,9,0.3635561348837076,36.36,0.3636,0.633,63.26,1
Candidate_013,Secondary School Teacher,25-2031.00,"Secondary School Teachers, Except Special and Career/Technical Education",Active Listening,4.0,4.0,0.0,0.8,2,681,740,9,0.3635561348837076,36.36,0.3636,0.625,62.54,2
Candidate_013,Secondary School Teacher,25-2031.00,"Secondary School Teachers, Except Special and Career/Technical Education",Monitoring,3.88,4.0,0.0,0.788,3,681,740,9,0.3635561348837076,36.36,0.3636,0.618,61.82,3
Candidate_013,Secondary School Teacher,25-2031.00,"Secondary School Teachers, Except Special and Career/Technical Education",Writing,3.62,3.75,0.0,0.737,4,681,740,9,0.3635561348837076,36.36,0.3636,0.588,58.76,4
Candidate_013,Secondary School Teacher,25-2031.00,"Secondary School Teachers, Except Special and Career/Technical Education",Science,2.0,1.88,0.0,0.388,5,681,740,9,0.3635561348837076,36.36,0.3636,0.378,37.82,5
Candidate_013,Software Developer,15-1252.00,Software Developers,Active Listening,3.38,3.88,0.0,0.726,1,323,344,8,0.2290858604605659,22.91,0.2291,0.527,52.72,1
Candidate_013,Software Developer,15-1252.00,Software Developers,Writing,3.25,3.62,0.0,0.687,2,323,344,8,0.2290858604605659,22.91,0.2291,0.504,50.38,2
Candidate_013,Software Developer,15-1252.00,Software Developers,Speaking,3.12,3.62,0.0,0.6739999999999999,3,323,344,8,0.2290858604605659,22.91,0.2291,0.496,49.6,3
Candidate_013,Software Developer,15-1252.00,Software Developers,Monitoring,3.0,3.5,0.0,0.6499999999999999,4,323,344,8,0.2290858604605659,22.91,0.2291,0.482,48.16,4
Candidate_013,Software Developer,15-1252.00,Software Developers,Science,2.12,1.88,0.0,0.4,5,323,344,8,0.2290858604605659,22.91,0.2291,0.332,33.16,5
Candidate_014,Administrative Assistant,43-6014.00,"Secretaries and Administrative Assistants, Except Legal, Medical, and Executive",Active Listening,4.0,3.75,0.0,0.775,1,812,890,11,0.4384514673595585,43.85,0.4385,0.64,64.04,1
Candidate_014,Administrative Assistant,43-6014.00,"Secretaries and Administrative Assistants, Except Legal, Medical, and Executive",Speaking,4.0,3.62,0.0,0.762,2,812,890,11,0.4384514673595585,43.85,0.4385,0.633,63.26,2
Candidate_014,Administrative Assistant,43-6014.00,"Secretaries and Administrative Assistants, Except Legal, Medical, and Executive",Writing,3.75,3.5,0.0,0.725,3,812,890,11,0.4384514673595585,43.85,0.4385,0.61,61.04,3
Candidate_014,Administrative Assistant,43-6014.00,"Secretaries and Administrative Assistants, Except Legal, Medical, and Executive",Monitoring,3.12,3.25,0.0,0.637,4,812,890,11,0.4384514673595585,43.85,0.4385,0.558,55.76,4
Candidate_014,Bookkeeper,43-3031.00,"Bookkeeping, Accounting, and Auditing Clerks",Active Listening,3.25,3.75,0.0,0.7,1,396,422,11,0.2992257912289334,29.92,0.2992,0.54,53.97,1
Candidate_014,Bookkeeper,43-3031.00,"Bookkeeping, Accounting, and Auditing Clerks",Speaking,3.12,3.12,0.0,0.624,2,396,422,11,0.2992257912289334,29.92,0.2992,0.494,49.41,2
Candidate_014,Bookkeeper,43-3031.00,"Bookkeeping, Accounting, and Auditing Clerks",Writing,3.12,3.12,0.0,0.624,2,396,422,11,0.2992257912289334,29.92,0.2992,0.494,49.41,2
Candidate_014,Bookkeeper,43-3031.00,"Bookkeeping, Accounting, and Auditing Clerks",Monitoring,3.0,2.88,0.0,0.588,3,396,422,11,0.2992257912289334,29.92,0.2992,0.472,47.25,3
Candidate_014,Continuing Care Assistant,31-1131.00,Nursing Assistants,Active Listening,3.62,3.0,0.0,0.6619999999999999,1,819,1172,9,0.4396201180333152,43.96,0.4396,0.573,57.3,1
Candidate_014,Continuing Care Assistant,31-1131.00,Nursing Assistants,Monitoring,3.25,3.0,0.0,0.625,2,819,1172,9,0.4396201180333152,43.96,0.4396,0.551,55.08,2
Candidate_014,Continuing Care Assistant,31-1131.00,Nursing Assistants,Speaking,3.12,3.0,0.0,0.612,3,819,1172,9,0.4396201180333152,43.96,0.4396,0.543,54.3,3
Candidate_014,Continuing Care Assistant,31-1131.00,Nursing Assistants,Writing,2.75,2.75,0.0,0.55,4,819,1172,9,0.4396201180333152,43.96,0.4396,0.506,50.58,4
Candidate_014,Delivery Driver,53-3033.00,Light Truck Drivers,Active Listening,3.12,2.88,0.0,0.6,1,557,622,12,0.3705312074675783,37.05,0.3705,0.508,50.82,1
Candidate_014,Delivery Driver,53-3033.00,Light Truck Drivers,Speaking,3.12,2.88,0.0,0.6,1,557,622,12,0.3705312074675783,37.05,0.3705,0.508,50.82,1
Candidate_014,Delivery Driver,53-3033.00,Light Truck Drivers,Monitoring,3.12,2.75,0.0,0.587,2,557,622,12,0.3705312074675783,37.05,0.3705,0.5,50.04,2
Candidate_014,Delivery Driver,53-3033.00,Light Truck Drivers,Writing,2.75,2.5,0.0,0.525,3,557,622,12,0.3705312074675783,37.05,0.3705,0.463,46.32,3
Candidate_014,"Driver, Truck",53-3032.00,Heavy and Tractor-Trailer Truck Drivers,Monitoring,3.12,3.0,0.0,0.612,1,1423,3705,12,0.8880268984746598,88.8,0.888,0.722,72.24,1
Candidate_014,"Driver, Truck",53-3032.00,Heavy and Tractor-Trailer Truck Drivers,Active Listening,2.88,3.0,0.0,0.588,2,1423,3705,12,0.8880268984746598,88.8,0.888,0.708,70.8,2
Candidate_014,"Driver, Truck",53-3032.00,Heavy and Tractor-Trailer Truck Drivers,Speaking,3.0,2.88,0.0,0.588,2,1423,3705,12,0.8880268984746598,88.8,0.888,0.708,70.8,2
Candidate_014,"Driver, Truck",53-3032.00,Heavy and Tractor-Trailer Truck Drivers,Writing,2.75,2.62,0.0,0.537,3,1423,3705,12,0.8880268984746598,88.8,0.888,0.677,67.74,3
Candidate_014,Food Service Supervisor,35-1012.00,First-Line Supervisors of Food Preparation and Serving Workers,Monitoring,3.88,4.0,0.0,0.788,1,1061,2524,12,0.6833380235893983,68.33,0.6833,0.746,74.61,1
Candidate_014,Food Service Supervisor,35-1012.00,First-Line Supervisors of Food Preparation and Serving Workers,Speaking,3.88,4.0,0.0,0.788,1,1061,2524,12,0.6833380235893983,68.33,0.6833,0.746,74.61,1
Candidate_014,Food Service Supervisor,35-1012.00,First-Line Supervisors of Food Preparation and Serving Workers,Active Listening,3.75,3.0,0.0,0.675,2,1061,2524,12,0.6833380235893983,68.33,0.6833,0.678,67.83,2
Candidate_014,Food Service Supervisor,35-1012.00,First-Line Supervisors of Food Preparation and Serving Workers,Writing,3.0,3.12,0.0,0.612,3,1061,2524,12,0.6833380235893983,68.33,0.6833,0.641,64.05,3
Candidate_014,Information Technology (IT) Analyst,15-1211.00,Computer Systems Analysts,Active Listening,4.0,4.12,0.0,0.812,1,347,357,10,0.266375870790639,26.64,0.2664,0.594,59.38,1
Candidate_014,Information Technology (IT) Analyst,15-1211.00,Computer Systems Analysts,Speaking,4.0,4.0,0.0,0.8,2,347,357,10,0.266375870790639,26.64,0.2664,0.587,58.66,2
Candidate_014,Information Technology (IT) Analyst,15-1211.00,Computer Systems Analysts,Writing,4.0,4.0,0.0,0.8,2,347,357,10,0.266375870790639,26.64,0.2664,0.587,58.66,2
Candidate_014,Information Technology (IT) Analyst,15-1211.00,Computer Systems Analysts,Monitoring,3.62,4.0,0.0,0.762,3,347,357,10,0.266375870790639,26.64,0.2664,0.564,56.38,3
Candidate_014,Inside Sales Representative,41-2031.00,Retail Salespersons,Active Listening,3.75,3.75,0.0,0.75,1,1876,2449,13,0.8643994601889338,86.44,0.8644,0.796,79.58,1
Candidate_014,Inside Sales Representative,41-2031.00,Retail Salespersons,Speaking,3.75,3.12,0.0,0.687,2,1876,2449,13,0.8643994601889338,86.44,0.8644,0.758,75.8,2
Candidate_014,Inside Sales Representative,41-2031.00,Retail Salespersons,Monitoring,3.0,3.12,0.0,0.612,3,1876,2449,13,0.8643994601889338,86.44,0.8644,0.713,71.3,3
Candidate_014,Inside Sales Representative,41-2031.00,Retail Salespersons,Writing,3.0,3.0,0.0,0.6,4,1876,2449,13,0.8643994601889338,86.44,0.8644,0.706,70.58,4
Candidate_014,Licensed Practical Nurse (L.P.N.),29-2061.00,Licensed Practical and Licensed Vocational Nurses,Active Listening,3.88,4.0,0.0,0.788,1,437,527,10,0.3039192124973743,30.39,0.3039,0.594,59.44,1
Candidate_014,Licensed Practical Nurse (L.P.N.),29-2061.00,Licensed Practical and Licensed Vocational Nurses,Monitoring,3.88,4.0,0.0,0.788,1,437,527,10,0.3039192124973743,30.39,0.3039,0.594,59.44,1
Candidate_014,Licensed Practical Nurse (L.P.N.),29-2061.00,Licensed Practical and Licensed Vocational Nurses,Speaking,3.88,4.0,0.0,0.788,1,437,527,10,0.3039192124973743,30.39,0.3039,0.594,59.44,1
Candidate_014,Licensed Practical Nurse (L.P.N.),29-2061.00,Licensed Practical and Licensed Vocational Nurses,Writing,3.25,3.12,0.0,0.637,2,437,527,10,0.3039192124973743,30.39,0.3039,0.504,50.38,2
Candidate_014,Office Administrator,43-1011.00,First-Line Supervisors of Office and Administrative Support Workers,Active Listening,4.0,4.0,0.0,0.8,1,676,1709,13,0.5286438829565303,52.86,0.5286,0.691,69.14,1
Candidate_014,Office Administrator,43-1011.00,First-Line Supervisors of Office and Administrative Support Workers,Monitoring,4.0,4.0,0.0,0.8,1,676,1709,13,0.5286438829565303,52.86,0.5286,0.691,69.14,1
Candidate_014,Office Administrator,43-1011.00,First-Line Supervisors of Office and Administrative Support Workers,Speaking,4.0,4.0,0.0,0.8,1,676,1709,13,0.5286438829565303,52.86,0.5286,0.691,69.14,1
Candidate_014,Office Administrator,43-1011.00,First-Line Supervisors of Office and Administrative Support Workers,Writing,3.75,3.75,0.0,0.75,2,676,1709,13,0.5286438829565303,52.86,0.5286,0.661,66.14,2
Candidate_014,Office Manager,43-1011.00,First-Line Supervisors of Office and Administrative Support Workers,Monitoring,4.0,4.0,0.0,0.8,1,676,1709,13,0.5286438829565303,52.86,0.5286,0.691,69.14,1
Candidate_014,Office Manager,43-1011.00,First-Line Supervisors of Office and Administrative Support Workers,Speaking,4.0,4.0,0.0,0.8,1,676,1709,13,0.5286438829565303,52.86,0.5286,0.691,69.14,1
Candidate_014,Office Manager,43-1011.00,First-Line Supervisors of Office and Administrative Support Workers,Active Listening,4.0,3.88,0.0,0.788,2,676,1709,13,0.5286438829565303,52.86,0.5286,0.684,68.42,2
Candidate_014,Office Manager,43-1011.00,First-Line Supervisors of Office and Administrative Support Workers,Writing,3.75,3.75,0.0,0.75,3,676,1709,13,0.5286438829565303,52.86,0.5286,0.661,66.14,3
Candidate_014,Restaurant Manager,11-9051.00,Food Service Managers,Speaking,3.88,4.0,0.0,0.788,1,1139,1473,12,0.5865008675534992,58.65,0.5865,0.707,70.74,1
Candidate_014,Restaurant Manager,11-9051.00,Food Service Managers,Monitoring,3.88,3.88,0.0,0.776,2,1139,1473,12,0.5865008675534992,58.65,0.5865,0.7,70.02,2
Candidate_014,Restaurant Manager,11-9051.00,Food Service Managers,Active Listening,3.88,3.5,0.0,0.738,3,1139,1473,12,0.5865008675534992,58.65,0.5865,0.677,67.74,3
Candidate_014,Restaurant Manager,11-9051.00,Food Service Managers,Writing,3.0,3.12,0.0,0.612,4,1139,1473,12,0.5865008675534992,58.65,0.5865,0.602,60.18,4
Candidate_014,Retail Sales Associate,41-2031.00,Retail Salespersons,Active Listening,3.75,3.75,0.0,0.75,1,1876,2449,13,0.8643994601889338,86.44,0.8644,0.796,79.58,1
Candidate_014,Retail Sales Associate,41-2031.00,Retail Salespersons,Speaking,3.75,3.12,0.0,0.687,2,1876,2449,13,0.8643994601889338,86.44,0.8644,0.758,75.8,2
Candidate_014,Retail Sales Associate,41-2031.00,Retail Salespersons,Monitoring,3.0,3.12,0.0,0.612,3,1876,2449,13,0.8643994601889338,86.44,0.8644,0.713,71.3,3
Candidate_014,Retail Sales Associate,41-2031.00,Retail Salespersons,Writing,3.0,3.0,0.0,0.6,4,1876,2449,13,0.8643994601889338,86.44,0.8644,0.706,70.58,4
Candidate_014,Secondary School Teacher,25-2031.00,"Secondary School Teachers, Except Special and Career/Technical Education",Speaking,4.0,4.12,0.0,0.812,1,681,740,9,0.3635561348837076,36.36,0.3636,0.633,63.26,1
Candidate_014,Secondary School Teacher,25-2031.00,"Secondary School Teachers, Except Special and Career/Technical Education",Active Listening,4.0,4.0,0.0,0.8,2,681,740,9,0.3635561348837076,36.36,0.3636,0.625,62.54,2
Candidate_014,Secondary School Teacher,25-2031.00,"Secondary School Teachers, Except Special and Career/Technical Education",Monitoring,3.88,4.0,0.0,0.788,3,681,740,9,0.3635561348837076,36.36,0.3636,0.618,61.82,3
Candidate_014,Secondary School Teacher,25-2031.00,"Secondary School Teachers, Except Special and Career/Technical Education",Writing,3.62,3.75,0.0,0.737,4,681,740,9,0.3635561348837076,36.36,0.3636,0.588,58.76,4
Candidate_014,Software Developer,15-1252.00,Software Developers,Active Listening,3.38,3.88,0.0,0.726,1,323,344,8,0.2290858604605659,22.91,0.2291,0.527,52.72,1
Candidate_014,Software Developer,15-1252.00,Software Developers,Writing,3.25,3.62,0.0,0.687,2,323,344,8,0.2290858604605659,22.91,0.2291,0.504,50.38,2
Candidate_014,Software Developer,15-1252.00,Software Developers,Speaking,3.12,3.62,0.0,0.6739999999999999,3,323,344,8,0.2290858604605659,22.91,0.2291,0.496,49.6,3
Candidate_014,Software Developer,15-1252.00,Software Developers,Monitoring,3.0,3.5,0.0,0.6499999999999999,4,323,344,8,0.2290858604605659,22.91,0.2291,0.482,48.16,4
Candidate_016,Administrative Assistant,43-6014.00,"Secretaries and Administrative Assistants, Except Legal, Medical, and Executive",Writing,3.75,3.5,0.0,0.725,1,812,890,11,0.4384514673595585,43.85,0.4385,0.61,61.04,1
Candidate_016,Administrative Assistant,43-6014.00,"Secretaries and Administrative Assistants, Except Legal, Medical, and Executive",Monitoring,3.12,3.25,0.0,0.637,2,812,890,11,0.4384514673595585,43.85,0.4385,0.558,55.76,2
Candidate_016,Bookkeeper,43-3031.00,"Bookkeeping, Accounting, and Auditing Clerks",Writing,3.12,3.12,0.0,0.624,1,396,422,11,0.2992257912289334,29.92,0.2992,0.494,49.41,1
Candidate_016,Bookkeeper,43-3031.00,"Bookkeeping, Accounting, and Auditing Clerks",Monitoring,3.0,2.88,0.0,0.588,2,396,422,11,0.2992257912289334,29.92,0.2992,0.472,47.25,2
Candidate_016,Continuing Care Assistant,31-1131.00,Nursing Assistants,Monitoring,3.25,3.0,0.0,0.625,1,819,1172,9,0.4396201180333152,43.96,0.4396,0.551,55.08,1
Candidate_016,Continuing Care Assistant,31-1131.00,Nursing Assistants,Writing,2.75,2.75,0.0,0.55,2,819,1172,9,0.4396201180333152,43.96,0.4396,0.506,50.58,2
Candidate_016,Delivery Driver,53-3033.00,Light Truck Drivers,Monitoring,3.12,2.75,0.0,0.587,1,557,622,12,0.3705312074675783,37.05,0.3705,0.5,50.04,1
Candidate_016,Delivery Driver,53-3033.00,Light Truck Drivers,Writing,2.75,2.5,0.0,0.525,2,557,622,12,0.3705312074675783,37.05,0.3705,0.463,46.32,2
Candidate_016,"Driver, Truck",53-3032.00,Heavy and Tractor-Trailer Truck Drivers,Monitoring,3.12,3.0,0.0,0.612,1,1423,3705,12,0.8880268984746598,88.8,0.888,0.722,72.24,1
Candidate_016,"Driver, Truck",53-3032.00,Heavy and Tractor-Trailer Truck Drivers,Writing,2.75,2.62,0.0,0.537,2,1423,3705,12,0.8880268984746598,88.8,0.888,0.677,67.74,2
Candidate_016,Food Service Supervisor,35-1012.00,First-Line Supervisors of Food Preparation and Serving Workers,Monitoring,3.88,4.0,0.0,0.788,1,1061,2524,12,0.6833380235893983,68.33,0.6833,0.746,74.61,1
Candidate_016,Food Service Supervisor,35-1012.00,First-Line Supervisors of Food Preparation and Serving Workers,Writing,3.0,3.12,0.0,0.612,2,1061,2524,12,0.6833380235893983,68.33,0.6833,0.641,64.05,2
Candidate_016,Information Technology (IT) Analyst,15-1211.00,Computer Systems Analysts,Writing,4.0,4.0,0.0,0.8,1,347,357,10,0.266375870790639,26.64,0.2664,0.587,58.66,1
Candidate_016,Information Technology (IT) Analyst,15-1211.00,Computer Systems Analysts,Monitoring,3.62,4.0,0.0,0.762,2,347,357,10,0.266375870790639,26.64,0.2664,0.564,56.38,2
Candidate_016,Inside Sales Representative,41-2031.00,Retail Salespersons,Monitoring,3.0,3.12,0.0,0.612,1,1876,2449,13,0.8643994601889338,86.44,0.8644,0.713,71.3,1
Candidate_016,Inside Sales Representative,41-2031.00,Retail Salespersons,Writing,3.0,3.0,0.0,0.6,2,1876,2449,13,0.8643994601889338,86.44,0.8644,0.706,70.58,2
Candidate_016,Licensed Practical Nurse (L.P.N.),29-2061.00,Licensed Practical and Licensed Vocational Nurses,Monitoring,3.88,4.0,0.0,0.788,1,437,527,10,0.3039192124973743,30.39,0.3039,0.594,59.44,1
Candidate_016,Licensed Practical Nurse (L.P.N.),29-2061.00,Licensed Practical and Licensed Vocational Nurses,Writing,3.25,3.12,0.0,0.637,2,437,527,10,0.3039192124973743,30.39,0.3039,0.504,50.38,2
Candidate_016,Office Administrator,43-1011.00,First-Line Supervisors of Office and Administrative Support Workers,Monitoring,4.0,4.0,0.0,0.8,1,676,1709,13,0.5286438829565303,52.86,0.5286,0.691,69.14,1
Candidate_016,Office Administrator,43-1011.00,First-Line Supervisors of Office and Administrative Support Workers,Writing,3.75,3.75,0.0,0.75,2,676,1709,13,0.5286438829565303,52.86,0.5286,0.661,66.14,2
Candidate_016,Office Manager,43-1011.00,First-Line Supervisors of Office and Administrative Support Workers,Monitoring,4.0,4.0,0.0,0.8,1,676,1709,13,0.5286438829565303,52.86,0.5286,0.691,69.14,1
Candidate_016,Office Manager,43-1011.00,First-Line Supervisors of Office and Administrative Support Workers,Writing,3.75,3.75,0.0,0.75,2,676,1709,13,0.5286438829565303,52.86,0.5286,0.661,66.14,2
Candidate_016,Restaurant Manager,11-9051.00,Food Service Managers,Monitoring,3.88,3.88,0.0,0.776,1,1139,1473,12,0.5865008675534992,58.65,0.5865,0.7,70.02,1
Candidate_016,Restaurant Manager,11-9051.00,Food Service Managers,Writing,3.0,3.12,0.0,0.612,2,1139,1473,12,0.5865008675534992,58.65,0.5865,0.602,60.18,2
Candidate_016,Retail Sales Associate,41-2031.00,Retail Salespersons,Monitoring,3.0,3.12,0.0,0.612,1,1876,2449,13,0.8643994601889338,86.44,0.8644,0.713,71.3,1
Candidate_016,Retail Sales Associate,41-2031.00,Retail Salespersons,Writing,3.0,3.0,0.0,0.6,2,1876,2449,13,0.8643994601889338,86.44,0.8644,0.706,70.58,2
Candidate_016,Secondary School Teacher,25-2031.00,"Secondary School Teachers, Except Special and Career/Technical Education",Monitoring,3.88,4.0,0.0,0.788,1,681,740,9,0.3635561348837076,36.36,0.3636,0.618,61.82,1
Candidate_016,Secondary School Teacher,25-2031.00,"Secondary School Teachers, Except Special and Career/Technical Education",Writing,3.62,3.75,0.0,0.737,2,681,740,9,0.3635561348837076,36.36,0.3636,0.588,58.76,2
Candidate_016,Software Developer,15-1252.00,Software Developers,Writing,3.25,3.62,0.0,0.687,1,323,344,8,0.2290858604605659,22.91,0.2291,0.504,50.38,1
Candidate_016,Software Developer,15-1252.00,Software Developers,Monitoring,3.0,3.5,0.0,0.6499999999999999,2,323,344,8,0.2290858604605659,22.91,0.2291,0.482,48.16,2
Candidate_017,Administrative Assistant,43-6014.00,"Secretaries and Administrative Assistants, Except Legal, Medical, and Executive",Monitoring,3.12,3.25,0.0,0.637,1,812,890,11,0.4384514673595585,43.85,0.4385,0.558,55.76,1
Candidate_017,Administrative Assistant,43-6014.00,"Secretaries and Administrative Assistants, Except Legal, Medical, and Executive",Science,1.0,0.0,0.0,0.1,2,812,890,11,0.4384514673595585,43.85,0.4385,0.235,23.54,2
Candidate_017,Bookkeeper,43-3031.00,"Bookkeeping, Accounting, and Auditing Clerks",Monitoring,3.0,2.88,0.0,0.588,1,396,422,11,0.2992257912289334,29.92,0.2992,0.472,47.25,1
Candidate_017,Bookkeeper,43-3031.00,"Bookkeeping, Accounting, and Auditing Clerks",Science,1.12,0.12,0.0,0.12400000000000001,2,396,422,11,0.2992257912289334,29.92,0.2992,0.194,19.41,2
Candidate_017,Continuing Care Assistant,31-1131.00,Nursing Assistants,Monitoring,3.25,3.0,0.0,0.625,1,819,1172,9,0.4396201180333152,43.96,0.4396,0.551,55.08,1
Candidate_017,Continuing Care Assistant,31-1131.00,Nursing Assistants,Science,1.75,0.88,0.0,0.263,2,819,1172,9,0.4396201180333152,43.96,0.4396,0.334,33.36,2
Candidate_017,Delivery Driver,53-3033.00,Light Truck Drivers,Monitoring,3.12,2.75,0.0,0.587,1,557,622,12,0.3705312074675783,37.05,0.3705,0.5,50.04,1
Candidate_017,Delivery Driver,53-3033.00,Light Truck Drivers,Science,1.12,0.12,0.0,0.12400000000000001,2,557,622,12,0.3705312074675783,37.05,0.3705,0.223,22.26,2
Candidate_017,"Driver, Truck",53-3032.00,Heavy and Tractor-Trailer Truck Drivers,Monitoring,3.12,3.0,0.0,0.612,1,1423,3705,12,0.8880268984746598,88.8,0.888,0.722,72.24,1
Candidate_017,"Driver, Truck",53-3032.00,Heavy and Tractor-Trailer Truck Drivers,Science,1.0,0.0,0.0,0.1,2,1423,3705,12,0.8880268984746598,88.8,0.888,0.415,41.52,2
Candidate_017,Food Service Supervisor,35-1012.00,First-Line Supervisors of Food Preparation and Serving Workers,Monitoring,3.88,4.0,0.0,0.788,1,1061,2524,12,0.6833380235893983,68.33,0.6833,0.746,74.61,1
Candidate_017,Food Service Supervisor,35-1012.00,First-Line Supervisors of Food Preparation and Serving Workers,Science,1.0,0.0,0.0,0.1,2,1061,2524,12,0.6833380235893983,68.33,0.6833,0.333,33.33,2
Candidate_017,Information Technology (IT) Analyst,15-1211.00,Computer Systems Analysts,Monitoring,3.62,4.0,0.0,0.762,1,347,357,10,0.266375870790639,26.64,0.2664,0.564,56.38,1
Candidate_017,Information Technology (IT) Analyst,15-1211.00,Computer Systems Analysts,Science,2.75,3.12,0.0,0.587,2,347,357,10,0.266375870790639,26.64,0.2664,0.459,45.88,2
Candidate_017,Inside Sales Representative,41-2031.00,Retail Salespersons,Monitoring,3.0,3.12,0.0,0.612,1,1876,2449,13,0.8643994601889338,86.44,0.8644,0.713,71.3,1
Candidate_017,Inside Sales Representative,41-2031.00,Retail Salespersons,Science,1.0,0.0,0.0,0.1,2,1876,2449,13,0.8643994601889338,86.44,0.8644,0.406,40.58,2
Candidate_017,Licensed Practical Nurse (L.P.N.),29-2061.00,Licensed Practical and Licensed Vocational Nurses,Monitoring,3.88,4.0,0.0,0.788,1,437,527,10,0.3039192124973743,30.39,0.3039,0.594,59.44,1
Candidate_017,Licensed Practical Nurse (L.P.N.),29-2061.00,Licensed Practical and Licensed Vocational Nurses,Science,2.62,2.62,0.0,0.524,2,437,527,10,0.3039192124973743,30.39,0.3039,0.436,43.6,2
Candidate_017,Office Administrator,43-1011.00,First-Line Supervisors of Office and Administrative Support Workers,Monitoring,4.0,4.0,0.0,0.8,1,676,1709,13,0.5286438829565303,52.86,0.5286,0.691,69.14,1
Candidate_017,Office Administrator,43-1011.00,First-Line Supervisors of Office and Administrative Support Workers,Science,1.38,0.38,0.0,0.176,2,676,1709,13,0.5286438829565303,52.86,0.5286,0.317,31.7,2
Candidate_017,Office Manager,43-1011.00,First-Line Supervisors of Office and Administrative Support Workers,Monitoring,4.0,4.0,0.0,0.8,1,676,1709,13,0.5286438829565303,52.86,0.5286,0.691,69.14,1
Candidate_017,Office Manager,43-1011.00,First-Line Supervisors of Office and Administrative Support Workers,Science,1.0,0.0,0.0,0.1,2,676,1709,13,0.5286438829565303,52.86,0.5286,0.271,27.14,2
Candidate_017,Restaurant Manager,11-9051.00,Food Service Managers,Monitoring,3.88,3.88,0.0,0.776,1,1139,1473,12,0.5865008675534992,58.65,0.5865,0.7,70.02,1
Candidate_017,Restaurant Manager,11-9051.00,Food Service Managers,Science,1.62,0.62,0.0,0.224,2,1139,1473,12,0.5865008675534992,58.65,0.5865,0.369,36.9,2
Candidate_017,Retail Sales Associate,41-2031.00,Retail Salespersons,Monitoring,3.0,3.12,0.0,0.612,1,1876,2449,13,0.8643994601889338,86.44,0.8644,0.713,71.3,1
Candidate_017,Retail Sales Associate,41-2031.00,Retail Salespersons,Science,1.0,0.0,0.0,0.1,2,1876,2449,13,0.8643994601889338,86.44,0.8644,0.406,40.58,2
Candidate_017,Secondary School Teacher,25-2031.00,"Secondary School Teachers, Except Special and Career/Technical Education",Monitoring,3.88,4.0,0.0,0.788,1,681,740,9,0.3635561348837076,36.36,0.3636,0.618,61.82,1
Candidate_017,Secondary School Teacher,25-2031.00,"Secondary School Teachers, Except Special and Career/Technical Education",Science,2.0,1.88,0.0,0.388,2,681,740,9,0.3635561348837076,36.36,0.3636,0.378,37.82,2
Candidate_017,Software Developer,15-1252.00,Software Developers,Monitoring,3.0,3.5,0.0,0.6499999999999999,1,323,344,8,0.2290858604605659,22.91,0.2291,0.482,48.16,1
Candidate_017,Software Developer,15-1252.00,Software Developers,Science,2.12,1.88,0.0,0.4,2,323,344,8,0.2290858604605659,22.91,0.2291,0.332,33.16,2
Candidate_019,Administrative Assistant,43-6014.00,"Secretaries and Administrative Assistants, Except Legal, Medical, and Executive",Active Listening,4.0,3.75,0.0,0.775,1,812,890,11,0.4384514673595585,43.85,0.4385,0.64,64.04,1
Candidate_019,Administrative Assistant,43-6014.00,"Secretaries and Administrative Assistants, Except Legal, Medical, and Executive",Speaking,4.0,3.62,0.0,0.762,2,812,890,11,0.4384514673595585,43.85,0.4385,0.633,63.26,2
Candidate_019,Administrative Assistant,43-6014.00,"Secretaries and Administrative Assistants, Except Legal, Medical, and Executive",Science,1.0,0.0,0.0,0.1,3,812,890,11,0.4384514673595585,43.85,0.4385,0.235,23.54,3
Candidate_019,Bookkeeper,43-3031.00,"Bookkeeping, Accounting, and Auditing Clerks",Active Listening,3.25,3.75,0.0,0.7,1,396,422,11,0.2992257912289334,29.92,0.2992,0.54,53.97,1
Candidate_019,Bookkeeper,43-3031.00,"Bookkeeping, Accounting, and Auditing Clerks",Speaking,3.12,3.12,0.0,0.624,2,396,422,11,0.2992257912289334,29.92,0.2992,0.494,49.41,2
Candidate_019,Bookkeeper,43-3031.00,"Bookkeeping, Accounting, and Auditing Clerks",Science,1.12,0.12,0.0,0.12400000000000001,3,396,422,11,0.2992257912289334,29.92,0.2992,0.194,19.41,3
Candidate_019,Continuing Care Assistant,31-1131.00,Nursing Assistants,Active Listening,3.62,3.0,0.0,0.6619999999999999,1,819,1172,9,0.4396201180333152,43.96,0.4396,0.573,57.3,1
Candidate_019,Continuing Care Assistant,31-1131.00,Nursing Assistants,Speaking,3.12,3.0,0.0,0.612,2,819,1172,9,0.4396201180333152,43.96,0.4396,0.543,54.3,2
Candidate_019,Continuing Care Assistant,31-1131.00,Nursing Assistants,Science,1.75,0.88,0.0,0.263,3,819,1172,9,0.4396201180333152,43.96,0.4396,0.334,33.36,3
Candidate_019,Delivery Driver,53-3033.00,Light Truck Drivers,Active Listening,3.12,2.88,0.0,0.6,1,557,622,12,0.3705312074675783,37.05,0.3705,0.508,50.82,1
Candidate_019,Delivery Driver,53-3033.00,Light Truck Drivers,Speaking,3.12,2.88,0.0,0.6,1,557,622,12,0.3705312074675783,37.05,0.3705,0.508,50.82,1
Candidate_019,Delivery Driver,53-3033.00,Light Truck Drivers,Science,1.12,0.12,0.0,0.12400000000000001,2,557,622,12,0.3705312074675783,37.05,0.3705,0.223,22.26,2
Candidate_019,"Driver, Truck",53-3032.00,Heavy and Tractor-Trailer Truck Drivers,Active Listening,2.88,3.0,0.0,0.588,1,1423,3705,12,0.8880268984746598,88.8,0.888,0.708,70.8,1
Candidate_019,"Driver, Truck",53-3032.00,Heavy and Tractor-Trailer Truck Drivers,Speaking,3.0,2.88,0.0,0.588,1,1423,3705,12,0.8880268984746598,88.8,0.888,0.708,70.8,1
Candidate_019,"Driver, Truck",53-3032.00,Heavy and Tractor-Trailer Truck Drivers,Science,1.0,0.0,0.0,0.1,2,1423,3705,12,0.8880268984746598,88.8,0.888,0.415,41.52,2
Candidate_019,Food Service Supervisor,35-1012.00,First-Line Supervisors of Food Preparation and Serving Workers,Speaking,3.88,4.0,0.0,0.788,1,1061,2524,12,0.6833380235893983,68.33,0.6833,0.746,74.61,1
Candidate_019,Food Service Supervisor,35-1012.00,First-Line Supervisors of Food Preparation and Serving Workers,Active Listening,3.75,3.0,0.0,0.675,2,1061,2524,12,0.6833380235893983,68.33,0.6833,0.678,67.83,2
Candidate_019,Food Service Supervisor,35-1012.00,First-Line Supervisors of Food Preparation and Serving Workers,Science,1.0,0.0,0.0,0.1,3,1061,2524,12,0.6833380235893983,68.33,0.6833,0.333,33.33,3
Candidate_019,Information Technology (IT) Analyst,15-1211.00,Computer Systems Analysts,Active Listening,4.0,4.12,0.0,0.812,1,347,357,10,0.266375870790639,26.64,0.2664,0.594,59.38,1
Candidate_019,Information Technology (IT) Analyst,15-1211.00,Computer Systems Analysts,Speaking,4.0,4.0,0.0,0.8,2,347,357,10,0.266375870790639,26.64,0.2664,0.587,58.66,2
Candidate_019,Information Technology (IT) Analyst,15-1211.00,Computer Systems Analysts,Science,2.75,3.12,0.0,0.587,3,347,357,10,0.266375870790639,26.64,0.2664,0.459,45.88,3
Candidate_019,Inside Sales Representative,41-2031.00,Retail Salespersons,Active Listening,3.75,3.75,0.0,0.75,1,1876,2449,13,0.8643994601889338,86.44,0.8644,0.796,79.58,1
Candidate_019,Inside Sales Representative,41-2031.00,Retail Salespersons,Speaking,3.75,3.12,0.0,0.687,2,1876,2449,13,0.8643994601889338,86.44,0.8644,0.758,75.8,2
Candidate_019,Inside Sales Representative,41-2031.00,Retail Salespersons,Science,1.0,0.0,0.0,0.1,3,1876,2449,13,0.8643994601889338,86.44,0.8644,0.406,40.58,3
Candidate_019,Licensed Practical Nurse (L.P.N.),29-2061.00,Licensed Practical and Licensed Vocational Nurses,Active Listening,3.88,4.0,0.0,0.788,1,437,527,10,0.3039192124973743,30.39,0.3039,0.594,59.44,1
Candidate_019,Licensed Practical Nurse (L.P.N.),29-2061.00,Licensed Practical and Licensed Vocational Nurses,Speaking,3.88,4.0,0.0,0.788,1,437,527,10,0.3039192124973743,30.39,0.3039,0.594,59.44,1
Candidate_019,Licensed Practical Nurse (L.P.N.),29-2061.00,Licensed Practical and Licensed Vocational Nurses,Science,2.62,2.62,0.0,0.524,2,437,527,10,0.3039192124973743,30.39,0.3039,0.436,43.6,2
Candidate_019,Office Administrator,43-1011.00,First-Line Supervisors of Office and Administrative Support Workers,Active Listening,4.0,4.0,0.0,0.8,1,676,1709,13,0.5286438829565303,52.86,0.5286,0.691,69.14,1
Candidate_019,Office Administrator,43-1011.00,First-Line Supervisors of Office and Administrative Support Workers,Speaking,4.0,4.0,0.0,0.8,1,676,1709,13,0.5286438829565303,52.86,0.5286,0.691,69.14,1
Candidate_019,Office Administrator,43-1011.00,First-Line Supervisors of Office and Administrative Support Workers,Science,1.38,0.38,0.0,0.176,2,676,1709,13,0.5286438829565303,52.86,0.5286,0.317,31.7,2
Candidate_019,Office Manager,43-1011.00,First-Line Supervisors of Office and Administrative Support Workers,Speaking,4.0,4.0,0.0,0.8,1,676,1709,13,0.5286438829565303,52.86,0.5286,0.691,69.14,1
Candidate_019,Office Manager,43-1011.00,First-Line Supervisors of Office and Administrative Support Workers,Active Listening,4.0,3.88,0.0,0.788,2,676,1709,13,0.5286438829565303,52.86,0.5286,0.684,68.42,2
Candidate_019,Office Manager,43-1011.00,First-Line Supervisors of Office and Administrative Support Workers,Science,1.0,0.0,0.0,0.1,3,676,1709,13,0.5286438829565303,52.86,0.5286,0.271,27.14,3
Candidate_019,Restaurant Manager,11-9051.00,Food Service Managers,Speaking,3.88,4.0,0.0,0.788,1,1139,1473,12,0.5865008675534992,58.65,0.5865,0.707,70.74,1
Candidate_019,Restaurant Manager,11-9051.00,Food Service Managers,Active Listening,3.88,3.5,0.0,0.738,2,1139,1473,12,0.5865008675534992,58.65,0.5865,0.677,67.74,2
Candidate_019,Restaurant Manager,11-9051.00,Food Service Managers,Science,1.62,0.62,0.0,0.224,3,1139,1473,12,0.5865008675534992,58.65,0.5865,0.369,36.9,3
Candidate_019,Retail Sales Associate,41-2031.00,Retail Salespersons,Active Listening,3.75,3.75,0.0,0.75,1,1876,2449,13,0.8643994601889338,86.44,0.8644,0.796,79.58,1
Candidate_019,Retail Sales Associate,41-2031.00,Retail Salespersons,Speaking,3.75,3.12,0.0,0.687,2,1876,2449,13,0.8643994601889338,86.44,0.8644,0.758,75.8,2
Candidate_019,Retail Sales Associate,41-2031.00,Retail Salespersons,Science,1.0,0.0,0.0,0.1,3,1876,2449,13,0.8643994601889338,86.44,0.8644,0.406,40.58,3
Candidate_019,Secondary School Teacher,25-2031.00,"Secondary School Teachers, Except Special and Career/Technical Education",Speaking,4.0,4.12,0.0,0.812,1,681,740,9,0.3635561348837076,36.36,0.3636,0.633,63.26,1
Candidate_019,Secondary School Teacher,25-2031.00,"Secondary School Teachers, Except Special and Career/Technical Education",Active Listening,4.0,4.0,0.0,0.8,2,681,740,9,0.3635561348837076,36.36,0.3636,0.625,62.54,2
Candidate_019,Secondary School Teacher,25-2031.00,"Secondary School Teachers, Except Special and Career/Technical Education",Science,2.0,1.88,0.0,0.388,3,681,740,9,0.3635561348837076,36.36,0.3636,0.378,37.82,3
Candidate_019,Software Developer,15-1252.00,Software Developers,Active Listening,3.38,3.88,0.0,0.726,1,323,344,8,0.2290858604605659,22.91,0.2291,0.527,52.72,1
Candidate_019,Software Developer,15-1252.00,Software Developers,Speaking,3.12,3.62,0.0,0.6739999999999999,2,323,344,8,0.2290858604605659,22.91,0.2291,0.496,49.6,2
Candidate_019,Software Developer,15-1252.00,Software Developers,Science,2.12,1.88,0.0,0.4,3,323,344,8,0.2290858604605659,22.91,0.2291,0.332,33.16,3
Candidate_020,Administrative Assistant,43-6014.00,"Secretaries and Administrative Assistants, Except Legal, Medical, and Executive",Active Listening,4.0,3.75,0.0,0.775,1,812,890,11,0.4384514673595585,43.85,0.4385,0.64,64.04,1
Candidate_020,Administrative Assistant,43-6014.00,"Secretaries and Administrative Assistants, Except Legal, Medical, and Executive",Speaking,4.0,3.62,0.0,0.762,2,812,890,11,0.4384514673595585,43.85,0.4385,0.633,63.26,2
Candidate_020,Administrative Assistant,43-6014.00,"Secretaries and Administrative Assistants, Except Legal, Medical, and Executive",Monitoring,3.12,3.25,0.0,0.637,3,812,890,11,0.4384514673595585,43.85,0.4385,0.558,55.76,3
Candidate_020,Administrative Assistant,43-6014.00,"Secretaries and Administrative Assistants, Except Legal, Medical, and Executive",Science,1.0,0.0,0.0,0.1,4,812,890,11,0.4384514673595585,43.85,0.4385,0.235,23.54,4
Candidate_020,Bookkeeper,43-3031.00,"Bookkeeping, Accounting, and Auditing Clerks",Active Listening,3.25,3.75,0.0,0.7,1,396,422,11,0.2992257912289334,29.92,0.2992,0.54,53.97,1
Candidate_020,Bookkeeper,43-3031.00,"Bookkeeping, Accounting, and Auditing Clerks",Speaking,3.12,3.12,0.0,0.624,2,396,422,11,0.2992257912289334,29.92,0.2992,0.494,49.41,2
Candidate_020,Bookkeeper,43-3031.00,"Bookkeeping, Accounting, and Auditing Clerks",Monitoring,3.0,2.88,0.0,0.588,3,396,422,11,0.2992257912289334,29.92,0.2992,0.472,47.25,3
Candidate_020,Bookkeeper,43-3031.00,"Bookkeeping, Accounting, and Auditing Clerks",Science,1.12,0.12,0.0,0.12400000000000001,4,396,422,11,0.2992257912289334,29.92,0.2992,0.194,19.41,4
Candidate_020,Continuing Care Assistant,31-1131.00,Nursing Assistants,Active Listening,3.62,3.0,0.0,0.6619999999999999,1,819,1172,9,0.4396201180333152,43.96,0.4396,0.573,57.3,1
Candidate_020,Continuing Care Assistant,31-1131.00,Nursing Assistants,Monitoring,3.25,3.0,0.0,0.625,2,819,1172,9,0.4396201180333152,43.96,0.4396,0.551,55.08,2
Candidate_020,Continuing Care Assistant,31-1131.00,Nursing Assistants,Speaking,3.12,3.0,0.0,0.612,3,819,1172,9,0.4396201180333152,43.96,0.4396,0.543,54.3,3
Candidate_020,Continuing Care Assistant,31-1131.00,Nursing Assistants,Science,1.75,0.88,0.0,0.263,4,819,1172,9,0.4396201180333152,43.96,0.4396,0.334,33.36,4
Candidate_020,Delivery Driver,53-3033.00,Light Truck Drivers,Active Listening,3.12,2.88,0.0,0.6,1,557,622,12,0.3705312074675783,37.05,0.3705,0.508,50.82,1
Candidate_020,Delivery Driver,53-3033.00,Light Truck Drivers,Speaking,3.12,2.88,0.0,0.6,1,557,622,12,0.3705312074675783,37.05,0.3705,0.508,50.82,1
Candidate_020,Delivery Driver,53-3033.00,Light Truck Drivers,Monitoring,3.12,2.75,0.0,0.587,2,557,622,12,0.3705312074675783,37.05,0.3705,0.5,50.04,2
Candidate_020,Delivery Driver,53-3033.00,Light Truck Drivers,Science,1.12,0.12,0.0,0.12400000000000001,3,557,622,12,0.3705312074675783,37.05,0.3705,0.223,22.26,3
Candidate_020,"Driver, Truck",53-3032.00,Heavy and Tractor-Trailer Truck Drivers,Monitoring,3.12,3.0,0.0,0.612,1,1423,3705,12,0.8880268984746598,88.8,0.888,0.722,72.24,1
Candidate_020,"Driver, Truck",53-3032.00,Heavy and Tractor-Trailer Truck Drivers,Active Listening,2.88,3.0,0.0,0.588,2,1423,3705,12,0.8880268984746598,88.8,0.888,0.708,70.8,2
Candidate_020,"Driver, Truck",53-3032.00,Heavy and Tractor-Trailer Truck Drivers,Speaking,3.0,2.88,0.0,0.588,2,1423,3705,12,0.8880268984746598,88.8,0.888,0.708,70.8,2
Candidate_020,"Driver, Truck",53-3032.00,Heavy and Tractor-Trailer Truck Drivers,Science,1.0,0.0,0.0,0.1,3,1423,3705,12,0.8880268984746598,88.8,0.888,0.415,41.52,3
Candidate_020,Food Service Supervisor,35-1012.00,First-Line Supervisors of Food Preparation and Serving Workers,Monitoring,3.88,4.0,0.0,0.788,1,1061,2524,12,0.6833380235893983,68.33,0.6833,0.746,74.61,1
Candidate_020,Food Service Supervisor,35-1012.00,First-Line Supervisors of Food Preparation and Serving Workers,Speaking,3.88,4.0,0.0,0.788,1,1061,2524,12,0.6833380235893983,68.33,0.6833,0.746,74.61,1
Candidate_020,Food Service Supervisor,35-1012.00,First-Line Supervisors of Food Preparation and Serving Workers,Active Listening,3.75,3.0,0.0,0.675,2,1061,2524,12,0.6833380235893983,68.33,0.6833,0.678,67.83,2
Candidate_020,Food Service Supervisor,35-1012.00,First-Line Supervisors of Food Preparation and Serving Workers,Science,1.0,0.0,0.0,0.1,3,1061,2524,12,0.6833380235893983,68.33,0.6833,0.333,33.33,3
Candidate_020,Information Technology (IT) Analyst,15-1211.00,Computer Systems Analysts,Active Listening,4.0,4.12,0.0,0.812,1,347,357,10,0.266375870790639,26.64,0.2664,0.594,59.38,1
Candidate_020,Information Technology (IT) Analyst,15-1211.00,Computer Systems Analysts,Speaking,4.0,4.0,0.0,0.8,2,347,357,10,0.266375870790639,26.64,0.2664,0.587,58.66,2
Candidate_020,Information Technology (IT) Analyst,15-1211.00,Computer Systems Analysts,Monitoring,3.62,4.0,0.0,0.762,3,347,357,10,0.266375870790639,26.64,0.2664,0.564,56.38,3
Candidate_020,Information Technology (IT) Analyst,15-1211.00,Computer Systems Analysts,Science,2.75,3.12,0.0,0.587,4,347,357,10,0.266375870790639,26.64,0.2664,0.459,45.88,4
Candidate_020,Inside Sales Representative,41-2031.00,Retail Salespersons,Active Listening,3.75,3.75,0.0,0.75,1,1876,2449,13,0.8643994601889338,86.44,0.8644,0.796,79.58,1
Candidate_020,Inside Sales Representative,41-2031.00,Retail Salespersons,Speaking,3.75,3.12,0.0,0.687,2,1876,2449,13,0.8643994601889338,86.44,0.8644,0.758,75.8,2
Candidate_020,Inside Sales Representative,41-2031.00,Retail Salespersons,Monitoring,3.0,3.12,0.0,0.612,3,1876,2449,13,0.8643994601889338,86.44,0.8644,0.713,71.3,3
Candidate_020,Inside Sales Representative,41-2031.00,Retail Salespersons,Science,1.0,0.0,0.0,0.1,4,1876,2449,13,0.8643994601889338,86.44,0.8644,0.406,40.58,4
Candidate_020,Licensed Practical Nurse (L.P.N.),29-2061.00,Licensed Practical and Licensed Vocational Nurses,Active Listening,3.88,4.0,0.0,0.788,1,437,527,10,0.3039192124973743,30.39,0.3039,0.594,59.44,1
Candidate_020,Licensed Practical Nurse (L.P.N.),29-2061.00,Licensed Practical and Licensed Vocational Nurses,Monitoring,3.88,4.0,0.0,0.788,1,437,527,10,0.3039192124973743,30.39,0.3039,0.594,59.44,1
Candidate_020,Licensed Practical Nurse (L.P.N.),29-2061.00,Licensed Practical and Licensed Vocational Nurses,Speaking,3.88,4.0,0.0,0.788,1,437,527,10,0.3039192124973743,30.39,0.3039,0.594,59.44,1
Candidate_020,Licensed Practical Nurse (L.P.N.),29-2061.00,Licensed Practical and Licensed Vocational Nurses,Science,2.62,2.62,0.0,0.524,2,437,527,10,0.3039192124973743,30.39,0.3039,0.436,43.6,2
Candidate_020,Office Administrator,43-1011.00,First-Line Supervisors of Office and Administrative Support Workers,Active Listening,4.0,4.0,0.0,0.8,1,676,1709,13,0.5286438829565303,52.86,0.5286,0.691,69.14,1
Candidate_020,Office Administrator,43-1011.00,First-Line Supervisors of Office and Administrative Support Workers,Monitoring,4.0,4.0,0.0,0.8,1,676,1709,13,0.5286438829565303,52.86,0.5286,0.691,69.14,1
Candidate_020,Office Administrator,43-1011.00,First-Line Supervisors of Office and Administrative Support Workers,Speaking,4.0,4.0,0.0,0.8,1,676,1709,13,0.5286438829565303,52.86,0.5286,0.691,69.14,1
Candidate_020,Office Administrator,43-1011.00,First-Line Supervisors of Office and Administrative Support Workers,Science,1.38,0.38,0.0,0.176,2,676,1709,13,0.5286438829565303,52.86,0.5286,0.317,31.7,2
Candidate_020,Office Manager,43-1011.00,First-Line Supervisors of Office and Administrative Support Workers,Monitoring,4.0,4.0,0.0,0.8,1,676,1709,13,0.5286438829565303,52.86,0.5286,0.691,69.14,1
Candidate_020,Office Manager,43-1011.00,First-Line Supervisors of Office and Administrative Support Workers,Speaking,4.0,4.0,0.0,0.8,1,676,1709,13,0.5286438829565303,52.86,0.5286,0.691,69.14,1
Candidate_020,Office Manager,43-1011.00,First-Line Supervisors of Office and Administrative Support Workers,Active Listening,4.0,3.88,0.0,0.788,2,676,1709,13,0.5286438829565303,52.86,0.5286,0.684,68.42,2
Candidate_020,Office Manager,43-1011.00,First-Line Supervisors of Office and Administrative Support Workers,Science,1.0,0.0,0.0,0.1,3,676,1709,13,0.5286438829565303,52.86,0.5286,0.271,27.14,3
Candidate_020,Restaurant Manager,11-9051.00,Food Service Managers,Speaking,3.88,4.0,0.0,0.788,1,1139,1473,12,0.5865008675534992,58.65,0.5865,0.707,70.74,1
Candidate_020,Restaurant Manager,11-9051.00,Food Service Managers,Monitoring,3.88,3.88,0.0,0.776,2,1139,1473,12,0.5865008675534992,58.65,0.5865,0.7,70.02,2
Candidate_020,Restaurant Manager,11-9051.00,Food Service Managers,Active Listening,3.88,3.5,0.0,0.738,3,1139,1473,12,0.5865008675534992,58.65,0.5865,0.677,67.74,3
Candidate_020,Restaurant Manager,11-9051.00,Food Service Managers,Science,1.62,0.62,0.0,0.224,4,1139,1473,12,0.5865008675534992,58.65,0.5865,0.369,36.9,4
Candidate_020,Retail Sales Associate,41-2031.00,Retail Salespersons,Active Listening,3.75,3.75,0.0,0.75,1,1876,2449,13,0.8643994601889338,86.44,0.8644,0.796,79.58,1
Candidate_020,Retail Sales Associate,41-2031.00,Retail Salespersons,Speaking,3.75,3.12,0.0,0.687,2,1876,2449,13,0.8643994601889338,86.44,0.8644,0.758,75.8,2
Candidate_020,Retail Sales Associate,41-2031.00,Retail Salespersons,Monitoring,3.0,3.12,0.0,0.612,3,1876,2449,13,0.8643994601889338,86.44,0.8644,0.713,71.3,3
Candidate_020,Retail Sales Associate,41-2031.00,Retail Salespersons,Science,1.0,0.0,0.0,0.1,4,1876,2449,13,0.8643994601889338,86.44,0.8644,0.406,40.58,4
Candidate_020,Secondary School Teacher,25-2031.00,"Secondary School Teachers, Except Special and Career/Technical Education",Speaking,4.0,4.12,0.0,0.812,1,681,740,9,0.3635561348837076,36.36,0.3636,0.633,63.26,1
Candidate_020,Secondary School Teacher,25-2031.00,"Secondary School Teachers, Except Special and Career/Technical Education",Active Listening,4.0,4.0,0.0,0.8,2,681,740,9,0.3635561348837076,36.36,0.3636,0.625,62.54,2
Candidate_020,Secondary School Teacher,25-2031.00,"Secondary School Teachers, Except Special and Career/Technical Education",Monitoring,3.88,4.0,0.0,0.788,3,681,740,9,0.3635561348837076,36.36,0.3636,0.618,61.82,3
Candidate_020,Secondary School Teacher,25-2031.00,"Secondary School Teachers, Except Special and Career/Technical Education",Science,2.0,1.88,0.0,0.388,4,681,740,9,0.3635561348837076,36.36,0.3636,0.378,37.82,4
Candidate_020,Software Developer,15-1252.00,Software Developers,Active Listening,3.38,3.88,0.0,0.726,1,323,344,8,0.2290858604605659,22.91,0.2291,0.527,52.72,1
Candidate_020,Software Developer,15-1252.00,Software Developers,Speaking,3.12,3.62,0.0,0.6739999999999999,2,323,344,8,0.2290858604605659,22.91,0.2291,0.496,49.6,2
Candidate_020,Software Developer,15-1252.00,Software Developers,Monitoring,3.0,3.5,0.0,0.6499999999999999,3,323,344,8,0.2290858604605659,22.91,0.2291,0.482,48.16,3
Candidate_020,Software Developer,15-1252.00,Software Developers,Science,2.12,1.88,0.0,0.4,4,323,344,8,0.2290858604605659,22.91,0.2291,0.332,33.16,4
Candidate_021,Administrative Assistant,43-6014.00,"Secretaries and Administrative Assistants, Except Legal, Medical, and Executive",Active Listening,4.0,3.75,0.0,0.775,1,812,890,11,0.4384514673595585,43.85,0.4385,0.64,64.04,1
Candidate_021,Administrative Assistant,43-6014.00,"Secretaries and Administrative Assistants, Except Legal, Medical, and Executive",Speaking,4.0,3.62,0.0,0.762,2,812,890,11,0.4384514673595585,43.85,0.4385,0.633,63.26,2
Candidate_021,Administrative Assistant,43-6014.00,"Secretaries and Administrative Assistants, Except Legal, Medical, and Executive",Monitoring,3.12,3.25,0.0,0.637,3,812,890,11,0.4384514673595585,43.85,0.4385,0.558,55.76,3
Candidate_021,Administrative Assistant,43-6014.00,"Secretaries and Administrative Assistants, Except Legal, Medical, and Executive",Science,1.0,0.0,0.0,0.1,4,812,890,11,0.4384514673595585,43.85,0.4385,0.235,23.54,4
Candidate_021,Bookkeeper,43-3031.00,"Bookkeeping, Accounting, and Auditing Clerks",Active Listening,3.25,3.75,0.0,0.7,1,396,422,11,0.2992257912289334,29.92,0.2992,0.54,53.97,1
Candidate_021,Bookkeeper,43-3031.00,"Bookkeeping, Accounting, and Auditing Clerks",Speaking,3.12,3.12,0.0,0.624,2,396,422,11,0.2992257912289334,29.92,0.2992,0.494,49.41,2
Candidate_021,Bookkeeper,43-3031.00,"Bookkeeping, Accounting, and Auditing Clerks",Monitoring,3.0,2.88,0.0,0.588,3,396,422,11,0.2992257912289334,29.92,0.2992,0.472,47.25,3
Candidate_021,Bookkeeper,43-3031.00,"Bookkeeping, Accounting, and Auditing Clerks",Science,1.12,0.12,0.0,0.12400000000000001,4,396,422,11,0.2992257912289334,29.92,0.2992,0.194,19.41,4
Candidate_021,Continuing Care Assistant,31-1131.00,Nursing Assistants,Active Listening,3.62,3.0,0.0,0.6619999999999999,1,819,1172,9,0.4396201180333152,43.96,0.4396,0.573,57.3,1
Candidate_021,Continuing Care Assistant,31-1131.00,Nursing Assistants,Monitoring,3.25,3.0,0.0,0.625,2,819,1172,9,0.4396201180333152,43.96,0.4396,0.551,55.08,2
Candidate_021,Continuing Care Assistant,31-1131.00,Nursing Assistants,Speaking,3.12,3.0,0.0,0.612,3,819,1172,9,0.4396201180333152,43.96,0.4396,0.543,54.3,3
Candidate_021,Continuing Care Assistant,31-1131.00,Nursing Assistants,Science,1.75,0.88,0.0,0.263,4,819,1172,9,0.4396201180333152,43.96,0.4396,0.334,33.36,4
Candidate_021,Delivery Driver,53-3033.00,Light Truck Drivers,Active Listening,3.12,2.88,0.0,0.6,1,557,622,12,0.3705312074675783,37.05,0.3705,0.508,50.82,1
Candidate_021,Delivery Driver,53-3033.00,Light Truck Drivers,Speaking,3.12,2.88,0.0,0.6,1,557,622,12,0.3705312074675783,37.05,0.3705,0.508,50.82,1
Candidate_021,Delivery Driver,53-3033.00,Light Truck Drivers,Monitoring,3.12,2.75,0.0,0.587,2,557,622,12,0.3705312074675783,37.05,0.3705,0.5,50.04,2
Candidate_021,Delivery Driver,53-3033.00,Light Truck Drivers,Science,1.12,0.12,0.0,0.12400000000000001,3,557,622,12,0.3705312074675783,37.05,0.3705,0.223,22.26,3
Candidate_021,"Driver, Truck",53-3032.00,Heavy and Tractor-Trailer Truck Drivers,Monitoring,3.12,3.0,0.0,0.612,1,1423,3705,12,0.8880268984746598,88.8,0.888,0.722,72.24,1
Candidate_021,"Driver, Truck",53-3032.00,Heavy and Tractor-Trailer Truck Drivers,Active Listening,2.88,3.0,0.0,0.588,2,1423,3705,12,0.8880268984746598,88.8,0.888,0.708,70.8,2
Candidate_021,"Driver, Truck",53-3032.00,Heavy and Tractor-Trailer Truck Drivers,Speaking,3.0,2.88,0.0,0.588,2,1423,3705,12,0.8880268984746598,88.8,0.888,0.708,70.8,2
Candidate_021,"Driver, Truck",53-3032.00,Heavy and Tractor-Trailer Truck Drivers,Science,1.0,0.0,0.0,0.1,3,1423,3705,12,0.8880268984746598,88.8,0.888,0.415,41.52,3
Candidate_021,Food Service Supervisor,35-1012.00,First-Line Supervisors of Food Preparation and Serving Workers,Monitoring,3.88,4.0,0.0,0.788,1,1061,2524,12,0.6833380235893983,68.33,0.6833,0.746,74.61,1
Candidate_021,Food Service Supervisor,35-1012.00,First-Line Supervisors of Food Preparation and Serving Workers,Speaking,3.88,4.0,0.0,0.788,1,1061,2524,12,0.6833380235893983,68.33,0.6833,0.746,74.61,1
Candidate_021,Food Service Supervisor,35-1012.00,First-Line Supervisors of Food Preparation and Serving Workers,Active Listening,3.75,3.0,0.0,0.675,2,1061,2524,12,0.6833380235893983,68.33,0.6833,0.678,67.83,2
Candidate_021,Food Service Supervisor,35-1012.00,First-Line Supervisors of Food Preparation and Serving Workers,Science,1.0,0.0,0.0,0.1,3,1061,2524,12,0.6833380235893983,68.33,0.6833,0.333,33.33,3
Candidate_021,Information Technology (IT) Analyst,15-1211.00,Computer Systems Analysts,Active Listening,4.0,4.12,0.0,0.812,1,347,357,10,0.266375870790639,26.64,0.2664,0.594,59.38,1
Candidate_021,Information Technology (IT) Analyst,15-1211.00,Computer Systems Analysts,Speaking,4.0,4.0,0.0,0.8,2,347,357,10,0.266375870790639,26.64,0.2664,0.587,58.66,2
Candidate_021,Information Technology (IT) Analyst,15-1211.00,Computer Systems Analysts,Monitoring,3.62,4.0,0.0,0.762,3,347,357,10,0.266375870790639,26.64,0.2664,0.564,56.38,3
Candidate_021,Information Technology (IT) Analyst,15-1211.00,Computer Systems Analysts,Science,2.75,3.12,0.0,0.587,4,347,357,10,0.266375870790639,26.64,0.2664,0.459,45.88,4
Candidate_021,Inside Sales Representative,41-2031.00,Retail Salespersons,Active Listening,3.75,3.75,0.0,0.75,1,1876,2449,13,0.8643994601889338,86.44,0.8644,0.796,79.58,1
Candidate_021,Inside Sales Representative,41-2031.00,Retail Salespersons,Speaking,3.75,3.12,0.0,0.687,2,1876,2449,13,0.8643994601889338,86.44,0.8644,0.758,75.8,2
Candidate_021,Inside Sales Representative,41-2031.00,Retail Salespersons,Monitoring,3.0,3.12,0.0,0.612,3,1876,2449,13,0.8643994601889338,86.44,0.8644,0.713,71.3,3
Candidate_021,Inside Sales Representative,41-2031.00,Retail Salespersons,Science,1.0,0.0,0.0,0.1,4,1876,2449,13,0.8643994601889338,86.44,0.8644,0.406,40.58,4
Candidate_021,Licensed Practical Nurse (L.P.N.),29-2061.00,Licensed Practical and Licensed Vocational Nurses,Active Listening,3.88,4.0,0.0,0.788,1,437,527,10,0.3039192124973743,30.39,0.3039,0.594,59.44,1
Candidate_021,Licensed Practical Nurse (L.P.N.),29-2061.00,Licensed Practical and Licensed Vocational Nurses,Monitoring,3.88,4.0,0.0,0.788,1,437,527,10,0.3039192124973743,30.39,0.3039,0.594,59.44,1
Candidate_021,Licensed Practical Nurse (L.P.N.),29-2061.00,Licensed Practical and Licensed Vocational Nurses,Speaking,3.88,4.0,0.0,0.788,1,437,527,10,0.3039192124973743,30.39,0.3039,0.594,59.44,1
Candidate_021,Licensed Practical Nurse (L.P.N.),29-2061.00,Licensed Practical and Licensed Vocational Nurses,Science,2.62,2.62,0.0,0.524,2,437,527,10,0.3039192124973743,30.39,0.3039,0.436,43.6,2
Candidate_021,Office Administrator,43-1011.00,First-Line Supervisors of Office and Administrative Support Workers,Active Listening,4.0,4.0,0.0,0.8,1,676,1709,13,0.5286438829565303,52.86,0.5286,0.691,69.14,1
Candidate_021,Office Administrator,43-1011.00,First-Line Supervisors of Office and Administrative Support Workers,Monitoring,4.0,4.0,0.0,0.8,1,676,1709,13,0.5286438829565303,52.86,0.5286,0.691,69.14,1
Candidate_021,Office Administrator,43-1011.00,First-Line Supervisors of Office and Administrative Support Workers,Speaking,4.0,4.0,0.0,0.8,1,676,1709,13,0.5286438829565303,52.86,0.5286,0.691,69.14,1
Candidate_021,Office Administrator,43-1011.00,First-Line Supervisors of Office and Administrative Support Workers,Science,1.38,0.38,0.0,0.176,2,676,1709,13,0.5286438829565303,52.86,0.5286,0.317,31.7,2
Candidate_021,Office Manager,43-1011.00,First-Line Supervisors of Office and Administrative Support Workers,Monitoring,4.0,4.0,0.0,0.8,1,676,1709,13,0.5286438829565303,52.86,0.5286,0.691,69.14,1
Candidate_021,Office Manager,43-1011.00,First-Line Supervisors of Office and Administrative Support Workers,Speaking,4.0,4.0,0.0,0.8,1,676,1709,13,0.5286438829565303,52.86,0.5286,0.691,69.14,1
Candidate_021,Office Manager,43-1011.00,First-Line Supervisors of Office and Administrative Support Workers,Active Listening,4.0,3.88,0.0,0.788,2,676,1709,13,0.5286438829565303,52.86,0.5286,0.684,68.42,2
Candidate_021,Office Manager,43-1011.00,First-Line Supervisors of Office and Administrative Support Workers,Science,1.0,0.0,0.0,0.1,3,676,1709,13,0.5286438829565303,52.86,0.5286,0.271,27.14,3
Candidate_021,Restaurant Manager,11-9051.00,Food Service Managers,Speaking,3.88,4.0,0.0,0.788,1,1139,1473,12,0.5865008675534992,58.65,0.5865,0.707,70.74,1
Candidate_021,Restaurant Manager,11-9051.00,Food Service Managers,Monitoring,3.88,3.88,0.0,0.776,2,1139,1473,12,0.5865008675534992,58.65,0.5865,0.7,70.02,2
Candidate_021,Restaurant Manager,11-9051.00,Food Service Managers,Active Listening,3.88,3.5,0.0,0.738,3,1139,1473,12,0.5865008675534992,58.65,0.5865,0.677,67.74,3
Candidate_021,Restaurant Manager,11-9051.00,Food Service Managers,Science,1.62,0.62,0.0,0.224,4,1139,1473,12,0.5865008675534992,58.65,0.5865,0.369,36.9,4
Candidate_021,Retail Sales Associate,41-2031.00,Retail Salespersons,Active Listening,3.75,3.75,0.0,0.75,1,1876,2449,13,0.8643994601889338,86.44,0.8644,0.796,79.58,1
Candidate_021,Retail Sales Associate,41-2031.00,Retail Salespersons,Speaking,3.75,3.12,0.0,0.687,2,1876,2449,13,0.8643994601889338,86.44,0.8644,0.758,75.8,2
Candidate_021,Retail Sales Associate,41-2031.00,Retail Salespersons,Monitoring,3.0,3.12,0.0,0.612,3,1876,2449,13,0.8643994601889338,86.44,0.8644,0.713,71.3,3
Candidate_021,Retail Sales Associate,41-2031.00,Retail Salespersons,Science,1.0,0.0,0.0,0.1,4,1876,2449,13,0.8643994601889338,86.44,0.8644,0.406,40.58,4
Candidate_021,Secondary School Teacher,25-2031.00,"Secondary School Teachers, Except Special and Career/Technical Education",Speaking,4.0,4.12,0.0,0.812,1,681,740,9,0.3635561348837076,36.36,0.3636,0.633,63.26,1
Candidate_021,Secondary School Teacher,25-2031.00,"Secondary School Teachers, Except Special and Career/Technical Education",Active Listening,4.0,4.0,0.0,0.8,2,681,740,9,0.3635561348837076,36.36,0.3636,0.625,62.54,2
Candidate_021,Secondary School Teacher,25-2031.00,"Secondary School Teachers, Except Special and Career/Technical Education",Monitoring,3.88,4.0,0.0,0.788,3,681,740,9,0.3635561348837076,36.36,0.3636,0.618,61.82,3
Candidate_021,Secondary School Teacher,25-2031.00,"Secondary School Teachers, Except Special and Career/Technical Education",Science,2.0,1.88,0.0,0.388,4,681,740,9,0.3635561348837076,36.36,0.3636,0.378,37.82,4
Candidate_021,Software Developer,15-1252.00,Software Developers,Active Listening,3.38,3.88,0.0,0.726,1,323,344,8,0.2290858604605659,22.91,0.2291,0.527,52.72,1
Candidate_021,Software Developer,15-1252.00,Software Developers,Speaking,3.12,3.62,0.0,0.6739999999999999,2,323,344,8,0.2290858604605659,22.91,0.2291,0.496,49.6,2
Candidate_021,Software Developer,15-1252.00,Software Developers,Monitoring,3.0,3.5,0.0,0.6499999999999999,3,323,344,8,0.2290858604605659,22.91,0.2291,0.482,48.16,3
Candidate_021,Software Developer,15-1252.00,Software Developers,Science,2.12,1.88,0.0,0.4,4,323,344,8,0.2290858604605659,22.91,0.2291,0.332,33.16,4
Candidate_022,Administrative Assistant,43-6014.00,"Secretaries and Administrative Assistants, Except Legal, Medical, and Executive",Science,1.0,0.0,0.0,0.1,1,812,890,11,0.4384514673595585,43.85,0.4385,0.235,23.54,1
Candidate_022,Bookkeeper,43-3031.00,"Bookkeeping, Accounting, and Auditing Clerks",Science,1.12,0.12,0.0,0.12400000000000001,1,396,422,11,0.2992257912289334,29.92,0.2992,0.194,19.41,1
Candidate_022,Continuing Care Assistant,31-1131.00,Nursing Assistants,Science,1.75,0.88,0.0,0.263,1,819,1172,9,0.4396201180333152,43.96,0.4396,0.334,33.36,1
Candidate_022,Delivery Driver,53-3033.00,Light Truck Drivers,Science,1.12,0.12,0.0,0.12400000000000001,1,557,622,12,0.3705312074675783,37.05,0.3705,0.223,22.26,1
Candidate_022,"Driver, Truck",53-3032.00,Heavy and Tractor-Trailer Truck Drivers,Science,1.0,0.0,0.0,0.1,1,1423,3705,12,0.8880268984746598,88.8,0.888,0.415,41.52,1
Candidate_022,Food Service Supervisor,35-1012.00,First-Line Supervisors of Food Preparation and Serving Workers,Science,1.0,0.0,0.0,0.1,1,1061,2524,12,0.6833380235893983,68.33,0.6833,0.333,33.33,1
Candidate_022,Information Technology (IT) Analyst,15-1211.00,Computer Systems Analysts,Science,2.75,3.12,0.0,0.587,1,347,357,10,0.266375870790639,26.64,0.2664,0.459,45.88,1
Candidate_022,Inside Sales Representative,41-2031.00,Retail Salespersons,Science,1.0,0.0,0.0,0.1,1,1876,2449,13,0.8643994601889338,86.44,0.8644,0.406,40.58,1
Candidate_022,Licensed Practical Nurse (L.P.N.),29-2061.00,Licensed Practical and Licensed Vocational Nurses,Science,2.62,2.62,0.0,0.524,1,437,527,10,0.3039192124973743,30.39,0.3039,0.436,43.6,1
Candidate_022,Office Administrator,43-1011.00,First-Line Supervisors of Office and Administrative Support Workers,Science,1.38,0.38,0.0,0.176,1,676,1709,13,0.5286438829565303,52.86,0.5286,0.317,31.7,1
Candidate_022,Office Manager,43-1011.00,First-Line Supervisors of Office and Administrative Support Workers,Science,1.0,0.0,0.0,0.1,1,676,1709,13,0.5286438829565303,52.86,0.5286,0.271,27.14,1
Candidate_022,Restaurant Manager,11-9051.00,Food Service Managers,Science,1.62,0.62,0.0,0.224,1,1139,1473,12,0.5865008675534992,58.65,0.5865,0.369,36.9,1
Candidate_022,Retail Sales Associate,41-2031.00,Retail Salespersons,Science,1.0,0.0,0.0,0.1,1,1876,2449,13,0.8643994601889338,86.44,0.8644,0.406,40.58,1
Candidate_022,Secondary School Teacher,25-2031.00,"Secondary School Teachers, Except Special and Career/Technical Education",Science,2.0,1.88,0.0,0.388,1,681,740,9,0.3635561348837076,36.36,0.3636,0.378,37.82,1
Candidate_022,Software Developer,15-1252.00,Software Developers,Science,2.12,1.88,0.0,0.4,1,323,344,8,0.2290858604605659,22.91,0.2291,0.332,33.16,1
Candidate_023,Administrative Assistant,43-6014.00,"Secretaries and Administrative Assistants, Except Legal, Medical, and Executive",Active Listening,4.0,3.75,0.0,0.775,1,812,890,11,0.4384514673595585,43.85,0.4385,0.64,64.04,1
Candidate_023,Administrative Assistant,43-6014.00,"Secretaries and Administrative Assistants, Except Legal, Medical, and Executive",Speaking,4.0,3.62,0.0,0.762,2,812,890,11,0.4384514673595585,43.85,0.4385,0.633,63.26,2
Candidate_023,Administrative Assistant,43-6014.00,"Secretaries and Administrative Assistants, Except Legal, Medical, and Executive",Monitoring,3.12,3.25,0.0,0.637,3,812,890,11,0.4384514673595585,43.85,0.4385,0.558,55.76,3
Candidate_023,Administrative Assistant,43-6014.00,"Secretaries and Administrative Assistants, Except Legal, Medical, and Executive",Mathematics,2.0,1.62,0.0,0.362,4,812,890,11,0.4384514673595585,43.85,0.4385,0.393,39.26,4
Candidate_023,Administrative Assistant,43-6014.00,"Secretaries and Administrative Assistants, Except Legal, Medical, and Executive",Science,1.0,0.0,0.0,0.1,5,812,890,11,0.4384514673595585,43.85,0.4385,0.235,23.54,5
Candidate_023,Bookkeeper,43-3031.00,"Bookkeeping, Accounting, and Auditing Clerks",Active Listening,3.25,3.75,0.0,0.7,1,396,422,11,0.2992257912289334,29.92,0.2992,0.54,53.97,1
Candidate_023,Bookkeeper,43-3031.00,"Bookkeeping, Accounting, and Auditing Clerks",Mathematics,3.38,3.38,0.0,0.6759999999999999,2,396,422,11,0.2992257912289334,29.92,0.2992,0.525,52.53,2
Candidate_023,Bookkeeper,43-3031.00,"Bookkeeping, Accounting, and Auditing Clerks",Speaking,3.12,3.12,0.0,0.624,3,396,422,11,0.2992257912289334,29.92,0.2992,0.494,49.41,3
Candidate_023,Bookkeeper,43-3031.00,"Bookkeeping, Accounting, and Auditing Clerks",Monitoring,3.0,2.88,0.0,0.588,4,396,422,11,0.2992257912289334,29.92,0.2992,0.472,47.25,4
Candidate_023,Bookkeeper,43-3031.00,"Bookkeeping, Accounting, and Auditing Clerks",Science,1.12,0.12,0.0,0.12400000000000001,5,396,422,11,0.2992257912289334,29.92,0.2992,0.194,19.41,5
Candidate_023,Continuing Care Assistant,31-1131.00,Nursing Assistants,Active Listening,3.62,3.0,0.0,0.6619999999999999,1,819,1172,9,0.4396201180333152,43.96,0.4396,0.573,57.3,1
Candidate_023,Continuing Care Assistant,31-1131.00,Nursing Assistants,Monitoring,3.25,3.0,0.0,0.625,2,819,1172,9,0.4396201180333152,43.96,0.4396,0.551,55.08,2
Candidate_023,Continuing Care Assistant,31-1131.00,Nursing Assistants,Speaking,3.12,3.0,0.0,0.612,3,819,1172,9,0.4396201180333152,43.96,0.4396,0.543,54.3,3
Candidate_023,Continuing Care Assistant,31-1131.00,Nursing Assistants,Mathematics,2.12,1.88,0.0,0.4,4,819,1172,9,0.4396201180333152,43.96,0.4396,0.416,41.58,4
Candidate_023,Continuing Care Assistant,31-1131.00,Nursing Assistants,Science,1.75,0.88,0.0,0.263,5,819,1172,9,0.4396201180333152,43.96,0.4396,0.334,33.36,5
Candidate_023,Delivery Driver,53-3033.00,Light Truck Drivers,Active Listening,3.12,2.88,0.0,0.6,1,557,622,12,0.3705312074675783,37.05,0.3705,0.508,50.82,1
Candidate_023,Delivery Driver,53-3033.00,Light Truck Drivers,Speaking,3.12,2.88,0.0,0.6,1,557,622,12,0.3705312074675783,37.05,0.3705,0.508,50.82,1
Candidate_023,Delivery Driver,53-3033.00,Light Truck Drivers,Monitoring,3.12,2.75,0.0,0.587,2,557,622,12,0.3705312074675783,37.05,0.3705,0.5,50.04,2
Candidate_023,Delivery Driver,53-3033.00,Light Truck Drivers,Mathematics,2.25,2.12,0.0,0.43700000000000006,3,557,622,12,0.3705312074675783,37.05,0.3705,0.41,41.04,3
Candidate_023,Delivery Driver,53-3033.00,Light Truck Drivers,Science,1.12,0.12,0.0,0.12400000000000001,4,557,622,12,0.3705312074675783,37.05,0.3705,0.223,22.26,4
Candidate_023,"Driver, Truck",53-3032.00,Heavy and Tractor-Trailer Truck Drivers,Monitoring,3.12,3.0,0.0,0.612,1,1423,3705,12,0.8880268984746598,88.8,0.888,0.722,72.24,1
Candidate_023,"Driver, Truck",53-3032.00,Heavy and Tractor-Trailer Truck Drivers,Active Listening,2.88,3.0,0.0,0.588,2,1423,3705,12,0.8880268984746598,88.8,0.888,0.708,70.8,2
Candidate_023,"Driver, Truck",53-3032.00,Heavy and Tractor-Trailer Truck Drivers,Speaking,3.0,2.88,0.0,0.588,2,1423,3705,12,0.8880268984746598,88.8,0.888,0.708,70.8,2
Candidate_023,"Driver, Truck",53-3032.00,Heavy and Tractor-Trailer Truck Drivers,Mathematics,2.0,1.88,0.0,0.388,3,1423,3705,12,0.8880268984746598,88.8,0.888,0.588,58.8,3
Candidate_023,"Driver, Truck",53-3032.00,Heavy and Tractor-Trailer Truck Drivers,Science,1.0,0.0,0.0,0.1,4,1423,3705,12,0.8880268984746598,88.8,0.888,0.415,41.52,4
Candidate_023,Food Service Supervisor,35-1012.00,First-Line Supervisors of Food Preparation and Serving Workers,Monitoring,3.88,4.0,0.0,0.788,1,1061,2524,12,0.6833380235893983,68.33,0.6833,0.746,74.61,1
Candidate_023,Food Service Supervisor,35-1012.00,First-Line Supervisors of Food Preparation and Serving Workers,Speaking,3.88,4.0,0.0,0.788,1,1061,2524,12,0.6833380235893983,68.33,0.6833,0.746,74.61,1
Candidate_023,Food Service Supervisor,35-1012.00,First-Line Supervisors of Food Preparation and Serving Workers,Active Listening,3.75,3.0,0.0,0.675,2,1061,2524,12,0.6833380235893983,68.33,0.6833,0.678,67.83,2
Candidate_023,Food Service Supervisor,35-1012.00,First-Line Supervisors of Food Preparation and Serving Workers,Mathematics,3.0,3.0,0.0,0.6,3,1061,2524,12,0.6833380235893983,68.33,0.6833,0.633,63.33,3
Candidate_023,Food Service Supervisor,35-1012.00,First-Line Supervisors of Food Preparation and Serving Workers,Science,1.0,0.0,0.0,0.1,4,1061,2524,12,0.6833380235893983,68.33,0.6833,0.333,33.33,4
Candidate_023,Information Technology (IT) Analyst,15-1211.00,Computer Systems Analysts,Active Listening,4.0,4.12,0.0,0.812,1,347,357,10,0.266375870790639,26.64,0.2664,0.594,59.38,1
Candidate_023,Information Technology (IT) Analyst,15-1211.00,Computer Systems Analysts,Speaking,4.0,4.0,0.0,0.8,2,347,357,10,0.266375870790639,26.64,0.2664,0.587,58.66,2
Candidate_023,Information Technology (IT) Analyst,15-1211.00,Computer Systems Analysts,Monitoring,3.62,4.0,0.0,0.762,3,347,357,10,0.266375870790639,26.64,0.2664,0.564,56.38,3
Candidate_023,Information Technology (IT) Analyst,15-1211.00,Computer Systems Analysts,Mathematics,3.0,3.38,0.0,0.6379999999999999,4,347,357,10,0.266375870790639,26.64,0.2664,0.489,48.94,4
Candidate_023,Information Technology (IT) Analyst,15-1211.00,Computer Systems Analysts,Science,2.75,3.12,0.0,0.587,5,347,357,10,0.266375870790639,26.64,0.2664,0.459,45.88,5
Candidate_023,Inside Sales Representative,41-2031.00,Retail Salespersons,Active Listening,3.75,3.75,0.0,0.75,1,1876,2449,13,0.8643994601889338,86.44,0.8644,0.796,79.58,1
Candidate_023,Inside Sales Representative,41-2031.00,Retail Salespersons,Speaking,3.75,3.12,0.0,0.687,2,1876,2449,13,0.8643994601889338,86.44,0.8644,0.758,75.8,2
Candidate_023,Inside Sales Representative,41-2031.00,Retail Salespersons,Monitoring,3.0,3.12,0.0,0.612,3,1876,2449,13,0.8643994601889338,86.44,0.8644,0.713,71.3,3
Candidate_023,Inside Sales Representative,41-2031.00,Retail Salespersons,Mathematics,2.62,2.0,0.0,0.462,4,1876,2449,13,0.8643994601889338,86.44,0.8644,0.623,62.3,4
Candidate_023,Inside Sales Representative,41-2031.00,Retail Salespersons,Science,1.0,0.0,0.0,0.1,5,1876,2449,13,0.8643994601889338,86.44,0.8644,0.406,40.58,5
Candidate_023,Licensed Practical Nurse (L.P.N.),29-2061.00,Licensed Practical and Licensed Vocational Nurses,Active Listening,3.88,4.0,0.0,0.788,1,437,527,10,0.3039192124973743,30.39,0.3039,0.594,59.44,1
Candidate_023,Licensed Practical Nurse (L.P.N.),29-2061.00,Licensed Practical and Licensed Vocational Nurses,Monitoring,3.88,4.0,0.0,0.788,1,437,527,10,0.3039192124973743,30.39,0.3039,0.594,59.44,1
Candidate_023,Licensed Practical Nurse (L.P.N.),29-2061.00,Licensed Practical and Licensed Vocational Nurses,Speaking,3.88,4.0,0.0,0.788,1,437,527,10,0.3039192124973743,30.39,0.3039,0.594,59.44,1
Candidate_023,Licensed Practical Nurse (L.P.N.),29-2061.00,Licensed Practical and Licensed Vocational Nurses,Mathematics,2.88,2.88,0.0,0.576,2,437,527,10,0.3039192124973743,30.39,0.3039,0.467,46.72,2
Candidate_023,Licensed Practical Nurse (L.P.N.),29-2061.00,Licensed Practical and Licensed Vocational Nurses,Science,2.62,2.62,0.0,0.524,3,437,527,10,0.3039192124973743,30.39,0.3039,0.436,43.6,3
Candidate_023,Office Administrator,43-1011.00,First-Line Supervisors of Office and Administrative Support Workers,Active Listening,4.0,4.0,0.0,0.8,1,676,1709,13,0.5286438829565303,52.86,0.5286,0.691,69.14,1
Candidate_023,Office Administrator,43-1011.00,First-Line Supervisors of Office and Administrative Support Workers,Monitoring,4.0,4.0,0.0,0.8,1,676,1709,13,0.5286438829565303,52.86,0.5286,0.691,69.14,1
Candidate_023,Office Administrator,43-1011.00,First-Line Supervisors of Office and Administrative Support Workers,Speaking,4.0,4.0,0.0,0.8,1,676,1709,13,0.5286438829565303,52.86,0.5286,0.691,69.14,1
Candidate_023,Office Administrator,43-1011.00,First-Line Supervisors of Office and Administrative Support Workers,Mathematics,2.75,2.75,0.0,0.55,2,676,1709,13,0.5286438829565303,52.86,0.5286,0.541,54.14,2
Candidate_023,Office Administrator,43-1011.00,First-Line Supervisors of Office and Administrative Support Workers,Science,1.38,0.38,0.0,0.176,3,676,1709,13,0.5286438829565303,52.86,0.5286,0.317,31.7,3
Candidate_023,Office Manager,43-1011.00,First-Line Supervisors of Office and Administrative Support Workers,Monitoring,4.0,4.0,0.0,0.8,1,676,1709,13,0.5286438829565303,52.86,0.5286,0.691,69.14,1
Candidate_023,Office Manager,43-1011.00,First-Line Supervisors of Office and Administrative Support Workers,Speaking,4.0,4.0,0.0,0.8,1,676,1709,13,0.5286438829565303,52.86,0.5286,0.691,69.14,1
Candidate_023,Office Manager,43-1011.00,First-Line Supervisors of Office and Administrative Support Workers,Active Listening,4.0,3.88,0.0,0.788,2,676,1709,13,0.5286438829565303,52.86,0.5286,0.684,68.42,2
Candidate_023,Office Manager,43-1011.00,First-Line Supervisors of Office and Administrative Support Workers,Mathematics,2.75,2.75,0.0,0.55,3,676,1709,13,0.5286438829565303,52.86,0.5286,0.541,54.14,3
Candidate_023,Office Manager,43-1011.00,First-Line Supervisors of Office and Administrative Support Workers,Science,1.0,0.0,0.0,0.1,4,676,1709,13,0.5286438829565303,52.86,0.5286,0.271,27.14,4
Candidate_023,Restaurant Manager,11-9051.00,Food Service Managers,Speaking,3.88,4.0,0.0,0.788,1,1139,1473,12,0.5865008675534992,58.65,0.5865,0.707,70.74,1
Candidate_023,Restaurant Manager,11-9051.00,Food Service Managers,Monitoring,3.88,3.88,0.0,0.776,2,1139,1473,12,0.5865008675534992,58.65,0.5865,0.7,70.02,2
Candidate_023,Restaurant Manager,11-9051.00,Food Service Managers,Active Listening,3.88,3.5,0.0,0.738,3,1139,1473,12,0.5865008675534992,58.65,0.5865,0.677,67.74,3
Candidate_023,Restaurant Manager,11-9051.00,Food Service Managers,Mathematics,2.88,2.88,0.0,0.576,4,1139,1473,12,0.5865008675534992,58.65,0.5865,0.58,58.02,4
Candidate_023,Restaurant Manager,11-9051.00,Food Service Managers,Science,1.62,0.62,0.0,0.224,5,1139,1473,12,0.5865008675534992,58.65,0.5865,0.369,36.9,5
Candidate_023,Retail Sales Associate,41-2031.00,Retail Salespersons,Active Listening,3.75,3.75,0.0,0.75,1,1876,2449,13,0.8643994601889338,86.44,0.8644,0.796,79.58,1
Candidate_023,Retail Sales Associate,41-2031.00,Retail Salespersons,Speaking,3.75,3.12,0.0,0.687,2,1876,2449,13,0.8643994601889338,86.44,0.8644,0.758,75.8,2
Candidate_023,Retail Sales Associate,41-2031.00,Retail Salespersons,Monitoring,3.0,3.12,0.0,0.612,3,1876,2449,13,0.8643994601889338,86.44,0.8644,0.713,71.3,3
Candidate_023,Retail Sales Associate,41-2031.00,Retail Salespersons,Mathematics,2.62,2.0,0.0,0.462,4,1876,2449,13,0.8643994601889338,86.44,0.8644,0.623,62.3,4
Candidate_023,Retail Sales Associate,41-2031.00,Retail Salespersons,Science,1.0,0.0,0.0,0.1,5,1876,2449,13,0.8643994601889338,86.44,0.8644,0.406,40.58,5
Candidate_023,Secondary School Teacher,25-2031.00,"Secondary School Teachers, Except Special and Career/Technical Education",Speaking,4.0,4.12,0.0,0.812,1,681,740,9,0.3635561348837076,36.36,0.3636,0.633,63.26,1
Candidate_023,Secondary School Teacher,25-2031.00,"Secondary School Teachers, Except Special and Career/Technical Education",Active Listening,4.0,4.0,0.0,0.8,2,681,740,9,0.3635561348837076,36.36,0.3636,0.625,62.54,2
Candidate_023,Secondary School Teacher,25-2031.00,"Secondary School Teachers, Except Special and Career/Technical Education",Monitoring,3.88,4.0,0.0,0.788,3,681,740,9,0.3635561348837076,36.36,0.3636,0.618,61.82,3
Candidate_023,Secondary School Teacher,25-2031.00,"Secondary School Teachers, Except Special and Career/Technical Education",Mathematics,2.75,3.0,0.0,0.575,4,681,740,9,0.3635561348837076,36.36,0.3636,0.49,49.04,4
Candidate_023,Secondary School Teacher,25-2031.00,"Secondary School Teachers, Except Special and Career/Technical Education",Science,2.0,1.88,0.0,0.388,5,681,740,9,0.3635561348837076,36.36,0.3636,0.378,37.82,5
Candidate_023,Software Developer,15-1252.00,Software Developers,Active Listening,3.38,3.88,0.0,0.726,1,323,344,8,0.2290858604605659,22.91,0.2291,0.527,52.72,1
Candidate_023,Software Developer,15-1252.00,Software Developers,Speaking,3.12,3.62,0.0,0.6739999999999999,2,323,344,8,0.2290858604605659,22.91,0.2291,0.496,49.6,2
Candidate_023,Software Developer,15-1252.00,Software Developers,Monitoring,3.0,3.5,0.0,0.6499999999999999,3,323,344,8,0.2290858604605659,22.91,0.2291,0.482,48.16,3
Candidate_023,Software Developer,15-1252.00,Software Developers,Mathematics,2.75,3.25,0.0,0.6000000000000001,4,323,344,8,0.2290858604605659,22.91,0.2291,0.452,45.16,4
Candidate_023,Software Developer,15-1252.00,Software Developers,Science,2.12,1.88,0.0,0.4,5,323,344,8,0.2290858604605659,22.91,0.2291,0.332,33.16,5
Candidate_024,Administrative Assistant,43-6014.00,"Secretaries and Administrative Assistants, Except Legal, Medical, and Executive",Active Listening,4.0,3.75,0.0,0.775,1,812,890,11,0.4384514673595585,43.85,0.4385,0.64,64.04,1
Candidate_024,Administrative Assistant,43-6014.00,"Secretaries and Administrative Assistants, Except Legal, Medical, and Executive",Speaking,4.0,3.62,0.0,0.762,2,812,890,11,0.4384514673595585,43.85,0.4385,0.633,63.26,2
Candidate_024,Administrative Assistant,43-6014.00,"Secretaries and Administrative Assistants, Except Legal, Medical, and Executive",Science,1.0,0.0,0.0,0.1,3,812,890,11,0.4384514673595585,43.85,0.4385,0.235,23.54,3
Candidate_024,Bookkeeper,43-3031.00,"Bookkeeping, Accounting, and Auditing Clerks",Active Listening,3.25,3.75,0.0,0.7,1,396,422,11,0.2992257912289334,29.92,0.2992,0.54,53.97,1
Candidate_024,Bookkeeper,43-3031.00,"Bookkeeping, Accounting, and Auditing Clerks",Speaking,3.12,3.12,0.0,0.624,2,396,422,11,0.2992257912289334,29.92,0.2992,0.494,49.41,2
Candidate_024,Bookkeeper,43-3031.00,"Bookkeeping, Accounting, and Auditing Clerks",Science,1.12,0.12,0.0,0.12400000000000001,3,396,422,11,0.2992257912289334,29.92,0.2992,0.194,19.41,3
Candidate_024,Continuing Care Assistant,31-1131.00,Nursing Assistants,Active Listening,3.62,3.0,0.0,0.6619999999999999,1,819,1172,9,0.4396201180333152,43.96,0.4396,0.573,57.3,1
Candidate_024,Continuing Care Assistant,31-1131.00,Nursing Assistants,Speaking,3.12,3.0,0.0,0.612,2,819,1172,9,0.4396201180333152,43.96,0.4396,0.543,54.3,2
Candidate_024,Continuing Care Assistant,31-1131.00,Nursing Assistants,Science,1.75,0.88,0.0,0.263,3,819,1172,9,0.4396201180333152,43.96,0.4396,0.334,33.36,3
Candidate_024,Delivery Driver,53-3033.00,Light Truck Drivers,Active Listening,3.12,2.88,0.0,0.6,1,557,622,12,0.3705312074675783,37.05,0.3705,0.508,50.82,1
Candidate_024,Delivery Driver,53-3033.00,Light Truck Drivers,Speaking,3.12,2.88,0.0,0.6,1,557,622,12,0.3705312074675783,37.05,0.3705,0.508,50.82,1
Candidate_024,Delivery Driver,53-3033.00,Light Truck Drivers,Science,1.12,0.12,0.0,0.12400000000000001,2,557,622,12,0.3705312074675783,37.05,0.3705,0.223,22.26,2
Candidate_024,"Driver, Truck",53-3032.00,Heavy and Tractor-Trailer Truck Drivers,Active Listening,2.88,3.0,0.0,0.588,1,1423,3705,12,0.8880268984746598,88.8,0.888,0.708,70.8,1
Candidate_024,"Driver, Truck",53-3032.00,Heavy and Tractor-Trailer Truck Drivers,Speaking,3.0,2.88,0.0,0.588,1,1423,3705,12,0.8880268984746598,88.8,0.888,0.708,70.8,1
Candidate_024,"Driver, Truck",53-3032.00,Heavy and Tractor-Trailer Truck Drivers,Science,1.0,0.0,0.0,0.1,2,1423,3705,12,0.8880268984746598,88.8,0.888,0.415,41.52,2
Candidate_024,Food Service Supervisor,35-1012.00,First-Line Supervisors of Food Preparation and Serving Workers,Speaking,3.88,4.0,0.0,0.788,1,1061,2524,12,0.6833380235893983,68.33,0.6833,0.746,74.61,1
Candidate_024,Food Service Supervisor,35-1012.00,First-Line Supervisors of Food Preparation and Serving Workers,Active Listening,3.75,3.0,0.0,0.675,2,1061,2524,12,0.6833380235893983,68.33,0.6833,0.678,67.83,2
Candidate_024,Food Service Supervisor,35-1012.00,First-Line Supervisors of Food Preparation and Serving Workers,Science,1.0,0.0,0.0,0.1,3,1061,2524,12,0.6833380235893983,68.33,0.6833,0.333,33.33,3
Candidate_024,Information Technology (IT) Analyst,15-1211.00,Computer Systems Analysts,Active Listening,4.0,4.12,0.0,0.812,1,347,357,10,0.266375870790639,26.64,0.2664,0.594,59.38,1
Candidate_024,Information Technology (IT) Analyst,15-1211.00,Computer Systems Analysts,Speaking,4.0,4.0,0.0,0.8,2,347,357,10,0.266375870790639,26.64,0.2664,0.587,58.66,2
Candidate_024,Information Technology (IT) Analyst,15-1211.00,Computer Systems Analysts,Science,2.75,3.12,0.0,0.587,3,347,357,10,0.266375870790639,26.64,0.2664,0.459,45.88,3
Candidate_024,Inside Sales Representative,41-2031.00,Retail Salespersons,Active Listening,3.75,3.75,0.0,0.75,1,1876,2449,13,0.8643994601889338,86.44,0.8644,0.796,79.58,1
Candidate_024,Inside Sales Representative,41-2031.00,Retail Salespersons,Speaking,3.75,3.12,0.0,0.687,2,1876,2449,13,0.8643994601889338,86.44,0.8644,0.758,75.8,2
Candidate_024,Inside Sales Representative,41-2031.00,Retail Salespersons,Science,1.0,0.0,0.0,0.1,3,1876,2449,13,0.8643994601889338,86.44,0.8644,0.406,40.58,3
Candidate_024,Licensed Practical Nurse (L.P.N.),29-2061.00,Licensed Practical and Licensed Vocational Nurses,Active Listening,3.88,4.0,0.0,0.788,1,437,527,10,0.3039192124973743,30.39,0.3039,0.594,59.44,1
Candidate_024,Licensed Practical Nurse (L.P.N.),29-2061.00,Licensed Practical and Licensed Vocational Nurses,Speaking,3.88,4.0,0.0,0.788,1,437,527,10,0.3039192124973743,30.39,0.3039,0.594,59.44,1
Candidate_024,Licensed Practical Nurse (L.P.N.),29-2061.00,Licensed Practical and Licensed Vocational Nurses,Science,2.62,2.62,0.0,0.524,2,437,527,10,0.3039192124973743,30.39,0.3039,0.436,43.6,2
Candidate_024,Office Administrator,43-1011.00,First-Line Supervisors of Office and Administrative Support Workers,Active Listening,4.0,4.0,0.0,0.8,1,676,1709,13,0.5286438829565303,52.86,0.5286,0.691,69.14,1
Candidate_024,Office Administrator,43-1011.00,First-Line Supervisors of Office and Administrative Support Workers,Speaking,4.0,4.0,0.0,0.8,1,676,1709,13,0.5286438829565303,52.86,0.5286,0.691,69.14,1
Candidate_024,Office Administrator,43-1011.00,First-Line Supervisors of Office and Administrative Support Workers,Science,1.38,0.38,0.0,0.176,2,676,1709,13,0.5286438829565303,52.86,0.5286,0.317,31.7,2
Candidate_024,Office Manager,43-1011.00,First-Line Supervisors of Office and Administrative Support Workers,Speaking,4.0,4.0,0.0,0.8,1,676,1709,13,0.5286438829565303,52.86,0.5286,0.691,69.14,1
Candidate_024,Office Manager,43-1011.00,First-Line Supervisors of Office and Administrative Support Workers,Active Listening,4.0,3.88,0.0,0.788,2,676,1709,13,0.5286438829565303,52.86,0.5286,0.684,68.42,2
Candidate_024,Office Manager,43-1011.00,First-Line Supervisors of Office and Administrative Support Workers,Science,1.0,0.0,0.0,0.1,3,676,1709,13,0.5286438829565303,52.86,0.5286,0.271,27.14,3
Candidate_024,Restaurant Manager,11-9051.00,Food Service Managers,Speaking,3.88,4.0,0.0,0.788,1,1139,1473,12,0.5865008675534992,58.65,0.5865,0.707,70.74,1
Candidate_024,Restaurant Manager,11-9051.00,Food Service Managers,Active Listening,3.88,3.5,0.0,0.738,2,1139,1473,12,0.5865008675534992,58.65,0.5865,0.677,67.74,2
Candidate_024,Restaurant Manager,11-9051.00,Food Service Managers,Science,1.62,0.62,0.0,0.224,3,1139,1473,12,0.5865008675534992,58.65,0.5865,0.369,36.9,3
Candidate_024,Retail Sales Associate,41-2031.00,Retail Salespersons,Active Listening,3.75,3.75,0.0,0.75,1,1876,2449,13,0.8643994601889338,86.44,0.8644,0.796,79.58,1
Candidate_024,Retail Sales Associate,41-2031.00,Retail Salespersons,Speaking,3.75,3.12,0.0,0.687,2,1876,2449,13,0.8643994601889338,86.44,0.8644,0.758,75.8,2
Candidate_024,Retail Sales Associate,41-2031.00,Retail Salespersons,Science,1.0,0.0,0.0,0.1,3,1876,2449,13,0.8643994601889338,86.44,0.8644,0.406,40.58,3
Candidate_024,Secondary School Teacher,25-2031.00,"Secondary School Teachers, Except Special and Career/Technical Education",Speaking,4.0,4.12,0.0,0.812,1,681,740,9,0.3635561348837076,36.36,0.3636,0.633,63.26,1
Candidate_024,Secondary School Teacher,25-2031.00,"Secondary School Teachers, Except Special and Career/Technical Education",Active Listening,4.0,4.0,0.0,0.8,2,681,740,9,0.3635561348837076,36.36,0.3636,0.625,62.54,2
Candidate_024,Secondary School Teacher,25-2031.00,"Secondary School Teachers, Except Special and Career/Technical Education",Science,2.0,1.88,0.0,0.388,3,681,740,9,0.3635561348837076,36.36,0.3636,0.378,37.82,3
Candidate_024,Software Developer,15-1252.00,Software Developers,Active Listening,3.38,3.88,0.0,0.726,1,323,344,8,0.2290858604605659,22.91,0.2291,0.527,52.72,1
Candidate_024,Software Developer,15-1252.00,Software Developers,Speaking,3.12,3.62,0.0,0.6739999999999999,2,323,344,8,0.2290858604605659,22.91,0.2291,0.496,49.6,2
Candidate_024,Software Developer,15-1252.00,Software Developers,Science,2.12,1.88,0.0,0.4,3,323,344,8,0.2290858604605659,22.91,0.2291,0.332,33.16,3
Candidate_025,Administrative Assistant,43-6014.00,"Secretaries and Administrative Assistants, Except Legal, Medical, and Executive",Active Listening,4.0,3.75,0.0,0.775,1,812,890,11,0.4384514673595585,43.85,0.4385,0.64,64.04,1
Candidate_025,Administrative Assistant,43-6014.00,"Secretaries and Administrative Assistants, Except Legal, Medical, and Executive",Speaking,4.0,3.62,0.0,0.762,2,812,890,11,0.4384514673595585,43.85,0.4385,0.633,63.26,2
Candidate_025,Administrative Assistant,43-6014.00,"Secretaries and Administrative Assistants, Except Legal, Medical, and Executive",Monitoring,3.12,3.25,0.0,0.637,3,812,890,11,0.4384514673595585,43.85,0.4385,0.558,55.76,3
Candidate_025,Bookkeeper,43-3031.00,"Bookkeeping, Accounting, and Auditing Clerks",Active Listening,3.25,3.75,0.0,0.7,1,396,422,11,0.2992257912289334,29.92,0.2992,0.54,53.97,1
Candidate_025,Bookkeeper,43-3031.00,"Bookkeeping, Accounting, and Auditing Clerks",Speaking,3.12,3.12,0.0,0.624,2,396,422,11,0.2992257912289334,29.92,0.2992,0.494,49.41,2
Candidate_025,Bookkeeper,43-3031.00,"Bookkeeping, Accounting, and Auditing Clerks",Monitoring,3.0,2.88,0.0,0.588,3,396,422,11,0.2992257912289334,29.92,0.2992,0.472,47.25,3
Candidate_025,Continuing Care Assistant,31-1131.00,Nursing Assistants,Active Listening,3.62,3.0,0.0,0.6619999999999999,1,819,1172,9,0.4396201180333152,43.96,0.4396,0.573,57.3,1
Candidate_025,Continuing Care Assistant,31-1131.00,Nursing Assistants,Monitoring,3.25,3.0,0.0,0.625,2,819,1172,9,0.4396201180333152,43.96,0.4396,0.551,55.08,2
Candidate_025,Continuing Care Assistant,31-1131.00,Nursing Assistants,Speaking,3.12,3.0,0.0,0.612,3,819,1172,9,0.4396201180333152,43.96,0.4396,0.543,54.3,3
Candidate_025,Delivery Driver,53-3033.00,Light Truck Drivers,Active Listening,3.12,2.88,0.0,0.6,1,557,622,12,0.3705312074675783,37.05,0.3705,0.508,50.82,1
Candidate_025,Delivery Driver,53-3033.00,Light Truck Drivers,Speaking,3.12,2.88,0.0,0.6,1,557,622,12,0.3705312074675783,37.05,0.3705,0.508,50.82,1
Candidate_025,Delivery Driver,53-3033.00,Light Truck Drivers,Monitoring,3.12,2.75,0.0,0.587,2,557,622,12,0.3705312074675783,37.05,0.3705,0.5,50.04,2
Candidate_025,"Driver, Truck",53-3032.00,Heavy and Tractor-Trailer Truck Drivers,Monitoring,3.12,3.0,0.0,0.612,1,1423,3705,12,0.8880268984746598,88.8,0.888,0.722,72.24,1
Candidate_025,"Driver, Truck",53-3032.00,Heavy and Tractor-Trailer Truck Drivers,Active Listening,2.88,3.0,0.0,0.588,2,1423,3705,12,0.8880268984746598,88.8,0.888,0.708,70.8,2
Candidate_025,"Driver, Truck",53-3032.00,Heavy and Tractor-Trailer Truck Drivers,Speaking,3.0,2.88,0.0,0.588,2,1423,3705,12,0.8880268984746598,88.8,0.888,0.708,70.8,2
Candidate_025,Food Service Supervisor,35-1012.00,First-Line Supervisors of Food Preparation and Serving Workers,Monitoring,3.88,4.0,0.0,0.788,1,1061,2524,12,0.6833380235893983,68.33,0.6833,0.746,74.61,1
Candidate_025,Food Service Supervisor,35-1012.00,First-Line Supervisors of Food Preparation and Serving Workers,Speaking,3.88,4.0,0.0,0.788,1,1061,2524,12,0.6833380235893983,68.33,0.6833,0.746,74.61,1
Candidate_025,Food Service Supervisor,35-1012.00,First-Line Supervisors of Food Preparation and Serving Workers,Active Listening,3.75,3.0,0.0,0.675,2,1061,2524,12,0.6833380235893983,68.33,0.6833,0.678,67.83,2
Candidate_025,Information Technology (IT) Analyst,15-1211.00,Computer Systems Analysts,Active Listening,4.0,4.12,0.0,0.812,1,347,357,10,0.266375870790639,26.64,0.2664,0.594,59.38,1
Candidate_025,Information Technology (IT) Analyst,15-1211.00,Computer Systems Analysts,Speaking,4.0,4.0,0.0,0.8,2,347,357,10,0.266375870790639,26.64,0.2664,0.587,58.66,2
Candidate_025,Information Technology (IT) Analyst,15-1211.00,Computer Systems Analysts,Monitoring,3.62,4.0,0.0,0.762,3,347,357,10,0.266375870790639,26.64,0.2664,0.564,56.38,3
Candidate_025,Inside Sales Representative,41-2031.00,Retail Salespersons,Active Listening,3.75,3.75,0.0,0.75,1,1876,2449,13,0.8643994601889338,86.44,0.8644,0.796,79.58,1
Candidate_025,Inside Sales Representative,41-2031.00,Retail Salespersons,Speaking,3.75,3.12,0.0,0.687,2,1876,2449,13,0.8643994601889338,86.44,0.8644,0.758,75.8,2
Candidate_025,Inside Sales Representative,41-2031.00,Retail Salespersons,Monitoring,3.0,3.12,0.0,0.612,3,1876,2449,13,0.8643994601889338,86.44,0.8644,0.713,71.3,3
Candidate_025,Licensed Practical Nurse (L.P.N.),29-2061.00,Licensed Practical and Licensed Vocational Nurses,Active Listening,3.88,4.0,0.0,0.788,1,437,527,10,0.3039192124973743,30.39,0.3039,0.594,59.44,1
Candidate_025,Licensed Practical Nurse (L.P.N.),29-2061.00,Licensed Practical and Licensed Vocational Nurses,Monitoring,3.88,4.0,0.0,0.788,1,437,527,10,0.3039192124973743,30.39,0.3039,0.594,59.44,1
Candidate_025,Licensed Practical Nurse (L.P.N.),29-2061.00,Licensed Practical and Licensed Vocational Nurses,Speaking,3.88,4.0,0.0,0.788,1,437,527,10,0.3039192124973743,30.39,0.3039,0.594,59.44,1
Candidate_025,Office Administrator,43-1011.00,First-Line Supervisors of Office and Administrative Support Workers,Active Listening,4.0,4.0,0.0,0.8,1,676,1709,13,0.5286438829565303,52.86,0.5286,0.691,69.14,1
Candidate_025,Office Administrator,43-1011.00,First-Line Supervisors of Office and Administrative Support Workers,Monitoring,4.0,4.0,0.0,0.8,1,676,1709,13,0.5286438829565303,52.86,0.5286,0.691,69.14,1
Candidate_025,Office Administrator,43-1011.00,First-Line Supervisors of Office and Administrative Support Workers,Speaking,4.0,4.0,0.0,0.8,1,676,1709,13,0.5286438829565303,52.86,0.5286,0.691,69.14,1
Candidate_025,Office Manager,43-1011.00,First-Line Supervisors of Office and Administrative Support Workers,Monitoring,4.0,4.0,0.0,0.8,1,676,1709,13,0.5286438829565303,52.86,0.5286,0.691,69.14,1
Candidate_025,Office Manager,43-1011.00,First-Line Supervisors of Office and Administrative Support Workers,Speaking,4.0,4.0,0.0,0.8,1,676,1709,13,0.5286438829565303,52.86,0.5286,0.691,69.14,1
Candidate_025,Office Manager,43-1011.00,First-Line Supervisors of Office and Administrative Support Workers,Active Listening,4.0,3.88,0.0,0.788,2,676,1709,13,0.5286438829565303,52.86,0.5286,0.684,68.42,2
Candidate_025,Restaurant Manager,11-9051.00,Food Service Managers,Speaking,3.88,4.0,0.0,0.788,1,1139,1473,12,0.5865008675534992,58.65,0.5865,0.707,70.74,1
Candidate_025,Restaurant Manager,11-9051.00,Food Service Managers,Monitoring,3.88,3.88,0.0,0.776,2,1139,1473,12,0.5865008675534992,58.65,0.5865,0.7,70.02,2
Candidate_025,Restaurant Manager,11-9051.00,Food Service Managers,Active Listening,3.88,3.5,0.0,0.738,3,1139,1473,12,0.5865008675534992,58.65,0.5865,0.677,67.74,3
Candidate_025,Retail Sales Associate,41-2031.00,Retail Salespersons,Active Listening,3.75,3.75,0.0,0.75,1,1876,2449,13,0.8643994601889338,86.44,0.8644,0.796,79.58,1
Candidate_025,Retail Sales Associate,41-2031.00,Retail Salespersons,Speaking,3.75,3.12,0.0,0.687,2,1876,2449,13,0.8643994601889338,86.44,0.8644,0.758,75.8,2
Candidate_025,Retail Sales Associate,41-2031.00,Retail Salespersons,Monitoring,3.0,3.12,0.0,0.612,3,1876,2449,13,0.8643994601889338,86.44,0.8644,0.713,71.3,3
Candidate_025,Secondary School Teacher,25-2031.00,"Secondary School Teachers, Except Special and Career/Technical Education",Speaking,4.0,4.12,0.0,0.812,1,681,740,9,0.3635561348837076,36.36,0.3636,0.633,63.26,1
Candidate_025,Secondary School Teacher,25-2031.00,"Secondary School Teachers, Except Special and Career/Technical Education",Active Listening,4.0,4.0,0.0,0.8,2,681,740,9,0.3635561348837076,36.36,0.3636,0.625,62.54,2
Candidate_025,Secondary School Teacher,25-2031.00,"Secondary School Teachers, Except Special and Career/Technical Education",Monitoring,3.88,4.0,0.0,0.788,3,681,740,9,0.3635561348837076,36.36,0.3636,0.618,61.82,3
Candidate_025,Software Developer,15-1252.00,Software Developers,Active Listening,3.38,3.88,0.0,0.726,1,323,344,8,0.2290858604605659,22.91,0.2291,0.527,52.72,1
Candidate_025,Software Developer,15-1252.00,Software Developers,Speaking,3.12,3.62,0.0,0.6739999999999999,2,323,344,8,0.2290858604605659,22.91,0.2291,0.496,49.6,2
Candidate_025,Software Developer,15-1252.00,Software Developers,Monitoring,3.0,3.5,0.0,0.6499999999999999,3,323,344,8,0.2290858604605659,22.91,0.2291,0.482,48.16,3
Candidate_026,Administrative Assistant,43-6014.00,"Secretaries and Administrative Assistants, Except Legal, Medical, and Executive",Active Listening,4.0,3.75,0.0,0.775,1,812,890,11,0.4384514673595585,43.85,0.4385,0.64,64.04,1
Candidate_026,Administrative Assistant,43-6014.00,"Secretaries and Administrative Assistants, Except Legal, Medical, and Executive",Speaking,4.0,3.62,0.0,0.762,2,812,890,11,0.4384514673595585,43.85,0.4385,0.633,63.26,2
Candidate_026,Administrative Assistant,43-6014.00,"Secretaries and Administrative Assistants, Except Legal, Medical, and Executive",Writing,3.75,3.5,0.0,0.725,3,812,890,11,0.4384514673595585,43.85,0.4385,0.61,61.04,3
Candidate_026,Bookkeeper,43-3031.00,"Bookkeeping, Accounting, and Auditing Clerks",Active Listening,3.25,3.75,0.0,0.7,1,396,422,11,0.2992257912289334,29.92,0.2992,0.54,53.97,1
Candidate_026,Bookkeeper,43-3031.00,"Bookkeeping, Accounting, and Auditing Clerks",Speaking,3.12,3.12,0.0,0.624,2,396,422,11,0.2992257912289334,29.92,0.2992,0.494,49.41,2
Candidate_026,Bookkeeper,43-3031.00,"Bookkeeping, Accounting, and Auditing Clerks",Writing,3.12,3.12,0.0,0.624,2,396,422,11,0.2992257912289334,29.92,0.2992,0.494,49.41,2
Candidate_026,Continuing Care Assistant,31-1131.00,Nursing Assistants,Active Listening,3.62,3.0,0.0,0.6619999999999999,1,819,1172,9,0.4396201180333152,43.96,0.4396,0.573,57.3,1
Candidate_026,Continuing Care Assistant,31-1131.00,Nursing Assistants,Speaking,3.12,3.0,0.0,0.612,2,819,1172,9,0.4396201180333152,43.96,0.4396,0.543,54.3,2
Candidate_026,Continuing Care Assistant,31-1131.00,Nursing Assistants,Writing,2.75,2.75,0.0,0.55,3,819,1172,9,0.4396201180333152,43.96,0.4396,0.506,50.58,3
Candidate_026,Delivery Driver,53-3033.00,Light Truck Drivers,Active Listening,3.12,2.88,0.0,0.6,1,557,622,12,0.3705312074675783,37.05,0.3705,0.508,50.82,1
Candidate_026,Delivery Driver,53-3033.00,Light Truck Drivers,Speaking,3.12,2.88,0.0,0.6,1,557,622,12,0.3705312074675783,37.05,0.3705,0.508,50.82,1
Candidate_026,Delivery Driver,53-3033.00,Light Truck Drivers,Writing,2.75,2.5,0.0,0.525,2,557,622,12,0.3705312074675783,37.05,0.3705,0.463,46.32,2
Candidate_026,"Driver, Truck",53-3032.00,Heavy and Tractor-Trailer Truck Drivers,Active Listening,2.88,3.0,0.0,0.588,1,1423,3705,12,0.8880268984746598,88.8,0.888,0.708,70.8,1
Candidate_026,"Driver, Truck",53-3032.00,Heavy and Tractor-Trailer Truck Drivers,Speaking,3.0,2.88,0.0,0.588,1,1423,3705,12,0.8880268984746598,88.8,0.888,0.708,70.8,1
Candidate_026,"Driver, Truck",53-3032.00,Heavy and Tractor-Trailer Truck Drivers,Writing,2.75,2.62,0.0,0.537,2,1423,3705,12,0.8880268984746598,88.8,0.888,0.677,67.74,2
Candidate_026,Food Service Supervisor,35-1012.00,First-Line Supervisors of Food Preparation and Serving Workers,Speaking,3.88,4.0,0.0,0.788,1,1061,2524,12,0.6833380235893983,68.33,0.6833,0.746,74.61,1
Candidate_026,Food Service Supervisor,35-1012.00,First-Line Supervisors of Food Preparation and Serving Workers,Active Listening,3.75,3.0,0.0,0.675,2,1061,2524,12,0.6833380235893983,68.33,0.6833,0.678,67.83,2
Candidate_026,Food Service Supervisor,35-1012.00,First-Line Supervisors of Food Preparation and Serving Workers,Writing,3.0,3.12,0.0,0.612,3,1061,2524,12,0.6833380235893983,68.33,0.6833,0.641,64.05,3
Candidate_026,Information Technology (IT) Analyst,15-1211.00,Computer Systems Analysts,Active Listening,4.0,4.12,0.0,0.812,1,347,357,10,0.266375870790639,26.64,0.2664,0.594,59.38,1
Candidate_026,Information Technology (IT) Analyst,15-1211.00,Computer Systems Analysts,Speaking,4.0,4.0,0.0,0.8,2,347,357,10,0.266375870790639,26.64,0.2664,0.587,58.66,2
Candidate_026,Information Technology (IT) Analyst,15-1211.00,Computer Systems Analysts,Writing,4.0,4.0,0.0,0.8,2,347,357,10,0.266375870790639,26.64,0.2664,0.587,58.66,2
Candidate_026,Inside Sales Representative,41-2031.00,Retail Salespersons,Active Listening,3.75,3.75,0.0,0.75,1,1876,2449,13,0.8643994601889338,86.44,0.8644,0.796,79.58,1
Candidate_026,Inside Sales Representative,41-2031.00,Retail Salespersons,Speaking,3.75,3.12,0.0,0.687,2,1876,2449,13,0.8643994601889338,86.44,0.8644,0.758,75.8,2
Candidate_026,Inside Sales Representative,41-2031.00,Retail Salespersons,Writing,3.0,3.0,0.0,0.6,3,1876,2449,13,0.8643994601889338,86.44,0.8644,0.706,70.58,3
Candidate_026,Licensed Practical Nurse (L.P.N.),29-2061.00,Licensed Practical and Licensed Vocational Nurses,Active Listening,3.88,4.0,0.0,0.788,1,437,527,10,0.3039192124973743,30.39,0.3039,0.594,59.44,1
Candidate_026,Licensed Practical Nurse (L.P.N.),29-2061.00,Licensed Practical and Licensed Vocational Nurses,Speaking,3.88,4.0,0.0,0.788,1,437,527,10,0.3039192124973743,30.39,0.3039,0.594,59.44,1
Candidate_026,Licensed Practical Nurse (L.P.N.),29-2061.00,Licensed Practical and Licensed Vocational Nurses,Writing,3.25,3.12,0.0,0.637,2,437,527,10,0.3039192124973743,30.39,0.3039,0.504,50.38,2
Candidate_026,Office Administrator,43-1011.00,First-Line Supervisors of Office and Administrative Support Workers,Active Listening,4.0,4.0,0.0,0.8,1,676,1709,13,0.5286438829565303,52.86,0.5286,0.691,69.14,1
Candidate_026,Office Administrator,43-1011.00,First-Line Supervisors of Office and Administrative Support Workers,Speaking,4.0,4.0,0.0,0.8,1,676,1709,13,0.5286438829565303,52.86,0.5286,0.691,69.14,1
Candidate_026,Office Administrator,43-1011.00,First-Line Supervisors of Office and Administrative Support Workers,Writing,3.75,3.75,0.0,0.75,2,676,1709,13,0.5286438829565303,52.86,0.5286,0.661,66.14,2
Candidate_026,Office Manager,43-1011.00,First-Line Supervisors of Office and Administrative Support Workers,Speaking,4.0,4.0,0.0,0.8,1,676,1709,13,0.5286438829565303,52.86,0.5286,0.691,69.14,1
Candidate_026,Office Manager,43-1011.00,First-Line Supervisors of Office and Administrative Support Workers,Active Listening,4.0,3.88,0.0,0.788,2,676,1709,13,0.5286438829565303,52.86,0.5286,0.684,68.42,2
Candidate_026,Office Manager,43-1011.00,First-Line Supervisors of Office and Administrative Support Workers,Writing,3.75,3.75,0.0,0.75,3,676,1709,13,0.5286438829565303,52.86,0.5286,0.661,66.14,3
Candidate_026,Restaurant Manager,11-9051.00,Food Service Managers,Speaking,3.88,4.0,0.0,0.788,1,1139,1473,12,0.5865008675534992,58.65,0.5865,0.707,70.74,1
Candidate_026,Restaurant Manager,11-9051.00,Food Service Managers,Active Listening,3.88,3.5,0.0,0.738,2,1139,1473,12,0.5865008675534992,58.65,0.5865,0.677,67.74,2
Candidate_026,Restaurant Manager,11-9051.00,Food Service Managers,Writing,3.0,3.12,0.0,0.612,3,1139,1473,12,0.5865008675534992,58.65,0.5865,0.602,60.18,3
Candidate_026,Retail Sales Associate,41-2031.00,Retail Salespersons,Active Listening,3.75,3.75,0.0,0.75,1,1876,2449,13,0.8643994601889338,86.44,0.8644,0.796,79.58,1
Candidate_026,Retail Sales Associate,41-2031.00,Retail Salespersons,Speaking,3.75,3.12,0.0,0.687,2,1876,2449,13,0.8643994601889338,86.44,0.8644,0.758,75.8,2
Candidate_026,Retail Sales Associate,41-2031.00,Retail Salespersons,Writing,3.0,3.0,0.0,0.6,3,1876,2449,13,0.8643994601889338,86.44,0.8644,0.706,70.58,3
Candidate_026,Secondary School Teacher,25-2031.00,"Secondary School Teachers, Except Special and Career/Technical Education",Speaking,4.0,4.12,0.0,0.812,1,681,740,9,0.3635561348837076,36.36,0.3636,0.633,63.26,1
Candidate_026,Secondary School Teacher,25-2031.00,"Secondary School Teachers, Except Special and Career/Technical Education",Active Listening,4.0,4.0,0.0,0.8,2,681,740,9,0.3635561348837076,36.36,0.3636,0.625,62.54,2
Candidate_026,Secondary School Teacher,25-2031.00,"Secondary School Teachers, Except Special and Career/Technical Education",Writing,3.62,3.75,0.0,0.737,3,681,740,9,0.3635561348837076,36.36,0.3636,0.588,58.76,3
Candidate_026,Software Developer,15-1252.00,Software Developers,Active Listening,3.38,3.88,0.0,0.726,1,323,344,8,0.2290858604605659,22.91,0.2291,0.527,52.72,1
Candidate_026,Software Developer,15-1252.00,Software Developers,Writing,3.25,3.62,0.0,0.687,2,323,344,8,0.2290858604605659,22.91,0.2291,0.504,50.38,2
Candidate_026,Software Developer,15-1252.00,Software Developers,Speaking,3.12,3.62,0.0,0.6739999999999999,3,323,344,8,0.2290858604605659,22.91,0.2291,0.496,49.6,3
Candidate_027,Administrative Assistant,43-6014.00,"Secretaries and Administrative Assistants, Except Legal, Medical, and Executive",Active Listening,4.0,3.75,0.0,0.775,1,812,890,11,0.4384514673595585,43.85,0.4385,0.64,64.04,1
Candidate_027,Administrative Assistant,43-6014.00,"Secretaries and Administrative Assistants, Except Legal, Medical, and Executive",Speaking,4.0,3.62,0.0,0.762,2,812,890,11,0.4384514673595585,43.85,0.4385,0.633,63.26,2
Candidate_027,Administrative Assistant,43-6014.00,"Secretaries and Administrative Assistants, Except Legal, Medical, and Executive",Monitoring,3.12,3.25,0.0,0.637,3,812,890,11,0.4384514673595585,43.85,0.4385,0.558,55.76,3
Candidate_027,Administrative Assistant,43-6014.00,"Secretaries and Administrative Assistants, Except Legal, Medical, and Executive",Mathematics,2.0,1.62,0.0,0.362,4,812,890,11,0.4384514673595585,43.85,0.4385,0.393,39.26,4
Candidate_027,Administrative Assistant,43-6014.00,"Secretaries and Administrative Assistants, Except Legal, Medical, and Executive",Science,1.0,0.0,0.0,0.1,5,812,890,11,0.4384514673595585,43.85,0.4385,0.235,23.54,5
Candidate_027,Bookkeeper,43-3031.00,"Bookkeeping, Accounting, and Auditing Clerks",Active Listening,3.25,3.75,0.0,0.7,1,396,422,11,0.2992257912289334,29.92,0.2992,0.54,53.97,1
Candidate_027,Bookkeeper,43-3031.00,"Bookkeeping, Accounting, and Auditing Clerks",Mathematics,3.38,3.38,0.0,0.6759999999999999,2,396,422,11,0.2992257912289334,29.92,0.2992,0.525,52.53,2
Candidate_027,Bookkeeper,43-3031.00,"Bookkeeping, Accounting, and Auditing Clerks",Speaking,3.12,3.12,0.0,0.624,3,396,422,11,0.2992257912289334,29.92,0.2992,0.494,49.41,3
Candidate_027,Bookkeeper,43-3031.00,"Bookkeeping, Accounting, and Auditing Clerks",Monitoring,3.0,2.88,0.0,0.588,4,396,422,11,0.2992257912289334,29.92,0.2992,0.472,47.25,4
Candidate_027,Bookkeeper,43-3031.00,"Bookkeeping, Accounting, and Auditing Clerks",Science,1.12,0.12,0.0,0.12400000000000001,5,396,422,11,0.2992257912289334,29.92,0.2992,0.194,19.41,5
Candidate_027,Continuing Care Assistant,31-1131.00,Nursing Assistants,Active Listening,3.62,3.0,0.0,0.6619999999999999,1,819,1172,9,0.4396201180333152,43.96,0.4396,0.573,57.3,1
Candidate_027,Continuing Care Assistant,31-1131.00,Nursing Assistants,Monitoring,3.25,3.0,0.0,0.625,2,819,1172,9,0.4396201180333152,43.96,0.4396,0.551,55.08,2
Candidate_027,Continuing Care Assistant,31-1131.00,Nursing Assistants,Speaking,3.12,3.0,0.0,0.612,3,819,1172,9,0.4396201180333152,43.96,0.4396,0.543,54.3,3
Candidate_027,Continuing Care Assistant,31-1131.00,Nursing Assistants,Mathematics,2.12,1.88,0.0,0.4,4,819,1172,9,0.4396201180333152,43.96,0.4396,0.416,41.58,4
Candidate_027,Continuing Care Assistant,31-1131.00,Nursing Assistants,Science,1.75,0.88,0.0,0.263,5,819,1172,9,0.4396201180333152,43.96,0.4396,0.334,33.36,5
Candidate_027,Delivery Driver,53-3033.00,Light Truck Drivers,Active Listening,3.12,2.88,0.0,0.6,1,557,622,12,0.3705312074675783,37.05,0.3705,0.508,50.82,1
Candidate_027,Delivery Driver,53-3033.00,Light Truck Drivers,Speaking,3.12,2.88,0.0,0.6,1,557,622,12,0.3705312074675783,37.05,0.3705,0.508,50.82,1
Candidate_027,Delivery Driver,53-3033.00,Light Truck Drivers,Monitoring,3.12,2.75,0.0,0.587,2,557,622,12,0.3705312074675783,37.05,0.3705,0.5,50.04,2
Candidate_027,Delivery Driver,53-3033.00,Light Truck Drivers,Mathematics,2.25,2.12,0.0,0.43700000000000006,3,557,622,12,0.3705312074675783,37.05,0.3705,0.41,41.04,3
Candidate_027,Delivery Driver,53-3033.00,Light Truck Drivers,Science,1.12,0.12,0.0,0.12400000000000001,4,557,622,12,0.3705312074675783,37.05,0.3705,0.223,22.26,4
Candidate_027,"Driver, Truck",53-3032.00,Heavy and Tractor-Trailer Truck Drivers,Monitoring,3.12,3.0,0.0,0.612,1,1423,3705,12,0.8880268984746598,88.8,0.888,0.722,72.24,1
Candidate_027,"Driver, Truck",53-3032.00,Heavy and Tractor-Trailer Truck Drivers,Active Listening,2.88,3.0,0.0,0.588,2,1423,3705,12,0.8880268984746598,88.8,0.888,0.708,70.8,2
Candidate_027,"Driver, Truck",53-3032.00,Heavy and Tractor-Trailer Truck Drivers,Speaking,3.0,2.88,0.0,0.588,2,1423,3705,12,0.8880268984746598,88.8,0.888,0.708,70.8,2
Candidate_027,"Driver, Truck",53-3032.00,Heavy and Tractor-Trailer Truck Drivers,Mathematics,2.0,1.88,0.0,0.388,3,1423,3705,12,0.8880268984746598,88.8,0.888,0.588,58.8,3
Candidate_027,"Driver, Truck",53-3032.00,Heavy and Tractor-Trailer Truck Drivers,Science,1.0,0.0,0.0,0.1,4,1423,3705,12,0.8880268984746598,88.8,0.888,0.415,41.52,4
Candidate_027,Food Service Supervisor,35-1012.00,First-Line Supervisors of Food Preparation and Serving Workers,Monitoring,3.88,4.0,0.0,0.788,1,1061,2524,12,0.6833380235893983,68.33,0.6833,0.746,74.61,1
Candidate_027,Food Service Supervisor,35-1012.00,First-Line Supervisors of Food Preparation and Serving Workers,Speaking,3.88,4.0,0.0,0.788,1,1061,2524,12,0.6833380235893983,68.33,0.6833,0.746,74.61,1
Candidate_027,Food Service Supervisor,35-1012.00,First-Line Supervisors of Food Preparation and Serving Workers,Active Listening,3.75,3.0,0.0,0.675,2,1061,2524,12,0.6833380235893983,68.33,0.6833,0.678,67.83,2
Candidate_027,Food Service Supervisor,35-1012.00,First-Line Supervisors of Food Preparation and Serving Workers,Mathematics,3.0,3.0,0.0,0.6,3,1061,2524,12,0.6833380235893983,68.33,0.6833,0.633,63.33,3
Candidate_027,Food Service Supervisor,35-1012.00,First-Line Supervisors of Food Preparation and Serving Workers,Science,1.0,0.0,0.0,0.1,4,1061,2524,12,0.6833380235893983,68.33,0.6833,0.333,33.33,4
Candidate_027,Information Technology (IT) Analyst,15-1211.00,Computer Systems Analysts,Active Listening,4.0,4.12,0.0,0.812,1,347,357,10,0.266375870790639,26.64,0.2664,0.594,59.38,1
Candidate_027,Information Technology (IT) Analyst,15-1211.00,Computer Systems Analysts,Speaking,4.0,4.0,0.0,0.8,2,347,357,10,0.266375870790639,26.64,0.2664,0.587,58.66,2
Candidate_027,Information Technology (IT) Analyst,15-1211.00,Computer Systems Analysts,Monitoring,3.62,4.0,0.0,0.762,3,347,357,10,0.266375870790639,26.64,0.2664,0.564,56.38,3
Candidate_027,Information Technology (IT) Analyst,15-1211.00,Computer Systems Analysts,Mathematics,3.0,3.38,0.0,0.6379999999999999,4,347,357,10,0.266375870790639,26.64,0.2664,0.489,48.94,4
Candidate_027,Information Technology (IT) Analyst,15-1211.00,Computer Systems Analysts,Science,2.75,3.12,0.0,0.587,5,347,357,10,0.266375870790639,26.64,0.2664,0.459,45.88,5
Candidate_027,Inside Sales Representative,41-2031.00,Retail Salespersons,Active Listening,3.75,3.75,0.0,0.75,1,1876,2449,13,0.8643994601889338,86.44,0.8644,0.796,79.58,1
Candidate_027,Inside Sales Representative,41-2031.00,Retail Salespersons,Speaking,3.75,3.12,0.0,0.687,2,1876,2449,13,0.8643994601889338,86.44,0.8644,0.758,75.8,2
Candidate_027,Inside Sales Representative,41-2031.00,Retail Salespersons,Monitoring,3.0,3.12,0.0,0.612,3,1876,2449,13,0.8643994601889338,86.44,0.8644,0.713,71.3,3
Candidate_027,Inside Sales Representative,41-2031.00,Retail Salespersons,Mathematics,2.62,2.0,0.0,0.462,4,1876,2449,13,0.8643994601889338,86.44,0.8644,0.623,62.3,4
Candidate_027,Inside Sales Representative,41-2031.00,Retail Salespersons,Science,1.0,0.0,0.0,0.1,5,1876,2449,13,0.8643994601889338,86.44,0.8644,0.406,40.58,5
Candidate_027,Licensed Practical Nurse (L.P.N.),29-2061.00,Licensed Practical and Licensed Vocational Nurses,Active Listening,3.88,4.0,0.0,0.788,1,437,527,10,0.3039192124973743,30.39,0.3039,0.594,59.44,1
Candidate_027,Licensed Practical Nurse (L.P.N.),29-2061.00,Licensed Practical and Licensed Vocational Nurses,Monitoring,3.88,4.0,0.0,0.788,1,437,527,10,0.3039192124973743,30.39,0.3039,0.594,59.44,1
Candidate_027,Licensed Practical Nurse (L.P.N.),29-2061.00,Licensed Practical and Licensed Vocational Nurses,Speaking,3.88,4.0,0.0,0.788,1,437,527,10,0.3039192124973743,30.39,0.3039,0.594,59.44,1
Candidate_027,Licensed Practical Nurse (L.P.N.),29-2061.00,Licensed Practical and Licensed Vocational Nurses,Mathematics,2.88,2.88,0.0,0.576,2,437,527,10,0.3039192124973743,30.39,0.3039,0.467,46.72,2
Candidate_027,Licensed Practical Nurse (L.P.N.),29-2061.00,Licensed Practical and Licensed Vocational Nurses,Science,2.62,2.62,0.0,0.524,3,437,527,10,0.3039192124973743,30.39,0.3039,0.436,43.6,3
Candidate_027,Office Administrator,43-1011.00,First-Line Supervisors of Office and Administrative Support Workers,Active Listening,4.0,4.0,0.0,0.8,1,676,1709,13,0.5286438829565303,52.86,0.5286,0.691,69.14,1
Candidate_027,Office Administrator,43-1011.00,First-Line Supervisors of Office and Administrative Support Workers,Monitoring,4.0,4.0,0.0,0.8,1,676,1709,13,0.5286438829565303,52.86,0.5286,0.691,69.14,1
Candidate_027,Office Administrator,43-1011.00,First-Line Supervisors of Office and Administrative Support Workers,Speaking,4.0,4.0,0.0,0.8,1,676,1709,13,0.5286438829565303,52.86,0.5286,0.691,69.14,1
Candidate_027,Office Administrator,43-1011.00,First-Line Supervisors of Office and Administrative Support Workers,Mathematics,2.75,2.75,0.0,0.55,2,676,1709,13,0.5286438829565303,52.86,0.5286,0.541,54.14,2
Candidate_027,Office Administrator,43-1011.00,First-Line Supervisors of Office and Administrative Support Workers,Science,1.38,0.38,0.0,0.176,3,676,1709,13,0.5286438829565303,52.86,0.5286,0.317,31.7,3
Candidate_027,Office Manager,43-1011.00,First-Line Supervisors of Office and Administrative Support Workers,Monitoring,4.0,4.0,0.0,0.8,1,676,1709,13,0.5286438829565303,52.86,0.5286,0.691,69.14,1
Candidate_027,Office Manager,43-1011.00,First-Line Supervisors of Office and Administrative Support Workers,Speaking,4.0,4.0,0.0,0.8,1,676,1709,13,0.5286438829565303,52.86,0.5286,0.691,69.14,1
Candidate_027,Office Manager,43-1011.00,First-Line Supervisors of Office and Administrative Support Workers,Active Listening,4.0,3.88,0.0,0.788,2,676,1709,13,0.5286438829565303,52.86,0.5286,0.684,68.42,2
Candidate_027,Office Manager,43-1011.00,First-Line Supervisors of Office and Administrative Support Workers,Mathematics,2.75,2.75,0.0,0.55,3,676,1709,13,0.5286438829565303,52.86,0.5286,0.541,54.14,3
Candidate_027,Office Manager,43-1011.00,First-Line Supervisors of Office and Administrative Support Workers,Science,1.0,0.0,0.0,0.1,4,676,1709,13,0.5286438829565303,52.86,0.5286,0.271,27.14,4
Candidate_027,Restaurant Manager,11-9051.00,Food Service Managers,Speaking,3.88,4.0,0.0,0.788,1,1139,1473,12,0.5865008675534992,58.65,0.5865,0.707,70.74,1
Candidate_027,Restaurant Manager,11-9051.00,Food Service Managers,Monitoring,3.88,3.88,0.0,0.776,2,1139,1473,12,0.5865008675534992,58.65,0.5865,0.7,70.02,2
Candidate_027,Restaurant Manager,11-9051.00,Food Service Managers,Active Listening,3.88,3.5,0.0,0.738,3,1139,1473,12,0.5865008675534992,58.65,0.5865,0.677,67.74,3
Candidate_027,Restaurant Manager,11-9051.00,Food Service Managers,Mathematics,2.88,2.88,0.0,0.576,4,1139,1473,12,0.5865008675534992,58.65,0.5865,0.58,58.02,4
Candidate_027,Restaurant Manager,11-9051.00,Food Service Managers,Science,1.62,0.62,0.0,0.224,5,1139,1473,12,0.5865008675534992,58.65,0.5865,0.369,36.9,5
Candidate_027,Retail Sales Associate,41-2031.00,Retail Salespersons,Active Listening,3.75,3.75,0.0,0.75,1,1876,2449,13,0.8643994601889338,86.44,0.8644,0.796,79.58,1
Candidate_027,Retail Sales Associate,41-2031.00,Retail Salespersons,Speaking,3.75,3.12,0.0,0.687,2,1876,2449,13,0.8643994601889338,86.44,0.8644,0.758,75.8,2
Candidate_027,Retail Sales Associate,41-2031.00,Retail Salespersons,Monitoring,3.0,3.12,0.0,0.612,3,1876,2449,13,0.8643994601889338,86.44,0.8644,0.713,71.3,3
Candidate_027,Retail Sales Associate,41-2031.00,Retail Salespersons,Mathematics,2.62,2.0,0.0,0.462,4,1876,2449,13,0.8643994601889338,86.44,0.8644,0.623,62.3,4
Candidate_027,Retail Sales Associate,41-2031.00,Retail Salespersons,Science,1.0,0.0,0.0,0.1,5,1876,2449,13,0.8643994601889338,86.44,0.8644,0.406,40.58,5
Candidate_027,Secondary School Teacher,25-2031.00,"Secondary School Teachers, Except Special and Career/Technical Education",Speaking,4.0,4.12,0.0,0.812,1,681,740,9,0.3635561348837076,36.36,0.3636,0.633,63.26,1
Candidate_027,Secondary School Teacher,25-2031.00,"Secondary School Teachers, Except Special and Career/Technical Education",Active Listening,4.0,4.0,0.0,0.8,2,681,740,9,0.3635561348837076,36.36,0.3636,0.625,62.54,2
Candidate_027,Secondary School Teacher,25-2031.00,"Secondary School Teachers, Except Special and Career/Technical Education",Monitoring,3.88,4.0,0.0,0.788,3,681,740,9,0.3635561348837076,36.36,0.3636,0.618,61.82,3
Candidate_027,Secondary School Teacher,25-2031.00,"Secondary School Teachers, Except Special and Career/Technical Education",Mathematics,2.75,3.0,0.0,0.575,4,681,740,9,0.3635561348837076,36.36,0.3636,0.49,49.04,4
Candidate_027,Secondary School Teacher,25-2031.00,"Secondary School Teachers, Except Special and Career/Technical Education",Science,2.0,1.88,0.0,0.388,5,681,740,9,0.3635561348837076,36.36,0.3636,0.378,37.82,5
Candidate_027,Software Developer,15-1252.00,Software Developers,Active Listening,3.38,3.88,0.0,0.726,1,323,344,8,0.2290858604605659,22.91,0.2291,0.527,52.72,1
Candidate_027,Software Developer,15-1252.00,Software Developers,Speaking,3.12,3.62,0.0,0.6739999999999999,2,323,344,8,0.2290858604605659,22.91,0.2291,0.496,49.6,2
Candidate_027,Software Developer,15-1252.00,Software Developers,Monitoring,3.0,3.5,0.0,0.6499999999999999,3,323,344,8,0.2290858604605659,22.91,0.2291,0.482,48.16,3
Candidate_027,Software Developer,15-1252.00,Software Developers,Mathematics,2.75,3.25,0.0,0.6000000000000001,4,323,344,8,0.2290858604605659,22.91,0.2291,0.452,45.16,4
Candidate_027,Software Developer,15-1252.00,Software Developers,Science,2.12,1.88,0.0,0.4,5,323,344,8,0.2290858604605659,22.91,0.2291,0.332,33.16,5
Candidate_028,Administrative Assistant,43-6014.00,"Secretaries and Administrative Assistants, Except Legal, Medical, and Executive",Active Listening,4.0,3.75,0.0,0.775,1,812,890,11,0.4384514673595585,43.85,0.4385,0.64,64.04,1
Candidate_028,Administrative Assistant,43-6014.00,"Secretaries and Administrative Assistants, Except Legal, Medical, and Executive",Speaking,4.0,3.62,0.0,0.762,2,812,890,11,0.4384514673595585,43.85,0.4385,0.633,63.26,2
Candidate_028,Administrative Assistant,43-6014.00,"Secretaries and Administrative Assistants, Except Legal, Medical, and Executive",Monitoring,3.12,3.25,0.0,0.637,3,812,890,11,0.4384514673595585,43.85,0.4385,0.558,55.76,3
Candidate_028,Administrative Assistant,43-6014.00,"Secretaries and Administrative Assistants, Except Legal, Medical, and Executive",Mathematics,2.0,1.62,0.0,0.362,4,812,890,11,0.4384514673595585,43.85,0.4385,0.393,39.26,4
Candidate_028,Administrative Assistant,43-6014.00,"Secretaries and Administrative Assistants, Except Legal, Medical, and Executive",Science,1.0,0.0,0.0,0.1,5,812,890,11,0.4384514673595585,43.85,0.4385,0.235,23.54,5
Candidate_028,Bookkeeper,43-3031.00,"Bookkeeping, Accounting, and Auditing Clerks",Active Listening,3.25,3.75,0.0,0.7,1,396,422,11,0.2992257912289334,29.92,0.2992,0.54,53.97,1
Candidate_028,Bookkeeper,43-3031.00,"Bookkeeping, Accounting, and Auditing Clerks",Mathematics,3.38,3.38,0.0,0.6759999999999999,2,396,422,11,0.2992257912289334,29.92,0.2992,0.525,52.53,2
Candidate_028,Bookkeeper,43-3031.00,"Bookkeeping, Accounting, and Auditing Clerks",Speaking,3.12,3.12,0.0,0.624,3,396,422,11,0.2992257912289334,29.92,0.2992,0.494,49.41,3
Candidate_028,Bookkeeper,43-3031.00,"Bookkeeping, Accounting, and Auditing Clerks",Monitoring,3.0,2.88,0.0,0.588,4,396,422,11,0.2992257912289334,29.92,0.2992,0.472,47.25,4
Candidate_028,Bookkeeper,43-3031.00,"Bookkeeping, Accounting, and Auditing Clerks",Science,1.12,0.12,0.0,0.12400000000000001,5,396,422,11,0.2992257912289334,29.92,0.2992,0.194,19.41,5
Candidate_028,Continuing Care Assistant,31-1131.00,Nursing Assistants,Active Listening,3.62,3.0,0.0,0.6619999999999999,1,819,1172,9,0.4396201180333152,43.96,0.4396,0.573,57.3,1
Candidate_028,Continuing Care Assistant,31-1131.00,Nursing Assistants,Monitoring,3.25,3.0,0.0,0.625,2,819,1172,9,0.4396201180333152,43.96,0.4396,0.551,55.08,2
Candidate_028,Continuing Care Assistant,31-1131.00,Nursing Assistants,Speaking,3.12,3.0,0.0,0.612,3,819,1172,9,0.4396201180333152,43.96,0.4396,0.543,54.3,3
Candidate_028,Continuing Care Assistant,31-1131.00,Nursing Assistants,Mathematics,2.12,1.88,0.0,0.4,4,819,1172,9,0.4396201180333152,43.96,0.4396,0.416,41.58,4
Candidate_028,Continuing Care Assistant,31-1131.00,Nursing Assistants,Science,1.75,0.88,0.0,0.263,5,819,1172,9,0.4396201180333152,43.96,0.4396,0.334,33.36,5
Candidate_028,Delivery Driver,53-3033.00,Light Truck Drivers,Active Listening,3.12,2.88,0.0,0.6,1,557,622,12,0.3705312074675783,37.05,0.3705,0.508,50.82,1
Candidate_028,Delivery Driver,53-3033.00,Light Truck Drivers,Speaking,3.12,2.88,0.0,0.6,1,557,622,12,0.3705312074675783,37.05,0.3705,0.508,50.82,1
Candidate_028,Delivery Driver,53-3033.00,Light Truck Drivers,Monitoring,3.12,2.75,0.0,0.587,2,557,622,12,0.3705312074675783,37.05,0.3705,0.5,50.04,2
Candidate_028,Delivery Driver,53-3033.00,Light Truck Drivers,Mathematics,2.25,2.12,0.0,0.43700000000000006,3,557,622,12,0.3705312074675783,37.05,0.3705,0.41,41.04,3
Candidate_028,Delivery Driver,53-3033.00,Light Truck Drivers,Science,1.12,0.12,0.0,0.12400000000000001,4,557,622,12,0.3705312074675783,37.05,0.3705,0.223,22.26,4
Candidate_028,"Driver, Truck",53-3032.00,Heavy and Tractor-Trailer Truck Drivers,Monitoring,3.12,3.0,0.0,0.612,1,1423,3705,12,0.8880268984746598,88.8,0.888,0.722,72.24,1
Candidate_028,"Driver, Truck",53-3032.00,Heavy and Tractor-Trailer Truck Drivers,Active Listening,2.88,3.0,0.0,0.588,2,1423,3705,12,0.8880268984746598,88.8,0.888,0.708,70.8,2
Candidate_028,"Driver, Truck",53-3032.00,Heavy and Tractor-Trailer Truck Drivers,Speaking,3.0,2.88,0.0,0.588,2,1423,3705,12,0.8880268984746598,88.8,0.888,0.708,70.8,2
Candidate_028,"Driver, Truck",53-3032.00,Heavy and Tractor-Trailer Truck Drivers,Mathematics,2.0,1.88,0.0,0.388,3,1423,3705,12,0.8880268984746598,88.8,0.888,0.588,58.8,3
Candidate_028,"Driver, Truck",53-3032.00,Heavy and Tractor-Trailer Truck Drivers,Science,1.0,0.0,0.0,0.1,4,1423,3705,12,0.8880268984746598,88.8,0.888,0.415,41.52,4
Candidate_028,Food Service Supervisor,35-1012.00,First-Line Supervisors of Food Preparation and Serving Workers,Monitoring,3.88,4.0,0.0,0.788,1,1061,2524,12,0.6833380235893983,68.33,0.6833,0.746,74.61,1
Candidate_028,Food Service Supervisor,35-1012.00,First-Line Supervisors of Food Preparation and Serving Workers,Speaking,3.88,4.0,0.0,0.788,1,1061,2524,12,0.6833380235893983,68.33,0.6833,0.746,74.61,1
Candidate_028,Food Service Supervisor,35-1012.00,First-Line Supervisors of Food Preparation and Serving Workers,Active Listening,3.75,3.0,0.0,0.675,2,1061,2524,12,0.6833380235893983,68.33,0.6833,0.678,67.83,2
Candidate_028,Food Service Supervisor,35-1012.00,First-Line Supervisors of Food Preparation and Serving Workers,Mathematics,3.0,3.0,0.0,0.6,3,1061,2524,12,0.6833380235893983,68.33,0.6833,0.633,63.33,3
Candidate_028,Food Service Supervisor,35-1012.00,First-Line Supervisors of Food Preparation and Serving Workers,Science,1.0,0.0,0.0,0.1,4,1061,2524,12,0.6833380235893983,68.33,0.6833,0.333,33.33,4
Candidate_028,Information Technology (IT) Analyst,15-1211.00,Computer Systems Analysts,Active Listening,4.0,4.12,0.0,0.812,1,347,357,10,0.266375870790639,26.64,0.2664,0.594,59.38,1
Candidate_028,Information Technology (IT) Analyst,15-1211.00,Computer Systems Analysts,Speaking,4.0,4.0,0.0,0.8,2,347,357,10,0.266375870790639,26.64,0.2664,0.587,58.66,2
Candidate_028,Information Technology (IT) Analyst,15-1211.00,Computer Systems Analysts,Monitoring,3.62,4.0,0.0,0.762,3,347,357,10,0.266375870790639,26.64,0.2664,0.564,56.38,3
Candidate_028,Information Technology (IT) Analyst,15-1211.00,Computer Systems Analysts,Mathematics,3.0,3.38,0.0,0.6379999999999999,4,347,357,10,0.266375870790639,26.64,0.2664,0.489,48.94,4
Candidate_028,Information Technology (IT) Analyst,15-1211.00,Computer Systems Analysts,Science,2.75,3.12,0.0,0.587,5,347,357,10,0.266375870790639,26.64,0.2664,0.459,45.88,5
Candidate_028,Inside Sales Representative,41-2031.00,Retail Salespersons,Active Listening,3.75,3.75,0.0,0.75,1,1876,2449,13,0.8643994601889338,86.44,0.8644,0.796,79.58,1
Candidate_028,Inside Sales Representative,41-2031.00,Retail Salespersons,Speaking,3.75,3.12,0.0,0.687,2,1876,2449,13,0.8643994601889338,86.44,0.8644,0.758,75.8,2
Candidate_028,Inside Sales Representative,41-2031.00,Retail Salespersons,Monitoring,3.0,3.12,0.0,0.612,3,1876,2449,13,0.8643994601889338,86.44,0.8644,0.713,71.3,3
Candidate_028,Inside Sales Representative,41-2031.00,Retail Salespersons,Mathematics,2.62,2.0,0.0,0.462,4,1876,2449,13,0.8643994601889338,86.44,0.8644,0.623,62.3,4
Candidate_028,Inside Sales Representative,41-2031.00,Retail Salespersons,Science,1.0,0.0,0.0,0.1,5,1876,2449,13,0.8643994601889338,86.44,0.8644,0.406,40.58,5
Candidate_028,Licensed Practical Nurse (L.P.N.),29-2061.00,Licensed Practical and Licensed Vocational Nurses,Active Listening,3.88,4.0,0.0,0.788,1,437,527,10,0.3039192124973743,30.39,0.3039,0.594,59.44,1
Candidate_028,Licensed Practical Nurse (L.P.N.),29-2061.00,Licensed Practical and Licensed Vocational Nurses,Monitoring,3.88,4.0,0.0,0.788,1,437,527,10,0.3039192124973743,30.39,0.3039,0.594,59.44,1
Candidate_028,Licensed Practical Nurse (L.P.N.),29-2061.00,Licensed Practical and Licensed Vocational Nurses,Speaking,3.88,4.0,0.0,0.788,1,437,527,10,0.3039192124973743,30.39,0.3039,0.594,59.44,1
Candidate_028,Licensed Practical Nurse (L.P.N.),29-2061.00,Licensed Practical and Licensed Vocational Nurses,Mathematics,2.88,2.88,0.0,0.576,2,437,527,10,0.3039192124973743,30.39,0.3039,0.467,46.72,2
Candidate_028,Licensed Practical Nurse (L.P.N.),29-2061.00,Licensed Practical and Licensed Vocational Nurses,Science,2.62,2.62,0.0,0.524,3,437,527,10,0.3039192124973743,30.39,0.3039,0.436,43.6,3
Candidate_028,Office Administrator,43-1011.00,First-Line Supervisors of Office and Administrative Support Workers,Active Listening,4.0,4.0,0.0,0.8,1,676,1709,13,0.5286438829565303,52.86,0.5286,0.691,69.14,1
Candidate_028,Office Administrator,43-1011.00,First-Line Supervisors of Office and Administrative Support Workers,Monitoring,4.0,4.0,0.0,0.8,1,676,1709,13,0.5286438829565303,52.86,0.5286,0.691,69.14,1
Candidate_028,Office Administrator,43-1011.00,First-Line Supervisors of Office and Administrative Support Workers,Speaking,4.0,4.0,0.0,0.8,1,676,1709,13,0.5286438829565303,52.86,0.5286,0.691,69.14,1
Candidate_028,Office Administrator,43-1011.00,First-Line Supervisors of Office and Administrative Support Workers,Mathematics,2.75,2.75,0.0,0.55,2,676,1709,13,0.5286438829565303,52.86,0.5286,0.541,54.14,2
Candidate_028,Office Administrator,43-1011.00,First-Line Supervisors of Office and Administrative Support Workers,Science,1.38,0.38,0.0,0.176,3,676,1709,13,0.5286438829565303,52.86,0.5286,0.317,31.7,3
Candidate_028,Office Manager,43-1011.00,First-Line Supervisors of Office and Administrative Support Workers,Monitoring,4.0,4.0,0.0,0.8,1,676,1709,13,0.5286438829565303,52.86,0.5286,0.691,69.14,1
Candidate_028,Office Manager,43-1011.00,First-Line Supervisors of Office and Administrative Support Workers,Speaking,4.0,4.0,0.0,0.8,1,676,1709,13,0.5286438829565303,52.86,0.5286,0.691,69.14,1
Candidate_028,Office Manager,43-1011.00,First-Line Supervisors of Office and Administrative Support Workers,Active Listening,4.0,3.88,0.0,0.788,2,676,1709,13,0.5286438829565303,52.86,0.5286,0.684,68.42,2
Candidate_028,Office Manager,43-1011.00,First-Line Supervisors of Office and Administrative Support Workers,Mathematics,2.75,2.75,0.0,0.55,3,676,1709,13,0.5286438829565303,52.86,0.5286,0.541,54.14,3
Candidate_028,Office Manager,43-1011.00,First-Line Supervisors of Office and Administrative Support Workers,Science,1.0,0.0,0.0,0.1,4,676,1709,13,0.5286438829565303,52.86,0.5286,0.271,27.14,4
Candidate_028,Restaurant Manager,11-9051.00,Food Service Managers,Speaking,3.88,4.0,0.0,0.788,1,1139,1473,12,0.5865008675534992,58.65,0.5865,0.707,70.74,1
Candidate_028,Restaurant Manager,11-9051.00,Food Service Managers,Monitoring,3.88,3.88,0.0,0.776,2,1139,1473,12,0.5865008675534992,58.65,0.5865,0.7,70.02,2
Candidate_028,Restaurant Manager,11-9051.00,Food Service Managers,Active Listening,3.88,3.5,0.0,0.738,3,1139,1473,12,0.5865008675534992,58.65,0.5865,0.677,67.74,3
Candidate_028,Restaurant Manager,11-9051.00,Food Service Managers,Mathematics,2.88,2.88,0.0,0.576,4,1139,1473,12,0.5865008675534992,58.65,0.5865,0.58,58.02,4
Candidate_028,Restaurant Manager,11-9051.00,Food Service Managers,Science,1.62,0.62,0.0,0.224,5,1139,1473,12,0.5865008675534992,58.65,0.5865,0.369,36.9,5
Candidate_028,Retail Sales Associate,41-2031.00,Retail Salespersons,Active Listening,3.75,3.75,0.0,0.75,1,1876,2449,13,0.8643994601889338,86.44,0.8644,0.796,79.58,1
Candidate_028,Retail Sales Associate,41-2031.00,Retail Salespersons,Speaking,3.75,3.12,0.0,0.687,2,1876,2449,13,0.8643994601889338,86.44,0.8644,0.758,75.8,2
Candidate_028,Retail Sales Associate,41-2031.00,Retail Salespersons,Monitoring,3.0,3.12,0.0,0.612,3,1876,2449,13,0.8643994601889338,86.44,0.8644,0.713,71.3,3
Candidate_028,Retail Sales Associate,41-2031.00,Retail Salespersons,Mathematics,2.62,2.0,0.0,0.462,4,1876,2449,13,0.8643994601889338,86.44,0.8644,0.623,62.3,4
Candidate_028,Retail Sales Associate,41-2031.00,Retail Salespersons,Science,1.0,0.0,0.0,0.1,5,1876,2449,13,0.8643994601889338,86.44,0.8644,0.406,40.58,5
Candidate_028,Secondary School Teacher,25-2031.00,"Secondary School Teachers, Except Special and Career/Technical Education",Speaking,4.0,4.12,0.0,0.812,1,681,740,9,0.3635561348837076,36.36,0.3636,0.633,63.26,1
Candidate_028,Secondary School Teacher,25-2031.00,"Secondary School Teachers, Except Special and Career/Technical Education",Active Listening,4.0,4.0,0.0,0.8,2,681,740,9,0.3635561348837076,36.36,0.3636,0.625,62.54,2
Candidate_028,Secondary School Teacher,25-2031.00,"Secondary School Teachers, Except Special and Career/Technical Education",Monitoring,3.88,4.0,0.0,0.788,3,681,740,9,0.3635561348837076,36.36,0.3636,0.618,61.82,3
Candidate_028,Secondary School Teacher,25-2031.00,"Secondary School Teachers, Except Special and Career/Technical Education",Mathematics,2.75,3.0,0.0,0.575,4,681,740,9,0.3635561348837076,36.36,0.3636,0.49,49.04,4
Candidate_028,Secondary School Teacher,25-2031.00,"Secondary School Teachers, Except Special and Career/Technical Education",Science,2.0,1.88,0.0,0.388,5,681,740,9,0.3635561348837076,36.36,0.3636,0.378,37.82,5
Candidate_028,Software Developer,15-1252.00,Software Developers,Active Listening,3.38,3.88,0.0,0.726,1,323,344,8,0.2290858604605659,22.91,0.2291,0.527,52.72,1
Candidate_028,Software Developer,15-1252.00,Software Developers,Speaking,3.12,3.62,0.0,0.6739999999999999,2,323,344,8,0.2290858604605659,22.91,0.2291,0.496,49.6,2
Candidate_028,Software Developer,15-1252.00,Software Developers,Monitoring,3.0,3.5,0.0,0.6499999999999999,3,323,344,8,0.2290858604605659,22.91,0.2291,0.482,48.16,3
Candidate_028,Software Developer,15-1252.00,Software Developers,Mathematics,2.75,3.25,0.0,0.6000000000000001,4,323,344,8,0.2290858604605659,22.91,0.2291,0.452,45.16,4
Candidate_028,Software Developer,15-1252.00,Software Developers,Science,2.12,1.88,0.0,0.4,5,323,344,8,0.2290858604605659,22.91,0.2291,0.332,33.16,5
Candidate_030,Administrative Assistant,43-6014.00,"Secretaries and Administrative Assistants, Except Legal, Medical, and Executive",Active Listening,4.0,3.75,0.0,0.775,1,812,890,11,0.4384514673595585,43.85,0.4385,0.64,64.04,1
Candidate_030,Administrative Assistant,43-6014.00,"Secretaries and Administrative Assistants, Except Legal, Medical, and Executive",Speaking,4.0,3.62,0.0,0.762,2,812,890,11,0.4384514673595585,43.85,0.4385,0.633,63.26,2
Candidate_030,Administrative Assistant,43-6014.00,"Secretaries and Administrative Assistants, Except Legal, Medical, and Executive",Monitoring,3.12,3.25,0.0,0.637,3,812,890,11,0.4384514673595585,43.85,0.4385,0.558,55.76,3
Candidate_030,Administrative Assistant,43-6014.00,"Secretaries and Administrative Assistants, Except Legal, Medical, and Executive",Mathematics,2.0,1.62,0.0,0.362,4,812,890,11,0.4384514673595585,43.85,0.4385,0.393,39.26,4
Candidate_030,Administrative Assistant,43-6014.00,"Secretaries and Administrative Assistants, Except Legal, Medical, and Executive",Science,1.0,0.0,0.0,0.1,5,812,890,11,0.4384514673595585,43.85,0.4385,0.235,23.54,5
Candidate_030,Bookkeeper,43-3031.00,"Bookkeeping, Accounting, and Auditing Clerks",Active Listening,3.25,3.75,0.0,0.7,1,396,422,11,0.2992257912289334,29.92,0.2992,0.54,53.97,1
Candidate_030,Bookkeeper,43-3031.00,"Bookkeeping, Accounting, and Auditing Clerks",Mathematics,3.38,3.38,0.0,0.6759999999999999,2,396,422,11,0.2992257912289334,29.92,0.2992,0.525,52.53,2
Candidate_030,Bookkeeper,43-3031.00,"Bookkeeping, Accounting, and Auditing Clerks",Speaking,3.12,3.12,0.0,0.624,3,396,422,11,0.2992257912289334,29.92,0.2992,0.494,49.41,3
Candidate_030,Bookkeeper,43-3031.00,"Bookkeeping, Accounting, and Auditing Clerks",Monitoring,3.0,2.88,0.0,0.588,4,396,422,11,0.2992257912289334,29.92,0.2992,0.472,47.25,4
Candidate_030,Bookkeeper,43-3031.00,"Bookkeeping, Accounting, and Auditing Clerks",Science,1.12,0.12,0.0,0.12400000000000001,5,396,422,11,0.2992257912289334,29.92,0.2992,0.194,19.41,5
Candidate_030,Continuing Care Assistant,31-1131.00,Nursing Assistants,Active Listening,3.62,3.0,0.0,0.6619999999999999,1,819,1172,9,0.4396201180333152,43.96,0.4396,0.573,57.3,1
Candidate_030,Continuing Care Assistant,31-1131.00,Nursing Assistants,Monitoring,3.25,3.0,0.0,0.625,2,819,1172,9,0.4396201180333152,43.96,0.4396,0.551,55.08,2
Candidate_030,Continuing Care Assistant,31-1131.00,Nursing Assistants,Speaking,3.12,3.0,0.0,0.612,3,819,1172,9,0.4396201180333152,43.96,0.4396,0.543,54.3,3
Candidate_030,Continuing Care Assistant,31-1131.00,Nursing Assistants,Mathematics,2.12,1.88,0.0,0.4,4,819,1172,9,0.4396201180333152,43.96,0.4396,0.416,41.58,4
Candidate_030,Continuing Care Assistant,31-1131.00,Nursing Assistants,Science,1.75,0.88,0.0,0.263,5,819,1172,9,0.4396201180333152,43.96,0.4396,0.334,33.36,5
Candidate_030,Delivery Driver,53-3033.00,Light Truck Drivers,Active Listening,3.12,2.88,0.0,0.6,1,557,622,12,0.3705312074675783,37.05,0.3705,0.508,50.82,1
Candidate_030,Delivery Driver,53-3033.00,Light Truck Drivers,Speaking,3.12,2.88,0.0,0.6,1,557,622,12,0.3705312074675783,37.05,0.3705,0.508,50.82,1
Candidate_030,Delivery Driver,53-3033.00,Light Truck Drivers,Monitoring,3.12,2.75,0.0,0.587,2,557,622,12,0.3705312074675783,37.05,0.3705,0.5,50.04,2
Candidate_030,Delivery Driver,53-3033.00,Light Truck Drivers,Mathematics,2.25,2.12,0.0,0.43700000000000006,3,557,622,12,0.3705312074675783,37.05,0.3705,0.41,41.04,3
Candidate_030,Delivery Driver,53-3033.00,Light Truck Drivers,Science,1.12,0.12,0.0,0.12400000000000001,4,557,622,12,0.3705312074675783,37.05,0.3705,0.223,22.26,4
Candidate_030,"Driver, Truck",53-3032.00,Heavy and Tractor-Trailer Truck Drivers,Monitoring,3.12,3.0,0.0,0.612,1,1423,3705,12,0.8880268984746598,88.8,0.888,0.722,72.24,1
Candidate_030,"Driver, Truck",53-3032.00,Heavy and Tractor-Trailer Truck Drivers,Active Listening,2.88,3.0,0.0,0.588,2,1423,3705,12,0.8880268984746598,88.8,0.888,0.708,70.8,2
Candidate_030,"Driver, Truck",53-3032.00,Heavy and Tractor-Trailer Truck Drivers,Speaking,3.0,2.88,0.0,0.588,2,1423,3705,12,0.8880268984746598,88.8,0.888,0.708,70.8,2
Candidate_030,"Driver, Truck",53-3032.00,Heavy and Tractor-Trailer Truck Drivers,Mathematics,2.0,1.88,0.0,0.388,3,1423,3705,12,0.8880268984746598,88.8,0.888,0.588,58.8,3
Candidate_030,"Driver, Truck",53-3032.00,Heavy and Tractor-Trailer Truck Drivers,Science,1.0,0.0,0.0,0.1,4,1423,3705,12,0.8880268984746598,88.8,0.888,0.415,41.52,4
Candidate_030,Food Service Supervisor,35-1012.00,First-Line Supervisors of Food Preparation and Serving Workers,Monitoring,3.88,4.0,0.0,0.788,1,1061,2524,12,0.6833380235893983,68.33,0.6833,0.746,74.61,1
Candidate_030,Food Service Supervisor,35-1012.00,First-Line Supervisors of Food Preparation and Serving Workers,Speaking,3.88,4.0,0.0,0.788,1,1061,2524,12,0.6833380235893983,68.33,0.6833,0.746,74.61,1
Candidate_030,Food Service Supervisor,35-1012.00,First-Line Supervisors of Food Preparation and Serving Workers,Active Listening,3.75,3.0,0.0,0.675,2,1061,2524,12,0.6833380235893983,68.33,0.6833,0.678,67.83,2
Candidate_030,Food Service Supervisor,35-1012.00,First-Line Supervisors of Food Preparation and Serving Workers,Mathematics,3.0,3.0,0.0,0.6,3,1061,2524,12,0.6833380235893983,68.33,0.6833,0.633,63.33,3
Candidate_030,Food Service Supervisor,35-1012.00,First-Line Supervisors of Food Preparation and Serving Workers,Science,1.0,0.0,0.0,0.1,4,1061,2524,12,0.6833380235893983,68.33,0.6833,0.333,33.33,4
Candidate_030,Information Technology (IT) Analyst,15-1211.00,Computer Systems Analysts,Active Listening,4.0,4.12,0.0,0.812,1,347,357,10,0.266375870790639,26.64,0.2664,0.594,59.38,1
Candidate_030,Information Technology (IT) Analyst,15-1211.00,Computer Systems Analysts,Speaking,4.0,4.0,0.0,0.8,2,347,357,10,0.266375870790639,26.64,0.2664,0.587,58.66,2
Candidate_030,Information Technology (IT) Analyst,15-1211.00,Computer Systems Analysts,Monitoring,3.62,4.0,0.0,0.762,3,347,357,10,0.266375870790639,26.64,0.2664,0.564,56.38,3
Candidate_030,Information Technology (IT) Analyst,15-1211.00,Computer Systems Analysts,Mathematics,3.0,3.38,0.0,0.6379999999999999,4,347,357,10,0.266375870790639,26.64,0.2664,0.489,48.94,4
Candidate_030,Information Technology (IT) Analyst,15-1211.00,Computer Systems Analysts,Science,2.75,3.12,0.0,0.587,5,347,357,10,0.266375870790639,26.64,0.2664,0.459,45.88,5
Candidate_030,Inside Sales Representative,41-2031.00,Retail Salespersons,Active Listening,3.75,3.75,0.0,0.75,1,1876,2449,13,0.8643994601889338,86.44,0.8644,0.796,79.58,1
Candidate_030,Inside Sales Representative,41-2031.00,Retail Salespersons,Speaking,3.75,3.12,0.0,0.687,2,1876,2449,13,0.8643994601889338,86.44,0.8644,0.758,75.8,2
Candidate_030,Inside Sales Representative,41-2031.00,Retail Salespersons,Monitoring,3.0,3.12,0.0,0.612,3,1876,2449,13,0.8643994601889338,86.44,0.8644,0.713,71.3,3
Candidate_030,Inside Sales Representative,41-2031.00,Retail Salespersons,Mathematics,2.62,2.0,0.0,0.462,4,1876,2449,13,0.8643994601889338,86.44,0.8644,0.623,62.3,4
Candidate_030,Inside Sales Representative,41-2031.00,Retail Salespersons,Science,1.0,0.0,0.0,0.1,5,1876,2449,13,0.8643994601889338,86.44,0.8644,0.406,40.58,5
Candidate_030,Licensed Practical Nurse (L.P.N.),29-2061.00,Licensed Practical and Licensed Vocational Nurses,Active Listening,3.88,4.0,0.0,0.788,1,437,527,10,0.3039192124973743,30.39,0.3039,0.594,59.44,1
Candidate_030,Licensed Practical Nurse (L.P.N.),29-2061.00,Licensed Practical and Licensed Vocational Nurses,Monitoring,3.88,4.0,0.0,0.788,1,437,527,10,0.3039192124973743,30.39,0.3039,0.594,59.44,1
Candidate_030,Licensed Practical Nurse (L.P.N.),29-2061.00,Licensed Practical and Licensed Vocational Nurses,Speaking,3.88,4.0,0.0,0.788,1,437,527,10,0.3039192124973743,30.39,0.3039,0.594,59.44,1
Candidate_030,Licensed Practical Nurse (L.P.N.),29-2061.00,Licensed Practical and Licensed Vocational Nurses,Mathematics,2.88,2.88,0.0,0.576,2,437,527,10,0.3039192124973743,30.39,0.3039,0.467,46.72,2
Candidate_030,Licensed Practical Nurse (L.P.N.),29-2061.00,Licensed Practical and Licensed Vocational Nurses,Science,2.62,2.62,0.0,0.524,3,437,527,10,0.3039192124973743,30.39,0.3039,0.436,43.6,3
Candidate_030,Office Administrator,43-1011.00,First-Line Supervisors of Office and Administrative Support Workers,Active Listening,4.0,4.0,0.0,0.8,1,676,1709,13,0.5286438829565303,52.86,0.5286,0.691,69.14,1
Candidate_030,Office Administrator,43-1011.00,First-Line Supervisors of Office and Administrative Support Workers,Monitoring,4.0,4.0,0.0,0.8,1,676,1709,13,0.5286438829565303,52.86,0.5286,0.691,69.14,1
Candidate_030,Office Administrator,43-1011.00,First-Line Supervisors of Office and Administrative Support Workers,Speaking,4.0,4.0,0.0,0.8,1,676,1709,13,0.5286438829565303,52.86,0.5286,0.691,69.14,1
Candidate_030,Office Administrator,43-1011.00,First-Line Supervisors of Office and Administrative Support Workers,Mathematics,2.75,2.75,0.0,0.55,2,676,1709,13,0.5286438829565303,52.86,0.5286,0.541,54.14,2
Candidate_030,Office Administrator,43-1011.00,First-Line Supervisors of Office and Administrative Support Workers,Science,1.38,0.38,0.0,0.176,3,676,1709,13,0.5286438829565303,52.86,0.5286,0.317,31.7,3
Candidate_030,Office Manager,43-1011.00,First-Line Supervisors of Office and Administrative Support Workers,Monitoring,4.0,4.0,0.0,0.8,1,676,1709,13,0.5286438829565303,52.86,0.5286,0.691,69.14,1
Candidate_030,Office Manager,43-1011.00,First-Line Supervisors of Office and Administrative Support Workers,Speaking,4.0,4.0,0.0,0.8,1,676,1709,13,0.5286438829565303,52.86,0.5286,0.691,69.14,1
Candidate_030,Office Manager,43-1011.00,First-Line Supervisors of Office and Administrative Support Workers,Active Listening,4.0,3.88,0.0,0.788,2,676,1709,13,0.5286438829565303,52.86,0.5286,0.684,68.42,2
Candidate_030,Office Manager,43-1011.00,First-Line Supervisors of Office and Administrative Support Workers,Mathematics,2.75,2.75,0.0,0.55,3,676,1709,13,0.5286438829565303,52.86,0.5286,0.541,54.14,3
Candidate_030,Office Manager,43-1011.00,First-Line Supervisors of Office and Administrative Support Workers,Science,1.0,0.0,0.0,0.1,4,676,1709,13,0.5286438829565303,52.86,0.5286,0.271,27.14,4
Candidate_030,Restaurant Manager,11-9051.00,Food Service Managers,Speaking,3.88,4.0,0.0,0.788,1,1139,1473,12,0.5865008675534992,58.65,0.5865,0.707,70.74,1
Candidate_030,Restaurant Manager,11-9051.00,Food Service Managers,Monitoring,3.88,3.88,0.0,0.776,2,1139,1473,12,0.5865008675534992,58.65,0.5865,0.7,70.02,2
Candidate_030,Restaurant Manager,11-9051.00,Food Service Managers,Active Listening,3.88,3.5,0.0,0.738,3,1139,1473,12,0.5865008675534992,58.65,0.5865,0.677,67.74,3
Candidate_030,Restaurant Manager,11-9051.00,Food Service Managers,Mathematics,2.88,2.88,0.0,0.576,4,1139,1473,12,0.5865008675534992,58.65,0.5865,0.58,58.02,4
Candidate_030,Restaurant Manager,11-9051.00,Food Service Managers,Science,1.62,0.62,0.0,0.224,5,1139,1473,12,0.5865008675534992,58.65,0.5865,0.369,36.9,5
Candidate_030,Retail Sales Associate,41-2031.00,Retail Salespersons,Active Listening,3.75,3.75,0.0,0.75,1,1876,2449,13,0.8643994601889338,86.44,0.8644,0.796,79.58,1
Candidate_030,Retail Sales Associate,41-2031.00,Retail Salespersons,Speaking,3.75,3.12,0.0,0.687,2,1876,2449,13,0.8643994601889338,86.44,0.8644,0.758,75.8,2
Candidate_030,Retail Sales Associate,41-2031.00,Retail Salespersons,Monitoring,3.0,3.12,0.0,0.612,3,1876,2449,13,0.8643994601889338,86.44,0.8644,0.713,71.3,3
Candidate_030,Retail Sales Associate,41-2031.00,Retail Salespersons,Mathematics,2.62,2.0,0.0,0.462,4,1876,2449,13,0.8643994601889338,86.44,0.8644,0.623,62.3,4
Candidate_030,Retail Sales Associate,41-2031.00,Retail Salespersons,Science,1.0,0.0,0.0,0.1,5,1876,2449,13,0.8643994601889338,86.44,0.8644,0.406,40.58,5
Candidate_030,Secondary School Teacher,25-2031.00,"Secondary School Teachers, Except Special and Career/Technical Education",Speaking,4.0,4.12,0.0,0.812,1,681,740,9,0.3635561348837076,36.36,0.3636,0.633,63.26,1
Candidate_030,Secondary School Teacher,25-2031.00,"Secondary School Teachers, Except Special and Career/Technical Education",Active Listening,4.0,4.0,0.0,0.8,2,681,740,9,0.3635561348837076,36.36,0.3636,0.625,62.54,2
Candidate_030,Secondary School Teacher,25-2031.00,"Secondary School Teachers, Except Special and Career/Technical Education",Monitoring,3.88,4.0,0.0,0.788,3,681,740,9,0.3635561348837076,36.36,0.3636,0.618,61.82,3
Candidate_030,Secondary School Teacher,25-2031.00,"Secondary School Teachers, Except Special and Career/Technical Education",Mathematics,2.75,3.0,0.0,0.575,4,681,740,9,0.3635561348837076,36.36,0.3636,0.49,49.04,4
Candidate_030,Secondary School Teacher,25-2031.00,"Secondary School Teachers, Except Special and Career/Technical Education",Science,2.0,1.88,0.0,0.388,5,681,740,9,0.3635561348837076,36.36,0.3636,0.378,37.82,5
Candidate_030,Software Developer,15-1252.00,Software Developers,Active Listening,3.38,3.88,0.0,0.726,1,323,344,8,0.2290858604605659,22.91,0.2291,0.527,52.72,1
Candidate_030,Software Developer,15-1252.00,Software Developers,Speaking,3.12,3.62,0.0,0.6739999999999999,2,323,344,8,0.2290858604605659,22.91,0.2291,0.496,49.6,2
Candidate_030,Software Developer,15-1252.00,Software Developers,Monitoring,3.0,3.5,0.0,0.6499999999999999,3,323,344,8,0.2290858604605659,22.91,0.2291,0.482,48.16,3
Candidate_030,Software Developer,15-1252.00,Software Developers,Mathematics,2.75,3.25,0.0,0.6000000000000001,4,323,344,8,0.2290858604605659,22.91,0.2291,0.452,45.16,4
Candidate_030,Software Developer,15-1252.00,Software Developers,Science,2.12,1.88,0.0,0.4,5,323,344,8,0.2290858604605659,22.91,0.2291,0.332,33.16,5
Candidate_031,Administrative Assistant,43-6014.00,"Secretaries and Administrative Assistants, Except Legal, Medical, and Executive",Monitoring,3.12,3.25,0.0,0.637,1,812,890,11,0.4384514673595585,43.85,0.4385,0.558,55.76,1
Candidate_031,Administrative Assistant,43-6014.00,"Secretaries and Administrative Assistants, Except Legal, Medical, and Executive",Science,1.0,0.0,0.0,0.1,2,812,890,11,0.4384514673595585,43.85,0.4385,0.235,23.54,2
Candidate_031,Bookkeeper,43-3031.00,"Bookkeeping, Accounting, and Auditing Clerks",Monitoring,3.0,2.88,0.0,0.588,1,396,422,11,0.2992257912289334,29.92,0.2992,0.472,47.25,1
Candidate_031,Bookkeeper,43-3031.00,"Bookkeeping, Accounting, and Auditing Clerks",Science,1.12,0.12,0.0,0.12400000000000001,2,396,422,11,0.2992257912289334,29.92,0.2992,0.194,19.41,2
Candidate_031,Continuing Care Assistant,31-1131.00,Nursing Assistants,Monitoring,3.25,3.0,0.0,0.625,1,819,1172,9,0.4396201180333152,43.96,0.4396,0.551,55.08,1
Candidate_031,Continuing Care Assistant,31-1131.00,Nursing Assistants,Science,1.75,0.88,0.0,0.263,2,819,1172,9,0.4396201180333152,43.96,0.4396,0.334,33.36,2
Candidate_031,Delivery Driver,53-3033.00,Light Truck Drivers,Monitoring,3.12,2.75,0.0,0.587,1,557,622,12,0.3705312074675783,37.05,0.3705,0.5,50.04,1
Candidate_031,Delivery Driver,53-3033.00,Light Truck Drivers,Science,1.12,0.12,0.0,0.12400000000000001,2,557,622,12,0.3705312074675783,37.05,0.3705,0.223,22.26,2
Candidate_031,"Driver, Truck",53-3032.00,Heavy and Tractor-Trailer Truck Drivers,Monitoring,3.12,3.0,0.0,0.612,1,1423,3705,12,0.8880268984746598,88.8,0.888,0.722,72.24,1
Candidate_031,"Driver, Truck",53-3032.00,Heavy and Tractor-Trailer Truck Drivers,Science,1.0,0.0,0.0,0.1,2,1423,3705,12,0.8880268984746598,88.8,0.888,0.415,41.52,2
Candidate_031,Food Service Supervisor,35-1012.00,First-Line Supervisors of Food Preparation and Serving Workers,Monitoring,3.88,4.0,0.0,0.788,1,1061,2524,12,0.6833380235893983,68.33,0.6833,0.746,74.61,1
Candidate_031,Food Service Supervisor,35-1012.00,First-Line Supervisors of Food Preparation and Serving Workers,Science,1.0,0.0,0.0,0.1,2,1061,2524,12,0.6833380235893983,68.33,0.6833,0.333,33.33,2
Candidate_031,Information Technology (IT) Analyst,15-1211.00,Computer Systems Analysts,Monitoring,3.62,4.0,0.0,0.762,1,347,357,10,0.266375870790639,26.64,0.2664,0.564,56.38,1
Candidate_031,Information Technology (IT) Analyst,15-1211.00,Computer Systems Analysts,Science,2.75,3.12,0.0,0.587,2,347,357,10,0.266375870790639,26.64,0.2664,0.459,45.88,2
Candidate_031,Inside Sales Representative,41-2031.00,Retail Salespersons,Monitoring,3.0,3.12,0.0,0.612,1,1876,2449,13,0.8643994601889338,86.44,0.8644,0.713,71.3,1
Candidate_031,Inside Sales Representative,41-2031.00,Retail Salespersons,Science,1.0,0.0,0.0,0.1,2,1876,2449,13,0.8643994601889338,86.44,0.8644,0.406,40.58,2
Candidate_031,Licensed Practical Nurse (L.P.N.),29-2061.00,Licensed Practical and Licensed Vocational Nurses,Monitoring,3.88,4.0,0.0,0.788,1,437,527,10,0.3039192124973743,30.39,0.3039,0.594,59.44,1
Candidate_031,Licensed Practical Nurse (L.P.N.),29-2061.00,Licensed Practical and Licensed Vocational Nurses,Science,2.62,2.62,0.0,0.524,2,437,527,10,0.3039192124973743,30.39,0.3039,0.436,43.6,2
Candidate_031,Office Administrator,43-1011.00,First-Line Supervisors of Office and Administrative Support Workers,Monitoring,4.0,4.0,0.0,0.8,1,676,1709,13,0.5286438829565303,52.86,0.5286,0.691,69.14,1
Candidate_031,Office Administrator,43-1011.00,First-Line Supervisors of Office and Administrative Support Workers,Science,1.38,0.38,0.0,0.176,2,676,1709,13,0.5286438829565303,52.86,0.5286,0.317,31.7,2
Candidate_031,Office Manager,43-1011.00,First-Line Supervisors of Office and Administrative Support Workers,Monitoring,4.0,4.0,0.0,0.8,1,676,1709,13,0.5286438829565303,52.86,0.5286,0.691,69.14,1
Candidate_031,Office Manager,43-1011.00,First-Line Supervisors of Office and Administrative Support Workers,Science,1.0,0.0,0.0,0.1,2,676,1709,13,0.5286438829565303,52.86,0.5286,0.271,27.14,2
Candidate_031,Restaurant Manager,11-9051.00,Food Service Managers,Monitoring,3.88,3.88,0.0,0.776,1,1139,1473,12,0.5865008675534992,58.65,0.5865,0.7,70.02,1
Candidate_031,Restaurant Manager,11-9051.00,Food Service Managers,Science,1.62,0.62,0.0,0.224,2,1139,1473,12,0.5865008675534992,58.65,0.5865,0.369,36.9,2
Candidate_031,Retail Sales Associate,41-2031.00,Retail Salespersons,Monitoring,3.0,3.12,0.0,0.612,1,1876,2449,13,0.8643994601889338,86.44,0.8644,0.713,71.3,1
Candidate_031,Retail Sales Associate,41-2031.00,Retail Salespersons,Science,1.0,0.0,0.0,0.1,2,1876,2449,13,0.8643994601889338,86.44,0.8644,0.406,40.58,2
Candidate_031,Secondary School Teacher,25-2031.00,"Secondary School Teachers, Except Special and Career/Technical Education",Monitoring,3.88,4.0,0.0,0.788,1,681,740,9,0.3635561348837076,36.36,0.3636,0.618,61.82,1
Candidate_031,Secondary School Teacher,25-2031.00,"Secondary School Teachers, Except Special and Career/Technical Education",Science,2.0,1.88,0.0,0.388,2,681,740,9,0.3635561348837076,36.36,0.3636,0.378,37.82,2
Candidate_031,Software Developer,15-1252.00,Software Developers,Monitoring,3.0,3.5,0.0,0.6499999999999999,1,323,344,8,0.2290858604605659,22.91,0.2291,0.482,48.16,1
Candidate_031,Software Developer,15-1252.00,Software Developers,Science,2.12,1.88,0.0,0.4,2,323,344,8,0.2290858604605659,22.91,0.2291,0.332,33.16,2
Candidate_033,Administrative Assistant,43-6014.00,"Secretaries and Administrative Assistants, Except Legal, Medical, and Executive",Mathematics,2.0,1.62,0.0,0.362,1,812,890,11,0.4384514673595585,43.85,0.4385,0.393,39.26,1
Candidate_033,Administrative Assistant,43-6014.00,"Secretaries and Administrative Assistants, Except Legal, Medical, and Executive",Science,1.0,0.0,0.0,0.1,2,812,890,11,0.4384514673595585,43.85,0.4385,0.235,23.54,2
Candidate_033,Bookkeeper,43-3031.00,"Bookkeeping, Accounting, and Auditing Clerks",Mathematics,3.38,3.38,0.0,0.6759999999999999,1,396,422,11,0.2992257912289334,29.92,0.2992,0.525,52.53,1
Candidate_033,Bookkeeper,43-3031.00,"Bookkeeping, Accounting, and Auditing Clerks",Science,1.12,0.12,0.0,0.12400000000000001,2,396,422,11,0.2992257912289334,29.92,0.2992,0.194,19.41,2
Candidate_033,Continuing Care Assistant,31-1131.00,Nursing Assistants,Mathematics,2.12,1.88,0.0,0.4,1,819,1172,9,0.4396201180333152,43.96,0.4396,0.416,41.58,1
Candidate_033,Continuing Care Assistant,31-1131.00,Nursing Assistants,Science,1.75,0.88,0.0,0.263,2,819,1172,9,0.4396201180333152,43.96,0.4396,0.334,33.36,2
Candidate_033,Delivery Driver,53-3033.00,Light Truck Drivers,Mathematics,2.25,2.12,0.0,0.43700000000000006,1,557,622,12,0.3705312074675783,37.05,0.3705,0.41,41.04,1
Candidate_033,Delivery Driver,53-3033.00,Light Truck Drivers,Science,1.12,0.12,0.0,0.12400000000000001,2,557,622,12,0.3705312074675783,37.05,0.3705,0.223,22.26,2
Candidate_033,"Driver, Truck",53-3032.00,Heavy and Tractor-Trailer Truck Drivers,Mathematics,2.0,1.88,0.0,0.388,1,1423,3705,12,0.8880268984746598,88.8,0.888,0.588,58.8,1
Candidate_033,"Driver, Truck",53-3032.00,Heavy and Tractor-Trailer Truck Drivers,Science,1.0,0.0,0.0,0.1,2,1423,3705,12,0.8880268984746598,88.8,0.888,0.415,41.52,2
Candidate_033,Food Service Supervisor,35-1012.00,First-Line Supervisors of Food Preparation and Serving Workers,Mathematics,3.0,3.0,0.0,0.6,1,1061,2524,12,0.6833380235893983,68.33,0.6833,0.633,63.33,1
Candidate_033,Food Service Supervisor,35-1012.00,First-Line Supervisors of Food Preparation and Serving Workers,Science,1.0,0.0,0.0,0.1,2,1061,2524,12,0.6833380235893983,68.33,0.6833,0.333,33.33,2
Candidate_033,Information Technology (IT) Analyst,15-1211.00,Computer Systems Analysts,Mathematics,3.0,3.38,0.0,0.6379999999999999,1,347,357,10,0.266375870790639,26.64,0.2664,0.489,48.94,1
Candidate_033,Information Technology (IT) Analyst,15-1211.00,Computer Systems Analysts,Science,2.75,3.12,0.0,0.587,2,347,357,10,0.266375870790639,26.64,0.2664,0.459,45.88,2
Candidate_033,Inside Sales Representative,41-2031.00,Retail Salespersons,Mathematics,2.62,2.0,0.0,0.462,1,1876,2449,13,0.8643994601889338,86.44,0.8644,0.623,62.3,1
Candidate_033,Inside Sales Representative,41-2031.00,Retail Salespersons,Science,1.0,0.0,0.0,0.1,2,1876,2449,13,0.8643994601889338,86.44,0.8644,0.406,40.58,2
Candidate_033,Licensed Practical Nurse (L.P.N.),29-2061.00,Licensed Practical and Licensed Vocational Nurses,Mathematics,2.88,2.88,0.0,0.576,1,437,527,10,0.3039192124973743,30.39,0.3039,0.467,46.72,1
Candidate_033,Licensed Practical Nurse (L.P.N.),29-2061.00,Licensed Practical and Licensed Vocational Nurses,Science,2.62,2.62,0.0,0.524,2,437,527,10,0.3039192124973743,30.39,0.3039,0.436,43.6,2
Candidate_033,Office Administrator,43-1011.00,First-Line Supervisors of Office and Administrative Support Workers,Mathematics,2.75,2.75,0.0,0.55,1,676,1709,13,0.5286438829565303,52.86,0.5286,0.541,54.14,1
Candidate_033,Office Administrator,43-1011.00,First-Line Supervisors of Office and Administrative Support Workers,Science,1.38,0.38,0.0,0.176,2,676,1709,13,0.5286438829565303,52.86,0.5286,0.317,31.7,2
Candidate_033,Office Manager,43-1011.00,First-Line Supervisors of Office and Administrative Support Workers,Mathematics,2.75,2.75,0.0,0.55,1,676,1709,13,0.5286438829565303,52.86,0.5286,0.541,54.14,1
Candidate_033,Office Manager,43-1011.00,First-Line Supervisors of Office and Administrative Support Workers,Science,1.0,0.0,0.0,0.1,2,676,1709,13,0.5286438829565303,52.86,0.5286,0.271,27.14,2
Candidate_033,Restaurant Manager,11-9051.00,Food Service Managers,Mathematics,2.88,2.88,0.0,0.576,1,1139,1473,12,0.5865008675534992,58.65,0.5865,0.58,58.02,1
Candidate_033,Restaurant Manager,11-9051.00,Food Service Managers,Science,1.62,0.62,0.0,0.224,2,1139,1473,12,0.5865008675534992,58.65,0.5865,0.369,36.9,2
Candidate_033,Retail Sales Associate,41-2031.00,Retail Salespersons,Mathematics,2.62,2.0,0.0,0.462,1,1876,2449,13,0.8643994601889338,86.44,0.8644,0.623,62.3,1
Candidate_033,Retail Sales Associate,41-2031.00,Retail Salespersons,Science,1.0,0.0,0.0,0.1,2,1876,2449,13,0.8643994601889338,86.44,0.8644,0.406,40.58,2
Candidate_033,Secondary School Teacher,25-2031.00,"Secondary School Teachers, Except Special and Career/Technical Education",Mathematics,2.75,3.0,0.0,0.575,1,681,740,9,0.3635561348837076,36.36,0.3636,0.49,49.04,1
Candidate_033,Secondary School Teacher,25-2031.00,"Secondary School Teachers, Except Special and Career/Technical Education",Science,2.0,1.88,0.0,0.388,2,681,740,9,0.3635561348837076,36.36,0.3636,0.378,37.82,2
Candidate_033,Software Developer,15-1252.00,Software Developers,Mathematics,2.75,3.25,0.0,0.6000000000000001,1,323,344,8,0.2290858604605659,22.91,0.2291,0.452,45.16,1
Candidate_033,Software Developer,15-1252.00,Software Developers,Science,2.12,1.88,0.0,0.4,2,323,344,8,0.2290858604605659,22.91,0.2291,0.332,33.16,2
Candidate_034,Administrative Assistant,43-6014.00,"Secretaries and Administrative Assistants, Except Legal, Medical, and Executive",Science,1.0,0.0,0.0,0.1,1,812,890,11,0.4384514673595585,43.85,0.4385,0.235,23.54,1
Candidate_034,Bookkeeper,43-3031.00,"Bookkeeping, Accounting, and Auditing Clerks",Science,1.12,0.12,0.0,0.12400000000000001,1,396,422,11,0.2992257912289334,29.92,0.2992,0.194,19.41,1
Candidate_034,Continuing Care Assistant,31-1131.00,Nursing Assistants,Science,1.75,0.88,0.0,0.263,1,819,1172,9,0.4396201180333152,43.96,0.4396,0.334,33.36,1
Candidate_034,Delivery Driver,53-3033.00,Light Truck Drivers,Science,1.12,0.12,0.0,0.12400000000000001,1,557,622,12,0.3705312074675783,37.05,0.3705,0.223,22.26,1
Candidate_034,"Driver, Truck",53-3032.00,Heavy and Tractor-Trailer Truck Drivers,Science,1.0,0.0,0.0,0.1,1,1423,3705,12,0.8880268984746598,88.8,0.888,0.415,41.52,1
Candidate_034,Food Service Supervisor,35-1012.00,First-Line Supervisors of Food Preparation and Serving Workers,Science,1.0,0.0,0.0,0.1,1,1061,2524,12,0.6833380235893983,68.33,0.6833,0.333,33.33,1
Candidate_034,Information Technology (IT) Analyst,15-1211.00,Computer Systems Analysts,Science,2.75,3.12,0.0,0.587,1,347,357,10,0.266375870790639,26.64,0.2664,0.459,45.88,1
Candidate_034,Inside Sales Representative,41-2031.00,Retail Salespersons,Science,1.0,0.0,0.0,0.1,1,1876,2449,13,0.8643994601889338,86.44,0.8644,0.406,40.58,1
Candidate_034,Licensed Practical Nurse (L.P.N.),29-2061.00,Licensed Practical and Licensed Vocational Nurses,Science,2.62,2.62,0.0,0.524,1,437,527,10,0.3039192124973743,30.39,0.3039,0.436,43.6,1
Candidate_034,Office Administrator,43-1011.00,First-Line Supervisors of Office and Administrative Support Workers,Science,1.38,0.38,0.0,0.176,1,676,1709,13,0.5286438829565303,52.86,0.5286,0.317,31.7,1
Candidate_034,Office Manager,43-1011.00,First-Line Supervisors of Office and Administrative Support Workers,Science,1.0,0.0,0.0,0.1,1,676,1709,13,0.5286438829565303,52.86,0.5286,0.271,27.14,1
Candidate_034,Restaurant Manager,11-9051.00,Food Service Managers,Science,1.62,0.62,0.0,0.224,1,1139,1473,12,0.5865008675534992,58.65,0.5865,0.369,36.9,1
Candidate_034,Retail Sales Associate,41-2031.00,Retail Salespersons,Science,1.0,0.0,0.0,0.1,1,1876,2449,13,0.8643994601889338,86.44,0.8644,0.406,40.58,1
Candidate_034,Secondary School Teacher,25-2031.00,"Secondary School Teachers, Except Special and Career/Technical Education",Science,2.0,1.88,0.0,0.388,1,681,740,9,0.3635561348837076,36.36,0.3636,0.378,37.82,1
Candidate_034,Software Developer,15-1252.00,Software Developers,Science,2.12,1.88,0.0,0.4,1,323,344,8,0.2290858604605659,22.91,0.2291,0.332,33.16,1
Candidate_035,Administrative Assistant,43-6014.00,"Secretaries and Administrative Assistants, Except Legal, Medical, and Executive",Monitoring,3.12,3.25,0.0,0.637,1,812,890,11,0.4384514673595585,43.85,0.4385,0.558,55.76,1
Candidate_035,Bookkeeper,43-3031.00,"Bookkeeping, Accounting, and Auditing Clerks",Monitoring,3.0,2.88,0.0,0.588,1,396,422,11,0.2992257912289334,29.92,0.2992,0.472,47.25,1
Candidate_035,Continuing Care Assistant,31-1131.00,Nursing Assistants,Monitoring,3.25,3.0,0.0,0.625,1,819,1172,9,0.4396201180333152,43.96,0.4396,0.551,55.08,1
Candidate_035,Delivery Driver,53-3033.00,Light Truck Drivers,Monitoring,3.12,2.75,0.0,0.587,1,557,622,12,0.3705312074675783,37.05,0.3705,0.5,50.04,1
Candidate_035,"Driver, Truck",53-3032.00,Heavy and Tractor-Trailer Truck Drivers,Monitoring,3.12,3.0,0.0,0.612,1,1423,3705,12,0.8880268984746598,88.8,0.888,0.722,72.24,1
Candidate_035,Food Service Supervisor,35-1012.00,First-Line Supervisors of Food Preparation and Serving Workers,Monitoring,3.88,4.0,0.0,0.788,1,1061,2524,12,0.6833380235893983,68.33,0.6833,0.746,74.61,1
Candidate_035,Information Technology (IT) Analyst,15-1211.00,Computer Systems Analysts,Monitoring,3.62,4.0,0.0,0.762,1,347,357,10,0.266375870790639,26.64,0.2664,0.564,56.38,1
Candidate_035,Inside Sales Representative,41-2031.00,Retail Salespersons,Monitoring,3.0,3.12,0.0,0.612,1,1876,2449,13,0.8643994601889338,86.44,0.8644,0.713,71.3,1
Candidate_035,Licensed Practical Nurse (L.P.N.),29-2061.00,Licensed Practical and Licensed Vocational Nurses,Monitoring,3.88,4.0,0.0,0.788,1,437,527,10,0.3039192124973743,30.39,0.3039,0.594,59.44,1
Candidate_035,Office Administrator,43-1011.00,First-Line Supervisors of Office and Administrative Support Workers,Monitoring,4.0,4.0,0.0,0.8,1,676,1709,13,0.5286438829565303,52.86,0.5286,0.691,69.14,1
Candidate_035,Office Manager,43-1011.00,First-Line Supervisors of Office and Administrative Support Workers,Monitoring,4.0,4.0,0.0,0.8,1,676,1709,13,0.5286438829565303,52.86,0.5286,0.691,69.14,1
Candidate_035,Restaurant Manager,11-9051.00,Food Service Managers,Monitoring,3.88,3.88,0.0,0.776,1,1139,1473,12,0.5865008675534992,58.65,0.5865,0.7,70.02,1
Candidate_035,Retail Sales Associate,41-2031.00,Retail Salespersons,Monitoring,3.0,3.12,0.0,0.612,1,1876,2449,13,0.8643994601889338,86.44,0.8644,0.713,71.3,1
Candidate_035,Secondary School Teacher,25-2031.00,"Secondary School Teachers, Except Special and Career/Technical Education",Monitoring,3.88,4.0,0.0,0.788,1,681,740,9,0.3635561348837076,36.36,0.3636,0.618,61.82,1
Candidate_035,Software Developer,15-1252.00,Software Developers,Monitoring,3.0,3.5,0.0,0.6499999999999999,1,323,344,8,0.2290858604605659,22.91,0.2291,0.482,48.16,1
Candidate_036,Administrative Assistant,43-6014.00,"Secretaries and Administrative Assistants, Except Legal, Medical, and Executive",Mathematics,2.0,1.62,0.0,0.362,1,812,890,11,0.4384514673595585,43.85,0.4385,0.393,39.26,1
Candidate_036,Administrative Assistant,43-6014.00,"Secretaries and Administrative Assistants, Except Legal, Medical, and Executive",Science,1.0,0.0,0.0,0.1,2,812,890,11,0.4384514673595585,43.85,0.4385,0.235,23.54,2
Candidate_036,Bookkeeper,43-3031.00,"Bookkeeping, Accounting, and Auditing Clerks",Mathematics,3.38,3.38,0.0,0.6759999999999999,1,396,422,11,0.2992257912289334,29.92,0.2992,0.525,52.53,1
Candidate_036,Bookkeeper,43-3031.00,"Bookkeeping, Accounting, and Auditing Clerks",Science,1.12,0.12,0.0,0.12400000000000001,2,396,422,11,0.2992257912289334,29.92,0.2992,0.194,19.41,2
Candidate_036,Continuing Care Assistant,31-1131.00,Nursing Assistants,Mathematics,2.12,1.88,0.0,0.4,1,819,1172,9,0.4396201180333152,43.96,0.4396,0.416,41.58,1
Candidate_036,Continuing Care Assistant,31-1131.00,Nursing Assistants,Science,1.75,0.88,0.0,0.263,2,819,1172,9,0.4396201180333152,43.96,0.4396,0.334,33.36,2
Candidate_036,Delivery Driver,53-3033.00,Light Truck Drivers,Mathematics,2.25,2.12,0.0,0.43700000000000006,1,557,622,12,0.3705312074675783,37.05,0.3705,0.41,41.04,1
Candidate_036,Delivery Driver,53-3033.00,Light Truck Drivers,Science,1.12,0.12,0.0,0.12400000000000001,2,557,622,12,0.3705312074675783,37.05,0.3705,0.223,22.26,2
Candidate_036,"Driver, Truck",53-3032.00,Heavy and Tractor-Trailer Truck Drivers,Mathematics,2.0,1.88,0.0,0.388,1,1423,3705,12,0.8880268984746598,88.8,0.888,0.588,58.8,1
Candidate_036,"Driver, Truck",53-3032.00,Heavy and Tractor-Trailer Truck Drivers,Science,1.0,0.0,0.0,0.1,2,1423,3705,12,0.8880268984746598,88.8,0.888,0.415,41.52,2
Candidate_036,Food Service Supervisor,35-1012.00,First-Line Supervisors of Food Preparation and Serving Workers,Mathematics,3.0,3.0,0.0,0.6,1,1061,2524,12,0.6833380235893983,68.33,0.6833,0.633,63.33,1
Candidate_036,Food Service Supervisor,35-1012.00,First-Line Supervisors of Food Preparation and Serving Workers,Science,1.0,0.0,0.0,0.1,2,1061,2524,12,0.6833380235893983,68.33,0.6833,0.333,33.33,2
Candidate_036,Information Technology (IT) Analyst,15-1211.00,Computer Systems Analysts,Mathematics,3.0,3.38,0.0,0.6379999999999999,1,347,357,10,0.266375870790639,26.64,0.2664,0.489,48.94,1
Candidate_036,Information Technology (IT) Analyst,15-1211.00,Computer Systems Analysts,Science,2.75,3.12,0.0,0.587,2,347,357,10,0.266375870790639,26.64,0.2664,0.459,45.88,2
Candidate_036,Inside Sales Representative,41-2031.00,Retail Salespersons,Mathematics,2.62,2.0,0.0,0.462,1,1876,2449,13,0.8643994601889338,86.44,0.8644,0.623,62.3,1
Candidate_036,Inside Sales Representative,41-2031.00,Retail Salespersons,Science,1.0,0.0,0.0,0.1,2,1876,2449,13,0.8643994601889338,86.44,0.8644,0.406,40.58,2
Candidate_036,Licensed Practical Nurse (L.P.N.),29-2061.00,Licensed Practical and Licensed Vocational Nurses,Mathematics,2.88,2.88,0.0,0.576,1,437,527,10,0.3039192124973743,30.39,0.3039,0.467,46.72,1
Candidate_036,Licensed Practical Nurse (L.P.N.),29-2061.00,Licensed Practical and Licensed Vocational Nurses,Science,2.62,2.62,0.0,0.524,2,437,527,10,0.3039192124973743,30.39,0.3039,0.436,43.6,2
Candidate_036,Office Administrator,43-1011.00,First-Line Supervisors of Office and Administrative Support Workers,Mathematics,2.75,2.75,0.0,0.55,1,676,1709,13,0.5286438829565303,52.86,0.5286,0.541,54.14,1
Candidate_036,Office Administrator,43-1011.00,First-Line Supervisors of Office and Administrative Support Workers,Science,1.38,0.38,0.0,0.176,2,676,1709,13,0.5286438829565303,52.86,0.5286,0.317,31.7,2
Candidate_036,Office Manager,43-1011.00,First-Line Supervisors of Office and Administrative Support Workers,Mathematics,2.75,2.75,0.0,0.55,1,676,1709,13,0.5286438829565303,52.86,0.5286,0.541,54.14,1
Candidate_036,Office Manager,43-1011.00,First-Line Supervisors of Office and Administrative Support Workers,Science,1.0,0.0,0.0,0.1,2,676,1709,13,0.5286438829565303,52.86,0.5286,0.271,27.14,2
Candidate_036,Restaurant Manager,11-9051.00,Food Service Managers,Mathematics,2.88,2.88,0.0,0.576,1,1139,1473,12,0.5865008675534992,58.65,0.5865,0.58,58.02,1
Candidate_036,Restaurant Manager,11-9051.00,Food Service Managers,Science,1.62,0.62,0.0,0.224,2,1139,1473,12,0.5865008675534992,58.65,0.5865,0.369,36.9,2
Candidate_036,Retail Sales Associate,41-2031.00,Retail Salespersons,Mathematics,2.62,2.0,0.0,0.462,1,1876,2449,13,0.8643994601889338,86.44,0.8644,0.623,62.3,1
Candidate_036,Retail Sales Associate,41-2031.00,Retail Salespersons,Science,1.0,0.0,0.0,0.1,2,1876,2449,13,0.8643994601889338,86.44,0.8644,0.406,40.58,2
Candidate_036,Secondary School Teacher,25-2031.00,"Secondary School Teachers, Except Special and Career/Technical Education",Mathematics,2.75,3.0,0.0,0.575,1,681,740,9,0.3635561348837076,36.36,0.3636,0.49,49.04,1
Candidate_036,Secondary School Teacher,25-2031.00,"Secondary School Teachers, Except Special and Career/Technical Education",Science,2.0,1.88,0.0,0.388,2,681,740,9,0.3635561348837076,36.36,0.3636,0.378,37.82,2
Candidate_036,Software Developer,15-1252.00,Software Developers,Mathematics,2.75,3.25,0.0,0.6000000000000001,1,323,344,8,0.2290858604605659,22.91,0.2291,0.452,45.16,1
Candidate_036,Software Developer,15-1252.00,Software Developers,Science,2.12,1.88,0.0,0.4,2,323,344,8,0.2290858604605659,22.91,0.2291,0.332,33.16,2
Candidate_037,Administrative Assistant,43-6014.00,"Secretaries and Administrative Assistants, Except Legal, Medical, and Executive",Active Listening,4.0,3.75,0.0,0.775,1,812,890,11,0.4384514673595585,43.85,0.4385,0.64,64.04,1
Candidate_037,Administrative Assistant,43-6014.00,"Secretaries and Administrative Assistants, Except Legal, Medical, and Executive",Speaking,4.0,3.62,0.0,0.762,2,812,890,11,0.4384514673595585,43.85,0.4385,0.633,63.26,2
Candidate_037,Bookkeeper,43-3031.00,"Bookkeeping, Accounting, and Auditing Clerks",Active Listening,3.25,3.75,0.0,0.7,1,396,422,11,0.2992257912289334,29.92,0.2992,0.54,53.97,1
Candidate_037,Bookkeeper,43-3031.00,"Bookkeeping, Accounting, and Auditing Clerks",Speaking,3.12,3.12,0.0,0.624,2,396,422,11,0.2992257912289334,29.92,0.2992,0.494,49.41,2
Candidate_037,Continuing Care Assistant,31-1131.00,Nursing Assistants,Active Listening,3.62,3.0,0.0,0.6619999999999999,1,819,1172,9,0.4396201180333152,43.96,0.4396,0.573,57.3,1
Candidate_037,Continuing Care Assistant,31-1131.00,Nursing Assistants,Speaking,3.12,3.0,0.0,0.612,2,819,1172,9,0.4396201180333152,43.96,0.4396,0.543,54.3,2
Candidate_037,Delivery Driver,53-3033.00,Light Truck Drivers,Active Listening,3.12,2.88,0.0,0.6,1,557,622,12,0.3705312074675783,37.05,0.3705,0.508,50.82,1
Candidate_037,Delivery Driver,53-3033.00,Light Truck Drivers,Speaking,3.12,2.88,0.0,0.6,1,557,622,12,0.3705312074675783,37.05,0.3705,0.508,50.82,1
Candidate_037,"Driver, Truck",53-3032.00,Heavy and Tractor-Trailer Truck Drivers,Active Listening,2.88,3.0,0.0,0.588,1,1423,3705,12,0.8880268984746598,88.8,0.888,0.708,70.8,1
Candidate_037,"Driver, Truck",53-3032.00,Heavy and Tractor-Trailer Truck Drivers,Speaking,3.0,2.88,0.0,0.588,1,1423,3705,12,0.8880268984746598,88.8,0.888,0.708,70.8,1
Candidate_037,Food Service Supervisor,35-1012.00,First-Line Supervisors of Food Preparation and Serving Workers,Speaking,3.88,4.0,0.0,0.788,1,1061,2524,12,0.6833380235893983,68.33,0.6833,0.746,74.61,1
Candidate_037,Food Service Supervisor,35-1012.00,First-Line Supervisors of Food Preparation and Serving Workers,Active Listening,3.75,3.0,0.0,0.675,2,1061,2524,12,0.6833380235893983,68.33,0.6833,0.678,67.83,2
Candidate_037,Information Technology (IT) Analyst,15-1211.00,Computer Systems Analysts,Active Listening,4.0,4.12,0.0,0.812,1,347,357,10,0.266375870790639,26.64,0.2664,0.594,59.38,1
Candidate_037,Information Technology (IT) Analyst,15-1211.00,Computer Systems Analysts,Speaking,4.0,4.0,0.0,0.8,2,347,357,10,0.266375870790639,26.64,0.2664,0.587,58.66,2
Candidate_037,Inside Sales Representative,41-2031.00,Retail Salespersons,Active Listening,3.75,3.75,0.0,0.75,1,1876,2449,13,0.8643994601889338,86.44,0.8644,0.796,79.58,1
Candidate_037,Inside Sales Representative,41-2031.00,Retail Salespersons,Speaking,3.75,3.12,0.0,0.687,2,1876,2449,13,0.8643994601889338,86.44,0.8644,0.758,75.8,2
Candidate_037,Licensed Practical Nurse (L.P.N.),29-2061.00,Licensed Practical and Licensed Vocational Nurses,Active Listening,3.88,4.0,0.0,0.788,1,437,527,10,0.3039192124973743,30.39,0.3039,0.594,59.44,1
Candidate_037,Licensed Practical Nurse (L.P.N.),29-2061.00,Licensed Practical and Licensed Vocational Nurses,Speaking,3.88,4.0,0.0,0.788,1,437,527,10,0.3039192124973743,30.39,0.3039,0.594,59.44,1
Candidate_037,Office Administrator,43-1011.00,First-Line Supervisors of Office and Administrative Support Workers,Active Listening,4.0,4.0,0.0,0.8,1,676,1709,13,0.5286438829565303,52.86,0.5286,0.691,69.14,1
Candidate_037,Office Administrator,43-1011.00,First-Line Supervisors of Office and Administrative Support Workers,Speaking,4.0,4.0,0.0,0.8,1,676,1709,13,0.5286438829565303,52.86,0.5286,0.691,69.14,1
Candidate_037,Office Manager,43-1011.00,First-Line Supervisors of Office and Administrative Support Workers,Speaking,4.0,4.0,0.0,0.8,1,676,1709,13,0.5286438829565303,52.86,0.5286,0.691,69.14,1
Candidate_037,Office Manager,43-1011.00,First-Line Supervisors of Office and Administrative Support Workers,Active Listening,4.0,3.88,0.0,0.788,2,676,1709,13,0.5286438829565303,52.86,0.5286,0.684,68.42,2
Candidate_037,Restaurant Manager,11-9051.00,Food Service Managers,Speaking,3.88,4.0,0.0,0.788,1,1139,1473,12,0.5865008675534992,58.65,0.5865,0.707,70.74,1
Candidate_037,Restaurant Manager,11-9051.00,Food Service Managers,Active Listening,3.88,3.5,0.0,0.738,2,1139,1473,12,0.5865008675534992,58.65,0.5865,0.677,67.74,2
Candidate_037,Retail Sales Associate,41-2031.00,Retail Salespersons,Active Listening,3.75,3.75,0.0,0.75,1,1876,2449,13,0.8643994601889338,86.44,0.8644,0.796,79.58,1
Candidate_037,Retail Sales Associate,41-2031.00,Retail Salespersons,Speaking,3.75,3.12,0.0,0.687,2,1876,2449,13,0.8643994601889338,86.44,0.8644,0.758,75.8,2
Candidate_037,Secondary School Teacher,25-2031.00,"Secondary School Teachers, Except Special and Career/Technical Education",Speaking,4.0,4.12,0.0,0.812,1,681,740,9,0.3635561348837076,36.36,0.3636,0.633,63.26,1
Candidate_037,Secondary School Teacher,25-2031.00,"Secondary School Teachers, Except Special and Career/Technical Education",Active Listening,4.0,4.0,0.0,0.8,2,681,740,9,0.3635561348837076,36.36,0.3636,0.625,62.54,2
Candidate_037,Software Developer,15-1252.00,Software Developers,Active Listening,3.38,3.88,0.0,0.726,1,323,344,8,0.2290858604605659,22.91,0.2291,0.527,52.72,1
Candidate_037,Software Developer,15-1252.00,Software Developers,Speaking,3.12,3.62,0.0,0.6739999999999999,2,323,344,8,0.2290858604605659,22.91,0.2291,0.496,49.6,2
Candidate_038,Administrative Assistant,43-6014.00,"Secretaries and Administrative Assistants, Except Legal, Medical, and Executive",Active Listening,4.0,3.75,0.0,0.775,1,812,890,11,0.4384514673595585,43.85,0.4385,0.64,64.04,1
Candidate_038,Administrative Assistant,43-6014.00,"Secretaries and Administrative Assistants, Except Legal, Medical, and Executive",Speaking,4.0,3.62,0.0,0.762,2,812,890,11,0.4384514673595585,43.85,0.4385,0.633,63.26,2
Candidate_038,Administrative Assistant,43-6014.00,"Secretaries and Administrative Assistants, Except Legal, Medical, and Executive",Monitoring,3.12,3.25,0.0,0.637,3,812,890,11,0.4384514673595585,43.85,0.4385,0.558,55.76,3
Candidate_038,Bookkeeper,43-3031.00,"Bookkeeping, Accounting, and Auditing Clerks",Active Listening,3.25,3.75,0.0,0.7,1,396,422,11,0.2992257912289334,29.92,0.2992,0.54,53.97,1
Candidate_038,Bookkeeper,43-3031.00,"Bookkeeping, Accounting, and Auditing Clerks",Speaking,3.12,3.12,0.0,0.624,2,396,422,11,0.2992257912289334,29.92,0.2992,0.494,49.41,2
Candidate_038,Bookkeeper,43-3031.00,"Bookkeeping, Accounting, and Auditing Clerks",Monitoring,3.0,2.88,0.0,0.588,3,396,422,11,0.2992257912289334,29.92,0.2992,0.472,47.25,3
Candidate_038,Continuing Care Assistant,31-1131.00,Nursing Assistants,Active Listening,3.62,3.0,0.0,0.6619999999999999,1,819,1172,9,0.4396201180333152,43.96,0.4396,0.573,57.3,1
Candidate_038,Continuing Care Assistant,31-1131.00,Nursing Assistants,Monitoring,3.25,3.0,0.0,0.625,2,819,1172,9,0.4396201180333152,43.96,0.4396,0.551,55.08,2
Candidate_038,Continuing Care Assistant,31-1131.00,Nursing Assistants,Speaking,3.12,3.0,0.0,0.612,3,819,1172,9,0.4396201180333152,43.96,0.4396,0.543,54.3,3
Candidate_038,Delivery Driver,53-3033.00,Light Truck Drivers,Active Listening,3.12,2.88,0.0,0.6,1,557,622,12,0.3705312074675783,37.05,0.3705,0.508,50.82,1
Candidate_038,Delivery Driver,53-3033.00,Light Truck Drivers,Speaking,3.12,2.88,0.0,0.6,1,557,622,12,0.3705312074675783,37.05,0.3705,0.508,50.82,1
Candidate_038,Delivery Driver,53-3033.00,Light Truck Drivers,Monitoring,3.12,2.75,0.0,0.587,2,557,622,12,0.3705312074675783,37.05,0.3705,0.5,50.04,2
Candidate_038,"Driver, Truck",53-3032.00,Heavy and Tractor-Trailer Truck Drivers,Monitoring,3.12,3.0,0.0,0.612,1,1423,3705,12,0.8880268984746598,88.8,0.888,0.722,72.24,1
Candidate_038,"Driver, Truck",53-3032.00,Heavy and Tractor-Trailer Truck Drivers,Active Listening,2.88,3.0,0.0,0.588,2,1423,3705,12,0.8880268984746598,88.8,0.888,0.708,70.8,2
Candidate_038,"Driver, Truck",53-3032.00,Heavy and Tractor-Trailer Truck Drivers,Speaking,3.0,2.88,0.0,0.588,2,1423,3705,12,0.8880268984746598,88.8,0.888,0.708,70.8,2
Candidate_038,Food Service Supervisor,35-1012.00,First-Line Supervisors of Food Preparation and Serving Workers,Monitoring,3.88,4.0,0.0,0.788,1,1061,2524,12,0.6833380235893983,68.33,0.6833,0.746,74.61,1
Candidate_038,Food Service Supervisor,35-1012.00,First-Line Supervisors of Food Preparation and Serving Workers,Speaking,3.88,4.0,0.0,0.788,1,1061,2524,12,0.6833380235893983,68.33,0.6833,0.746,74.61,1
Candidate_038,Food Service Supervisor,35-1012.00,First-Line Supervisors of Food Preparation and Serving Workers,Active Listening,3.75,3.0,0.0,0.675,2,1061,2524,12,0.6833380235893983,68.33,0.6833,0.678,67.83,2
Candidate_038,Information Technology (IT) Analyst,15-1211.00,Computer Systems Analysts,Active Listening,4.0,4.12,0.0,0.812,1,347,357,10,0.266375870790639,26.64,0.2664,0.594,59.38,1
Candidate_038,Information Technology (IT) Analyst,15-1211.00,Computer Systems Analysts,Speaking,4.0,4.0,0.0,0.8,2,347,357,10,0.266375870790639,26.64,0.2664,0.587,58.66,2
Candidate_038,Information Technology (IT) Analyst,15-1211.00,Computer Systems Analysts,Monitoring,3.62,4.0,0.0,0.762,3,347,357,10,0.266375870790639,26.64,0.2664,0.564,56.38,3
Candidate_038,Inside Sales Representative,41-2031.00,Retail Salespersons,Active Listening,3.75,3.75,0.0,0.75,1,1876,2449,13,0.8643994601889338,86.44,0.8644,0.796,79.58,1
Candidate_038,Inside Sales Representative,41-2031.00,Retail Salespersons,Speaking,3.75,3.12,0.0,0.687,2,1876,2449,13,0.8643994601889338,86.44,0.8644,0.758,75.8,2
Candidate_038,Inside Sales Representative,41-2031.00,Retail Salespersons,Monitoring,3.0,3.12,0.0,0.612,3,1876,2449,13,0.8643994601889338,86.44,0.8644,0.713,71.3,3
Candidate_038,Licensed Practical Nurse (L.P.N.),29-2061.00,Licensed Practical and Licensed Vocational Nurses,Active Listening,3.88,4.0,0.0,0.788,1,437,527,10,0.3039192124973743,30.39,0.3039,0.594,59.44,1
Candidate_038,Licensed Practical Nurse (L.P.N.),29-2061.00,Licensed Practical and Licensed Vocational Nurses,Monitoring,3.88,4.0,0.0,0.788,1,437,527,10,0.3039192124973743,30.39,0.3039,0.594,59.44,1
Candidate_038,Licensed Practical Nurse (L.P.N.),29-2061.00,Licensed Practical and Licensed Vocational Nurses,Speaking,3.88,4.0,0.0,0.788,1,437,527,10,0.3039192124973743,30.39,0.3039,0.594,59.44,1
Candidate_038,Office Administrator,43-1011.00,First-Line Supervisors of Office and Administrative Support Workers,Active Listening,4.0,4.0,0.0,0.8,1,676,1709,13,0.5286438829565303,52.86,0.5286,0.691,69.14,1
Candidate_038,Office Administrator,43-1011.00,First-Line Supervisors of Office and Administrative Support Workers,Monitoring,4.0,4.0,0.0,0.8,1,676,1709,13,0.5286438829565303,52.86,0.5286,0.691,69.14,1
Candidate_038,Office Administrator,43-1011.00,First-Line Supervisors of Office and Administrative Support Workers,Speaking,4.0,4.0,0.0,0.8,1,676,1709,13,0.5286438829565303,52.86,0.5286,0.691,69.14,1
Candidate_038,Office Manager,43-1011.00,First-Line Supervisors of Office and Administrative Support Workers,Monitoring,4.0,4.0,0.0,0.8,1,676,1709,13,0.5286438829565303,52.86,0.5286,0.691,69.14,1
Candidate_038,Office Manager,43-1011.00,First-Line Supervisors of Office and Administrative Support Workers,Speaking,4.0,4.0,0.0,0.8,1,676,1709,13,0.5286438829565303,52.86,0.5286,0.691,69.14,1
Candidate_038,Office Manager,43-1011.00,First-Line Supervisors of Office and Administrative Support Workers,Active Listening,4.0,3.88,0.0,0.788,2,676,1709,13,0.5286438829565303,52.86,0.5286,0.684,68.42,2
Candidate_038,Restaurant Manager,11-9051.00,Food Service Managers,Speaking,3.88,4.0,0.0,0.788,1,1139,1473,12,0.5865008675534992,58.65,0.5865,0.707,70.74,1
Candidate_038,Restaurant Manager,11-9051.00,Food Service Managers,Monitoring,3.88,3.88,0.0,0.776,2,1139,1473,12,0.5865008675534992,58.65,0.5865,0.7,70.02,2
Candidate_038,Restaurant Manager,11-9051.00,Food Service Managers,Active Listening,3.88,3.5,0.0,0.738,3,1139,1473,12,0.5865008675534992,58.65,0.5865,0.677,67.74,3
Candidate_038,Retail Sales Associate,41-2031.00,Retail Salespersons,Active Listening,3.75,3.75,0.0,0.75,1,1876,2449,13,0.8643994601889338,86.44,0.8644,0.796,79.58,1
Candidate_038,Retail Sales Associate,41-2031.00,Retail Salespersons,Speaking,3.75,3.12,0.0,0.687,2,1876,2449,13,0.8643994601889338,86.44,0.8644,0.758,75.8,2
Candidate_038,Retail Sales Associate,41-2031.00,Retail Salespersons,Monitoring,3.0,3.12,0.0,0.612,3,1876,2449,13,0.8643994601889338,86.44,0.8644,0.713,71.3,3
Candidate_038,Secondary School Teacher,25-2031.00,"Secondary School Teachers, Except Special and Career/Technical Education",Speaking,4.0,4.12,0.0,0.812,1,681,740,9,0.3635561348837076,36.36,0.3636,0.633,63.26,1
Candidate_038,Secondary School Teacher,25-2031.00,"Secondary School Teachers, Except Special and Career/Technical Education",Active Listening,4.0,4.0,0.0,0.8,2,681,740,9,0.3635561348837076,36.36,0.3636,0.625,62.54,2
Candidate_038,Secondary School Teacher,25-2031.00,"Secondary School Teachers, Except Special and Career/Technical Education",Monitoring,3.88,4.0,0.0,0.788,3,681,740,9,0.3635561348837076,36.36,0.3636,0.618,61.82,3
Candidate_038,Software Developer,15-1252.00,Software Developers,Active Listening,3.38,3.88,0.0,0.726,1,323,344,8,0.2290858604605659,22.91,0.2291,0.527,52.72,1
Candidate_038,Software Developer,15-1252.00,Software Developers,Speaking,3.12,3.62,0.0,0.6739999999999999,2,323,344,8,0.2290858604605659,22.91,0.2291,0.496,49.6,2
Candidate_038,Software Developer,15-1252.00,Software Developers,Monitoring,3.0,3.5,0.0,0.6499999999999999,3,323,344,8,0.2290858604605659,22.91,0.2291,0.482,48.16,3
Candidate_040,Administrative Assistant,43-6014.00,"Secretaries and Administrative Assistants, Except Legal, Medical, and Executive",Active Listening,4.0,3.75,0.0,0.775,1,812,890,11,0.4384514673595585,43.85,0.4385,0.64,64.04,1
Candidate_040,Administrative Assistant,43-6014.00,"Secretaries and Administrative Assistants, Except Legal, Medical, and Executive",Speaking,4.0,3.62,0.0,0.762,2,812,890,11,0.4384514673595585,43.85,0.4385,0.633,63.26,2
Candidate_040,Administrative Assistant,43-6014.00,"Secretaries and Administrative Assistants, Except Legal, Medical, and Executive",Writing,3.75,3.5,0.0,0.725,3,812,890,11,0.4384514673595585,43.85,0.4385,0.61,61.04,3
Candidate_040,Administrative Assistant,43-6014.00,"Secretaries and Administrative Assistants, Except Legal, Medical, and Executive",Monitoring,3.12,3.25,0.0,0.637,4,812,890,11,0.4384514673595585,43.85,0.4385,0.558,55.76,4
Candidate_040,Bookkeeper,43-3031.00,"Bookkeeping, Accounting, and Auditing Clerks",Active Listening,3.25,3.75,0.0,0.7,1,396,422,11,0.2992257912289334,29.92,0.2992,0.54,53.97,1
Candidate_040,Bookkeeper,43-3031.00,"Bookkeeping, Accounting, and Auditing Clerks",Speaking,3.12,3.12,0.0,0.624,2,396,422,11,0.2992257912289334,29.92,0.2992,0.494,49.41,2
Candidate_040,Bookkeeper,43-3031.00,"Bookkeeping, Accounting, and Auditing Clerks",Writing,3.12,3.12,0.0,0.624,2,396,422,11,0.2992257912289334,29.92,0.2992,0.494,49.41,2
Candidate_040,Bookkeeper,43-3031.00,"Bookkeeping, Accounting, and Auditing Clerks",Monitoring,3.0,2.88,0.0,0.588,3,396,422,11,0.2992257912289334,29.92,0.2992,0.472,47.25,3
Candidate_040,Continuing Care Assistant,31-1131.00,Nursing Assistants,Active Listening,3.62,3.0,0.0,0.6619999999999999,1,819,1172,9,0.4396201180333152,43.96,0.4396,0.573,57.3,1
Candidate_040,Continuing Care Assistant,31-1131.00,Nursing Assistants,Monitoring,3.25,3.0,0.0,0.625,2,819,1172,9,0.4396201180333152,43.96,0.4396,0.551,55.08,2
Candidate_040,Continuing Care Assistant,31-1131.00,Nursing Assistants,Speaking,3.12,3.0,0.0,0.612,3,819,1172,9,0.4396201180333152,43.96,0.4396,0.543,54.3,3
Candidate_040,Continuing Care Assistant,31-1131.00,Nursing Assistants,Writing,2.75,2.75,0.0,0.55,4,819,1172,9,0.4396201180333152,43.96,0.4396,0.506,50.58,4
Candidate_040,Delivery Driver,53-3033.00,Light Truck Drivers,Active Listening,3.12,2.88,0.0,0.6,1,557,622,12,0.3705312074675783,37.05,0.3705,0.508,50.82,1
Candidate_040,Delivery Driver,53-3033.00,Light Truck Drivers,Speaking,3.12,2.88,0.0,0.6,1,557,622,12,0.3705312074675783,37.05,0.3705,0.508,50.82,1
Candidate_040,Delivery Driver,53-3033.00,Light Truck Drivers,Monitoring,3.12,2.75,0.0,0.587,2,557,622,12,0.3705312074675783,37.05,0.3705,0.5,50.04,2
Candidate_040,Delivery Driver,53-3033.00,Light Truck Drivers,Writing,2.75,2.5,0.0,0.525,3,557,622,12,0.3705312074675783,37.05,0.3705,0.463,46.32,3
Candidate_040,"Driver, Truck",53-3032.00,Heavy and Tractor-Trailer Truck Drivers,Monitoring,3.12,3.0,0.0,0.612,1,1423,3705,12,0.8880268984746598,88.8,0.888,0.722,72.24,1
Candidate_040,"Driver, Truck",53-3032.00,Heavy and Tractor-Trailer Truck Drivers,Active Listening,2.88,3.0,0.0,0.588,2,1423,3705,12,0.8880268984746598,88.8,0.888,0.708,70.8,2
Candidate_040,"Driver, Truck",53-3032.00,Heavy and Tractor-Trailer Truck Drivers,Speaking,3.0,2.88,0.0,0.588,2,1423,3705,12,0.8880268984746598,88.8,0.888,0.708,70.8,2
Candidate_040,"Driver, Truck",53-3032.00,Heavy and Tractor-Trailer Truck Drivers,Writing,2.75,2.62,0.0,0.537,3,1423,3705,12,0.8880268984746598,88.8,0.888,0.677,67.74,3
Candidate_040,Food Service Supervisor,35-1012.00,First-Line Supervisors of Food Preparation and Serving Workers,Monitoring,3.88,4.0,0.0,0.788,1,1061,2524,12,0.6833380235893983,68.33,0.6833,0.746,74.61,1
Candidate_040,Food Service Supervisor,35-1012.00,First-Line Supervisors of Food Preparation and Serving Workers,Speaking,3.88,4.0,0.0,0.788,1,1061,2524,12,0.6833380235893983,68.33,0.6833,0.746,74.61,1
Candidate_040,Food Service Supervisor,35-1012.00,First-Line Supervisors of Food Preparation and Serving Workers,Active Listening,3.75,3.0,0.0,0.675,2,1061,2524,12,0.6833380235893983,68.33,0.6833,0.678,67.83,2
Candidate_040,Food Service Supervisor,35-1012.00,First-Line Supervisors of Food Preparation and Serving Workers,Writing,3.0,3.12,0.0,0.612,3,1061,2524,12,0.6833380235893983,68.33,0.6833,0.641,64.05,3
Candidate_040,Information Technology (IT) Analyst,15-1211.00,Computer Systems Analysts,Active Listening,4.0,4.12,0.0,0.812,1,347,357,10,0.266375870790639,26.64,0.2664,0.594,59.38,1
Candidate_040,Information Technology (IT) Analyst,15-1211.00,Computer Systems Analysts,Speaking,4.0,4.0,0.0,0.8,2,347,357,10,0.266375870790639,26.64,0.2664,0.587,58.66,2
Candidate_040,Information Technology (IT) Analyst,15-1211.00,Computer Systems Analysts,Writing,4.0,4.0,0.0,0.8,2,347,357,10,0.266375870790639,26.64,0.2664,0.587,58.66,2
Candidate_040,Information Technology (IT) Analyst,15-1211.00,Computer Systems Analysts,Monitoring,3.62,4.0,0.0,0.762,3,347,357,10,0.266375870790639,26.64,0.2664,0.564,56.38,3
Candidate_040,Inside Sales Representative,41-2031.00,Retail Salespersons,Active Listening,3.75,3.75,0.0,0.75,1,1876,2449,13,0.8643994601889338,86.44,0.8644,0.796,79.58,1
Candidate_040,Inside Sales Representative,41-2031.00,Retail Salespersons,Speaking,3.75,3.12,0.0,0.687,2,1876,2449,13,0.8643994601889338,86.44,0.8644,0.758,75.8,2
Candidate_040,Inside Sales Representative,41-2031.00,Retail Salespersons,Monitoring,3.0,3.12,0.0,0.612,3,1876,2449,13,0.8643994601889338,86.44,0.8644,0.713,71.3,3
Candidate_040,Inside Sales Representative,41-2031.00,Retail Salespersons,Writing,3.0,3.0,0.0,0.6,4,1876,2449,13,0.8643994601889338,86.44,0.8644,0.706,70.58,4
Candidate_040,Licensed Practical Nurse (L.P.N.),29-2061.00,Licensed Practical and Licensed Vocational Nurses,Active Listening,3.88,4.0,0.0,0.788,1,437,527,10,0.3039192124973743,30.39,0.3039,0.594,59.44,1
Candidate_040,Licensed Practical Nurse (L.P.N.),29-2061.00,Licensed Practical and Licensed Vocational Nurses,Monitoring,3.88,4.0,0.0,0.788,1,437,527,10,0.3039192124973743,30.39,0.3039,0.594,59.44,1
Candidate_040,Licensed Practical Nurse (L.P.N.),29-2061.00,Licensed Practical and Licensed Vocational Nurses,Speaking,3.88,4.0,0.0,0.788,1,437,527,10,0.3039192124973743,30.39,0.3039,0.594,59.44,1
Candidate_040,Licensed Practical Nurse (L.P.N.),29-2061.00,Licensed Practical and Licensed Vocational Nurses,Writing,3.25,3.12,0.0,0.637,2,437,527,10,0.3039192124973743,30.39,0.3039,0.504,50.38,2
Candidate_040,Office Administrator,43-1011.00,First-Line Supervisors of Office and Administrative Support Workers,Active Listening,4.0,4.0,0.0,0.8,1,676,1709,13,0.5286438829565303,52.86,0.5286,0.691,69.14,1
Candidate_040,Office Administrator,43-1011.00,First-Line Supervisors of Office and Administrative Support Workers,Monitoring,4.0,4.0,0.0,0.8,1,676,1709,13,0.5286438829565303,52.86,0.5286,0.691,69.14,1
Candidate_040,Office Administrator,43-1011.00,First-Line Supervisors of Office and Administrative Support Workers,Speaking,4.0,4.0,0.0,0.8,1,676,1709,13,0.5286438829565303,52.86,0.5286,0.691,69.14,1
Candidate_040,Office Administrator,43-1011.00,First-Line Supervisors of Office and Administrative Support Workers,Writing,3.75,3.75,0.0,0.75,2,676,1709,13,0.5286438829565303,52.86,0.5286,0.661,66.14,2
Candidate_040,Office Manager,43-1011.00,First-Line Supervisors of Office and Administrative Support Workers,Monitoring,4.0,4.0,0.0,0.8,1,676,1709,13,0.5286438829565303,52.86,0.5286,0.691,69.14,1
Candidate_040,Office Manager,43-1011.00,First-Line Supervisors of Office and Administrative Support Workers,Speaking,4.0,4.0,0.0,0.8,1,676,1709,13,0.5286438829565303,52.86,0.5286,0.691,69.14,1
Candidate_040,Office Manager,43-1011.00,First-Line Supervisors of Office and Administrative Support Workers,Active Listening,4.0,3.88,0.0,0.788,2,676,1709,13,0.5286438829565303,52.86,0.5286,0.684,68.42,2
Candidate_040,Office Manager,43-1011.00,First-Line Supervisors of Office and Administrative Support Workers,Writing,3.75,3.75,0.0,0.75,3,676,1709,13,0.5286438829565303,52.86,0.5286,0.661,66.14,3
Candidate_040,Restaurant Manager,11-9051.00,Food Service Managers,Speaking,3.88,4.0,0.0,0.788,1,1139,1473,12,0.5865008675534992,58.65,0.5865,0.707,70.74,1
Candidate_040,Restaurant Manager,11-9051.00,Food Service Managers,Monitoring,3.88,3.88,0.0,0.776,2,1139,1473,12,0.5865008675534992,58.65,0.5865,0.7,70.02,2
Candidate_040,Restaurant Manager,11-9051.00,Food Service Managers,Active Listening,3.88,3.5,0.0,0.738,3,1139,1473,12,0.5865008675534992,58.65,0.5865,0.677,67.74,3
Candidate_040,Restaurant Manager,11-9051.00,Food Service Managers,Writing,3.0,3.12,0.0,0.612,4,1139,1473,12,0.5865008675534992,58.65,0.5865,0.602,60.18,4
Candidate_040,Retail Sales Associate,41-2031.00,Retail Salespersons,Active Listening,3.75,3.75,0.0,0.75,1,1876,2449,13,0.8643994601889338,86.44,0.8644,0.796,79.58,1
Candidate_040,Retail Sales Associate,41-2031.00,Retail Salespersons,Speaking,3.75,3.12,0.0,0.687,2,1876,2449,13,0.8643994601889338,86.44,0.8644,0.758,75.8,2
Candidate_040,Retail Sales Associate,41-2031.00,Retail Salespersons,Monitoring,3.0,3.12,0.0,0.612,3,1876,2449,13,0.8643994601889338,86.44,0.8644,0.713,71.3,3
Candidate_040,Retail Sales Associate,41-2031.00,Retail Salespersons,Writing,3.0,3.0,0.0,0.6,4,1876,2449,13,0.8643994601889338,86.44,0.8644,0.706,70.58,4
Candidate_040,Secondary School Teacher,25-2031.00,"Secondary School Teachers, Except Special and Career/Technical Education",Speaking,4.0,4.12,0.0,0.812,1,681,740,9,0.3635561348837076,36.36,0.3636,0.633,63.26,1
Candidate_040,Secondary School Teacher,25-2031.00,"Secondary School Teachers, Except Special and Career/Technical Education",Active Listening,4.0,4.0,0.0,0.8,2,681,740,9,0.3635561348837076,36.36,0.3636,0.625,62.54,2
Candidate_040,Secondary School Teacher,25-2031.00,"Secondary School Teachers, Except Special and Career/Technical Education",Monitoring,3.88,4.0,0.0,0.788,3,681,740,9,0.3635561348837076,36.36,0.3636,0.618,61.82,3
Candidate_040,Secondary School Teacher,25-2031.00,"Secondary School Teachers, Except Special and Career/Technical Education",Writing,3.62,3.75,0.0,0.737,4,681,740,9,0.3635561348837076,36.36,0.3636,0.588,58.76,4
Candidate_040,Software Developer,15-1252.00,Software Developers,Active Listening,3.38,3.88,0.0,0.726,1,323,344,8,0.2290858604605659,22.91,0.2291,0.527,52.72,1
Candidate_040,Software Developer,15-1252.00,Software Developers,Writing,3.25,3.62,0.0,0.687,2,323,344,8,0.2290858604605659,22.91,0.2291,0.504,50.38,2
Candidate_040,Software Developer,15-1252.00,Software Developers,Speaking,3.12,3.62,0.0,0.6739999999999999,3,323,344,8,0.2290858604605659,22.91,0.2291,0.496,49.6,3
Candidate_040,Software Developer,15-1252.00,Software Developers,Monitoring,3.0,3.5,0.0,0.6499999999999999,4,323,344,8,0.2290858604605659,22.91,0.2291,0.482,48.16,4
Candidate_041,Administrative Assistant,43-6014.00,"Secretaries and Administrative Assistants, Except Legal, Medical, and Executive",Active Listening,4.0,3.75,0.0,0.775,1,812,890,11,0.4384514673595585,43.85,0.4385,0.64,64.04,1
Candidate_041,Administrative Assistant,43-6014.00,"Secretaries and Administrative Assistants, Except Legal, Medical, and Executive",Speaking,4.0,3.62,0.0,0.762,2,812,890,11,0.4384514673595585,43.85,0.4385,0.633,63.26,2
Candidate_041,Administrative Assistant,43-6014.00,"Secretaries and Administrative Assistants, Except Legal, Medical, and Executive",Science,1.0,0.0,0.0,0.1,3,812,890,11,0.4384514673595585,43.85,0.4385,0.235,23.54,3
Candidate_041,Bookkeeper,43-3031.00,"Bookkeeping, Accounting, and Auditing Clerks",Active Listening,3.25,3.75,0.0,0.7,1,396,422,11,0.2992257912289334,29.92,0.2992,0.54,53.97,1
Candidate_041,Bookkeeper,43-3031.00,"Bookkeeping, Accounting, and Auditing Clerks",Speaking,3.12,3.12,0.0,0.624,2,396,422,11,0.2992257912289334,29.92,0.2992,0.494,49.41,2
Candidate_041,Bookkeeper,43-3031.00,"Bookkeeping, Accounting, and Auditing Clerks",Science,1.12,0.12,0.0,0.12400000000000001,3,396,422,11,0.2992257912289334,29.92,0.2992,0.194,19.41,3
Candidate_041,Continuing Care Assistant,31-1131.00,Nursing Assistants,Active Listening,3.62,3.0,0.0,0.6619999999999999,1,819,1172,9,0.4396201180333152,43.96,0.4396,0.573,57.3,1
Candidate_041,Continuing Care Assistant,31-1131.00,Nursing Assistants,Speaking,3.12,3.0,0.0,0.612,2,819,1172,9,0.4396201180333152,43.96,0.4396,0.543,54.3,2
Candidate_041,Continuing Care Assistant,31-1131.00,Nursing Assistants,Science,1.75,0.88,0.0,0.263,3,819,1172,9,0.4396201180333152,43.96,0.4396,0.334,33.36,3
Candidate_041,Delivery Driver,53-3033.00,Light Truck Drivers,Active Listening,3.12,2.88,0.0,0.6,1,557,622,12,0.3705312074675783,37.05,0.3705,0.508,50.82,1
Candidate_041,Delivery Driver,53-3033.00,Light Truck Drivers,Speaking,3.12,2.88,0.0,0.6,1,557,622,12,0.3705312074675783,37.05,0.3705,0.508,50.82,1
Candidate_041,Delivery Driver,53-3033.00,Light Truck Drivers,Science,1.12,0.12,0.0,0.12400000000000001,2,557,622,12,0.3705312074675783,37.05,0.3705,0.223,22.26,2
Candidate_041,"Driver, Truck",53-3032.00,Heavy and Tractor-Trailer Truck Drivers,Active Listening,2.88,3.0,0.0,0.588,1,1423,3705,12,0.8880268984746598,88.8,0.888,0.708,70.8,1
Candidate_041,"Driver, Truck",53-3032.00,Heavy and Tractor-Trailer Truck Drivers,Speaking,3.0,2.88,0.0,0.588,1,1423,3705,12,0.8880268984746598,88.8,0.888,0.708,70.8,1
Candidate_041,"Driver, Truck",53-3032.00,Heavy and Tractor-Trailer Truck Drivers,Science,1.0,0.0,0.0,0.1,2,1423,3705,12,0.8880268984746598,88.8,0.888,0.415,41.52,2
Candidate_041,Food Service Supervisor,35-1012.00,First-Line Supervisors of Food Preparation and Serving Workers,Speaking,3.88,4.0,0.0,0.788,1,1061,2524,12,0.6833380235893983,68.33,0.6833,0.746,74.61,1
Candidate_041,Food Service Supervisor,35-1012.00,First-Line Supervisors of Food Preparation and Serving Workers,Active Listening,3.75,3.0,0.0,0.675,2,1061,2524,12,0.6833380235893983,68.33,0.6833,0.678,67.83,2
Candidate_041,Food Service Supervisor,35-1012.00,First-Line Supervisors of Food Preparation and Serving Workers,Science,1.0,0.0,0.0,0.1,3,1061,2524,12,0.6833380235893983,68.33,0.6833,0.333,33.33,3
Candidate_041,Information Technology (IT) Analyst,15-1211.00,Computer Systems Analysts,Active Listening,4.0,4.12,0.0,0.812,1,347,357,10,0.266375870790639,26.64,0.2664,0.594,59.38,1
Candidate_041,Information Technology (IT) Analyst,15-1211.00,Computer Systems Analysts,Speaking,4.0,4.0,0.0,0.8,2,347,357,10,0.266375870790639,26.64,0.2664,0.587,58.66,2
Candidate_041,Information Technology (IT) Analyst,15-1211.00,Computer Systems Analysts,Science,2.75,3.12,0.0,0.587,3,347,357,10,0.266375870790639,26.64,0.2664,0.459,45.88,3
Candidate_041,Inside Sales Representative,41-2031.00,Retail Salespersons,Active Listening,3.75,3.75,0.0,0.75,1,1876,2449,13,0.8643994601889338,86.44,0.8644,0.796,79.58,1
Candidate_041,Inside Sales Representative,41-2031.00,Retail Salespersons,Speaking,3.75,3.12,0.0,0.687,2,1876,2449,13,0.8643994601889338,86.44,0.8644,0.758,75.8,2
Candidate_041,Inside Sales Representative,41-2031.00,Retail Salespersons,Science,1.0,0.0,0.0,0.1,3,1876,2449,13,0.8643994601889338,86.44,0.8644,0.406,40.58,3
Candidate_041,Licensed Practical Nurse (L.P.N.),29-2061.00,Licensed Practical and Licensed Vocational Nurses,Active Listening,3.88,4.0,0.0,0.788,1,437,527,10,0.3039192124973743,30.39,0.3039,0.594,59.44,1
Candidate_041,Licensed Practical Nurse (L.P.N.),29-2061.00,Licensed Practical and Licensed Vocational Nurses,Speaking,3.88,4.0,0.0,0.788,1,437,527,10,0.3039192124973743,30.39,0.3039,0.594,59.44,1
Candidate_041,Licensed Practical Nurse (L.P.N.),29-2061.00,Licensed Practical and Licensed Vocational Nurses,Science,2.62,2.62,0.0,0.524,2,437,527,10,0.3039192124973743,30.39,0.3039,0.436,43.6,2
Candidate_041,Office Administrator,43-1011.00,First-Line Supervisors of Office and Administrative Support Workers,Active Listening,4.0,4.0,0.0,0.8,1,676,1709,13,0.5286438829565303,52.86,0.5286,0.691,69.14,1
Candidate_041,Office Administrator,43-1011.00,First-Line Supervisors of Office and Administrative Support Workers,Speaking,4.0,4.0,0.0,0.8,1,676,1709,13,0.5286438829565303,52.86,0.5286,0.691,69.14,1
Candidate_041,Office Administrator,43-1011.00,First-Line Supervisors of Office and Administrative Support Workers,Science,1.38,0.38,0.0,0.176,2,676,1709,13,0.5286438829565303,52.86,0.5286,0.317,31.7,2
Candidate_041,Office Manager,43-1011.00,First-Line Supervisors of Office and Administrative Support Workers,Speaking,4.0,4.0,0.0,0.8,1,676,1709,13,0.5286438829565303,52.86,0.5286,0.691,69.14,1
Candidate_041,Office Manager,43-1011.00,First-Line Supervisors of Office and Administrative Support Workers,Active Listening,4.0,3.88,0.0,0.788,2,676,1709,13,0.5286438829565303,52.86,0.5286,0.684,68.42,2
Candidate_041,Office Manager,43-1011.00,First-Line Supervisors of Office and Administrative Support Workers,Science,1.0,0.0,0.0,0.1,3,676,1709,13,0.5286438829565303,52.86,0.5286,0.271,27.14,3
Candidate_041,Restaurant Manager,11-9051.00,Food Service Managers,Speaking,3.88,4.0,0.0,0.788,1,1139,1473,12,0.5865008675534992,58.65,0.5865,0.707,70.74,1
Candidate_041,Restaurant Manager,11-9051.00,Food Service Managers,Active Listening,3.88,3.5,0.0,0.738,2,1139,1473,12,0.5865008675534992,58.65,0.5865,0.677,67.74,2
Candidate_041,Restaurant Manager,11-9051.00,Food Service Managers,Science,1.62,0.62,0.0,0.224,3,1139,1473,12,0.5865008675534992,58.65,0.5865,0.369,36.9,3
Candidate_041,Retail Sales Associate,41-2031.00,Retail Salespersons,Active Listening,3.75,3.75,0.0,0.75,1,1876,2449,13,0.8643994601889338,86.44,0.8644,0.796,79.58,1
Candidate_041,Retail Sales Associate,41-2031.00,Retail Salespersons,Speaking,3.75,3.12,0.0,0.687,2,1876,2449,13,0.8643994601889338,86.44,0.8644,0.758,75.8,2
Candidate_041,Retail Sales Associate,41-2031.00,Retail Salespersons,Science,1.0,0.0,0.0,0.1,3,1876,2449,13,0.8643994601889338,86.44,0.8644,0.406,40.58,3
Candidate_041,Secondary School Teacher,25-2031.00,"Secondary School Teachers, Except Special and Career/Technical Education",Speaking,4.0,4.12,0.0,0.812,1,681,740,9,0.3635561348837076,36.36,0.3636,0.633,63.26,1
Candidate_041,Secondary School Teacher,25-2031.00,"Secondary School Teachers, Except Special and Career/Technical Education",Active Listening,4.0,4.0,0.0,0.8,2,681,740,9,0.3635561348837076,36.36,0.3636,0.625,62.54,2
Candidate_041,Secondary School Teacher,25-2031.00,"Secondary School Teachers, Except Special and Career/Technical Education",Science,2.0,1.88,0.0,0.388,3,681,740,9,0.3635561348837076,36.36,0.3636,0.378,37.82,3
Candidate_041,Software Developer,15-1252.00,Software Developers,Active Listening,3.38,3.88,0.0,0.726,1,323,344,8,0.2290858604605659,22.91,0.2291,0.527,52.72,1
Candidate_041,Software Developer,15-1252.00,Software Developers,Speaking,3.12,3.62,0.0,0.6739999999999999,2,323,344,8,0.2290858604605659,22.91,0.2291,0.496,49.6,2
Candidate_041,Software Developer,15-1252.00,Software Developers,Science,2.12,1.88,0.0,0.4,3,323,344,8,0.2290858604605659,22.91,0.2291,0.332,33.16,3
Candidate_042,Administrative Assistant,43-6014.00,"Secretaries and Administrative Assistants, Except Legal, Medical, and Executive",Active Listening,4.0,3.75,0.0,0.775,1,812,890,11,0.4384514673595585,43.85,0.4385,0.64,64.04,1
Candidate_042,Administrative Assistant,43-6014.00,"Secretaries and Administrative Assistants, Except Legal, Medical, and Executive",Speaking,4.0,3.62,0.0,0.762,2,812,890,11,0.4384514673595585,43.85,0.4385,0.633,63.26,2
Candidate_042,Administrative Assistant,43-6014.00,"Secretaries and Administrative Assistants, Except Legal, Medical, and Executive",Writing,3.75,3.5,0.0,0.725,3,812,890,11,0.4384514673595585,43.85,0.4385,0.61,61.04,3
Candidate_042,Administrative Assistant,43-6014.00,"Secretaries and Administrative Assistants, Except Legal, Medical, and Executive",Monitoring,3.12,3.25,0.0,0.637,4,812,890,11,0.4384514673595585,43.85,0.4385,0.558,55.76,4
Candidate_042,Bookkeeper,43-3031.00,"Bookkeeping, Accounting, and Auditing Clerks",Active Listening,3.25,3.75,0.0,0.7,1,396,422,11,0.2992257912289334,29.92,0.2992,0.54,53.97,1
Candidate_042,Bookkeeper,43-3031.00,"Bookkeeping, Accounting, and Auditing Clerks",Speaking,3.12,3.12,0.0,0.624,2,396,422,11,0.2992257912289334,29.92,0.2992,0.494,49.41,2
Candidate_042,Bookkeeper,43-3031.00,"Bookkeeping, Accounting, and Auditing Clerks",Writing,3.12,3.12,0.0,0.624,2,396,422,11,0.2992257912289334,29.92,0.2992,0.494,49.41,2
Candidate_042,Bookkeeper,43-3031.00,"Bookkeeping, Accounting, and Auditing Clerks",Monitoring,3.0,2.88,0.0,0.588,3,396,422,11,0.2992257912289334,29.92,0.2992,0.472,47.25,3
Candidate_042,Continuing Care Assistant,31-1131.00,Nursing Assistants,Active Listening,3.62,3.0,0.0,0.6619999999999999,1,819,1172,9,0.4396201180333152,43.96,0.4396,0.573,57.3,1
Candidate_042,Continuing Care Assistant,31-1131.00,Nursing Assistants,Monitoring,3.25,3.0,0.0,0.625,2,819,1172,9,0.4396201180333152,43.96,0.4396,0.551,55.08,2
Candidate_042,Continuing Care Assistant,31-1131.00,Nursing Assistants,Speaking,3.12,3.0,0.0,0.612,3,819,1172,9,0.4396201180333152,43.96,0.4396,0.543,54.3,3
Candidate_042,Continuing Care Assistant,31-1131.00,Nursing Assistants,Writing,2.75,2.75,0.0,0.55,4,819,1172,9,0.4396201180333152,43.96,0.4396,0.506,50.58,4
Candidate_042,Delivery Driver,53-3033.00,Light Truck Drivers,Active Listening,3.12,2.88,0.0,0.6,1,557,622,12,0.3705312074675783,37.05,0.3705,0.508,50.82,1
Candidate_042,Delivery Driver,53-3033.00,Light Truck Drivers,Speaking,3.12,2.88,0.0,0.6,1,557,622,12,0.3705312074675783,37.05,0.3705,0.508,50.82,1
Candidate_042,Delivery Driver,53-3033.00,Light Truck Drivers,Monitoring,3.12,2.75,0.0,0.587,2,557,622,12,0.3705312074675783,37.05,0.3705,0.5,50.04,2
Candidate_042,Delivery Driver,53-3033.00,Light Truck Drivers,Writing,2.75,2.5,0.0,0.525,3,557,622,12,0.3705312074675783,37.05,0.3705,0.463,46.32,3
Candidate_042,"Driver, Truck",53-3032.00,Heavy and Tractor-Trailer Truck Drivers,Monitoring,3.12,3.0,0.0,0.612,1,1423,3705,12,0.8880268984746598,88.8,0.888,0.722,72.24,1
Candidate_042,"Driver, Truck",53-3032.00,Heavy and Tractor-Trailer Truck Drivers,Active Listening,2.88,3.0,0.0,0.588,2,1423,3705,12,0.8880268984746598,88.8,0.888,0.708,70.8,2
Candidate_042,"Driver, Truck",53-3032.00,Heavy and Tractor-Trailer Truck Drivers,Speaking,3.0,2.88,0.0,0.588,2,1423,3705,12,0.8880268984746598,88.8,0.888,0.708,70.8,2
Candidate_042,"Driver, Truck",53-3032.00,Heavy and Tractor-Trailer Truck Drivers,Writing,2.75,2.62,0.0,0.537,3,1423,3705,12,0.8880268984746598,88.8,0.888,0.677,67.74,3
Candidate_042,Food Service Supervisor,35-1012.00,First-Line Supervisors of Food Preparation and Serving Workers,Monitoring,3.88,4.0,0.0,0.788,1,1061,2524,12,0.6833380235893983,68.33,0.6833,0.746,74.61,1
Candidate_042,Food Service Supervisor,35-1012.00,First-Line Supervisors of Food Preparation and Serving Workers,Speaking,3.88,4.0,0.0,0.788,1,1061,2524,12,0.6833380235893983,68.33,0.6833,0.746,74.61,1
Candidate_042,Food Service Supervisor,35-1012.00,First-Line Supervisors of Food Preparation and Serving Workers,Active Listening,3.75,3.0,0.0,0.675,2,1061,2524,12,0.6833380235893983,68.33,0.6833,0.678,67.83,2
Candidate_042,Food Service Supervisor,35-1012.00,First-Line Supervisors of Food Preparation and Serving Workers,Writing,3.0,3.12,0.0,0.612,3,1061,2524,12,0.6833380235893983,68.33,0.6833,0.641,64.05,3
Candidate_042,Information Technology (IT) Analyst,15-1211.00,Computer Systems Analysts,Active Listening,4.0,4.12,0.0,0.812,1,347,357,10,0.266375870790639,26.64,0.2664,0.594,59.38,1
Candidate_042,Information Technology (IT) Analyst,15-1211.00,Computer Systems Analysts,Speaking,4.0,4.0,0.0,0.8,2,347,357,10,0.266375870790639,26.64,0.2664,0.587,58.66,2
Candidate_042,Information Technology (IT) Analyst,15-1211.00,Computer Systems Analysts,Writing,4.0,4.0,0.0,0.8,2,347,357,10,0.266375870790639,26.64,0.2664,0.587,58.66,2
Candidate_042,Information Technology (IT) Analyst,15-1211.00,Computer Systems Analysts,Monitoring,3.62,4.0,0.0,0.762,3,347,357,10,0.266375870790639,26.64,0.2664,0.564,56.38,3
Candidate_042,Inside Sales Representative,41-2031.00,Retail Salespersons,Active Listening,3.75,3.75,0.0,0.75,1,1876,2449,13,0.8643994601889338,86.44,0.8644,0.796,79.58,1
Candidate_042,Inside Sales Representative,41-2031.00,Retail Salespersons,Speaking,3.75,3.12,0.0,0.687,2,1876,2449,13,0.8643994601889338,86.44,0.8644,0.758,75.8,2
Candidate_042,Inside Sales Representative,41-2031.00,Retail Salespersons,Monitoring,3.0,3.12,0.0,0.612,3,1876,2449,13,0.8643994601889338,86.44,0.8644,0.713,71.3,3
Candidate_042,Inside Sales Representative,41-2031.00,Retail Salespersons,Writing,3.0,3.0,0.0,0.6,4,1876,2449,13,0.8643994601889338,86.44,0.8644,0.706,70.58,4
Candidate_042,Licensed Practical Nurse (L.P.N.),29-2061.00,Licensed Practical and Licensed Vocational Nurses,Active Listening,3.88,4.0,0.0,0.788,1,437,527,10,0.3039192124973743,30.39,0.3039,0.594,59.44,1
Candidate_042,Licensed Practical Nurse (L.P.N.),29-2061.00,Licensed Practical and Licensed Vocational Nurses,Monitoring,3.88,4.0,0.0,0.788,1,437,527,10,0.3039192124973743,30.39,0.3039,0.594,59.44,1
Candidate_042,Licensed Practical Nurse (L.P.N.),29-2061.00,Licensed Practical and Licensed Vocational Nurses,Speaking,3.88,4.0,0.0,0.788,1,437,527,10,0.3039192124973743,30.39,0.3039,0.594,59.44,1
Candidate_042,Licensed Practical Nurse (L.P.N.),29-2061.00,Licensed Practical and Licensed Vocational Nurses,Writing,3.25,3.12,0.0,0.637,2,437,527,10,0.3039192124973743,30.39,0.3039,0.504,50.38,2
Candidate_042,Office Administrator,43-1011.00,First-Line Supervisors of Office and Administrative Support Workers,Active Listening,4.0,4.0,0.0,0.8,1,676,1709,13,0.5286438829565303,52.86,0.5286,0.691,69.14,1
Candidate_042,Office Administrator,43-1011.00,First-Line Supervisors of Office and Administrative Support Workers,Monitoring,4.0,4.0,0.0,0.8,1,676,1709,13,0.5286438829565303,52.86,0.5286,0.691,69.14,1
Candidate_042,Office Administrator,43-1011.00,First-Line Supervisors of Office and Administrative Support Workers,Speaking,4.0,4.0,0.0,0.8,1,676,1709,13,0.5286438829565303,52.86,0.5286,0.691,69.14,1
Candidate_042,Office Administrator,43-1011.00,First-Line Supervisors of Office and Administrative Support Workers,Writing,3.75,3.75,0.0,0.75,2,676,1709,13,0.5286438829565303,52.86,0.5286,0.661,66.14,2
Candidate_042,Office Manager,43-1011.00,First-Line Supervisors of Office and Administrative Support Workers,Monitoring,4.0,4.0,0.0,0.8,1,676,1709,13,0.5286438829565303,52.86,0.5286,0.691,69.14,1
Candidate_042,Office Manager,43-1011.00,First-Line Supervisors of Office and Administrative Support Workers,Speaking,4.0,4.0,0.0,0.8,1,676,1709,13,0.5286438829565303,52.86,0.5286,0.691,69.14,1
Candidate_042,Office Manager,43-1011.00,First-Line Supervisors of Office and Administrative Support Workers,Active Listening,4.0,3.88,0.0,0.788,2,676,1709,13,0.5286438829565303,52.86,0.5286,0.684,68.42,2
Candidate_042,Office Manager,43-1011.00,First-Line Supervisors of Office and Administrative Support Workers,Writing,3.75,3.75,0.0,0.75,3,676,1709,13,0.5286438829565303,52.86,0.5286,0.661,66.14,3
Candidate_042,Restaurant Manager,11-9051.00,Food Service Managers,Speaking,3.88,4.0,0.0,0.788,1,1139,1473,12,0.5865008675534992,58.65,0.5865,0.707,70.74,1
Candidate_042,Restaurant Manager,11-9051.00,Food Service Managers,Monitoring,3.88,3.88,0.0,0.776,2,1139,1473,12,0.5865008675534992,58.65,0.5865,0.7,70.02,2
Candidate_042,Restaurant Manager,11-9051.00,Food Service Managers,Active Listening,3.88,3.5,0.0,0.738,3,1139,1473,12,0.5865008675534992,58.65,0.5865,0.677,67.74,3
Candidate_042,Restaurant Manager,11-9051.00,Food Service Managers,Writing,3.0,3.12,0.0,0.612,4,1139,1473,12,0.5865008675534992,58.65,0.5865,0.602,60.18,4
Candidate_042,Retail Sales Associate,41-2031.00,Retail Salespersons,Active Listening,3.75,3.75,0.0,0.75,1,1876,2449,13,0.8643994601889338,86.44,0.8644,0.796,79.58,1
Candidate_042,Retail Sales Associate,41-2031.00,Retail Salespersons,Speaking,3.75,3.12,0.0,0.687,2,1876,2449,13,0.8643994601889338,86.44,0.8644,0.758,75.8,2
Candidate_042,Retail Sales Associate,41-2031.00,Retail Salespersons,Monitoring,3.0,3.12,0.0,0.612,3,1876,2449,13,0.8643994601889338,86.44,0.8644,0.713,71.3,3
Candidate_042,Retail Sales Associate,41-2031.00,Retail Salespersons,Writing,3.0,3.0,0.0,0.6,4,1876,2449,13,0.8643994601889338,86.44,0.8644,0.706,70.58,4
Candidate_042,Secondary School Teacher,25-2031.00,"Secondary School Teachers, Except Special and Career/Technical Education",Speaking,4.0,4.12,0.0,0.812,1,681,740,9,0.3635561348837076,36.36,0.3636,0.633,63.26,1
Candidate_042,Secondary School Teacher,25-2031.00,"Secondary School Teachers, Except Special and Career/Technical Education",Active Listening,4.0,4.0,0.0,0.8,2,681,740,9,0.3635561348837076,36.36,0.3636,0.625,62.54,2
Candidate_042,Secondary School Teacher,25-2031.00,"Secondary School Teachers, Except Special and Career/Technical Education",Monitoring,3.88,4.0,0.0,0.788,3,681,740,9,0.3635561348837076,36.36,0.3636,0.618,61.82,3
Candidate_042,Secondary School Teacher,25-2031.00,"Secondary School Teachers, Except Special and Career/Technical Education",Writing,3.62,3.75,0.0,0.737,4,681,740,9,0.3635561348837076,36.36,0.3636,0.588,58.76,4
Candidate_042,Software Developer,15-1252.00,Software Developers,Active Listening,3.38,3.88,0.0,0.726,1,323,344,8,0.2290858604605659,22.91,0.2291,0.527,52.72,1
Candidate_042,Software Developer,15-1252.00,Software Developers,Writing,3.25,3.62,0.0,0.687,2,323,344,8,0.2290858604605659,22.91,0.2291,0.504,50.38,2
Candidate_042,Software Developer,15-1252.00,Software Developers,Speaking,3.12,3.62,0.0,0.6739999999999999,3,323,344,8,0.2290858604605659,22.91,0.2291,0.496,49.6,3
Candidate_042,Software Developer,15-1252.00,Software Developers,Monitoring,3.0,3.5,0.0,0.6499999999999999,4,323,344,8,0.2290858604605659,22.91,0.2291,0.482,48.16,4
Candidate_043,Administrative Assistant,43-6014.00,"Secretaries and Administrative Assistants, Except Legal, Medical, and Executive",Writing,3.75,3.5,0.0,0.725,1,812,890,11,0.4384514673595585,43.85,0.4385,0.61,61.04,1
Candidate_043,Administrative Assistant,43-6014.00,"Secretaries and Administrative Assistants, Except Legal, Medical, and Executive",Monitoring,3.12,3.25,0.0,0.637,2,812,890,11,0.4384514673595585,43.85,0.4385,0.558,55.76,2
Candidate_043,Bookkeeper,43-3031.00,"Bookkeeping, Accounting, and Auditing Clerks",Writing,3.12,3.12,0.0,0.624,1,396,422,11,0.2992257912289334,29.92,0.2992,0.494,49.41,1
Candidate_043,Bookkeeper,43-3031.00,"Bookkeeping, Accounting, and Auditing Clerks",Monitoring,3.0,2.88,0.0,0.588,2,396,422,11,0.2992257912289334,29.92,0.2992,0.472,47.25,2
Candidate_043,Continuing Care Assistant,31-1131.00,Nursing Assistants,Monitoring,3.25,3.0,0.0,0.625,1,819,1172,9,0.4396201180333152,43.96,0.4396,0.551,55.08,1
Candidate_043,Continuing Care Assistant,31-1131.00,Nursing Assistants,Writing,2.75,2.75,0.0,0.55,2,819,1172,9,0.4396201180333152,43.96,0.4396,0.506,50.58,2
Candidate_043,Delivery Driver,53-3033.00,Light Truck Drivers,Monitoring,3.12,2.75,0.0,0.587,1,557,622,12,0.3705312074675783,37.05,0.3705,0.5,50.04,1
Candidate_043,Delivery Driver,53-3033.00,Light Truck Drivers,Writing,2.75,2.5,0.0,0.525,2,557,622,12,0.3705312074675783,37.05,0.3705,0.463,46.32,2
Candidate_043,"Driver, Truck",53-3032.00,Heavy and Tractor-Trailer Truck Drivers,Monitoring,3.12,3.0,0.0,0.612,1,1423,3705,12,0.8880268984746598,88.8,0.888,0.722,72.24,1
Candidate_043,"Driver, Truck",53-3032.00,Heavy and Tractor-Trailer Truck Drivers,Writing,2.75,2.62,0.0,0.537,2,1423,3705,12,0.8880268984746598,88.8,0.888,0.677,67.74,2
Candidate_043,Food Service Supervisor,35-1012.00,First-Line Supervisors of Food Preparation and Serving Workers,Monitoring,3.88,4.0,0.0,0.788,1,1061,2524,12,0.6833380235893983,68.33,0.6833,0.746,74.61,1
Candidate_043,Food Service Supervisor,35-1012.00,First-Line Supervisors of Food Preparation and Serving Workers,Writing,3.0,3.12,0.0,0.612,2,1061,2524,12,0.6833380235893983,68.33,0.6833,0.641,64.05,2
Candidate_043,Information Technology (IT) Analyst,15-1211.00,Computer Systems Analysts,Writing,4.0,4.0,0.0,0.8,1,347,357,10,0.266375870790639,26.64,0.2664,0.587,58.66,1
Candidate_043,Information Technology (IT) Analyst,15-1211.00,Computer Systems Analysts,Monitoring,3.62,4.0,0.0,0.762,2,347,357,10,0.266375870790639,26.64,0.2664,0.564,56.38,2
Candidate_043,Inside Sales Representative,41-2031.00,Retail Salespersons,Monitoring,3.0,3.12,0.0,0.612,1,1876,2449,13,0.8643994601889338,86.44,0.8644,0.713,71.3,1
Candidate_043,Inside Sales Representative,41-2031.00,Retail Salespersons,Writing,3.0,3.0,0.0,0.6,2,1876,2449,13,0.8643994601889338,86.44,0.8644,0.706,70.58,2
Candidate_043,Licensed Practical Nurse (L.P.N.),29-2061.00,Licensed Practical and Licensed Vocational Nurses,Monitoring,3.88,4.0,0.0,0.788,1,437,527,10,0.3039192124973743,30.39,0.3039,0.594,59.44,1
Candidate_043,Licensed Practical Nurse (L.P.N.),29-2061.00,Licensed Practical and Licensed Vocational Nurses,Writing,3.25,3.12,0.0,0.637,2,437,527,10,0.3039192124973743,30.39,0.3039,0.504,50.38,2
Candidate_043,Office Administrator,43-1011.00,First-Line Supervisors of Office and Administrative Support Workers,Monitoring,4.0,4.0,0.0,0.8,1,676,1709,13,0.5286438829565303,52.86,0.5286,0.691,69.14,1
Candidate_043,Office Administrator,43-1011.00,First-Line Supervisors of Office and Administrative Support Workers,Writing,3.75,3.75,0.0,0.75,2,676,1709,13,0.5286438829565303,52.86,0.5286,0.661,66.14,2
Candidate_043,Office Manager,43-1011.00,First-Line Supervisors of Office and Administrative Support Workers,Monitoring,4.0,4.0,0.0,0.8,1,676,1709,13,0.5286438829565303,52.86,0.5286,0.691,69.14,1
Candidate_043,Office Manager,43-1011.00,First-Line Supervisors of Office and Administrative Support Workers,Writing,3.75,3.75,0.0,0.75,2,676,1709,13,0.5286438829565303,52.86,0.5286,0.661,66.14,2
Candidate_043,Restaurant Manager,11-9051.00,Food Service Managers,Monitoring,3.88,3.88,0.0,0.776,1,1139,1473,12,0.5865008675534992,58.65,0.5865,0.7,70.02,1
Candidate_043,Restaurant Manager,11-9051.00,Food Service Managers,Writing,3.0,3.12,0.0,0.612,2,1139,1473,12,0.5865008675534992,58.65,0.5865,0.602,60.18,2
Candidate_043,Retail Sales Associate,41-2031.00,Retail Salespersons,Monitoring,3.0,3.12,0.0,0.612,1,1876,2449,13,0.8643994601889338,86.44,0.8644,0.713,71.3,1
Candidate_043,Retail Sales Associate,41-2031.00,Retail Salespersons,Writing,3.0,3.0,0.0,0.6,2,1876,2449,13,0.8643994601889338,86.44,0.8644,0.706,70.58,2
Candidate_043,Secondary School Teacher,25-2031.00,"Secondary School Teachers, Except Special and Career/Technical Education",Monitoring,3.88,4.0,0.0,0.788,1,681,740,9,0.3635561348837076,36.36,0.3636,0.618,61.82,1
Candidate_043,Secondary School Teacher,25-2031.00,"Secondary School Teachers, Except Special and Career/Technical Education",Writing,3.62,3.75,0.0,0.737,2,681,740,9,0.3635561348837076,36.36,0.3636,0.588,58.76,2
Candidate_043,Software Developer,15-1252.00,Software Developers,Writing,3.25,3.62,0.0,0.687,1,323,344,8,0.2290858604605659,22.91,0.2291,0.504,50.38,1
Candidate_043,Software Developer,15-1252.00,Software Developers,Monitoring,3.0,3.5,0.0,0.6499999999999999,2,323,344,8,0.2290858604605659,22.91,0.2291,0.482,48.16,2
Candidate_044,Administrative Assistant,43-6014.00,"Secretaries and Administrative Assistants, Except Legal, Medical, and Executive",Active Listening,4.0,3.75,0.0,0.775,1,812,890,11,0.4384514673595585,43.85,0.4385,0.64,64.04,1
Candidate_044,Administrative Assistant,43-6014.00,"Secretaries and Administrative Assistants, Except Legal, Medical, and Executive",Speaking,4.0,3.62,0.0,0.762,2,812,890,11,0.4384514673595585,43.85,0.4385,0.633,63.26,2
Candidate_044,Bookkeeper,43-3031.00,"Bookkeeping, Accounting, and Auditing Clerks",Active Listening,3.25,3.75,0.0,0.7,1,396,422,11,0.2992257912289334,29.92,0.2992,0.54,53.97,1
Candidate_044,Bookkeeper,43-3031.00,"Bookkeeping, Accounting, and Auditing Clerks",Speaking,3.12,3.12,0.0,0.624,2,396,422,11,0.2992257912289334,29.92,0.2992,0.494,49.41,2
Candidate_044,Continuing Care Assistant,31-1131.00,Nursing Assistants,Active Listening,3.62,3.0,0.0,0.6619999999999999,1,819,1172,9,0.4396201180333152,43.96,0.4396,0.573,57.3,1
Candidate_044,Continuing Care Assistant,31-1131.00,Nursing Assistants,Speaking,3.12,3.0,0.0,0.612,2,819,1172,9,0.4396201180333152,43.96,0.4396,0.543,54.3,2
Candidate_044,Delivery Driver,53-3033.00,Light Truck Drivers,Active Listening,3.12,2.88,0.0,0.6,1,557,622,12,0.3705312074675783,37.05,0.3705,0.508,50.82,1
Candidate_044,Delivery Driver,53-3033.00,Light Truck Drivers,Speaking,3.12,2.88,0.0,0.6,1,557,622,12,0.3705312074675783,37.05,0.3705,0.508,50.82,1
Candidate_044,"Driver, Truck",53-3032.00,Heavy and Tractor-Trailer Truck Drivers,Active Listening,2.88,3.0,0.0,0.588,1,1423,3705,12,0.8880268984746598,88.8,0.888,0.708,70.8,1
Candidate_044,"Driver, Truck",53-3032.00,Heavy and Tractor-Trailer Truck Drivers,Speaking,3.0,2.88,0.0,0.588,1,1423,3705,12,0.8880268984746598,88.8,0.888,0.708,70.8,1
Candidate_044,Food Service Supervisor,35-1012.00,First-Line Supervisors of Food Preparation and Serving Workers,Speaking,3.88,4.0,0.0,0.788,1,1061,2524,12,0.6833380235893983,68.33,0.6833,0.746,74.61,1
Candidate_044,Food Service Supervisor,35-1012.00,First-Line Supervisors of Food Preparation and Serving Workers,Active Listening,3.75,3.0,0.0,0.675,2,1061,2524,12,0.6833380235893983,68.33,0.6833,0.678,67.83,2
Candidate_044,Information Technology (IT) Analyst,15-1211.00,Computer Systems Analysts,Active Listening,4.0,4.12,0.0,0.812,1,347,357,10,0.266375870790639,26.64,0.2664,0.594,59.38,1
Candidate_044,Information Technology (IT) Analyst,15-1211.00,Computer Systems Analysts,Speaking,4.0,4.0,0.0,0.8,2,347,357,10,0.266375870790639,26.64,0.2664,0.587,58.66,2
Candidate_044,Inside Sales Representative,41-2031.00,Retail Salespersons,Active Listening,3.75,3.75,0.0,0.75,1,1876,2449,13,0.8643994601889338,86.44,0.8644,0.796,79.58,1
Candidate_044,Inside Sales Representative,41-2031.00,Retail Salespersons,Speaking,3.75,3.12,0.0,0.687,2,1876,2449,13,0.8643994601889338,86.44,0.8644,0.758,75.8,2
Candidate_044,Licensed Practical Nurse (L.P.N.),29-2061.00,Licensed Practical and Licensed Vocational Nurses,Active Listening,3.88,4.0,0.0,0.788,1,437,527,10,0.3039192124973743,30.39,0.3039,0.594,59.44,1
Candidate_044,Licensed Practical Nurse (L.P.N.),29-2061.00,Licensed Practical and Licensed Vocational Nurses,Speaking,3.88,4.0,0.0,0.788,1,437,527,10,0.3039192124973743,30.39,0.3039,0.594,59.44,1
Candidate_044,Office Administrator,43-1011.00,First-Line Supervisors of Office and Administrative Support Workers,Active Listening,4.0,4.0,0.0,0.8,1,676,1709,13,0.5286438829565303,52.86,0.5286,0.691,69.14,1
Candidate_044,Office Administrator,43-1011.00,First-Line Supervisors of Office and Administrative Support Workers,Speaking,4.0,4.0,0.0,0.8,1,676,1709,13,0.5286438829565303,52.86,0.5286,0.691,69.14,1
Candidate_044,Office Manager,43-1011.00,First-Line Supervisors of Office and Administrative Support Workers,Speaking,4.0,4.0,0.0,0.8,1,676,1709,13,0.5286438829565303,52.86,0.5286,0.691,69.14,1
Candidate_044,Office Manager,43-1011.00,First-Line Supervisors of Office and Administrative Support Workers,Active Listening,4.0,3.88,0.0,0.788,2,676,1709,13,0.5286438829565303,52.86,0.5286,0.684,68.42,2
Candidate_044,Restaurant Manager,11-9051.00,Food Service Managers,Speaking,3.88,4.0,0.0,0.788,1,1139,1473,12,0.5865008675534992,58.65,0.5865,0.707,70.74,1
Candidate_044,Restaurant Manager,11-9051.00,Food Service Managers,Active Listening,3.88,3.5,0.0,0.738,2,1139,1473,12,0.5865008675534992,58.65,0.5865,0.677,67.74,2
Candidate_044,Retail Sales Associate,41-2031.00,Retail Salespersons,Active Listening,3.75,3.75,0.0,0.75,1,1876,2449,13,0.8643994601889338,86.44,0.8644,0.796,79.58,1
Candidate_044,Retail Sales Associate,41-2031.00,Retail Salespersons,Speaking,3.75,3.12,0.0,0.687,2,1876,2449,13,0.8643994601889338,86.44,0.8644,0.758,75.8,2
Candidate_044,Secondary School Teacher,25-2031.00,"Secondary School Teachers, Except Special and Career/Technical Education",Speaking,4.0,4.12,0.0,0.812,1,681,740,9,0.3635561348837076,36.36,0.3636,0.633,63.26,1
Candidate_044,Secondary School Teacher,25-2031.00,"Secondary School Teachers, Except Special and Career/Technical Education",Active Listening,4.0,4.0,0.0,0.8,2,681,740,9,0.3635561348837076,36.36,0.3636,0.625,62.54,2
Candidate_044,Software Developer,15-1252.00,Software Developers,Active Listening,3.38,3.88,0.0,0.726,1,323,344,8,0.2290858604605659,22.91,0.2291,0.527,52.72,1
Candidate_044,Software Developer,15-1252.00,Software Developers,Speaking,3.12,3.62,0.0,0.6739999999999999,2,323,344,8,0.2290858604605659,22.91,0.2291,0.496,49.6,2
Candidate_045,Administrative Assistant,43-6014.00,"Secretaries and Administrative Assistants, Except Legal, Medical, and Executive",Active Learning,2.88,3.0,0.0,0.588,1,812,890,11,0.4384514673595585,43.85,0.4385,0.528,52.82,1
Candidate_045,Administrative Assistant,43-6014.00,"Secretaries and Administrative Assistants, Except Legal, Medical, and Executive",Learning Strategies,2.12,1.88,0.0,0.4,2,812,890,11,0.4384514673595585,43.85,0.4385,0.415,41.54,2
Candidate_045,Administrative Assistant,43-6014.00,"Secretaries and Administrative Assistants, Except Legal, Medical, and Executive",Science,1.0,0.0,0.0,0.1,3,812,890,11,0.4384514673595585,43.85,0.4385,0.235,23.54,3
Candidate_045,Bookkeeper,43-3031.00,"Bookkeeping, Accounting, and Auditing Clerks",Active Learning,2.75,3.12,0.0,0.587,1,396,422,11,0.2992257912289334,29.92,0.2992,0.472,47.19,1
Candidate_045,Bookkeeper,43-3031.00,"Bookkeeping, Accounting, and Auditing Clerks",Learning Strategies,2.0,1.88,0.0,0.388,2,396,422,11,0.2992257912289334,29.92,0.2992,0.352,35.25,2
Candidate_045,Bookkeeper,43-3031.00,"Bookkeeping, Accounting, and Auditing Clerks",Science,1.12,0.12,0.0,0.12400000000000001,3,396,422,11,0.2992257912289334,29.92,0.2992,0.194,19.41,3
Candidate_045,Continuing Care Assistant,31-1131.00,Nursing Assistants,Active Learning,2.88,2.75,0.0,0.563,1,819,1172,9,0.4396201180333152,43.96,0.4396,0.514,51.36,1
Candidate_045,Continuing Care Assistant,31-1131.00,Nursing Assistants,Learning Strategies,2.38,2.12,0.0,0.45,2,819,1172,9,0.4396201180333152,43.96,0.4396,0.446,44.58,2
Candidate_045,Continuing Care Assistant,31-1131.00,Nursing Assistants,Science,1.75,0.88,0.0,0.263,3,819,1172,9,0.4396201180333152,43.96,0.4396,0.334,33.36,3
Candidate_045,Delivery Driver,53-3033.00,Light Truck Drivers,Active Learning,2.12,2.0,0.0,0.41200000000000003,1,557,622,12,0.3705312074675783,37.05,0.3705,0.395,39.54,1
Candidate_045,Delivery Driver,53-3033.00,Light Truck Drivers,Learning Strategies,2.0,1.62,0.0,0.362,2,557,622,12,0.3705312074675783,37.05,0.3705,0.365,36.54,2
Candidate_045,Delivery Driver,53-3033.00,Light Truck Drivers,Science,1.12,0.12,0.0,0.12400000000000001,3,557,622,12,0.3705312074675783,37.05,0.3705,0.223,22.26,3
Candidate_045,"Driver, Truck",53-3032.00,Heavy and Tractor-Trailer Truck Drivers,Active Learning,2.5,2.12,0.0,0.462,1,1423,3705,12,0.8880268984746598,88.8,0.888,0.632,63.24,1
Candidate_045,"Driver, Truck",53-3032.00,Heavy and Tractor-Trailer Truck Drivers,Learning Strategies,2.0,1.75,0.0,0.375,2,1423,3705,12,0.8880268984746598,88.8,0.888,0.58,58.02,2
Candidate_045,"Driver, Truck",53-3032.00,Heavy and Tractor-Trailer Truck Drivers,Science,1.0,0.0,0.0,0.1,3,1423,3705,12,0.8880268984746598,88.8,0.888,0.415,41.52,3
Candidate_045,Food Service Supervisor,35-1012.00,First-Line Supervisors of Food Preparation and Serving Workers,Learning Strategies,3.12,3.12,0.0,0.624,1,1061,2524,12,0.6833380235893983,68.33,0.6833,0.648,64.77,1
Candidate_045,Food Service Supervisor,35-1012.00,First-Line Supervisors of Food Preparation and Serving Workers,Active Learning,3.0,3.12,0.0,0.612,2,1061,2524,12,0.6833380235893983,68.33,0.6833,0.641,64.05,2
Candidate_045,Food Service Supervisor,35-1012.00,First-Line Supervisors of Food Preparation and Serving Workers,Science,1.0,0.0,0.0,0.1,3,1061,2524,12,0.6833380235893983,68.33,0.6833,0.333,33.33,3
Candidate_045,Information Technology (IT) Analyst,15-1211.00,Computer Systems Analysts,Active Learning,3.75,4.75,0.0,0.85,1,347,357,10,0.266375870790639,26.64,0.2664,0.617,61.66,1
Candidate_045,Information Technology (IT) Analyst,15-1211.00,Computer Systems Analysts,Learning Strategies,3.75,4.0,0.0,0.775,2,347,357,10,0.266375870790639,26.64,0.2664,0.572,57.16,2
Candidate_045,Information Technology (IT) Analyst,15-1211.00,Computer Systems Analysts,Science,2.75,3.12,0.0,0.587,3,347,357,10,0.266375870790639,26.64,0.2664,0.459,45.88,3
Candidate_045,Inside Sales Representative,41-2031.00,Retail Salespersons,Active Learning,3.0,2.88,0.0,0.588,1,1876,2449,13,0.8643994601889338,86.44,0.8644,0.699,69.86,1
Candidate_045,Inside Sales Representative,41-2031.00,Retail Salespersons,Learning Strategies,2.62,2.25,0.0,0.487,2,1876,2449,13,0.8643994601889338,86.44,0.8644,0.638,63.8,2
Candidate_045,Inside Sales Representative,41-2031.00,Retail Salespersons,Science,1.0,0.0,0.0,0.1,3,1876,2449,13,0.8643994601889338,86.44,0.8644,0.406,40.58,3
Candidate_045,Licensed Practical Nurse (L.P.N.),29-2061.00,Licensed Practical and Licensed Vocational Nurses,Active Learning,3.38,3.25,0.0,0.663,1,437,527,10,0.3039192124973743,30.39,0.3039,0.519,51.94,1
Candidate_045,Licensed Practical Nurse (L.P.N.),29-2061.00,Licensed Practical and Licensed Vocational Nurses,Learning Strategies,3.12,3.12,0.0,0.624,2,437,527,10,0.3039192124973743,30.39,0.3039,0.496,49.6,2
Candidate_045,Licensed Practical Nurse (L.P.N.),29-2061.00,Licensed Practical and Licensed Vocational Nurses,Science,2.62,2.62,0.0,0.524,3,437,527,10,0.3039192124973743,30.39,0.3039,0.436,43.6,3
Candidate_045,Office Administrator,43-1011.00,First-Line Supervisors of Office and Administrative Support Workers,Active Learning,3.75,3.75,0.0,0.75,1,676,1709,13,0.5286438829565303,52.86,0.5286,0.661,66.14,1
Candidate_045,Office Administrator,43-1011.00,First-Line Supervisors of Office and Administrative Support Workers,Learning Strategies,3.62,3.75,0.0,0.737,2,676,1709,13,0.5286438829565303,52.86,0.5286,0.654,65.36,2
Candidate_045,Office Administrator,43-1011.00,First-Line Supervisors of Office and Administrative Support Workers,Science,1.38,0.38,0.0,0.176,3,676,1709,13,0.5286438829565303,52.86,0.5286,0.317,31.7,3
Candidate_045,Office Manager,43-1011.00,First-Line Supervisors of Office and Administrative Support Workers,Active Learning,3.75,3.75,0.0,0.75,1,676,1709,13,0.5286438829565303,52.86,0.5286,0.661,66.14,1
Candidate_045,Office Manager,43-1011.00,First-Line Supervisors of Office and Administrative Support Workers,Learning Strategies,3.62,3.75,0.0,0.737,2,676,1709,13,0.5286438829565303,52.86,0.5286,0.654,65.36,2
Candidate_045,Office Manager,43-1011.00,First-Line Supervisors of Office and Administrative Support Workers,Science,1.0,0.0,0.0,0.1,3,676,1709,13,0.5286438829565303,52.86,0.5286,0.271,27.14,3
Candidate_045,Restaurant Manager,11-9051.00,Food Service Managers,Active Learning,3.12,3.75,0.0,0.687,1,1139,1473,12,0.5865008675534992,58.65,0.5865,0.647,64.68,1
Candidate_045,Restaurant Manager,11-9051.00,Food Service Managers,Learning Strategies,3.12,3.12,0.0,0.624,2,1139,1473,12,0.5865008675534992,58.65,0.5865,0.609,60.9,2
Candidate_045,Restaurant Manager,11-9051.00,Food Service Managers,Science,1.62,0.62,0.0,0.224,3,1139,1473,12,0.5865008675534992,58.65,0.5865,0.369,36.9,3
Candidate_045,Retail Sales Associate,41-2031.00,Retail Salespersons,Active Learning,3.0,2.88,0.0,0.588,1,1876,2449,13,0.8643994601889338,86.44,0.8644,0.699,69.86,1
Candidate_045,Retail Sales Associate,41-2031.00,Retail Salespersons,Learning Strategies,2.62,2.25,0.0,0.487,2,1876,2449,13,0.8643994601889338,86.44,0.8644,0.638,63.8,2
Candidate_045,Retail Sales Associate,41-2031.00,Retail Salespersons,Science,1.0,0.0,0.0,0.1,3,1876,2449,13,0.8643994601889338,86.44,0.8644,0.406,40.58,3
Candidate_045,Secondary School Teacher,25-2031.00,"Secondary School Teachers, Except Special and Career/Technical Education",Learning Strategies,4.0,4.25,0.0,0.825,1,681,740,9,0.3635561348837076,36.36,0.3636,0.64,64.04,1
Candidate_045,Secondary School Teacher,25-2031.00,"Secondary School Teachers, Except Special and Career/Technical Education",Active Learning,3.75,3.88,0.0,0.763,2,681,740,9,0.3635561348837076,36.36,0.3636,0.603,60.32,2
Candidate_045,Secondary School Teacher,25-2031.00,"Secondary School Teachers, Except Special and Career/Technical Education",Science,2.0,1.88,0.0,0.388,3,681,740,9,0.3635561348837076,36.36,0.3636,0.378,37.82,3
Candidate_045,Software Developer,15-1252.00,Software Developers,Active Learning,3.5,3.62,0.0,0.712,1,323,344,8,0.2290858604605659,22.91,0.2291,0.519,51.88,1
Candidate_045,Software Developer,15-1252.00,Software Developers,Learning Strategies,2.62,3.12,0.0,0.5740000000000001,2,323,344,8,0.2290858604605659,22.91,0.2291,0.436,43.6,2
Candidate_045,Software Developer,15-1252.00,Software Developers,Science,2.12,1.88,0.0,0.4,3,323,344,8,0.2290858604605659,22.91,0.2291,0.332,33.16,3
Candidate_046,Administrative Assistant,43-6014.00,"Secretaries and Administrative Assistants, Except Legal, Medical, and Executive",Active Listening,4.0,3.75,0.0,0.775,1,812,890,11,0.4384514673595585,43.85,0.4385,0.64,64.04,1
Candidate_046,Administrative Assistant,43-6014.00,"Secretaries and Administrative Assistants, Except Legal, Medical, and Executive",Speaking,4.0,3.62,0.0,0.762,2,812,890,11,0.4384514673595585,43.85,0.4385,0.633,63.26,2
Candidate_046,Administrative Assistant,43-6014.00,"Secretaries and Administrative Assistants, Except Legal, Medical, and Executive",Monitoring,3.12,3.25,0.0,0.637,3,812,890,11,0.4384514673595585,43.85,0.4385,0.558,55.76,3
Candidate_046,Administrative Assistant,43-6014.00,"Secretaries and Administrative Assistants, Except Legal, Medical, and Executive",Science,1.0,0.0,0.0,0.1,4,812,890,11,0.4384514673595585,43.85,0.4385,0.235,23.54,4
Candidate_046,Bookkeeper,43-3031.00,"Bookkeeping, Accounting, and Auditing Clerks",Active Listening,3.25,3.75,0.0,0.7,1,396,422,11,0.2992257912289334,29.92,0.2992,0.54,53.97,1
Candidate_046,Bookkeeper,43-3031.00,"Bookkeeping, Accounting, and Auditing Clerks",Speaking,3.12,3.12,0.0,0.624,2,396,422,11,0.2992257912289334,29.92,0.2992,0.494,49.41,2
Candidate_046,Bookkeeper,43-3031.00,"Bookkeeping, Accounting, and Auditing Clerks",Monitoring,3.0,2.88,0.0,0.588,3,396,422,11,0.2992257912289334,29.92,0.2992,0.472,47.25,3
Candidate_046,Bookkeeper,43-3031.00,"Bookkeeping, Accounting, and Auditing Clerks",Science,1.12,0.12,0.0,0.12400000000000001,4,396,422,11,0.2992257912289334,29.92,0.2992,0.194,19.41,4
Candidate_046,Continuing Care Assistant,31-1131.00,Nursing Assistants,Active Listening,3.62,3.0,0.0,0.6619999999999999,1,819,1172,9,0.4396201180333152,43.96,0.4396,0.573,57.3,1
Candidate_046,Continuing Care Assistant,31-1131.00,Nursing Assistants,Monitoring,3.25,3.0,0.0,0.625,2,819,1172,9,0.4396201180333152,43.96,0.4396,0.551,55.08,2
Candidate_046,Continuing Care Assistant,31-1131.00,Nursing Assistants,Speaking,3.12,3.0,0.0,0.612,3,819,1172,9,0.4396201180333152,43.96,0.4396,0.543,54.3,3
Candidate_046,Continuing Care Assistant,31-1131.00,Nursing Assistants,Science,1.75,0.88,0.0,0.263,4,819,1172,9,0.4396201180333152,43.96,0.4396,0.334,33.36,4
Candidate_046,Delivery Driver,53-3033.00,Light Truck Drivers,Active Listening,3.12,2.88,0.0,0.6,1,557,622,12,0.3705312074675783,37.05,0.3705,0.508,50.82,1
Candidate_046,Delivery Driver,53-3033.00,Light Truck Drivers,Speaking,3.12,2.88,0.0,0.6,1,557,622,12,0.3705312074675783,37.05,0.3705,0.508,50.82,1
Candidate_046,Delivery Driver,53-3033.00,Light Truck Drivers,Monitoring,3.12,2.75,0.0,0.587,2,557,622,12,0.3705312074675783,37.05,0.3705,0.5,50.04,2
Candidate_046,Delivery Driver,53-3033.00,Light Truck Drivers,Science,1.12,0.12,0.0,0.12400000000000001,3,557,622,12,0.3705312074675783,37.05,0.3705,0.223,22.26,3
Candidate_046,"Driver, Truck",53-3032.00,Heavy and Tractor-Trailer Truck Drivers,Monitoring,3.12,3.0,0.0,0.612,1,1423,3705,12,0.8880268984746598,88.8,0.888,0.722,72.24,1
Candidate_046,"Driver, Truck",53-3032.00,Heavy and Tractor-Trailer Truck Drivers,Active Listening,2.88,3.0,0.0,0.588,2,1423,3705,12,0.8880268984746598,88.8,0.888,0.708,70.8,2
Candidate_046,"Driver, Truck",53-3032.00,Heavy and Tractor-Trailer Truck Drivers,Speaking,3.0,2.88,0.0,0.588,2,1423,3705,12,0.8880268984746598,88.8,0.888,0.708,70.8,2
Candidate_046,"Driver, Truck",53-3032.00,Heavy and Tractor-Trailer Truck Drivers,Science,1.0,0.0,0.0,0.1,3,1423,3705,12,0.8880268984746598,88.8,0.888,0.415,41.52,3
Candidate_046,Food Service Supervisor,35-1012.00,First-Line Supervisors of Food Preparation and Serving Workers,Monitoring,3.88,4.0,0.0,0.788,1,1061,2524,12,0.6833380235893983,68.33,0.6833,0.746,74.61,1
Candidate_046,Food Service Supervisor,35-1012.00,First-Line Supervisors of Food Preparation and Serving Workers,Speaking,3.88,4.0,0.0,0.788,1,1061,2524,12,0.6833380235893983,68.33,0.6833,0.746,74.61,1
Candidate_046,Food Service Supervisor,35-1012.00,First-Line Supervisors of Food Preparation and Serving Workers,Active Listening,3.75,3.0,0.0,0.675,2,1061,2524,12,0.6833380235893983,68.33,0.6833,0.678,67.83,2
Candidate_046,Food Service Supervisor,35-1012.00,First-Line Supervisors of Food Preparation and Serving Workers,Science,1.0,0.0,0.0,0.1,3,1061,2524,12,0.6833380235893983,68.33,0.6833,0.333,33.33,3
Candidate_046,Information Technology (IT) Analyst,15-1211.00,Computer Systems Analysts,Active Listening,4.0,4.12,0.0,0.812,1,347,357,10,0.266375870790639,26.64,0.2664,0.594,59.38,1
Candidate_046,Information Technology (IT) Analyst,15-1211.00,Computer Systems Analysts,Speaking,4.0,4.0,0.0,0.8,2,347,357,10,0.266375870790639,26.64,0.2664,0.587,58.66,2
Candidate_046,Information Technology (IT) Analyst,15-1211.00,Computer Systems Analysts,Monitoring,3.62,4.0,0.0,0.762,3,347,357,10,0.266375870790639,26.64,0.2664,0.564,56.38,3
Candidate_046,Information Technology (IT) Analyst,15-1211.00,Computer Systems Analysts,Science,2.75,3.12,0.0,0.587,4,347,357,10,0.266375870790639,26.64,0.2664,0.459,45.88,4
Candidate_046,Inside Sales Representative,41-2031.00,Retail Salespersons,Active Listening,3.75,3.75,0.0,0.75,1,1876,2449,13,0.8643994601889338,86.44,0.8644,0.796,79.58,1
Candidate_046,Inside Sales Representative,41-2031.00,Retail Salespersons,Speaking,3.75,3.12,0.0,0.687,2,1876,2449,13,0.8643994601889338,86.44,0.8644,0.758,75.8,2
Candidate_046,Inside Sales Representative,41-2031.00,Retail Salespersons,Monitoring,3.0,3.12,0.0,0.612,3,1876,2449,13,0.8643994601889338,86.44,0.8644,0.713,71.3,3
Candidate_046,Inside Sales Representative,41-2031.00,Retail Salespersons,Science,1.0,0.0,0.0,0.1,4,1876,2449,13,0.8643994601889338,86.44,0.8644,0.406,40.58,4
Candidate_046,Licensed Practical Nurse (L.P.N.),29-2061.00,Licensed Practical and Licensed Vocational Nurses,Active Listening,3.88,4.0,0.0,0.788,1,437,527,10,0.3039192124973743,30.39,0.3039,0.594,59.44,1
Candidate_046,Licensed Practical Nurse (L.P.N.),29-2061.00,Licensed Practical and Licensed Vocational Nurses,Monitoring,3.88,4.0,0.0,0.788,1,437,527,10,0.3039192124973743,30.39,0.3039,0.594,59.44,1
Candidate_046,Licensed Practical Nurse (L.P.N.),29-2061.00,Licensed Practical and Licensed Vocational Nurses,Speaking,3.88,4.0,0.0,0.788,1,437,527,10,0.3039192124973743,30.39,0.3039,0.594,59.44,1
Candidate_046,Licensed Practical Nurse (L.P.N.),29-2061.00,Licensed Practical and Licensed Vocational Nurses,Science,2.62,2.62,0.0,0.524,2,437,527,10,0.3039192124973743,30.39,0.3039,0.436,43.6,2
Candidate_046,Office Administrator,43-1011.00,First-Line Supervisors of Office and Administrative Support Workers,Active Listening,4.0,4.0,0.0,0.8,1,676,1709,13,0.5286438829565303,52.86,0.5286,0.691,69.14,1
Candidate_046,Office Administrator,43-1011.00,First-Line Supervisors of Office and Administrative Support Workers,Monitoring,4.0,4.0,0.0,0.8,1,676,1709,13,0.5286438829565303,52.86,0.5286,0.691,69.14,1
Candidate_046,Office Administrator,43-1011.00,First-Line Supervisors of Office and Administrative Support Workers,Speaking,4.0,4.0,0.0,0.8,1,676,1709,13,0.5286438829565303,52.86,0.5286,0.691,69.14,1
Candidate_046,Office Administrator,43-1011.00,First-Line Supervisors of Office and Administrative Support Workers,Science,1.38,0.38,0.0,0.176,2,676,1709,13,0.5286438829565303,52.86,0.5286,0.317,31.7,2
Candidate_046,Office Manager,43-1011.00,First-Line Supervisors of Office and Administrative Support Workers,Monitoring,4.0,4.0,0.0,0.8,1,676,1709,13,0.5286438829565303,52.86,0.5286,0.691,69.14,1
Candidate_046,Office Manager,43-1011.00,First-Line Supervisors of Office and Administrative Support Workers,Speaking,4.0,4.0,0.0,0.8,1,676,1709,13,0.5286438829565303,52.86,0.5286,0.691,69.14,1
Candidate_046,Office Manager,43-1011.00,First-Line Supervisors of Office and Administrative Support Workers,Active Listening,4.0,3.88,0.0,0.788,2,676,1709,13,0.5286438829565303,52.86,0.5286,0.684,68.42,2
Candidate_046,Office Manager,43-1011.00,First-Line Supervisors of Office and Administrative Support Workers,Science,1.0,0.0,0.0,0.1,3,676,1709,13,0.5286438829565303,52.86,0.5286,0.271,27.14,3
Candidate_046,Restaurant Manager,11-9051.00,Food Service Managers,Speaking,3.88,4.0,0.0,0.788,1,1139,1473,12,0.5865008675534992,58.65,0.5865,0.707,70.74,1
Candidate_046,Restaurant Manager,11-9051.00,Food Service Managers,Monitoring,3.88,3.88,0.0,0.776,2,1139,1473,12,0.5865008675534992,58.65,0.5865,0.7,70.02,2
Candidate_046,Restaurant Manager,11-9051.00,Food Service Managers,Active Listening,3.88,3.5,0.0,0.738,3,1139,1473,12,0.5865008675534992,58.65,0.5865,0.677,67.74,3
Candidate_046,Restaurant Manager,11-9051.00,Food Service Managers,Science,1.62,0.62,0.0,0.224,4,1139,1473,12,0.5865008675534992,58.65,0.5865,0.369,36.9,4
Candidate_046,Retail Sales Associate,41-2031.00,Retail Salespersons,Active Listening,3.75,3.75,0.0,0.75,1,1876,2449,13,0.8643994601889338,86.44,0.8644,0.796,79.58,1
Candidate_046,Retail Sales Associate,41-2031.00,Retail Salespersons,Speaking,3.75,3.12,0.0,0.687,2,1876,2449,13,0.8643994601889338,86.44,0.8644,0.758,75.8,2
Candidate_046,Retail Sales Associate,41-2031.00,Retail Salespersons,Monitoring,3.0,3.12,0.0,0.612,3,1876,2449,13,0.8643994601889338,86.44,0.8644,0.713,71.3,3
Candidate_046,Retail Sales Associate,41-2031.00,Retail Salespersons,Science,1.0,0.0,0.0,0.1,4,1876,2449,13,0.8643994601889338,86.44,0.8644,0.406,40.58,4
Candidate_046,Secondary School Teacher,25-2031.00,"Secondary School Teachers, Except Special and Career/Technical Education",Speaking,4.0,4.12,0.0,0.812,1,681,740,9,0.3635561348837076,36.36,0.3636,0.633,63.26,1
Candidate_046,Secondary School Teacher,25-2031.00,"Secondary School Teachers, Except Special and Career/Technical Education",Active Listening,4.0,4.0,0.0,0.8,2,681,740,9,0.3635561348837076,36.36,0.3636,0.625,62.54,2
Candidate_046,Secondary School Teacher,25-2031.00,"Secondary School Teachers, Except Special and Career/Technical Education",Monitoring,3.88,4.0,0.0,0.788,3,681,740,9,0.3635561348837076,36.36,0.3636,0.618,61.82,3
Candidate_046,Secondary School Teacher,25-2031.00,"Secondary School Teachers, Except Special and Career/Technical Education",Science,2.0,1.88,0.0,0.388,4,681,740,9,0.3635561348837076,36.36,0.3636,0.378,37.82,4
Candidate_046,Software Developer,15-1252.00,Software Developers,Active Listening,3.38,3.88,0.0,0.726,1,323,344,8,0.2290858604605659,22.91,0.2291,0.527,52.72,1
Candidate_046,Software Developer,15-1252.00,Software Developers,Speaking,3.12,3.62,0.0,0.6739999999999999,2,323,344,8,0.2290858604605659,22.91,0.2291,0.496,49.6,2
Candidate_046,Software Developer,15-1252.00,Software Developers,Monitoring,3.0,3.5,0.0,0.6499999999999999,3,323,344,8,0.2290858604605659,22.91,0.2291,0.482,48.16,3
Candidate_046,Software Developer,15-1252.00,Software Developers,Science,2.12,1.88,0.0,0.4,4,323,344,8,0.2290858604605659,22.91,0.2291,0.332,33.16,4
Candidate_047,Administrative Assistant,43-6014.00,"Secretaries and Administrative Assistants, Except Legal, Medical, and Executive",Science,1.0,0.0,0.0,0.1,1,812,890,11,0.4384514673595585,43.85,0.4385,0.235,23.54,1
Candidate_047,Bookkeeper,43-3031.00,"Bookkeeping, Accounting, and Auditing Clerks",Science,1.12,0.12,0.0,0.12400000000000001,1,396,422,11,0.2992257912289334,29.92,0.2992,0.194,19.41,1
Candidate_047,Continuing Care Assistant,31-1131.00,Nursing Assistants,Science,1.75,0.88,0.0,0.263,1,819,1172,9,0.4396201180333152,43.96,0.4396,0.334,33.36,1
Candidate_047,Delivery Driver,53-3033.00,Light Truck Drivers,Science,1.12,0.12,0.0,0.12400000000000001,1,557,622,12,0.3705312074675783,37.05,0.3705,0.223,22.26,1
Candidate_047,"Driver, Truck",53-3032.00,Heavy and Tractor-Trailer Truck Drivers,Science,1.0,0.0,0.0,0.1,1,1423,3705,12,0.8880268984746598,88.8,0.888,0.415,41.52,1
Candidate_047,Food Service Supervisor,35-1012.00,First-Line Supervisors of Food Preparation and Serving Workers,Science,1.0,0.0,0.0,0.1,1,1061,2524,12,0.6833380235893983,68.33,0.6833,0.333,33.33,1
Candidate_047,Information Technology (IT) Analyst,15-1211.00,Computer Systems Analysts,Science,2.75,3.12,0.0,0.587,1,347,357,10,0.266375870790639,26.64,0.2664,0.459,45.88,1
Candidate_047,Inside Sales Representative,41-2031.00,Retail Salespersons,Science,1.0,0.0,0.0,0.1,1,1876,2449,13,0.8643994601889338,86.44,0.8644,0.406,40.58,1
Candidate_047,Licensed Practical Nurse (L.P.N.),29-2061.00,Licensed Practical and Licensed Vocational Nurses,Science,2.62,2.62,0.0,0.524,1,437,527,10,0.3039192124973743,30.39,0.3039,0.436,43.6,1
Candidate_047,Office Administrator,43-1011.00,First-Line Supervisors of Office and Administrative Support Workers,Science,1.38,0.38,0.0,0.176,1,676,1709,13,0.5286438829565303,52.86,0.5286,0.317,31.7,1
Candidate_047,Office Manager,43-1011.00,First-Line Supervisors of Office and Administrative Support Workers,Science,1.0,0.0,0.0,0.1,1,676,1709,13,0.5286438829565303,52.86,0.5286,0.271,27.14,1
Candidate_047,Restaurant Manager,11-9051.00,Food Service Managers,Science,1.62,0.62,0.0,0.224,1,1139,1473,12,0.5865008675534992,58.65,0.5865,0.369,36.9,1
Candidate_047,Retail Sales Associate,41-2031.00,Retail Salespersons,Science,1.0,0.0,0.0,0.1,1,1876,2449,13,0.8643994601889338,86.44,0.8644,0.406,40.58,1
Candidate_047,Secondary School Teacher,25-2031.00,"Secondary School Teachers, Except Special and Career/Technical Education",Science,2.0,1.88,0.0,0.388,1,681,740,9,0.3635561348837076,36.36,0.3636,0.378,37.82,1
Candidate_047,Software Developer,15-1252.00,Software Developers,Science,2.12,1.88,0.0,0.4,1,323,344,8,0.2290858604605659,22.91,0.2291,0.332,33.16,1
Candidate_048,Administrative Assistant,43-6014.00,"Secretaries and Administrative Assistants, Except Legal, Medical, and Executive",Active Listening,4.0,3.75,0.0,0.775,1,812,890,11,0.4384514673595585,43.85,0.4385,0.64,64.04,1
Candidate_048,Administrative Assistant,43-6014.00,"Secretaries and Administrative Assistants, Except Legal, Medical, and Executive",Speaking,4.0,3.62,0.0,0.762,2,812,890,11,0.4384514673595585,43.85,0.4385,0.633,63.26,2
Candidate_048,Administrative Assistant,43-6014.00,"Secretaries and Administrative Assistants, Except Legal, Medical, and Executive",Monitoring,3.12,3.25,0.0,0.637,3,812,890,11,0.4384514673595585,43.85,0.4385,0.558,55.76,3
Candidate_048,Administrative Assistant,43-6014.00,"Secretaries and Administrative Assistants, Except Legal, Medical, and Executive",Science,1.0,0.0,0.0,0.1,4,812,890,11,0.4384514673595585,43.85,0.4385,0.235,23.54,4
Candidate_048,Bookkeeper,43-3031.00,"Bookkeeping, Accounting, and Auditing Clerks",Active Listening,3.25,3.75,0.0,0.7,1,396,422,11,0.2992257912289334,29.92,0.2992,0.54,53.97,1
Candidate_048,Bookkeeper,43-3031.00,"Bookkeeping, Accounting, and Auditing Clerks",Speaking,3.12,3.12,0.0,0.624,2,396,422,11,0.2992257912289334,29.92,0.2992,0.494,49.41,2
Candidate_048,Bookkeeper,43-3031.00,"Bookkeeping, Accounting, and Auditing Clerks",Monitoring,3.0,2.88,0.0,0.588,3,396,422,11,0.2992257912289334,29.92,0.2992,0.472,47.25,3
Candidate_048,Bookkeeper,43-3031.00,"Bookkeeping, Accounting, and Auditing Clerks",Science,1.12,0.12,0.0,0.12400000000000001,4,396,422,11,0.2992257912289334,29.92,0.2992,0.194,19.41,4
Candidate_048,Continuing Care Assistant,31-1131.00,Nursing Assistants,Active Listening,3.62,3.0,0.0,0.6619999999999999,1,819,1172,9,0.4396201180333152,43.96,0.4396,0.573,57.3,1
Candidate_048,Continuing Care Assistant,31-1131.00,Nursing Assistants,Monitoring,3.25,3.0,0.0,0.625,2,819,1172,9,0.4396201180333152,43.96,0.4396,0.551,55.08,2
Candidate_048,Continuing Care Assistant,31-1131.00,Nursing Assistants,Speaking,3.12,3.0,0.0,0.612,3,819,1172,9,0.4396201180333152,43.96,0.4396,0.543,54.3,3
Candidate_048,Continuing Care Assistant,31-1131.00,Nursing Assistants,Science,1.75,0.88,0.0,0.263,4,819,1172,9,0.4396201180333152,43.96,0.4396,0.334,33.36,4
Candidate_048,Delivery Driver,53-3033.00,Light Truck Drivers,Active Listening,3.12,2.88,0.0,0.6,1,557,622,12,0.3705312074675783,37.05,0.3705,0.508,50.82,1
Candidate_048,Delivery Driver,53-3033.00,Light Truck Drivers,Speaking,3.12,2.88,0.0,0.6,1,557,622,12,0.3705312074675783,37.05,0.3705,0.508,50.82,1
Candidate_048,Delivery Driver,53-3033.00,Light Truck Drivers,Monitoring,3.12,2.75,0.0,0.587,2,557,622,12,0.3705312074675783,37.05,0.3705,0.5,50.04,2
Candidate_048,Delivery Driver,53-3033.00,Light Truck Drivers,Science,1.12,0.12,0.0,0.12400000000000001,3,557,622,12,0.3705312074675783,37.05,0.3705,0.223,22.26,3
Candidate_048,"Driver, Truck",53-3032.00,Heavy and Tractor-Trailer Truck Drivers,Monitoring,3.12,3.0,0.0,0.612,1,1423,3705,12,0.8880268984746598,88.8,0.888,0.722,72.24,1
Candidate_048,"Driver, Truck",53-3032.00,Heavy and Tractor-Trailer Truck Drivers,Active Listening,2.88,3.0,0.0,0.588,2,1423,3705,12,0.8880268984746598,88.8,0.888,0.708,70.8,2
Candidate_048,"Driver, Truck",53-3032.00,Heavy and Tractor-Trailer Truck Drivers,Speaking,3.0,2.88,0.0,0.588,2,1423,3705,12,0.8880268984746598,88.8,0.888,0.708,70.8,2
Candidate_048,"Driver, Truck",53-3032.00,Heavy and Tractor-Trailer Truck Drivers,Science,1.0,0.0,0.0,0.1,3,1423,3705,12,0.8880268984746598,88.8,0.888,0.415,41.52,3
Candidate_048,Food Service Supervisor,35-1012.00,First-Line Supervisors of Food Preparation and Serving Workers,Monitoring,3.88,4.0,0.0,0.788,1,1061,2524,12,0.6833380235893983,68.33,0.6833,0.746,74.61,1
Candidate_048,Food Service Supervisor,35-1012.00,First-Line Supervisors of Food Preparation and Serving Workers,Speaking,3.88,4.0,0.0,0.788,1,1061,2524,12,0.6833380235893983,68.33,0.6833,0.746,74.61,1
Candidate_048,Food Service Supervisor,35-1012.00,First-Line Supervisors of Food Preparation and Serving Workers,Active Listening,3.75,3.0,0.0,0.675,2,1061,2524,12,0.6833380235893983,68.33,0.6833,0.678,67.83,2
Candidate_048,Food Service Supervisor,35-1012.00,First-Line Supervisors of Food Preparation and Serving Workers,Science,1.0,0.0,0.0,0.1,3,1061,2524,12,0.6833380235893983,68.33,0.6833,0.333,33.33,3
Candidate_048,Information Technology (IT) Analyst,15-1211.00,Computer Systems Analysts,Active Listening,4.0,4.12,0.0,0.812,1,347,357,10,0.266375870790639,26.64,0.2664,0.594,59.38,1
Candidate_048,Information Technology (IT) Analyst,15-1211.00,Computer Systems Analysts,Speaking,4.0,4.0,0.0,0.8,2,347,357,10,0.266375870790639,26.64,0.2664,0.587,58.66,2
Candidate_048,Information Technology (IT) Analyst,15-1211.00,Computer Systems Analysts,Monitoring,3.62,4.0,0.0,0.762,3,347,357,10,0.266375870790639,26.64,0.2664,0.564,56.38,3
Candidate_048,Information Technology (IT) Analyst,15-1211.00,Computer Systems Analysts,Science,2.75,3.12,0.0,0.587,4,347,357,10,0.266375870790639,26.64,0.2664,0.459,45.88,4
Candidate_048,Inside Sales Representative,41-2031.00,Retail Salespersons,Active Listening,3.75,3.75,0.0,0.75,1,1876,2449,13,0.8643994601889338,86.44,0.8644,0.796,79.58,1
Candidate_048,Inside Sales Representative,41-2031.00,Retail Salespersons,Speaking,3.75,3.12,0.0,0.687,2,1876,2449,13,0.8643994601889338,86.44,0.8644,0.758,75.8,2
Candidate_048,Inside Sales Representative,41-2031.00,Retail Salespersons,Monitoring,3.0,3.12,0.0,0.612,3,1876,2449,13,0.8643994601889338,86.44,0.8644,0.713,71.3,3
Candidate_048,Inside Sales Representative,41-2031.00,Retail Salespersons,Science,1.0,0.0,0.0,0.1,4,1876,2449,13,0.8643994601889338,86.44,0.8644,0.406,40.58,4
Candidate_048,Licensed Practical Nurse (L.P.N.),29-2061.00,Licensed Practical and Licensed Vocational Nurses,Active Listening,3.88,4.0,0.0,0.788,1,437,527,10,0.3039192124973743,30.39,0.3039,0.594,59.44,1
Candidate_048,Licensed Practical Nurse (L.P.N.),29-2061.00,Licensed Practical and Licensed Vocational Nurses,Monitoring,3.88,4.0,0.0,0.788,1,437,527,10,0.3039192124973743,30.39,0.3039,0.594,59.44,1
Candidate_048,Licensed Practical Nurse (L.P.N.),29-2061.00,Licensed Practical and Licensed Vocational Nurses,Speaking,3.88,4.0,0.0,0.788,1,437,527,10,0.3039192124973743,30.39,0.3039,0.594,59.44,1
Candidate_048,Licensed Practical Nurse (L.P.N.),29-2061.00,Licensed Practical and Licensed Vocational Nurses,Science,2.62,2.62,0.0,0.524,2,437,527,10,0.3039192124973743,30.39,0.3039,0.436,43.6,2
Candidate_048,Office Administrator,43-1011.00,First-Line Supervisors of Office and Administrative Support Workers,Active Listening,4.0,4.0,0.0,0.8,1,676,1709,13,0.5286438829565303,52.86,0.5286,0.691,69.14,1
Candidate_048,Office Administrator,43-1011.00,First-Line Supervisors of Office and Administrative Support Workers,Monitoring,4.0,4.0,0.0,0.8,1,676,1709,13,0.5286438829565303,52.86,0.5286,0.691,69.14,1
Candidate_048,Office Administrator,43-1011.00,First-Line Supervisors of Office and Administrative Support Workers,Speaking,4.0,4.0,0.0,0.8,1,676,1709,13,0.5286438829565303,52.86,0.5286,0.691,69.14,1
Candidate_048,Office Administrator,43-1011.00,First-Line Supervisors of Office and Administrative Support Workers,Science,1.38,0.38,0.0,0.176,2,676,1709,13,0.5286438829565303,52.86,0.5286,0.317,31.7,2
Candidate_048,Office Manager,43-1011.00,First-Line Supervisors of Office and Administrative Support Workers,Monitoring,4.0,4.0,0.0,0.8,1,676,1709,13,0.5286438829565303,52.86,0.5286,0.691,69.14,1
Candidate_048,Office Manager,43-1011.00,First-Line Supervisors of Office and Administrative Support Workers,Speaking,4.0,4.0,0.0,0.8,1,676,1709,13,0.5286438829565303,52.86,0.5286,0.691,69.14,1
Candidate_048,Office Manager,43-1011.00,First-Line Supervisors of Office and Administrative Support Workers,Active Listening,4.0,3.88,0.0,0.788,2,676,1709,13,0.5286438829565303,52.86,0.5286,0.684,68.42,2
Candidate_048,Office Manager,43-1011.00,First-Line Supervisors of Office and Administrative Support Workers,Science,1.0,0.0,0.0,0.1,3,676,1709,13,0.5286438829565303,52.86,0.5286,0.271,27.14,3
Candidate_048,Restaurant Manager,11-9051.00,Food Service Managers,Speaking,3.88,4.0,0.0,0.788,1,1139,1473,12,0.5865008675534992,58.65,0.5865,0.707,70.74,1
Candidate_048,Restaurant Manager,11-9051.00,Food Service Managers,Monitoring,3.88,3.88,0.0,0.776,2,1139,1473,12,0.5865008675534992,58.65,0.5865,0.7,70.02,2
Candidate_048,Restaurant Manager,11-9051.00,Food Service Managers,Active Listening,3.88,3.5,0.0,0.738,3,1139,1473,12,0.5865008675534992,58.65,0.5865,0.677,67.74,3
Candidate_048,Restaurant Manager,11-9051.00,Food Service Managers,Science,1.62,0.62,0.0,0.224,4,1139,1473,12,0.5865008675534992,58.65,0.5865,0.369,36.9,4
Candidate_048,Retail Sales Associate,41-2031.00,Retail Salespersons,Active Listening,3.75,3.75,0.0,0.75,1,1876,2449,13,0.8643994601889338,86.44,0.8644,0.796,79.58,1
Candidate_048,Retail Sales Associate,41-2031.00,Retail Salespersons,Speaking,3.75,3.12,0.0,0.687,2,1876,2449,13,0.8643994601889338,86.44,0.8644,0.758,75.8,2
Candidate_048,Retail Sales Associate,41-2031.00,Retail Salespersons,Monitoring,3.0,3.12,0.0,0.612,3,1876,2449,13,0.8643994601889338,86.44,0.8644,0.713,71.3,3
Candidate_048,Retail Sales Associate,41-2031.00,Retail Salespersons,Science,1.0,0.0,0.0,0.1,4,1876,2449,13,0.8643994601889338,86.44,0.8644,0.406,40.58,4
Candidate_048,Secondary School Teacher,25-2031.00,"Secondary School Teachers, Except Special and Career/Technical Education",Speaking,4.0,4.12,0.0,0.812,1,681,740,9,0.3635561348837076,36.36,0.3636,0.633,63.26,1
Candidate_048,Secondary School Teacher,25-2031.00,"Secondary School Teachers, Except Special and Career/Technical Education",Active Listening,4.0,4.0,0.0,0.8,2,681,740,9,0.3635561348837076,36.36,0.3636,0.625,62.54,2
Candidate_048,Secondary School Teacher,25-2031.00,"Secondary School Teachers, Except Special and Career/Technical Education",Monitoring,3.88,4.0,0.0,0.788,3,681,740,9,0.3635561348837076,36.36,0.3636,0.618,61.82,3
Candidate_048,Secondary School Teacher,25-2031.00,"Secondary School Teachers, Except Special and Career/Technical Education",Science,2.0,1.88,0.0,0.388,4,681,740,9,0.3635561348837076,36.36,0.3636,0.378,37.82,4
Candidate_048,Software Developer,15-1252.00,Software Developers,Active Listening,3.38,3.88,0.0,0.726,1,323,344,8,0.2290858604605659,22.91,0.2291,0.527,52.72,1
Candidate_048,Software Developer,15-1252.00,Software Developers,Speaking,3.12,3.62,0.0,0.6739999999999999,2,323,344,8,0.2290858604605659,22.91,0.2291,0.496,49.6,2
Candidate_048,Software Developer,15-1252.00,Software Developers,Monitoring,3.0,3.5,0.0,0.6499999999999999,3,323,344,8,0.2290858604605659,22.91,0.2291,0.482,48.16,3
Candidate_048,Software Developer,15-1252.00,Software Developers,Science,2.12,1.88,0.0,0.4,4,323,344,8,0.2290858604605659,22.91,0.2291,0.332,33.16,4
Candidate_049,Administrative Assistant,43-6014.00,"Secretaries and Administrative Assistants, Except Legal, Medical, and Executive",Active Listening,4.0,3.75,0.0,0.775,1,812,890,11,0.4384514673595585,43.85,0.4385,0.64,64.04,1
Candidate_049,Administrative Assistant,43-6014.00,"Secretaries and Administrative Assistants, Except Legal, Medical, and Executive",Speaking,4.0,3.62,0.0,0.762,2,812,890,11,0.4384514673595585,43.85,0.4385,0.633,63.26,2
Candidate_049,Administrative Assistant,43-6014.00,"Secretaries and Administrative Assistants, Except Legal, Medical, and Executive",Learning Strategies,2.12,1.88,0.0,0.4,3,812,890,11,0.4384514673595585,43.85,0.4385,0.415,41.54,3
Candidate_049,Administrative Assistant,43-6014.00,"Secretaries and Administrative Assistants, Except Legal, Medical, and Executive",Mathematics,2.0,1.62,0.0,0.362,4,812,890,11,0.4384514673595585,43.85,0.4385,0.393,39.26,4
Candidate_049,Administrative Assistant,43-6014.00,"Secretaries and Administrative Assistants, Except Legal, Medical, and Executive",Science,1.0,0.0,0.0,0.1,5,812,890,11,0.4384514673595585,43.85,0.4385,0.235,23.54,5
Candidate_049,Bookkeeper,43-3031.00,"Bookkeeping, Accounting, and Auditing Clerks",Active Listening,3.25,3.75,0.0,0.7,1,396,422,11,0.2992257912289334,29.92,0.2992,0.54,53.97,1
Candidate_049,Bookkeeper,43-3031.00,"Bookkeeping, Accounting, and Auditing Clerks",Mathematics,3.38,3.38,0.0,0.6759999999999999,2,396,422,11,0.2992257912289334,29.92,0.2992,0.525,52.53,2
Candidate_049,Bookkeeper,43-3031.00,"Bookkeeping, Accounting, and Auditing Clerks",Speaking,3.12,3.12,0.0,0.624,3,396,422,11,0.2992257912289334,29.92,0.2992,0.494,49.41,3
Candidate_049,Bookkeeper,43-3031.00,"Bookkeeping, Accounting, and Auditing Clerks",Learning Strategies,2.0,1.88,0.0,0.388,4,396,422,11,0.2992257912289334,29.92,0.2992,0.352,35.25,4
Candidate_049,Bookkeeper,43-3031.00,"Bookkeeping, Accounting, and Auditing Clerks",Science,1.12,0.12,0.0,0.12400000000000001,5,396,422,11,0.2992257912289334,29.92,0.2992,0.194,19.41,5
Candidate_049,Continuing Care Assistant,31-1131.00,Nursing Assistants,Active Listening,3.62,3.0,0.0,0.6619999999999999,1,819,1172,9,0.4396201180333152,43.96,0.4396,0.573,57.3,1
Candidate_049,Continuing Care Assistant,31-1131.00,Nursing Assistants,Speaking,3.12,3.0,0.0,0.612,2,819,1172,9,0.4396201180333152,43.96,0.4396,0.543,54.3,2
Candidate_049,Continuing Care Assistant,31-1131.00,Nursing Assistants,Learning Strategies,2.38,2.12,0.0,0.45,3,819,1172,9,0.4396201180333152,43.96,0.4396,0.446,44.58,3
Candidate_049,Continuing Care Assistant,31-1131.00,Nursing Assistants,Mathematics,2.12,1.88,0.0,0.4,4,819,1172,9,0.4396201180333152,43.96,0.4396,0.416,41.58,4
Candidate_049,Continuing Care Assistant,31-1131.00,Nursing Assistants,Science,1.75,0.88,0.0,0.263,5,819,1172,9,0.4396201180333152,43.96,0.4396,0.334,33.36,5
Candidate_049,Delivery Driver,53-3033.00,Light Truck Drivers,Active Listening,3.12,2.88,0.0,0.6,1,557,622,12,0.3705312074675783,37.05,0.3705,0.508,50.82,1
Candidate_049,Delivery Driver,53-3033.00,Light Truck Drivers,Speaking,3.12,2.88,0.0,0.6,1,557,622,12,0.3705312074675783,37.05,0.3705,0.508,50.82,1
Candidate_049,Delivery Driver,53-3033.00,Light Truck Drivers,Mathematics,2.25,2.12,0.0,0.43700000000000006,2,557,622,12,0.3705312074675783,37.05,0.3705,0.41,41.04,2
Candidate_049,Delivery Driver,53-3033.00,Light Truck Drivers,Learning Strategies,2.0,1.62,0.0,0.362,3,557,622,12,0.3705312074675783,37.05,0.3705,0.365,36.54,3
Candidate_049,Delivery Driver,53-3033.00,Light Truck Drivers,Science,1.12,0.12,0.0,0.12400000000000001,4,557,622,12,0.3705312074675783,37.05,0.3705,0.223,22.26,4
Candidate_049,"Driver, Truck",53-3032.00,Heavy and Tractor-Trailer Truck Drivers,Active Listening,2.88,3.0,0.0,0.588,1,1423,3705,12,0.8880268984746598,88.8,0.888,0.708,70.8,1
Candidate_049,"Driver, Truck",53-3032.00,Heavy and Tractor-Trailer Truck Drivers,Speaking,3.0,2.88,0.0,0.588,1,1423,3705,12,0.8880268984746598,88.8,0.888,0.708,70.8,1
Candidate_049,"Driver, Truck",53-3032.00,Heavy and Tractor-Trailer Truck Drivers,Mathematics,2.0,1.88,0.0,0.388,2,1423,3705,12,0.8880268984746598,88.8,0.888,0.588,58.8,2
Candidate_049,"Driver, Truck",53-3032.00,Heavy and Tractor-Trailer Truck Drivers,Learning Strategies,2.0,1.75,0.0,0.375,3,1423,3705,12,0.8880268984746598,88.8,0.888,0.58,58.02,3
Candidate_049,"Driver, Truck",53-3032.00,Heavy and Tractor-Trailer Truck Drivers,Science,1.0,0.0,0.0,0.1,4,1423,3705,12,0.8880268984746598,88.8,0.888,0.415,41.52,4
Candidate_049,Food Service Supervisor,35-1012.00,First-Line Supervisors of Food Preparation and Serving Workers,Speaking,3.88,4.0,0.0,0.788,1,1061,2524,12,0.6833380235893983,68.33,0.6833,0.746,74.61,1
Candidate_049,Food Service Supervisor,35-1012.00,First-Line Supervisors of Food Preparation and Serving Workers,Active Listening,3.75,3.0,0.0,0.675,2,1061,2524,12,0.6833380235893983,68.33,0.6833,0.678,67.83,2
Candidate_049,Food Service Supervisor,35-1012.00,First-Line Supervisors of Food Preparation and Serving Workers,Learning Strategies,3.12,3.12,0.0,0.624,3,1061,2524,12,0.6833380235893983,68.33,0.6833,0.648,64.77,3
Candidate_049,Food Service Supervisor,35-1012.00,First-Line Supervisors of Food Preparation and Serving Workers,Mathematics,3.0,3.0,0.0,0.6,4,1061,2524,12,0.6833380235893983,68.33,0.6833,0.633,63.33,4
Candidate_049,Food Service Supervisor,35-1012.00,First-Line Supervisors of Food Preparation and Serving Workers,Science,1.0,0.0,0.0,0.1,5,1061,2524,12,0.6833380235893983,68.33,0.6833,0.333,33.33,5
Candidate_049,Information Technology (IT) Analyst,15-1211.00,Computer Systems Analysts,Active Listening,4.0,4.12,0.0,0.812,1,347,357,10,0.266375870790639,26.64,0.2664,0.594,59.38,1
Candidate_049,Information Technology (IT) Analyst,15-1211.00,Computer Systems Analysts,Speaking,4.0,4.0,0.0,0.8,2,347,357,10,0.266375870790639,26.64,0.2664,0.587,58.66,2
Candidate_049,Information Technology (IT) Analyst,15-1211.00,Computer Systems Analysts,Learning Strategies,3.75,4.0,0.0,0.775,3,347,357,10,0.266375870790639,26.64,0.2664,0.572,57.16,3
Candidate_049,Information Technology (IT) Analyst,15-1211.00,Computer Systems Analysts,Mathematics,3.0,3.38,0.0,0.6379999999999999,4,347,357,10,0.266375870790639,26.64,0.2664,0.489,48.94,4
Candidate_049,Information Technology (IT) Analyst,15-1211.00,Computer Systems Analysts,Science,2.75,3.12,0.0,0.587,5,347,357,10,0.266375870790639,26.64,0.2664,0.459,45.88,5
Candidate_049,Inside Sales Representative,41-2031.00,Retail Salespersons,Active Listening,3.75,3.75,0.0,0.75,1,1876,2449,13,0.8643994601889338,86.44,0.8644,0.796,79.58,1
Candidate_049,Inside Sales Representative,41-2031.00,Retail Salespersons,Speaking,3.75,3.12,0.0,0.687,2,1876,2449,13,0.8643994601889338,86.44,0.8644,0.758,75.8,2
Candidate_049,Inside Sales Representative,41-2031.00,Retail Salespersons,Learning Strategies,2.62,2.25,0.0,0.487,3,1876,2449,13,0.8643994601889338,86.44,0.8644,0.638,63.8,3
Candidate_049,Inside Sales Representative,41-2031.00,Retail Salespersons,Mathematics,2.62,2.0,0.0,0.462,4,1876,2449,13,0.8643994601889338,86.44,0.8644,0.623,62.3,4
Candidate_049,Inside Sales Representative,41-2031.00,Retail Salespersons,Science,1.0,0.0,0.0,0.1,5,1876,2449,13,0.8643994601889338,86.44,0.8644,0.406,40.58,5
Candidate_049,Licensed Practical Nurse (L.P.N.),29-2061.00,Licensed Practical and Licensed Vocational Nurses,Active Listening,3.88,4.0,0.0,0.788,1,437,527,10,0.3039192124973743,30.39,0.3039,0.594,59.44,1
Candidate_049,Licensed Practical Nurse (L.P.N.),29-2061.00,Licensed Practical and Licensed Vocational Nurses,Speaking,3.88,4.0,0.0,0.788,1,437,527,10,0.3039192124973743,30.39,0.3039,0.594,59.44,1
Candidate_049,Licensed Practical Nurse (L.P.N.),29-2061.00,Licensed Practical and Licensed Vocational Nurses,Learning Strategies,3.12,3.12,0.0,0.624,2,437,527,10,0.3039192124973743,30.39,0.3039,0.496,49.6,2
Candidate_049,Licensed Practical Nurse (L.P.N.),29-2061.00,Licensed Practical and Licensed Vocational Nurses,Mathematics,2.88,2.88,0.0,0.576,3,437,527,10,0.3039192124973743,30.39,0.3039,0.467,46.72,3
Candidate_049,Licensed Practical Nurse (L.P.N.),29-2061.00,Licensed Practical and Licensed Vocational Nurses,Science,2.62,2.62,0.0,0.524,4,437,527,10,0.3039192124973743,30.39,0.3039,0.436,43.6,4
Candidate_049,Office Administrator,43-1011.00,First-Line Supervisors of Office and Administrative Support Workers,Active Listening,4.0,4.0,0.0,0.8,1,676,1709,13,0.5286438829565303,52.86,0.5286,0.691,69.14,1
Candidate_049,Office Administrator,43-1011.00,First-Line Supervisors of Office and Administrative Support Workers,Speaking,4.0,4.0,0.0,0.8,1,676,1709,13,0.5286438829565303,52.86,0.5286,0.691,69.14,1
Candidate_049,Office Administrator,43-1011.00,First-Line Supervisors of Office and Administrative Support Workers,Learning Strategies,3.62,3.75,0.0,0.737,2,676,1709,13,0.5286438829565303,52.86,0.5286,0.654,65.36,2
Candidate_049,Office Administrator,43-1011.00,First-Line Supervisors of Office and Administrative Support Workers,Mathematics,2.75,2.75,0.0,0.55,3,676,1709,13,0.5286438829565303,52.86,0.5286,0.541,54.14,3
Candidate_049,Office Administrator,43-1011.00,First-Line Supervisors of Office and Administrative Support Workers,Science,1.38,0.38,0.0,0.176,4,676,1709,13,0.5286438829565303,52.86,0.5286,0.317,31.7,4
Candidate_049,Office Manager,43-1011.00,First-Line Supervisors of Office and Administrative Support Workers,Speaking,4.0,4.0,0.0,0.8,1,676,1709,13,0.5286438829565303,52.86,0.5286,0.691,69.14,1
Candidate_049,Office Manager,43-1011.00,First-Line Supervisors of Office and Administrative Support Workers,Active Listening,4.0,3.88,0.0,0.788,2,676,1709,13,0.5286438829565303,52.86,0.5286,0.684,68.42,2
Candidate_049,Office Manager,43-1011.00,First-Line Supervisors of Office and Administrative Support Workers,Learning Strategies,3.62,3.75,0.0,0.737,3,676,1709,13,0.5286438829565303,52.86,0.5286,0.654,65.36,3
Candidate_049,Office Manager,43-1011.00,First-Line Supervisors of Office and Administrative Support Workers,Mathematics,2.75,2.75,0.0,0.55,4,676,1709,13,0.5286438829565303,52.86,0.5286,0.541,54.14,4
Candidate_049,Office Manager,43-1011.00,First-Line Supervisors of Office and Administrative Support Workers,Science,1.0,0.0,0.0,0.1,5,676,1709,13,0.5286438829565303,52.86,0.5286,0.271,27.14,5
Candidate_049,Restaurant Manager,11-9051.00,Food Service Managers,Speaking,3.88,4.0,0.0,0.788,1,1139,1473,12,0.5865008675534992,58.65,0.5865,0.707,70.74,1
Candidate_049,Restaurant Manager,11-9051.00,Food Service Managers,Active Listening,3.88,3.5,0.0,0.738,2,1139,1473,12,0.5865008675534992,58.65,0.5865,0.677,67.74,2
Candidate_049,Restaurant Manager,11-9051.00,Food Service Managers,Learning Strategies,3.12,3.12,0.0,0.624,3,1139,1473,12,0.5865008675534992,58.65,0.5865,0.609,60.9,3
Candidate_049,Restaurant Manager,11-9051.00,Food Service Managers,Mathematics,2.88,2.88,0.0,0.576,4,1139,1473,12,0.5865008675534992,58.65,0.5865,0.58,58.02,4
Candidate_049,Restaurant Manager,11-9051.00,Food Service Managers,Science,1.62,0.62,0.0,0.224,5,1139,1473,12,0.5865008675534992,58.65,0.5865,0.369,36.9,5
Candidate_049,Retail Sales Associate,41-2031.00,Retail Salespersons,Active Listening,3.75,3.75,0.0,0.75,1,1876,2449,13,0.8643994601889338,86.44,0.8644,0.796,79.58,1
Candidate_049,Retail Sales Associate,41-2031.00,Retail Salespersons,Speaking,3.75,3.12,0.0,0.687,2,1876,2449,13,0.8643994601889338,86.44,0.8644,0.758,75.8,2
Candidate_049,Retail Sales Associate,41-2031.00,Retail Salespersons,Learning Strategies,2.62,2.25,0.0,0.487,3,1876,2449,13,0.8643994601889338,86.44,0.8644,0.638,63.8,3
Candidate_049,Retail Sales Associate,41-2031.00,Retail Salespersons,Mathematics,2.62,2.0,0.0,0.462,4,1876,2449,13,0.8643994601889338,86.44,0.8644,0.623,62.3,4
Candidate_049,Retail Sales Associate,41-2031.00,Retail Salespersons,Science,1.0,0.0,0.0,0.1,5,1876,2449,13,0.8643994601889338,86.44,0.8644,0.406,40.58,5
Candidate_049,Secondary School Teacher,25-2031.00,"Secondary School Teachers, Except Special and Career/Technical Education",Learning Strategies,4.0,4.25,0.0,0.825,1,681,740,9,0.3635561348837076,36.36,0.3636,0.64,64.04,1
Candidate_049,Secondary School Teacher,25-2031.00,"Secondary School Teachers, Except Special and Career/Technical Education",Speaking,4.0,4.12,0.0,0.812,2,681,740,9,0.3635561348837076,36.36,0.3636,0.633,63.26,2
Candidate_049,Secondary School Teacher,25-2031.00,"Secondary School Teachers, Except Special and Career/Technical Education",Active Listening,4.0,4.0,0.0,0.8,3,681,740,9,0.3635561348837076,36.36,0.3636,0.625,62.54,3
Candidate_049,Secondary School Teacher,25-2031.00,"Secondary School Teachers, Except Special and Career/Technical Education",Mathematics,2.75,3.0,0.0,0.575,4,681,740,9,0.3635561348837076,36.36,0.3636,0.49,49.04,4
Candidate_049,Secondary School Teacher,25-2031.00,"Secondary School Teachers, Except Special and Career/Technical Education",Science,2.0,1.88,0.0,0.388,5,681,740,9,0.3635561348837076,36.36,0.3636,0.378,37.82,5
Candidate_049,Software Developer,15-1252.00,Software Developers,Active Listening,3.38,3.88,0.0,0.726,1,323,344,8,0.2290858604605659,22.91,0.2291,0.527,52.72,1
Candidate_049,Software Developer,15-1252.00,Software Developers,Speaking,3.12,3.62,0.0,0.6739999999999999,2,323,344,8,0.2290858604605659,22.91,0.2291,0.496,49.6,2
Candidate_049,Software Developer,15-1252.00,Software Developers,Mathematics,2.75,3.25,0.0,0.6000000000000001,3,323,344,8,0.2290858604605659,22.91,0.2291,0.452,45.16,3
Candidate_049,Software Developer,15-1252.00,Software Developers,Learning Strategies,2.62,3.12,0.0,0.5740000000000001,4,323,344,8,0.2290858604605659,22.91,0.2291,0.436,43.6,4
Candidate_049,Software Developer,15-1252.00,Software Developers,Science,2.12,1.88,0.0,0.4,5,323,344,8,0.2290858604605659,22.91,0.2291,0.332,33.16,5
Candidate_050,Administrative Assistant,43-6014.00,"Secretaries and Administrative Assistants, Except Legal, Medical, and Executive",Mathematics,2.0,1.62,0.0,0.362,1,812,890,11,0.4384514673595585,43.85,0.4385,0.393,39.26,1
Candidate_050,Administrative Assistant,43-6014.00,"Secretaries and Administrative Assistants, Except Legal, Medical, and Executive",Science,1.0,0.0,0.0,0.1,2,812,890,11,0.4384514673595585,43.85,0.4385,0.235,23.54,2
Candidate_050,Bookkeeper,43-3031.00,"Bookkeeping, Accounting, and Auditing Clerks",Mathematics,3.38,3.38,0.0,0.6759999999999999,1,396,422,11,0.2992257912289334,29.92,0.2992,0.525,52.53,1
Candidate_050,Bookkeeper,43-3031.00,"Bookkeeping, Accounting, and Auditing Clerks",Science,1.12,0.12,0.0,0.12400000000000001,2,396,422,11,0.2992257912289334,29.92,0.2992,0.194,19.41,2
Candidate_050,Continuing Care Assistant,31-1131.00,Nursing Assistants,Mathematics,2.12,1.88,0.0,0.4,1,819,1172,9,0.4396201180333152,43.96,0.4396,0.416,41.58,1
Candidate_050,Continuing Care Assistant,31-1131.00,Nursing Assistants,Science,1.75,0.88,0.0,0.263,2,819,1172,9,0.4396201180333152,43.96,0.4396,0.334,33.36,2
Candidate_050,Delivery Driver,53-3033.00,Light Truck Drivers,Mathematics,2.25,2.12,0.0,0.43700000000000006,1,557,622,12,0.3705312074675783,37.05,0.3705,0.41,41.04,1
Candidate_050,Delivery Driver,53-3033.00,Light Truck Drivers,Science,1.12,0.12,0.0,0.12400000000000001,2,557,622,12,0.3705312074675783,37.05,0.3705,0.223,22.26,2
Candidate_050,"Driver, Truck",53-3032.00,Heavy and Tractor-Trailer Truck Drivers,Mathematics,2.0,1.88,0.0,0.388,1,1423,3705,12,0.8880268984746598,88.8,0.888,0.588,58.8,1
Candidate_050,"Driver, Truck",53-3032.00,Heavy and Tractor-Trailer Truck Drivers,Science,1.0,0.0,0.0,0.1,2,1423,3705,12,0.8880268984746598,88.8,0.888,0.415,41.52,2
Candidate_050,Food Service Supervisor,35-1012.00,First-Line Supervisors of Food Preparation and Serving Workers,Mathematics,3.0,3.0,0.0,0.6,1,1061,2524,12,0.6833380235893983,68.33,0.6833,0.633,63.33,1
Candidate_050,Food Service Supervisor,35-1012.00,First-Line Supervisors of Food Preparation and Serving Workers,Science,1.0,0.0,0.0,0.1,2,1061,2524,12,0.6833380235893983,68.33,0.6833,0.333,33.33,2
Candidate_050,Information Technology (IT) Analyst,15-1211.00,Computer Systems Analysts,Mathematics,3.0,3.38,0.0,0.6379999999999999,1,347,357,10,0.266375870790639,26.64,0.2664,0.489,48.94,1
Candidate_050,Information Technology (IT) Analyst,15-1211.00,Computer Systems Analysts,Science,2.75,3.12,0.0,0.587,2,347,357,10,0.266375870790639,26.64,0.2664,0.459,45.88,2
Candidate_050,Inside Sales Representative,41-2031.00,Retail Salespersons,Mathematics,2.62,2.0,0.0,0.462,1,1876,2449,13,0.8643994601889338,86.44,0.8644,0.623,62.3,1
Candidate_050,Inside Sales Representative,41-2031.00,Retail Salespersons,Science,1.0,0.0,0.0,0.1,2,1876,2449,13,0.8643994601889338,86.44,0.8644,0.406,40.58,2
Candidate_050,Licensed Practical Nurse (L.P.N.),29-2061.00,Licensed Practical and Licensed Vocational Nurses,Mathematics,2.88,2.88,0.0,0.576,1,437,527,10,0.3039192124973743,30.39,0.3039,0.467,46.72,1
Candidate_050,Licensed Practical Nurse (L.P.N.),29-2061.00,Licensed Practical and Licensed Vocational Nurses,Science,2.62,2.62,0.0,0.524,2,437,527,10,0.3039192124973743,30.39,0.3039,0.436,43.6,2
Candidate_050,Office Administrator,43-1011.00,First-Line Supervisors of Office and Administrative Support Workers,Mathematics,2.75,2.75,0.0,0.55,1,676,1709,13,0.5286438829565303,52.86,0.5286,0.541,54.14,1
Candidate_050,Office Administrator,43-1011.00,First-Line Supervisors of Office and Administrative Support Workers,Science,1.38,0.38,0.0,0.176,2,676,1709,13,0.5286438829565303,52.86,0.5286,0.317,31.7,2
Candidate_050,Office Manager,43-1011.00,First-Line Supervisors of Office and Administrative Support Workers,Mathematics,2.75,2.75,0.0,0.55,1,676,1709,13,0.5286438829565303,52.86,0.5286,0.541,54.14,1
Candidate_050,Office Manager,43-1011.00,First-Line Supervisors of Office and Administrative Support Workers,Science,1.0,0.0,0.0,0.1,2,676,1709,13,0.5286438829565303,52.86,0.5286,0.271,27.14,2
Candidate_050,Restaurant Manager,11-9051.00,Food Service Managers,Mathematics,2.88,2.88,0.0,0.576,1,1139,1473,12,0.5865008675534992,58.65,0.5865,0.58,58.02,1
Candidate_050,Restaurant Manager,11-9051.00,Food Service Managers,Science,1.62,0.62,0.0,0.224,2,1139,1473,12,0.5865008675534992,58.65,0.5865,0.369,36.9,2
Candidate_050,Retail Sales Associate,41-2031.00,Retail Salespersons,Mathematics,2.62,2.0,0.0,0.462,1,1876,2449,13,0.8643994601889338,86.44,0.8644,0.623,62.3,1
Candidate_050,Retail Sales Associate,41-2031.00,Retail Salespersons,Science,1.0,0.0,0.0,0.1,2,1876,2449,13,0.8643994601889338,86.44,0.8644,0.406,40.58,2
Candidate_050,Secondary School Teacher,25-2031.00,"Secondary School Teachers, Except Special and Career/Technical Education",Mathematics,2.75,3.0,0.0,0.575,1,681,740,9,0.3635561348837076,36.36,0.3636,0.49,49.04,1
Candidate_050,Secondary School Teacher,25-2031.00,"Secondary School Teachers, Except Special and Career/Technical Education",Science,2.0,1.88,0.0,0.388,2,681,740,9,0.3635561348837076,36.36,0.3636,0.378,37.82,2
Candidate_050,Software Developer,15-1252.00,Software Developers,Mathematics,2.75,3.25,0.0,0.6000000000000001,1,323,344,8,0.2290858604605659,22.91,0.2291,0.452,45.16,1
Candidate_050,Software Developer,15-1252.00,Software Developers,Science,2.12,1.88,0.0,0.4,2,323,344,8,0.2290858604605659,22.91,0.2291,0.332,33.16,2
Candidate_051,Administrative Assistant,43-6014.00,"Secretaries and Administrative Assistants, Except Legal, Medical, and Executive",Active Listening,4.0,3.75,0.0,0.775,1,812,890,11,0.4384514673595585,43.85,0.4385,0.64,64.04,1
Candidate_051,Administrative Assistant,43-6014.00,"Secretaries and Administrative Assistants, Except Legal, Medical, and Executive",Speaking,4.0,3.62,0.0,0.762,2,812,890,11,0.4384514673595585,43.85,0.4385,0.633,63.26,2
Candidate_051,Administrative Assistant,43-6014.00,"Secretaries and Administrative Assistants, Except Legal, Medical, and Executive",Monitoring,3.12,3.25,0.0,0.637,3,812,890,11,0.4384514673595585,43.85,0.4385,0.558,55.76,3
Candidate_051,Administrative Assistant,43-6014.00,"Secretaries and Administrative Assistants, Except Legal, Medical, and Executive",Learning Strategies,2.12,1.88,0.0,0.4,4,812,890,11,0.4384514673595585,43.85,0.4385,0.415,41.54,4
Candidate_051,Administrative Assistant,43-6014.00,"Secretaries and Administrative Assistants, Except Legal, Medical, and Executive",Mathematics,2.0,1.62,0.0,0.362,5,812,890,11,0.4384514673595585,43.85,0.4385,0.393,39.26,5
Candidate_051,Administrative Assistant,43-6014.00,"Secretaries and Administrative Assistants, Except Legal, Medical, and Executive",Science,1.0,0.0,0.0,0.1,6,812,890,11,0.4384514673595585,43.85,0.4385,0.235,23.54,6
Candidate_051,Bookkeeper,43-3031.00,"Bookkeeping, Accounting, and Auditing Clerks",Active Listening,3.25,3.75,0.0,0.7,1,396,422,11,0.2992257912289334,29.92,0.2992,0.54,53.97,1
Candidate_051,Bookkeeper,43-3031.00,"Bookkeeping, Accounting, and Auditing Clerks",Mathematics,3.38,3.38,0.0,0.6759999999999999,2,396,422,11,0.2992257912289334,29.92,0.2992,0.525,52.53,2
Candidate_051,Bookkeeper,43-3031.00,"Bookkeeping, Accounting, and Auditing Clerks",Speaking,3.12,3.12,0.0,0.624,3,396,422,11,0.2992257912289334,29.92,0.2992,0.494,49.41,3
Candidate_051,Bookkeeper,43-3031.00,"Bookkeeping, Accounting, and Auditing Clerks",Monitoring,3.0,2.88,0.0,0.588,4,396,422,11,0.2992257912289334,29.92,0.2992,0.472,47.25,4
Candidate_051,Bookkeeper,43-3031.00,"Bookkeeping, Accounting, and Auditing Clerks",Learning Strategies,2.0,1.88,0.0,0.388,5,396,422,11,0.2992257912289334,29.92,0.2992,0.352,35.25,5
Candidate_051,Bookkeeper,43-3031.00,"Bookkeeping, Accounting, and Auditing Clerks",Science,1.12,0.12,0.0,0.12400000000000001,6,396,422,11,0.2992257912289334,29.92,0.2992,0.194,19.41,6
Candidate_051,Continuing Care Assistant,31-1131.00,Nursing Assistants,Active Listening,3.62,3.0,0.0,0.6619999999999999,1,819,1172,9,0.4396201180333152,43.96,0.4396,0.573,57.3,1
Candidate_051,Continuing Care Assistant,31-1131.00,Nursing Assistants,Monitoring,3.25,3.0,0.0,0.625,2,819,1172,9,0.4396201180333152,43.96,0.4396,0.551,55.08,2
Candidate_051,Continuing Care Assistant,31-1131.00,Nursing Assistants,Speaking,3.12,3.0,0.0,0.612,3,819,1172,9,0.4396201180333152,43.96,0.4396,0.543,54.3,3
Candidate_051,Continuing Care Assistant,31-1131.00,Nursing Assistants,Learning Strategies,2.38,2.12,0.0,0.45,4,819,1172,9,0.4396201180333152,43.96,0.4396,0.446,44.58,4
Candidate_051,Continuing Care Assistant,31-1131.00,Nursing Assistants,Mathematics,2.12,1.88,0.0,0.4,5,819,1172,9,0.4396201180333152,43.96,0.4396,0.416,41.58,5
Candidate_051,Continuing Care Assistant,31-1131.00,Nursing Assistants,Science,1.75,0.88,0.0,0.263,6,819,1172,9,0.4396201180333152,43.96,0.4396,0.334,33.36,6
Candidate_051,Delivery Driver,53-3033.00,Light Truck Drivers,Active Listening,3.12,2.88,0.0,0.6,1,557,622,12,0.3705312074675783,37.05,0.3705,0.508,50.82,1
Candidate_051,Delivery Driver,53-3033.00,Light Truck Drivers,Speaking,3.12,2.88,0.0,0.6,1,557,622,12,0.3705312074675783,37.05,0.3705,0.508,50.82,1
Candidate_051,Delivery Driver,53-3033.00,Light Truck Drivers,Monitoring,3.12,2.75,0.0,0.587,2,557,622,12,0.3705312074675783,37.05,0.3705,0.5,50.04,2
Candidate_051,Delivery Driver,53-3033.00,Light Truck Drivers,Mathematics,2.25,2.12,0.0,0.43700000000000006,3,557,622,12,0.3705312074675783,37.05,0.3705,0.41,41.04,3
Candidate_051,Delivery Driver,53-3033.00,Light Truck Drivers,Learning Strategies,2.0,1.62,0.0,0.362,4,557,622,12,0.3705312074675783,37.05,0.3705,0.365,36.54,4
Candidate_051,Delivery Driver,53-3033.00,Light Truck Drivers,Science,1.12,0.12,0.0,0.12400000000000001,5,557,622,12,0.3705312074675783,37.05,0.3705,0.223,22.26,5
Candidate_051,"Driver, Truck",53-3032.00,Heavy and Tractor-Trailer Truck Drivers,Monitoring,3.12,3.0,0.0,0.612,1,1423,3705,12,0.8880268984746598,88.8,0.888,0.722,72.24,1
Candidate_051,"Driver, Truck",53-3032.00,Heavy and Tractor-Trailer Truck Drivers,Active Listening,2.88,3.0,0.0,0.588,2,1423,3705,12,0.8880268984746598,88.8,0.888,0.708,70.8,2
Candidate_051,"Driver, Truck",53-3032.00,Heavy and Tractor-Trailer Truck Drivers,Speaking,3.0,2.88,0.0,0.588,2,1423,3705,12,0.8880268984746598,88.8,0.888,0.708,70.8,2
Candidate_051,"Driver, Truck",53-3032.00,Heavy and Tractor-Trailer Truck Drivers,Mathematics,2.0,1.88,0.0,0.388,3,1423,3705,12,0.8880268984746598,88.8,0.888,0.588,58.8,3
Candidate_051,"Driver, Truck",53-3032.00,Heavy and Tractor-Trailer Truck Drivers,Learning Strategies,2.0,1.75,0.0,0.375,4,1423,3705,12,0.8880268984746598,88.8,0.888,0.58,58.02,4
Candidate_051,"Driver, Truck",53-3032.00,Heavy and Tractor-Trailer Truck Drivers,Science,1.0,0.0,0.0,0.1,5,1423,3705,12,0.8880268984746598,88.8,0.888,0.415,41.52,5
Candidate_051,Food Service Supervisor,35-1012.00,First-Line Supervisors of Food Preparation and Serving Workers,Monitoring,3.88,4.0,0.0,0.788,1,1061,2524,12,0.6833380235893983,68.33,0.6833,0.746,74.61,1
Candidate_051,Food Service Supervisor,35-1012.00,First-Line Supervisors of Food Preparation and Serving Workers,Speaking,3.88,4.0,0.0,0.788,1,1061,2524,12,0.6833380235893983,68.33,0.6833,0.746,74.61,1
Candidate_051,Food Service Supervisor,35-1012.00,First-Line Supervisors of Food Preparation and Serving Workers,Active Listening,3.75,3.0,0.0,0.675,2,1061,2524,12,0.6833380235893983,68.33,0.6833,0.678,67.83,2
Candidate_051,Food Service Supervisor,35-1012.00,First-Line Supervisors of Food Preparation and Serving Workers,Learning Strategies,3.12,3.12,0.0,0.624,3,1061,2524,12,0.6833380235893983,68.33,0.6833,0.648,64.77,3
Candidate_051,Food Service Supervisor,35-1012.00,First-Line Supervisors of Food Preparation and Serving Workers,Mathematics,3.0,3.0,0.0,0.6,4,1061,2524,12,0.6833380235893983,68.33,0.6833,0.633,63.33,4
Candidate_051,Food Service Supervisor,35-1012.00,First-Line Supervisors of Food Preparation and Serving Workers,Science,1.0,0.0,0.0,0.1,5,1061,2524,12,0.6833380235893983,68.33,0.6833,0.333,33.33,5
Candidate_051,Information Technology (IT) Analyst,15-1211.00,Computer Systems Analysts,Active Listening,4.0,4.12,0.0,0.812,1,347,357,10,0.266375870790639,26.64,0.2664,0.594,59.38,1
Candidate_051,Information Technology (IT) Analyst,15-1211.00,Computer Systems Analysts,Speaking,4.0,4.0,0.0,0.8,2,347,357,10,0.266375870790639,26.64,0.2664,0.587,58.66,2
Candidate_051,Information Technology (IT) Analyst,15-1211.00,Computer Systems Analysts,Learning Strategies,3.75,4.0,0.0,0.775,3,347,357,10,0.266375870790639,26.64,0.2664,0.572,57.16,3
Candidate_051,Information Technology (IT) Analyst,15-1211.00,Computer Systems Analysts,Monitoring,3.62,4.0,0.0,0.762,4,347,357,10,0.266375870790639,26.64,0.2664,0.564,56.38,4
Candidate_051,Information Technology (IT) Analyst,15-1211.00,Computer Systems Analysts,Mathematics,3.0,3.38,0.0,0.6379999999999999,5,347,357,10,0.266375870790639,26.64,0.2664,0.489,48.94,5
Candidate_051,Information Technology (IT) Analyst,15-1211.00,Computer Systems Analysts,Science,2.75,3.12,0.0,0.587,6,347,357,10,0.266375870790639,26.64,0.2664,0.459,45.88,6
Candidate_051,Inside Sales Representative,41-2031.00,Retail Salespersons,Active Listening,3.75,3.75,0.0,0.75,1,1876,2449,13,0.8643994601889338,86.44,0.8644,0.796,79.58,1
Candidate_051,Inside Sales Representative,41-2031.00,Retail Salespersons,Speaking,3.75,3.12,0.0,0.687,2,1876,2449,13,0.8643994601889338,86.44,0.8644,0.758,75.8,2
Candidate_051,Inside Sales Representative,41-2031.00,Retail Salespersons,Monitoring,3.0,3.12,0.0,0.612,3,1876,2449,13,0.8643994601889338,86.44,0.8644,0.713,71.3,3
Candidate_051,Inside Sales Representative,41-2031.00,Retail Salespersons,Learning Strategies,2.62,2.25,0.0,0.487,4,1876,2449,13,0.8643994601889338,86.44,0.8644,0.638,63.8,4
Candidate_051,Inside Sales Representative,41-2031.00,Retail Salespersons,Mathematics,2.62,2.0,0.0,0.462,5,1876,2449,13,0.8643994601889338,86.44,0.8644,0.623,62.3,5
Candidate_051,Inside Sales Representative,41-2031.00,Retail Salespersons,Science,1.0,0.0,0.0,0.1,6,1876,2449,13,0.8643994601889338,86.44,0.8644,0.406,40.58,6
Candidate_051,Licensed Practical Nurse (L.P.N.),29-2061.00,Licensed Practical and Licensed Vocational Nurses,Active Listening,3.88,4.0,0.0,0.788,1,437,527,10,0.3039192124973743,30.39,0.3039,0.594,59.44,1
Candidate_051,Licensed Practical Nurse (L.P.N.),29-2061.00,Licensed Practical and Licensed Vocational Nurses,Monitoring,3.88,4.0,0.0,0.788,1,437,527,10,0.3039192124973743,30.39,0.3039,0.594,59.44,1
Candidate_051,Licensed Practical Nurse (L.P.N.),29-2061.00,Licensed Practical and Licensed Vocational Nurses,Speaking,3.88,4.0,0.0,0.788,1,437,527,10,0.3039192124973743,30.39,0.3039,0.594,59.44,1
Candidate_051,Licensed Practical Nurse (L.P.N.),29-2061.00,Licensed Practical and Licensed Vocational Nurses,Learning Strategies,3.12,3.12,0.0,0.624,2,437,527,10,0.3039192124973743,30.39,0.3039,0.496,49.6,2
Candidate_051,Licensed Practical Nurse (L.P.N.),29-2061.00,Licensed Practical and Licensed Vocational Nurses,Mathematics,2.88,2.88,0.0,0.576,3,437,527,10,0.3039192124973743,30.39,0.3039,0.467,46.72,3
Candidate_051,Licensed Practical Nurse (L.P.N.),29-2061.00,Licensed Practical and Licensed Vocational Nurses,Science,2.62,2.62,0.0,0.524,4,437,527,10,0.3039192124973743,30.39,0.3039,0.436,43.6,4
Candidate_051,Office Administrator,43-1011.00,First-Line Supervisors of Office and Administrative Support Workers,Active Listening,4.0,4.0,0.0,0.8,1,676,1709,13,0.5286438829565303,52.86,0.5286,0.691,69.14,1
Candidate_051,Office Administrator,43-1011.00,First-Line Supervisors of Office and Administrative Support Workers,Monitoring,4.0,4.0,0.0,0.8,1,676,1709,13,0.5286438829565303,52.86,0.5286,0.691,69.14,1
Candidate_051,Office Administrator,43-1011.00,First-Line Supervisors of Office and Administrative Support Workers,Speaking,4.0,4.0,0.0,0.8,1,676,1709,13,0.5286438829565303,52.86,0.5286,0.691,69.14,1
Candidate_051,Office Administrator,43-1011.00,First-Line Supervisors of Office and Administrative Support Workers,Learning Strategies,3.62,3.75,0.0,0.737,2,676,1709,13,0.5286438829565303,52.86,0.5286,0.654,65.36,2
Candidate_051,Office Administrator,43-1011.00,First-Line Supervisors of Office and Administrative Support Workers,Mathematics,2.75,2.75,0.0,0.55,3,676,1709,13,0.5286438829565303,52.86,0.5286,0.541,54.14,3
Candidate_051,Office Administrator,43-1011.00,First-Line Supervisors of Office and Administrative Support Workers,Science,1.38,0.38,0.0,0.176,4,676,1709,13,0.5286438829565303,52.86,0.5286,0.317,31.7,4
Candidate_051,Office Manager,43-1011.00,First-Line Supervisors of Office and Administrative Support Workers,Monitoring,4.0,4.0,0.0,0.8,1,676,1709,13,0.5286438829565303,52.86,0.5286,0.691,69.14,1
Candidate_051,Office Manager,43-1011.00,First-Line Supervisors of Office and Administrative Support Workers,Speaking,4.0,4.0,0.0,0.8,1,676,1709,13,0.5286438829565303,52.86,0.5286,0.691,69.14,1
Candidate_051,Office Manager,43-1011.00,First-Line Supervisors of Office and Administrative Support Workers,Active Listening,4.0,3.88,0.0,0.788,2,676,1709,13,0.5286438829565303,52.86,0.5286,0.684,68.42,2
Candidate_051,Office Manager,43-1011.00,First-Line Supervisors of Office and Administrative Support Workers,Learning Strategies,3.62,3.75,0.0,0.737,3,676,1709,13,0.5286438829565303,52.86,0.5286,0.654,65.36,3
Candidate_051,Office Manager,43-1011.00,First-Line Supervisors of Office and Administrative Support Workers,Mathematics,2.75,2.75,0.0,0.55,4,676,1709,13,0.5286438829565303,52.86,0.5286,0.541,54.14,4
Candidate_051,Office Manager,43-1011.00,First-Line Supervisors of Office and Administrative Support Workers,Science,1.0,0.0,0.0,0.1,5,676,1709,13,0.5286438829565303,52.86,0.5286,0.271,27.14,5
Candidate_051,Restaurant Manager,11-9051.00,Food Service Managers,Speaking,3.88,4.0,0.0,0.788,1,1139,1473,12,0.5865008675534992,58.65,0.5865,0.707,70.74,1
Candidate_051,Restaurant Manager,11-9051.00,Food Service Managers,Monitoring,3.88,3.88,0.0,0.776,2,1139,1473,12,0.5865008675534992,58.65,0.5865,0.7,70.02,2
Candidate_051,Restaurant Manager,11-9051.00,Food Service Managers,Active Listening,3.88,3.5,0.0,0.738,3,1139,1473,12,0.5865008675534992,58.65,0.5865,0.677,67.74,3
Candidate_051,Restaurant Manager,11-9051.00,Food Service Managers,Learning Strategies,3.12,3.12,0.0,0.624,4,1139,1473,12,0.5865008675534992,58.65,0.5865,0.609,60.9,4
Candidate_051,Restaurant Manager,11-9051.00,Food Service Managers,Mathematics,2.88,2.88,0.0,0.576,5,1139,1473,12,0.5865008675534992,58.65,0.5865,0.58,58.02,5
Candidate_051,Restaurant Manager,11-9051.00,Food Service Managers,Science,1.62,0.62,0.0,0.224,6,1139,1473,12,0.5865008675534992,58.65,0.5865,0.369,36.9,6
Candidate_051,Retail Sales Associate,41-2031.00,Retail Salespersons,Active Listening,3.75,3.75,0.0,0.75,1,1876,2449,13,0.8643994601889338,86.44,0.8644,0.796,79.58,1
Candidate_051,Retail Sales Associate,41-2031.00,Retail Salespersons,Speaking,3.75,3.12,0.0,0.687,2,1876,2449,13,0.8643994601889338,86.44,0.8644,0.758,75.8,2
Candidate_051,Retail Sales Associate,41-2031.00,Retail Salespersons,Monitoring,3.0,3.12,0.0,0.612,3,1876,2449,13,0.8643994601889338,86.44,0.8644,0.713,71.3,3
Candidate_051,Retail Sales Associate,41-2031.00,Retail Salespersons,Learning Strategies,2.62,2.25,0.0,0.487,4,1876,2449,13,0.8643994601889338,86.44,0.8644,0.638,63.8,4
Candidate_051,Retail Sales Associate,41-2031.00,Retail Salespersons,Mathematics,2.62,2.0,0.0,0.462,5,1876,2449,13,0.8643994601889338,86.44,0.8644,0.623,62.3,5
Candidate_051,Retail Sales Associate,41-2031.00,Retail Salespersons,Science,1.0,0.0,0.0,0.1,6,1876,2449,13,0.8643994601889338,86.44,0.8644,0.406,40.58,6
Candidate_051,Secondary School Teacher,25-2031.00,"Secondary School Teachers, Except Special and Career/Technical Education",Learning Strategies,4.0,4.25,0.0,0.825,1,681,740,9,0.3635561348837076,36.36,0.3636,0.64,64.04,1
Candidate_051,Secondary School Teacher,25-2031.00,"Secondary School Teachers, Except Special and Career/Technical Education",Speaking,4.0,4.12,0.0,0.812,2,681,740,9,0.3635561348837076,36.36,0.3636,0.633,63.26,2
Candidate_051,Secondary School Teacher,25-2031.00,"Secondary School Teachers, Except Special and Career/Technical Education",Active Listening,4.0,4.0,0.0,0.8,3,681,740,9,0.3635561348837076,36.36,0.3636,0.625,62.54,3
Candidate_051,Secondary School Teacher,25-2031.00,"Secondary School Teachers, Except Special and Career/Technical Education",Monitoring,3.88,4.0,0.0,0.788,4,681,740,9,0.3635561348837076,36.36,0.3636,0.618,61.82,4
Candidate_051,Secondary School Teacher,25-2031.00,"Secondary School Teachers, Except Special and Career/Technical Education",Mathematics,2.75,3.0,0.0,0.575,5,681,740,9,0.3635561348837076,36.36,0.3636,0.49,49.04,5
Candidate_051,Secondary School Teacher,25-2031.00,"Secondary School Teachers, Except Special and Career/Technical Education",Science,2.0,1.88,0.0,0.388,6,681,740,9,0.3635561348837076,36.36,0.3636,0.378,37.82,6
Candidate_051,Software Developer,15-1252.00,Software Developers,Active Listening,3.38,3.88,0.0,0.726,1,323,344,8,0.2290858604605659,22.91,0.2291,0.527,52.72,1
Candidate_051,Software Developer,15-1252.00,Software Developers,Speaking,3.12,3.62,0.0,0.6739999999999999,2,323,344,8,0.2290858604605659,22.91,0.2291,0.496,49.6,2
Candidate_051,Software Developer,15-1252.00,Software Developers,Monitoring,3.0,3.5,0.0,0.6499999999999999,3,323,344,8,0.2290858604605659,22.91,0.2291,0.482,48.16,3
Candidate_051,Software Developer,15-1252.00,Software Developers,Mathematics,2.75,3.25,0.0,0.6000000000000001,4,323,344,8,0.2290858604605659,22.91,0.2291,0.452,45.16,4
Candidate_051,Software Developer,15-1252.00,Software Developers,Learning Strategies,2.62,3.12,0.0,0.5740000000000001,5,323,344,8,0.2290858604605659,22.91,0.2291,0.436,43.6,5
Candidate_051,Software Developer,15-1252.00,Software Developers,Science,2.12,1.88,0.0,0.4,6,323,344,8,0.2290858604605659,22.91,0.2291,0.332,33.16,6
Candidate_052,Administrative Assistant,43-6014.00,"Secretaries and Administrative Assistants, Except Legal, Medical, and Executive",Active Listening,4.0,3.75,0.0,0.775,1,812,890,11,0.4384514673595585,43.85,0.4385,0.64,64.04,1
Candidate_052,Administrative Assistant,43-6014.00,"Secretaries and Administrative Assistants, Except Legal, Medical, and Executive",Speaking,4.0,3.62,0.0,0.762,2,812,890,11,0.4384514673595585,43.85,0.4385,0.633,63.26,2
Candidate_052,Bookkeeper,43-3031.00,"Bookkeeping, Accounting, and Auditing Clerks",Active Listening,3.25,3.75,0.0,0.7,1,396,422,11,0.2992257912289334,29.92,0.2992,0.54,53.97,1
Candidate_052,Bookkeeper,43-3031.00,"Bookkeeping, Accounting, and Auditing Clerks",Speaking,3.12,3.12,0.0,0.624,2,396,422,11,0.2992257912289334,29.92,0.2992,0.494,49.41,2
Candidate_052,Continuing Care Assistant,31-1131.00,Nursing Assistants,Active Listening,3.62,3.0,0.0,0.6619999999999999,1,819,1172,9,0.4396201180333152,43.96,0.4396,0.573,57.3,1
Candidate_052,Continuing Care Assistant,31-1131.00,Nursing Assistants,Speaking,3.12,3.0,0.0,0.612,2,819,1172,9,0.4396201180333152,43.96,0.4396,0.543,54.3,2
Candidate_052,Delivery Driver,53-3033.00,Light Truck Drivers,Active Listening,3.12,2.88,0.0,0.6,1,557,622,12,0.3705312074675783,37.05,0.3705,0.508,50.82,1
Candidate_052,Delivery Driver,53-3033.00,Light Truck Drivers,Speaking,3.12,2.88,0.0,0.6,1,557,622,12,0.3705312074675783,37.05,0.3705,0.508,50.82,1
Candidate_052,"Driver, Truck",53-3032.00,Heavy and Tractor-Trailer Truck Drivers,Active Listening,2.88,3.0,0.0,0.588,1,1423,3705,12,0.8880268984746598,88.8,0.888,0.708,70.8,1
Candidate_052,"Driver, Truck",53-3032.00,Heavy and Tractor-Trailer Truck Drivers,Speaking,3.0,2.88,0.0,0.588,1,1423,3705,12,0.8880268984746598,88.8,0.888,0.708,70.8,1
Candidate_052,Food Service Supervisor,35-1012.00,First-Line Supervisors of Food Preparation and Serving Workers,Speaking,3.88,4.0,0.0,0.788,1,1061,2524,12,0.6833380235893983,68.33,0.6833,0.746,74.61,1
Candidate_052,Food Service Supervisor,35-1012.00,First-Line Supervisors of Food Preparation and Serving Workers,Active Listening,3.75,3.0,0.0,0.675,2,1061,2524,12,0.6833380235893983,68.33,0.6833,0.678,67.83,2
Candidate_052,Information Technology (IT) Analyst,15-1211.00,Computer Systems Analysts,Active Listening,4.0,4.12,0.0,0.812,1,347,357,10,0.266375870790639,26.64,0.2664,0.594,59.38,1
Candidate_052,Information Technology (IT) Analyst,15-1211.00,Computer Systems Analysts,Speaking,4.0,4.0,0.0,0.8,2,347,357,10,0.266375870790639,26.64,0.2664,0.587,58.66,2
Candidate_052,Inside Sales Representative,41-2031.00,Retail Salespersons,Active Listening,3.75,3.75,0.0,0.75,1,1876,2449,13,0.8643994601889338,86.44,0.8644,0.796,79.58,1
Candidate_052,Inside Sales Representative,41-2031.00,Retail Salespersons,Speaking,3.75,3.12,0.0,0.687,2,1876,2449,13,0.8643994601889338,86.44,0.8644,0.758,75.8,2
Candidate_052,Licensed Practical Nurse (L.P.N.),29-2061.00,Licensed Practical and Licensed Vocational Nurses,Active Listening,3.88,4.0,0.0,0.788,1,437,527,10,0.3039192124973743,30.39,0.3039,0.594,59.44,1
Candidate_052,Licensed Practical Nurse (L.P.N.),29-2061.00,Licensed Practical and Licensed Vocational Nurses,Speaking,3.88,4.0,0.0,0.788,1,437,527,10,0.3039192124973743,30.39,0.3039,0.594,59.44,1
Candidate_052,Office Administrator,43-1011.00,First-Line Supervisors of Office and Administrative Support Workers,Active Listening,4.0,4.0,0.0,0.8,1,676,1709,13,0.5286438829565303,52.86,0.5286,0.691,69.14,1
Candidate_052,Office Administrator,43-1011.00,First-Line Supervisors of Office and Administrative Support Workers,Speaking,4.0,4.0,0.0,0.8,1,676,1709,13,0.5286438829565303,52.86,0.5286,0.691,69.14,1
Candidate_052,Office Manager,43-1011.00,First-Line Supervisors of Office and Administrative Support Workers,Speaking,4.0,4.0,0.0,0.8,1,676,1709,13,0.5286438829565303,52.86,0.5286,0.691,69.14,1
Candidate_052,Office Manager,43-1011.00,First-Line Supervisors of Office and Administrative Support Workers,Active Listening,4.0,3.88,0.0,0.788,2,676,1709,13,0.5286438829565303,52.86,0.5286,0.684,68.42,2
Candidate_052,Restaurant Manager,11-9051.00,Food Service Managers,Speaking,3.88,4.0,0.0,0.788,1,1139,1473,12,0.5865008675534992,58.65,0.5865,0.707,70.74,1
Candidate_052,Restaurant Manager,11-9051.00,Food Service Managers,Active Listening,3.88,3.5,0.0,0.738,2,1139,1473,12,0.5865008675534992,58.65,0.5865,0.677,67.74,2
Candidate_052,Retail Sales Associate,41-2031.00,Retail Salespersons,Active Listening,3.75,3.75,0.0,0.75,1,1876,2449,13,0.8643994601889338,86.44,0.8644,0.796,79.58,1
Candidate_052,Retail Sales Associate,41-2031.00,Retail Salespersons,Speaking,3.75,3.12,0.0,0.687,2,1876,2449,13,0.8643994601889338,86.44,0.8644,0.758,75.8,2
Candidate_052,Secondary School Teacher,25-2031.00,"Secondary School Teachers, Except Special and Career/Technical Education",Speaking,4.0,4.12,0.0,0.812,1,681,740,9,0.3635561348837076,36.36,0.3636,0.633,63.26,1
Candidate_052,Secondary School Teacher,25-2031.00,"Secondary School Teachers, Except Special and Career/Technical Education",Active Listening,4.0,4.0,0.0,0.8,2,681,740,9,0.3635561348837076,36.36,0.3636,0.625,62.54,2
Candidate_052,Software Developer,15-1252.00,Software Developers,Active Listening,3.38,3.88,0.0,0.726,1,323,344,8,0.2290858604605659,22.91,0.2291,0.527,52.72,1
Candidate_052,Software Developer,15-1252.00,Software Developers,Speaking,3.12,3.62,0.0,0.6739999999999999,2,323,344,8,0.2290858604605659,22.91,0.2291,0.496,49.6,2
Candidate_053,Administrative Assistant,43-6014.00,"Secretaries and Administrative Assistants, Except Legal, Medical, and Executive",Active Listening,4.0,3.75,0.0,0.775,1,812,890,11,0.4384514673595585,43.85,0.4385,0.64,64.04,1
Candidate_053,Administrative Assistant,43-6014.00,"Secretaries and Administrative Assistants, Except Legal, Medical, and Executive",Speaking,4.0,3.62,0.0,0.762,2,812,890,11,0.4384514673595585,43.85,0.4385,0.633,63.26,2
Candidate_053,Administrative Assistant,43-6014.00,"Secretaries and Administrative Assistants, Except Legal, Medical, and Executive",Monitoring,3.12,3.25,0.0,0.637,3,812,890,11,0.4384514673595585,43.85,0.4385,0.558,55.76,3
Candidate_053,Administrative Assistant,43-6014.00,"Secretaries and Administrative Assistants, Except Legal, Medical, and Executive",Learning Strategies,2.12,1.88,0.0,0.4,4,812,890,11,0.4384514673595585,43.85,0.4385,0.415,41.54,4
Candidate_053,Administrative Assistant,43-6014.00,"Secretaries and Administrative Assistants, Except Legal, Medical, and Executive",Science,1.0,0.0,0.0,0.1,5,812,890,11,0.4384514673595585,43.85,0.4385,0.235,23.54,5
Candidate_053,Bookkeeper,43-3031.00,"Bookkeeping, Accounting, and Auditing Clerks",Active Listening,3.25,3.75,0.0,0.7,1,396,422,11,0.2992257912289334,29.92,0.2992,0.54,53.97,1
Candidate_053,Bookkeeper,43-3031.00,"Bookkeeping, Accounting, and Auditing Clerks",Speaking,3.12,3.12,0.0,0.624,2,396,422,11,0.2992257912289334,29.92,0.2992,0.494,49.41,2
Candidate_053,Bookkeeper,43-3031.00,"Bookkeeping, Accounting, and Auditing Clerks",Monitoring,3.0,2.88,0.0,0.588,3,396,422,11,0.2992257912289334,29.92,0.2992,0.472,47.25,3
Candidate_053,Bookkeeper,43-3031.00,"Bookkeeping, Accounting, and Auditing Clerks",Learning Strategies,2.0,1.88,0.0,0.388,4,396,422,11,0.2992257912289334,29.92,0.2992,0.352,35.25,4
Candidate_053,Bookkeeper,43-3031.00,"Bookkeeping, Accounting, and Auditing Clerks",Science,1.12,0.12,0.0,0.12400000000000001,5,396,422,11,0.2992257912289334,29.92,0.2992,0.194,19.41,5
Candidate_053,Continuing Care Assistant,31-1131.00,Nursing Assistants,Active Listening,3.62,3.0,0.0,0.6619999999999999,1,819,1172,9,0.4396201180333152,43.96,0.4396,0.573,57.3,1
Candidate_053,Continuing Care Assistant,31-1131.00,Nursing Assistants,Monitoring,3.25,3.0,0.0,0.625,2,819,1172,9,0.4396201180333152,43.96,0.4396,0.551,55.08,2
Candidate_053,Continuing Care Assistant,31-1131.00,Nursing Assistants,Speaking,3.12,3.0,0.0,0.612,3,819,1172,9,0.4396201180333152,43.96,0.4396,0.543,54.3,3
Candidate_053,Continuing Care Assistant,31-1131.00,Nursing Assistants,Learning Strategies,2.38,2.12,0.0,0.45,4,819,1172,9,0.4396201180333152,43.96,0.4396,0.446,44.58,4
Candidate_053,Continuing Care Assistant,31-1131.00,Nursing Assistants,Science,1.75,0.88,0.0,0.263,5,819,1172,9,0.4396201180333152,43.96,0.4396,0.334,33.36,5
Candidate_053,Delivery Driver,53-3033.00,Light Truck Drivers,Active Listening,3.12,2.88,0.0,0.6,1,557,622,12,0.3705312074675783,37.05,0.3705,0.508,50.82,1
Candidate_053,Delivery Driver,53-3033.00,Light Truck Drivers,Speaking,3.12,2.88,0.0,0.6,1,557,622,12,0.3705312074675783,37.05,0.3705,0.508,50.82,1
Candidate_053,Delivery Driver,53-3033.00,Light Truck Drivers,Monitoring,3.12,2.75,0.0,0.587,2,557,622,12,0.3705312074675783,37.05,0.3705,0.5,50.04,2
Candidate_053,Delivery Driver,53-3033.00,Light Truck Drivers,Learning Strategies,2.0,1.62,0.0,0.362,3,557,622,12,0.3705312074675783,37.05,0.3705,0.365,36.54,3
Candidate_053,Delivery Driver,53-3033.00,Light Truck Drivers,Science,1.12,0.12,0.0,0.12400000000000001,4,557,622,12,0.3705312074675783,37.05,0.3705,0.223,22.26,4
Candidate_053,"Driver, Truck",53-3032.00,Heavy and Tractor-Trailer Truck Drivers,Monitoring,3.12,3.0,0.0,0.612,1,1423,3705,12,0.8880268984746598,88.8,0.888,0.722,72.24,1
Candidate_053,"Driver, Truck",53-3032.00,Heavy and Tractor-Trailer Truck Drivers,Active Listening,2.88,3.0,0.0,0.588,2,1423,3705,12,0.8880268984746598,88.8,0.888,0.708,70.8,2
Candidate_053,"Driver, Truck",53-3032.00,Heavy and Tractor-Trailer Truck Drivers,Speaking,3.0,2.88,0.0,0.588,2,1423,3705,12,0.8880268984746598,88.8,0.888,0.708,70.8,2
Candidate_053,"Driver, Truck",53-3032.00,Heavy and Tractor-Trailer Truck Drivers,Learning Strategies,2.0,1.75,0.0,0.375,3,1423,3705,12,0.8880268984746598,88.8,0.888,0.58,58.02,3
Candidate_053,"Driver, Truck",53-3032.00,Heavy and Tractor-Trailer Truck Drivers,Science,1.0,0.0,0.0,0.1,4,1423,3705,12,0.8880268984746598,88.8,0.888,0.415,41.52,4
Candidate_053,Food Service Supervisor,35-1012.00,First-Line Supervisors of Food Preparation and Serving Workers,Monitoring,3.88,4.0,0.0,0.788,1,1061,2524,12,0.6833380235893983,68.33,0.6833,0.746,74.61,1
Candidate_053,Food Service Supervisor,35-1012.00,First-Line Supervisors of Food Preparation and Serving Workers,Speaking,3.88,4.0,0.0,0.788,1,1061,2524,12,0.6833380235893983,68.33,0.6833,0.746,74.61,1
Candidate_053,Food Service Supervisor,35-1012.00,First-Line Supervisors of Food Preparation and Serving Workers,Active Listening,3.75,3.0,0.0,0.675,2,1061,2524,12,0.6833380235893983,68.33,0.6833,0.678,67.83,2
Candidate_053,Food Service Supervisor,35-1012.00,First-Line Supervisors of Food Preparation and Serving Workers,Learning Strategies,3.12,3.12,0.0,0.624,3,1061,2524,12,0.6833380235893983,68.33,0.6833,0.648,64.77,3
Candidate_053,Food Service Supervisor,35-1012.00,First-Line Supervisors of Food Preparation and Serving Workers,Science,1.0,0.0,0.0,0.1,4,1061,2524,12,0.6833380235893983,68.33,0.6833,0.333,33.33,4
Candidate_053,Information Technology (IT) Analyst,15-1211.00,Computer Systems Analysts,Active Listening,4.0,4.12,0.0,0.812,1,347,357,10,0.266375870790639,26.64,0.2664,0.594,59.38,1
Candidate_053,Information Technology (IT) Analyst,15-1211.00,Computer Systems Analysts,Speaking,4.0,4.0,0.0,0.8,2,347,357,10,0.266375870790639,26.64,0.2664,0.587,58.66,2
Candidate_053,Information Technology (IT) Analyst,15-1211.00,Computer Systems Analysts,Learning Strategies,3.75,4.0,0.0,0.775,3,347,357,10,0.266375870790639,26.64,0.2664,0.572,57.16,3
Candidate_053,Information Technology (IT) Analyst,15-1211.00,Computer Systems Analysts,Monitoring,3.62,4.0,0.0,0.762,4,347,357,10,0.266375870790639,26.64,0.2664,0.564,56.38,4
Candidate_053,Information Technology (IT) Analyst,15-1211.00,Computer Systems Analysts,Science,2.75,3.12,0.0,0.587,5,347,357,10,0.266375870790639,26.64,0.2664,0.459,45.88,5
Candidate_053,Inside Sales Representative,41-2031.00,Retail Salespersons,Active Listening,3.75,3.75,0.0,0.75,1,1876,2449,13,0.8643994601889338,86.44,0.8644,0.796,79.58,1
Candidate_053,Inside Sales Representative,41-2031.00,Retail Salespersons,Speaking,3.75,3.12,0.0,0.687,2,1876,2449,13,0.8643994601889338,86.44,0.8644,0.758,75.8,2
Candidate_053,Inside Sales Representative,41-2031.00,Retail Salespersons,Monitoring,3.0,3.12,0.0,0.612,3,1876,2449,13,0.8643994601889338,86.44,0.8644,0.713,71.3,3
Candidate_053,Inside Sales Representative,41-2031.00,Retail Salespersons,Learning Strategies,2.62,2.25,0.0,0.487,4,1876,2449,13,0.8643994601889338,86.44,0.8644,0.638,63.8,4
Candidate_053,Inside Sales Representative,41-2031.00,Retail Salespersons,Science,1.0,0.0,0.0,0.1,5,1876,2449,13,0.8643994601889338,86.44,0.8644,0.406,40.58,5
Candidate_053,Licensed Practical Nurse (L.P.N.),29-2061.00,Licensed Practical and Licensed Vocational Nurses,Active Listening,3.88,4.0,0.0,0.788,1,437,527,10,0.3039192124973743,30.39,0.3039,0.594,59.44,1
Candidate_053,Licensed Practical Nurse (L.P.N.),29-2061.00,Licensed Practical and Licensed Vocational Nurses,Monitoring,3.88,4.0,0.0,0.788,1,437,527,10,0.3039192124973743,30.39,0.3039,0.594,59.44,1
Candidate_053,Licensed Practical Nurse (L.P.N.),29-2061.00,Licensed Practical and Licensed Vocational Nurses,Speaking,3.88,4.0,0.0,0.788,1,437,527,10,0.3039192124973743,30.39,0.3039,0.594,59.44,1
Candidate_053,Licensed Practical Nurse (L.P.N.),29-2061.00,Licensed Practical and Licensed Vocational Nurses,Learning Strategies,3.12,3.12,0.0,0.624,2,437,527,10,0.3039192124973743,30.39,0.3039,0.496,49.6,2
Candidate_053,Licensed Practical Nurse (L.P.N.),29-2061.00,Licensed Practical and Licensed Vocational Nurses,Science,2.62,2.62,0.0,0.524,3,437,527,10,0.3039192124973743,30.39,0.3039,0.436,43.6,3
Candidate_053,Office Administrator,43-1011.00,First-Line Supervisors of Office and Administrative Support Workers,Active Listening,4.0,4.0,0.0,0.8,1,676,1709,13,0.5286438829565303,52.86,0.5286,0.691,69.14,1
Candidate_053,Office Administrator,43-1011.00,First-Line Supervisors of Office and Administrative Support Workers,Monitoring,4.0,4.0,0.0,0.8,1,676,1709,13,0.5286438829565303,52.86,0.5286,0.691,69.14,1
Candidate_053,Office Administrator,43-1011.00,First-Line Supervisors of Office and Administrative Support Workers,Speaking,4.0,4.0,0.0,0.8,1,676,1709,13,0.5286438829565303,52.86,0.5286,0.691,69.14,1
Candidate_053,Office Administrator,43-1011.00,First-Line Supervisors of Office and Administrative Support Workers,Learning Strategies,3.62,3.75,0.0,0.737,2,676,1709,13,0.5286438829565303,52.86,0.5286,0.654,65.36,2
Candidate_053,Office Administrator,43-1011.00,First-Line Supervisors of Office and Administrative Support Workers,Science,1.38,0.38,0.0,0.176,3,676,1709,13,0.5286438829565303,52.86,0.5286,0.317,31.7,3
Candidate_053,Office Manager,43-1011.00,First-Line Supervisors of Office and Administrative Support Workers,Monitoring,4.0,4.0,0.0,0.8,1,676,1709,13,0.5286438829565303,52.86,0.5286,0.691,69.14,1
Candidate_053,Office Manager,43-1011.00,First-Line Supervisors of Office and Administrative Support Workers,Speaking,4.0,4.0,0.0,0.8,1,676,1709,13,0.5286438829565303,52.86,0.5286,0.691,69.14,1
Candidate_053,Office Manager,43-1011.00,First-Line Supervisors of Office and Administrative Support Workers,Active Listening,4.0,3.88,0.0,0.788,2,676,1709,13,0.5286438829565303,52.86,0.5286,0.684,68.42,2
Candidate_053,Office Manager,43-1011.00,First-Line Supervisors of Office and Administrative Support Workers,Learning Strategies,3.62,3.75,0.0,0.737,3,676,1709,13,0.5286438829565303,52.86,0.5286,0.654,65.36,3
Candidate_053,Office Manager,43-1011.00,First-Line Supervisors of Office and Administrative Support Workers,Science,1.0,0.0,0.0,0.1,4,676,1709,13,0.5286438829565303,52.86,0.5286,0.271,27.14,4
Candidate_053,Restaurant Manager,11-9051.00,Food Service Managers,Speaking,3.88,4.0,0.0,0.788,1,1139,1473,12,0.5865008675534992,58.65,0.5865,0.707,70.74,1
Candidate_053,Restaurant Manager,11-9051.00,Food Service Managers,Monitoring,3.88,3.88,0.0,0.776,2,1139,1473,12,0.5865008675534992,58.65,0.5865,0.7,70.02,2
Candidate_053,Restaurant Manager,11-9051.00,Food Service Managers,Active Listening,3.88,3.5,0.0,0.738,3,1139,1473,12,0.5865008675534992,58.65,0.5865,0.677,67.74,3
Candidate_053,Restaurant Manager,11-9051.00,Food Service Managers,Learning Strategies,3.12,3.12,0.0,0.624,4,1139,1473,12,0.5865008675534992,58.65,0.5865,0.609,60.9,4
Candidate_053,Restaurant Manager,11-9051.00,Food Service Managers,Science,1.62,0.62,0.0,0.224,5,1139,1473,12,0.5865008675534992,58.65,0.5865,0.369,36.9,5
Candidate_053,Retail Sales Associate,41-2031.00,Retail Salespersons,Active Listening,3.75,3.75,0.0,0.75,1,1876,2449,13,0.8643994601889338,86.44,0.8644,0.796,79.58,1
Candidate_053,Retail Sales Associate,41-2031.00,Retail Salespersons,Speaking,3.75,3.12,0.0,0.687,2,1876,2449,13,0.8643994601889338,86.44,0.8644,0.758,75.8,2
Candidate_053,Retail Sales Associate,41-2031.00,Retail Salespersons,Monitoring,3.0,3.12,0.0,0.612,3,1876,2449,13,0.8643994601889338,86.44,0.8644,0.713,71.3,3
Candidate_053,Retail Sales Associate,41-2031.00,Retail Salespersons,Learning Strategies,2.62,2.25,0.0,0.487,4,1876,2449,13,0.8643994601889338,86.44,0.8644,0.638,63.8,4
Candidate_053,Retail Sales Associate,41-2031.00,Retail Salespersons,Science,1.0,0.0,0.0,0.1,5,1876,2449,13,0.8643994601889338,86.44,0.8644,0.406,40.58,5
Candidate_053,Secondary School Teacher,25-2031.00,"Secondary School Teachers, Except Special and Career/Technical Education",Learning Strategies,4.0,4.25,0.0,0.825,1,681,740,9,0.3635561348837076,36.36,0.3636,0.64,64.04,1
Candidate_053,Secondary School Teacher,25-2031.00,"Secondary School Teachers, Except Special and Career/Technical Education",Speaking,4.0,4.12,0.0,0.812,2,681,740,9,0.3635561348837076,36.36,0.3636,0.633,63.26,2
Candidate_053,Secondary School Teacher,25-2031.00,"Secondary School Teachers, Except Special and Career/Technical Education",Active Listening,4.0,4.0,0.0,0.8,3,681,740,9,0.3635561348837076,36.36,0.3636,0.625,62.54,3
Candidate_053,Secondary School Teacher,25-2031.00,"Secondary School Teachers, Except Special and Career/Technical Education",Monitoring,3.88,4.0,0.0,0.788,4,681,740,9,0.3635561348837076,36.36,0.3636,0.618,61.82,4
Candidate_053,Secondary School Teacher,25-2031.00,"Secondary School Teachers, Except Special and Career/Technical Education",Science,2.0,1.88,0.0,0.388,5,681,740,9,0.3635561348837076,36.36,0.3636,0.378,37.82,5
Candidate_053,Software Developer,15-1252.00,Software Developers,Active Listening,3.38,3.88,0.0,0.726,1,323,344,8,0.2290858604605659,22.91,0.2291,0.527,52.72,1
Candidate_053,Software Developer,15-1252.00,Software Developers,Speaking,3.12,3.62,0.0,0.6739999999999999,2,323,344,8,0.2290858604605659,22.91,0.2291,0.496,49.6,2
Candidate_053,Software Developer,15-1252.00,Software Developers,Monitoring,3.0,3.5,0.0,0.6499999999999999,3,323,344,8,0.2290858604605659,22.91,0.2291,0.482,48.16,3
Candidate_053,Software Developer,15-1252.00,Software Developers,Learning Strategies,2.62,3.12,0.0,0.5740000000000001,4,323,344,8,0.2290858604605659,22.91,0.2291,0.436,43.6,4
Candidate_053,Software Developer,15-1252.00,Software Developers,Science,2.12,1.88,0.0,0.4,5,323,344,8,0.2290858604605659,22.91,0.2291,0.332,33.16,5
Candidate_054,Administrative Assistant,43-6014.00,"Secretaries and Administrative Assistants, Except Legal, Medical, and Executive",Science,1.0,0.0,0.0,0.1,1,812,890,11,0.4384514673595585,43.85,0.4385,0.235,23.54,1
Candidate_054,Bookkeeper,43-3031.00,"Bookkeeping, Accounting, and Auditing Clerks",Science,1.12,0.12,0.0,0.12400000000000001,1,396,422,11,0.2992257912289334,29.92,0.2992,0.194,19.41,1
Candidate_054,Continuing Care Assistant,31-1131.00,Nursing Assistants,Science,1.75,0.88,0.0,0.263,1,819,1172,9,0.4396201180333152,43.96,0.4396,0.334,33.36,1
Candidate_054,Delivery Driver,53-3033.00,Light Truck Drivers,Science,1.12,0.12,0.0,0.12400000000000001,1,557,622,12,0.3705312074675783,37.05,0.3705,0.223,22.26,1
Candidate_054,"Driver, Truck",53-3032.00,Heavy and Tractor-Trailer Truck Drivers,Science,1.0,0.0,0.0,0.1,1,1423,3705,12,0.8880268984746598,88.8,0.888,0.415,41.52,1
Candidate_054,Food Service Supervisor,35-1012.00,First-Line Supervisors of Food Preparation and Serving Workers,Science,1.0,0.0,0.0,0.1,1,1061,2524,12,0.6833380235893983,68.33,0.6833,0.333,33.33,1
Candidate_054,Information Technology (IT) Analyst,15-1211.00,Computer Systems Analysts,Science,2.75,3.12,0.0,0.587,1,347,357,10,0.266375870790639,26.64,0.2664,0.459,45.88,1
Candidate_054,Inside Sales Representative,41-2031.00,Retail Salespersons,Science,1.0,0.0,0.0,0.1,1,1876,2449,13,0.8643994601889338,86.44,0.8644,0.406,40.58,1
Candidate_054,Licensed Practical Nurse (L.P.N.),29-2061.00,Licensed Practical and Licensed Vocational Nurses,Science,2.62,2.62,0.0,0.524,1,437,527,10,0.3039192124973743,30.39,0.3039,0.436,43.6,1
Candidate_054,Office Administrator,43-1011.00,First-Line Supervisors of Office and Administrative Support Workers,Science,1.38,0.38,0.0,0.176,1,676,1709,13,0.5286438829565303,52.86,0.5286,0.317,31.7,1
Candidate_054,Office Manager,43-1011.00,First-Line Supervisors of Office and Administrative Support Workers,Science,1.0,0.0,0.0,0.1,1,676,1709,13,0.5286438829565303,52.86,0.5286,0.271,27.14,1
Candidate_054,Restaurant Manager,11-9051.00,Food Service Managers,Science,1.62,0.62,0.0,0.224,1,1139,1473,12,0.5865008675534992,58.65,0.5865,0.369,36.9,1
Candidate_054,Retail Sales Associate,41-2031.00,Retail Salespersons,Science,1.0,0.0,0.0,0.1,1,1876,2449,13,0.8643994601889338,86.44,0.8644,0.406,40.58,1
Candidate_054,Secondary School Teacher,25-2031.00,"Secondary School Teachers, Except Special and Career/Technical Education",Science,2.0,1.88,0.0,0.388,1,681,740,9,0.3635561348837076,36.36,0.3636,0.378,37.82,1
Candidate_054,Software Developer,15-1252.00,Software Developers,Science,2.12,1.88,0.0,0.4,1,323,344,8,0.2290858604605659,22.91,0.2291,0.332,33.16,1
Candidate_055,Administrative Assistant,43-6014.00,"Secretaries and Administrative Assistants, Except Legal, Medical, and Executive",Active Listening,4.0,3.75,0.0,0.775,1,812,890,11,0.4384514673595585,43.85,0.4385,0.64,64.04,1
Candidate_055,Administrative Assistant,43-6014.00,"Secretaries and Administrative Assistants, Except Legal, Medical, and Executive",Speaking,4.0,3.62,0.0,0.762,2,812,890,11,0.4384514673595585,43.85,0.4385,0.633,63.26,2
Candidate_055,Administrative Assistant,43-6014.00,"Secretaries and Administrative Assistants, Except Legal, Medical, and Executive",Mathematics,2.0,1.62,0.0,0.362,3,812,890,11,0.4384514673595585,43.85,0.4385,0.393,39.26,3
Candidate_055,Administrative Assistant,43-6014.00,"Secretaries and Administrative Assistants, Except Legal, Medical, and Executive",Science,1.0,0.0,0.0,0.1,4,812,890,11,0.4384514673595585,43.85,0.4385,0.235,23.54,4
Candidate_055,Bookkeeper,43-3031.00,"Bookkeeping, Accounting, and Auditing Clerks",Active Listening,3.25,3.75,0.0,0.7,1,396,422,11,0.2992257912289334,29.92,0.2992,0.54,53.97,1
Candidate_055,Bookkeeper,43-3031.00,"Bookkeeping, Accounting, and Auditing Clerks",Mathematics,3.38,3.38,0.0,0.6759999999999999,2,396,422,11,0.2992257912289334,29.92,0.2992,0.525,52.53,2
Candidate_055,Bookkeeper,43-3031.00,"Bookkeeping, Accounting, and Auditing Clerks",Speaking,3.12,3.12,0.0,0.624,3,396,422,11,0.2992257912289334,29.92,0.2992,0.494,49.41,3
Candidate_055,Bookkeeper,43-3031.00,"Bookkeeping, Accounting, and Auditing Clerks",Science,1.12,0.12,0.0,0.12400000000000001,4,396,422,11,0.2992257912289334,29.92,0.2992,0.194,19.41,4
Candidate_055,Continuing Care Assistant,31-1131.00,Nursing Assistants,Active Listening,3.62,3.0,0.0,0.6619999999999999,1,819,1172,9,0.4396201180333152,43.96,0.4396,0.573,57.3,1
Candidate_055,Continuing Care Assistant,31-1131.00,Nursing Assistants,Speaking,3.12,3.0,0.0,0.612,2,819,1172,9,0.4396201180333152,43.96,0.4396,0.543,54.3,2
Candidate_055,Continuing Care Assistant,31-1131.00,Nursing Assistants,Mathematics,2.12,1.88,0.0,0.4,3,819,1172,9,0.4396201180333152,43.96,0.4396,0.416,41.58,3
Candidate_055,Continuing Care Assistant,31-1131.00,Nursing Assistants,Science,1.75,0.88,0.0,0.263,4,819,1172,9,0.4396201180333152,43.96,0.4396,0.334,33.36,4
Candidate_055,Delivery Driver,53-3033.00,Light Truck Drivers,Active Listening,3.12,2.88,0.0,0.6,1,557,622,12,0.3705312074675783,37.05,0.3705,0.508,50.82,1
Candidate_055,Delivery Driver,53-3033.00,Light Truck Drivers,Speaking,3.12,2.88,0.0,0.6,1,557,622,12,0.3705312074675783,37.05,0.3705,0.508,50.82,1
Candidate_055,Delivery Driver,53-3033.00,Light Truck Drivers,Mathematics,2.25,2.12,0.0,0.43700000000000006,2,557,622,12,0.3705312074675783,37.05,0.3705,0.41,41.04,2
Candidate_055,Delivery Driver,53-3033.00,Light Truck Drivers,Science,1.12,0.12,0.0,0.12400000000000001,3,557,622,12,0.3705312074675783,37.05,0.3705,0.223,22.26,3
Candidate_055,"Driver, Truck",53-3032.00,Heavy and Tractor-Trailer Truck Drivers,Active Listening,2.88,3.0,0.0,0.588,1,1423,3705,12,0.8880268984746598,88.8,0.888,0.708,70.8,1
Candidate_055,"Driver, Truck",53-3032.00,Heavy and Tractor-Trailer Truck Drivers,Speaking,3.0,2.88,0.0,0.588,1,1423,3705,12,0.8880268984746598,88.8,0.888,0.708,70.8,1
Candidate_055,"Driver, Truck",53-3032.00,Heavy and Tractor-Trailer Truck Drivers,Mathematics,2.0,1.88,0.0,0.388,2,1423,3705,12,0.8880268984746598,88.8,0.888,0.588,58.8,2
Candidate_055,"Driver, Truck",53-3032.00,Heavy and Tractor-Trailer Truck Drivers,Science,1.0,0.0,0.0,0.1,3,1423,3705,12,0.8880268984746598,88.8,0.888,0.415,41.52,3
Candidate_055,Food Service Supervisor,35-1012.00,First-Line Supervisors of Food Preparation and Serving Workers,Speaking,3.88,4.0,0.0,0.788,1,1061,2524,12,0.6833380235893983,68.33,0.6833,0.746,74.61,1
Candidate_055,Food Service Supervisor,35-1012.00,First-Line Supervisors of Food Preparation and Serving Workers,Active Listening,3.75,3.0,0.0,0.675,2,1061,2524,12,0.6833380235893983,68.33,0.6833,0.678,67.83,2
Candidate_055,Food Service Supervisor,35-1012.00,First-Line Supervisors of Food Preparation and Serving Workers,Mathematics,3.0,3.0,0.0,0.6,3,1061,2524,12,0.6833380235893983,68.33,0.6833,0.633,63.33,3
Candidate_055,Food Service Supervisor,35-1012.00,First-Line Supervisors of Food Preparation and Serving Workers,Science,1.0,0.0,0.0,0.1,4,1061,2524,12,0.6833380235893983,68.33,0.6833,0.333,33.33,4
Candidate_055,Information Technology (IT) Analyst,15-1211.00,Computer Systems Analysts,Active Listening,4.0,4.12,0.0,0.812,1,347,357,10,0.266375870790639,26.64,0.2664,0.594,59.38,1
Candidate_055,Information Technology (IT) Analyst,15-1211.00,Computer Systems Analysts,Speaking,4.0,4.0,0.0,0.8,2,347,357,10,0.266375870790639,26.64,0.2664,0.587,58.66,2
Candidate_055,Information Technology (IT) Analyst,15-1211.00,Computer Systems Analysts,Mathematics,3.0,3.38,0.0,0.6379999999999999,3,347,357,10,0.266375870790639,26.64,0.2664,0.489,48.94,3
Candidate_055,Information Technology (IT) Analyst,15-1211.00,Computer Systems Analysts,Science,2.75,3.12,0.0,0.587,4,347,357,10,0.266375870790639,26.64,0.2664,0.459,45.88,4
Candidate_055,Inside Sales Representative,41-2031.00,Retail Salespersons,Active Listening,3.75,3.75,0.0,0.75,1,1876,2449,13,0.8643994601889338,86.44,0.8644,0.796,79.58,1
Candidate_055,Inside Sales Representative,41-2031.00,Retail Salespersons,Speaking,3.75,3.12,0.0,0.687,2,1876,2449,13,0.8643994601889338,86.44,0.8644,0.758,75.8,2
Candidate_055,Inside Sales Representative,41-2031.00,Retail Salespersons,Mathematics,2.62,2.0,0.0,0.462,3,1876,2449,13,0.8643994601889338,86.44,0.8644,0.623,62.3,3
Candidate_055,Inside Sales Representative,41-2031.00,Retail Salespersons,Science,1.0,0.0,0.0,0.1,4,1876,2449,13,0.8643994601889338,86.44,0.8644,0.406,40.58,4
Candidate_055,Licensed Practical Nurse (L.P.N.),29-2061.00,Licensed Practical and Licensed Vocational Nurses,Active Listening,3.88,4.0,0.0,0.788,1,437,527,10,0.3039192124973743,30.39,0.3039,0.594,59.44,1
Candidate_055,Licensed Practical Nurse (L.P.N.),29-2061.00,Licensed Practical and Licensed Vocational Nurses,Speaking,3.88,4.0,0.0,0.788,1,437,527,10,0.3039192124973743,30.39,0.3039,0.594,59.44,1
Candidate_055,Licensed Practical Nurse (L.P.N.),29-2061.00,Licensed Practical and Licensed Vocational Nurses,Mathematics,2.88,2.88,0.0,0.576,2,437,527,10,0.3039192124973743,30.39,0.3039,0.467,46.72,2
Candidate_055,Licensed Practical Nurse (L.P.N.),29-2061.00,Licensed Practical and Licensed Vocational Nurses,Science,2.62,2.62,0.0,0.524,3,437,527,10,0.3039192124973743,30.39,0.3039,0.436,43.6,3
Candidate_055,Office Administrator,43-1011.00,First-Line Supervisors of Office and Administrative Support Workers,Active Listening,4.0,4.0,0.0,0.8,1,676,1709,13,0.5286438829565303,52.86,0.5286,0.691,69.14,1
Candidate_055,Office Administrator,43-1011.00,First-Line Supervisors of Office and Administrative Support Workers,Speaking,4.0,4.0,0.0,0.8,1,676,1709,13,0.5286438829565303,52.86,0.5286,0.691,69.14,1
Candidate_055,Office Administrator,43-1011.00,First-Line Supervisors of Office and Administrative Support Workers,Mathematics,2.75,2.75,0.0,0.55,2,676,1709,13,0.5286438829565303,52.86,0.5286,0.541,54.14,2
Candidate_055,Office Administrator,43-1011.00,First-Line Supervisors of Office and Administrative Support Workers,Science,1.38,0.38,0.0,0.176,3,676,1709,13,0.5286438829565303,52.86,0.5286,0.317,31.7,3
Candidate_055,Office Manager,43-1011.00,First-Line Supervisors of Office and Administrative Support Workers,Speaking,4.0,4.0,0.0,0.8,1,676,1709,13,0.5286438829565303,52.86,0.5286,0.691,69.14,1
Candidate_055,Office Manager,43-1011.00,First-Line Supervisors of Office and Administrative Support Workers,Active Listening,4.0,3.88,0.0,0.788,2,676,1709,13,0.5286438829565303,52.86,0.5286,0.684,68.42,2
Candidate_055,Office Manager,43-1011.00,First-Line Supervisors of Office and Administrative Support Workers,Mathematics,2.75,2.75,0.0,0.55,3,676,1709,13,0.5286438829565303,52.86,0.5286,0.541,54.14,3
Candidate_055,Office Manager,43-1011.00,First-Line Supervisors of Office and Administrative Support Workers,Science,1.0,0.0,0.0,0.1,4,676,1709,13,0.5286438829565303,52.86,0.5286,0.271,27.14,4
Candidate_055,Restaurant Manager,11-9051.00,Food Service Managers,Speaking,3.88,4.0,0.0,0.788,1,1139,1473,12,0.5865008675534992,58.65,0.5865,0.707,70.74,1
Candidate_055,Restaurant Manager,11-9051.00,Food Service Managers,Active Listening,3.88,3.5,0.0,0.738,2,1139,1473,12,0.5865008675534992,58.65,0.5865,0.677,67.74,2
Candidate_055,Restaurant Manager,11-9051.00,Food Service Managers,Mathematics,2.88,2.88,0.0,0.576,3,1139,1473,12,0.5865008675534992,58.65,0.5865,0.58,58.02,3
Candidate_055,Restaurant Manager,11-9051.00,Food Service Managers,Science,1.62,0.62,0.0,0.224,4,1139,1473,12,0.5865008675534992,58.65,0.5865,0.369,36.9,4
Candidate_055,Retail Sales Associate,41-2031.00,Retail Salespersons,Active Listening,3.75,3.75,0.0,0.75,1,1876,2449,13,0.8643994601889338,86.44,0.8644,0.796,79.58,1
Candidate_055,Retail Sales Associate,41-2031.00,Retail Salespersons,Speaking,3.75,3.12,0.0,0.687,2,1876,2449,13,0.8643994601889338,86.44,0.8644,0.758,75.8,2
Candidate_055,Retail Sales Associate,41-2031.00,Retail Salespersons,Mathematics,2.62,2.0,0.0,0.462,3,1876,2449,13,0.8643994601889338,86.44,0.8644,0.623,62.3,3
Candidate_055,Retail Sales Associate,41-2031.00,Retail Salespersons,Science,1.0,0.0,0.0,0.1,4,1876,2449,13,0.8643994601889338,86.44,0.8644,0.406,40.58,4
Candidate_055,Secondary School Teacher,25-2031.00,"Secondary School Teachers, Except Special and Career/Technical Education",Speaking,4.0,4.12,0.0,0.812,1,681,740,9,0.3635561348837076,36.36,0.3636,0.633,63.26,1
Candidate_055,Secondary School Teacher,25-2031.00,"Secondary School Teachers, Except Special and Career/Technical Education",Active Listening,4.0,4.0,0.0,0.8,2,681,740,9,0.3635561348837076,36.36,0.3636,0.625,62.54,2
Candidate_055,Secondary School Teacher,25-2031.00,"Secondary School Teachers, Except Special and Career/Technical Education",Mathematics,2.75,3.0,0.0,0.575,3,681,740,9,0.3635561348837076,36.36,0.3636,0.49,49.04,3
Candidate_055,Secondary School Teacher,25-2031.00,"Secondary School Teachers, Except Special and Career/Technical Education",Science,2.0,1.88,0.0,0.388,4,681,740,9,0.3635561348837076,36.36,0.3636,0.378,37.82,4
Candidate_055,Software Developer,15-1252.00,Software Developers,Active Listening,3.38,3.88,0.0,0.726,1,323,344,8,0.2290858604605659,22.91,0.2291,0.527,52.72,1
Candidate_055,Software Developer,15-1252.00,Software Developers,Speaking,3.12,3.62,0.0,0.6739999999999999,2,323,344,8,0.2290858604605659,22.91,0.2291,0.496,49.6,2
Candidate_055,Software Developer,15-1252.00,Software Developers,Mathematics,2.75,3.25,0.0,0.6000000000000001,3,323,344,8,0.2290858604605659,22.91,0.2291,0.452,45.16,3
Candidate_055,Software Developer,15-1252.00,Software Developers,Science,2.12,1.88,0.0,0.4,4,323,344,8,0.2290858604605659,22.91,0.2291,0.332,33.16,4
Candidate_056,Administrative Assistant,43-6014.00,"Secretaries and Administrative Assistants, Except Legal, Medical, and Executive",Mathematics,2.0,1.62,0.0,0.362,1,812,890,11,0.4384514673595585,43.85,0.4385,0.393,39.26,1
Candidate_056,Administrative Assistant,43-6014.00,"Secretaries and Administrative Assistants, Except Legal, Medical, and Executive",Science,1.0,0.0,0.0,0.1,2,812,890,11,0.4384514673595585,43.85,0.4385,0.235,23.54,2
Candidate_056,Bookkeeper,43-3031.00,"Bookkeeping, Accounting, and Auditing Clerks",Mathematics,3.38,3.38,0.0,0.6759999999999999,1,396,422,11,0.2992257912289334,29.92,0.2992,0.525,52.53,1
Candidate_056,Bookkeeper,43-3031.00,"Bookkeeping, Accounting, and Auditing Clerks",Science,1.12,0.12,0.0,0.12400000000000001,2,396,422,11,0.2992257912289334,29.92,0.2992,0.194,19.41,2
Candidate_056,Continuing Care Assistant,31-1131.00,Nursing Assistants,Mathematics,2.12,1.88,0.0,0.4,1,819,1172,9,0.4396201180333152,43.96,0.4396,0.416,41.58,1
Candidate_056,Continuing Care Assistant,31-1131.00,Nursing Assistants,Science,1.75,0.88,0.0,0.263,2,819,1172,9,0.4396201180333152,43.96,0.4396,0.334,33.36,2
Candidate_056,Delivery Driver,53-3033.00,Light Truck Drivers,Mathematics,2.25,2.12,0.0,0.43700000000000006,1,557,622,12,0.3705312074675783,37.05,0.3705,0.41,41.04,1
Candidate_056,Delivery Driver,53-3033.00,Light Truck Drivers,Science,1.12,0.12,0.0,0.12400000000000001,2,557,622,12,0.3705312074675783,37.05,0.3705,0.223,22.26,2
Candidate_056,"Driver, Truck",53-3032.00,Heavy and Tractor-Trailer Truck Drivers,Mathematics,2.0,1.88,0.0,0.388,1,1423,3705,12,0.8880268984746598,88.8,0.888,0.588,58.8,1
Candidate_056,"Driver, Truck",53-3032.00,Heavy and Tractor-Trailer Truck Drivers,Science,1.0,0.0,0.0,0.1,2,1423,3705,12,0.8880268984746598,88.8,0.888,0.415,41.52,2
Candidate_056,Food Service Supervisor,35-1012.00,First-Line Supervisors of Food Preparation and Serving Workers,Mathematics,3.0,3.0,0.0,0.6,1,1061,2524,12,0.6833380235893983,68.33,0.6833,0.633,63.33,1
Candidate_056,Food Service Supervisor,35-1012.00,First-Line Supervisors of Food Preparation and Serving Workers,Science,1.0,0.0,0.0,0.1,2,1061,2524,12,0.6833380235893983,68.33,0.6833,0.333,33.33,2
Candidate_056,Information Technology (IT) Analyst,15-1211.00,Computer Systems Analysts,Mathematics,3.0,3.38,0.0,0.6379999999999999,1,347,357,10,0.266375870790639,26.64,0.2664,0.489,48.94,1
Candidate_056,Information Technology (IT) Analyst,15-1211.00,Computer Systems Analysts,Science,2.75,3.12,0.0,0.587,2,347,357,10,0.266375870790639,26.64,0.2664,0.459,45.88,2
Candidate_056,Inside Sales Representative,41-2031.00,Retail Salespersons,Mathematics,2.62,2.0,0.0,0.462,1,1876,2449,13,0.8643994601889338,86.44,0.8644,0.623,62.3,1
Candidate_056,Inside Sales Representative,41-2031.00,Retail Salespersons,Science,1.0,0.0,0.0,0.1,2,1876,2449,13,0.8643994601889338,86.44,0.8644,0.406,40.58,2
Candidate_056,Licensed Practical Nurse (L.P.N.),29-2061.00,Licensed Practical and Licensed Vocational Nurses,Mathematics,2.88,2.88,0.0,0.576,1,437,527,10,0.3039192124973743,30.39,0.3039,0.467,46.72,1
Candidate_056,Licensed Practical Nurse (L.P.N.),29-2061.00,Licensed Practical and Licensed Vocational Nurses,Science,2.62,2.62,0.0,0.524,2,437,527,10,0.3039192124973743,30.39,0.3039,0.436,43.6,2
Candidate_056,Office Administrator,43-1011.00,First-Line Supervisors of Office and Administrative Support Workers,Mathematics,2.75,2.75,0.0,0.55,1,676,1709,13,0.5286438829565303,52.86,0.5286,0.541,54.14,1
Candidate_056,Office Administrator,43-1011.00,First-Line Supervisors of Office and Administrative Support Workers,Science,1.38,0.38,0.0,0.176,2,676,1709,13,0.5286438829565303,52.86,0.5286,0.317,31.7,2
Candidate_056,Office Manager,43-1011.00,First-Line Supervisors of Office and Administrative Support Workers,Mathematics,2.75,2.75,0.0,0.55,1,676,1709,13,0.5286438829565303,52.86,0.5286,0.541,54.14,1
Candidate_056,Office Manager,43-1011.00,First-Line Supervisors of Office and Administrative Support Workers,Science,1.0,0.0,0.0,0.1,2,676,1709,13,0.5286438829565303,52.86,0.5286,0.271,27.14,2
Candidate_056,Restaurant Manager,11-9051.00,Food Service Managers,Mathematics,2.88,2.88,0.0,0.576,1,1139,1473,12,0.5865008675534992,58.65,0.5865,0.58,58.02,1
Candidate_056,Restaurant Manager,11-9051.00,Food Service Managers,Science,1.62,0.62,0.0,0.224,2,1139,1473,12,0.5865008675534992,58.65,0.5865,0.369,36.9,2
Candidate_056,Retail Sales Associate,41-2031.00,Retail Salespersons,Mathematics,2.62,2.0,0.0,0.462,1,1876,2449,13,0.8643994601889338,86.44,0.8644,0.623,62.3,1
Candidate_056,Retail Sales Associate,41-2031.00,Retail Salespersons,Science,1.0,0.0,0.0,0.1,2,1876,2449,13,0.8643994601889338,86.44,0.8644,0.406,40.58,2
Candidate_056,Secondary School Teacher,25-2031.00,"Secondary School Teachers, Except Special and Career/Technical Education",Mathematics,2.75,3.0,0.0,0.575,1,681,740,9,0.3635561348837076,36.36,0.3636,0.49,49.04,1
Candidate_056,Secondary School Teacher,25-2031.00,"Secondary School Teachers, Except Special and Career/Technical Education",Science,2.0,1.88,0.0,0.388,2,681,740,9,0.3635561348837076,36.36,0.3636,0.378,37.82,2
Candidate_056,Software Developer,15-1252.00,Software Developers,Mathematics,2.75,3.25,0.0,0.6000000000000001,1,323,344,8,0.2290858604605659,22.91,0.2291,0.452,45.16,1
Candidate_056,Software Developer,15-1252.00,Software Developers,Science,2.12,1.88,0.0,0.4,2,323,344,8,0.2290858604605659,22.91,0.2291,0.332,33.16,2
Candidate_057,Administrative Assistant,43-6014.00,"Secretaries and Administrative Assistants, Except Legal, Medical, and Executive",Monitoring,3.12,3.25,0.0,0.637,1,812,890,11,0.4384514673595585,43.85,0.4385,0.558,55.76,1
Candidate_057,Bookkeeper,43-3031.00,"Bookkeeping, Accounting, and Auditing Clerks",Monitoring,3.0,2.88,0.0,0.588,1,396,422,11,0.2992257912289334,29.92,0.2992,0.472,47.25,1
Candidate_057,Continuing Care Assistant,31-1131.00,Nursing Assistants,Monitoring,3.25,3.0,0.0,0.625,1,819,1172,9,0.4396201180333152,43.96,0.4396,0.551,55.08,1
Candidate_057,Delivery Driver,53-3033.00,Light Truck Drivers,Monitoring,3.12,2.75,0.0,0.587,1,557,622,12,0.3705312074675783,37.05,0.3705,0.5,50.04,1
Candidate_057,"Driver, Truck",53-3032.00,Heavy and Tractor-Trailer Truck Drivers,Monitoring,3.12,3.0,0.0,0.612,1,1423,3705,12,0.8880268984746598,88.8,0.888,0.722,72.24,1
Candidate_057,Food Service Supervisor,35-1012.00,First-Line Supervisors of Food Preparation and Serving Workers,Monitoring,3.88,4.0,0.0,0.788,1,1061,2524,12,0.6833380235893983,68.33,0.6833,0.746,74.61,1
Candidate_057,Information Technology (IT) Analyst,15-1211.00,Computer Systems Analysts,Monitoring,3.62,4.0,0.0,0.762,1,347,357,10,0.266375870790639,26.64,0.2664,0.564,56.38,1
Candidate_057,Inside Sales Representative,41-2031.00,Retail Salespersons,Monitoring,3.0,3.12,0.0,0.612,1,1876,2449,13,0.8643994601889338,86.44,0.8644,0.713,71.3,1
Candidate_057,Licensed Practical Nurse (L.P.N.),29-2061.00,Licensed Practical and Licensed Vocational Nurses,Monitoring,3.88,4.0,0.0,0.788,1,437,527,10,0.3039192124973743,30.39,0.3039,0.594,59.44,1
Candidate_057,Office Administrator,43-1011.00,First-Line Supervisors of Office and Administrative Support Workers,Monitoring,4.0,4.0,0.0,0.8,1,676,1709,13,0.5286438829565303,52.86,0.5286,0.691,69.14,1
Candidate_057,Office Manager,43-1011.00,First-Line Supervisors of Office and Administrative Support Workers,Monitoring,4.0,4.0,0.0,0.8,1,676,1709,13,0.5286438829565303,52.86,0.5286,0.691,69.14,1
Candidate_057,Restaurant Manager,11-9051.00,Food Service Managers,Monitoring,3.88,3.88,0.0,0.776,1,1139,1473,12,0.5865008675534992,58.65,0.5865,0.7,70.02,1
Candidate_057,Retail Sales Associate,41-2031.00,Retail Salespersons,Monitoring,3.0,3.12,0.0,0.612,1,1876,2449,13,0.8643994601889338,86.44,0.8644,0.713,71.3,1
Candidate_057,Secondary School Teacher,25-2031.00,"Secondary School Teachers, Except Special and Career/Technical Education",Monitoring,3.88,4.0,0.0,0.788,1,681,740,9,0.3635561348837076,36.36,0.3636,0.618,61.82,1
Candidate_057,Software Developer,15-1252.00,Software Developers,Monitoring,3.0,3.5,0.0,0.6499999999999999,1,323,344,8,0.2290858604605659,22.91,0.2291,0.482,48.16,1
Candidate_058,Administrative Assistant,43-6014.00,"Secretaries and Administrative Assistants, Except Legal, Medical, and Executive",Monitoring,3.12,3.25,0.0,0.637,1,812,890,11,0.4384514673595585,43.85,0.4385,0.558,55.76,1
Candidate_058,Administrative Assistant,43-6014.00,"Secretaries and Administrative Assistants, Except Legal, Medical, and Executive",Mathematics,2.0,1.62,0.0,0.362,2,812,890,11,0.4384514673595585,43.85,0.4385,0.393,39.26,2
Candidate_058,Administrative Assistant,43-6014.00,"Secretaries and Administrative Assistants, Except Legal, Medical, and Executive",Science,1.0,0.0,0.0,0.1,3,812,890,11,0.4384514673595585,43.85,0.4385,0.235,23.54,3
Candidate_058,Bookkeeper,43-3031.00,"Bookkeeping, Accounting, and Auditing Clerks",Mathematics,3.38,3.38,0.0,0.6759999999999999,1,396,422,11,0.2992257912289334,29.92,0.2992,0.525,52.53,1
Candidate_058,Bookkeeper,43-3031.00,"Bookkeeping, Accounting, and Auditing Clerks",Monitoring,3.0,2.88,0.0,0.588,2,396,422,11,0.2992257912289334,29.92,0.2992,0.472,47.25,2
Candidate_058,Bookkeeper,43-3031.00,"Bookkeeping, Accounting, and Auditing Clerks",Science,1.12,0.12,0.0,0.12400000000000001,3,396,422,11,0.2992257912289334,29.92,0.2992,0.194,19.41,3
Candidate_058,Continuing Care Assistant,31-1131.00,Nursing Assistants,Monitoring,3.25,3.0,0.0,0.625,1,819,1172,9,0.4396201180333152,43.96,0.4396,0.551,55.08,1
Candidate_058,Continuing Care Assistant,31-1131.00,Nursing Assistants,Mathematics,2.12,1.88,0.0,0.4,2,819,1172,9,0.4396201180333152,43.96,0.4396,0.416,41.58,2
Candidate_058,Continuing Care Assistant,31-1131.00,Nursing Assistants,Science,1.75,0.88,0.0,0.263,3,819,1172,9,0.4396201180333152,43.96,0.4396,0.334,33.36,3
Candidate_058,Delivery Driver,53-3033.00,Light Truck Drivers,Monitoring,3.12,2.75,0.0,0.587,1,557,622,12,0.3705312074675783,37.05,0.3705,0.5,50.04,1
Candidate_058,Delivery Driver,53-3033.00,Light Truck Drivers,Mathematics,2.25,2.12,0.0,0.43700000000000006,2,557,622,12,0.3705312074675783,37.05,0.3705,0.41,41.04,2
Candidate_058,Delivery Driver,53-3033.00,Light Truck Drivers,Science,1.12,0.12,0.0,0.12400000000000001,3,557,622,12,0.3705312074675783,37.05,0.3705,0.223,22.26,3
Candidate_058,"Driver, Truck",53-3032.00,Heavy and Tractor-Trailer Truck Drivers,Monitoring,3.12,3.0,0.0,0.612,1,1423,3705,12,0.8880268984746598,88.8,0.888,0.722,72.24,1
Candidate_058,"Driver, Truck",53-3032.00,Heavy and Tractor-Trailer Truck Drivers,Mathematics,2.0,1.88,0.0,0.388,2,1423,3705,12,0.8880268984746598,88.8,0.888,0.588,58.8,2
Candidate_058,"Driver, Truck",53-3032.00,Heavy and Tractor-Trailer Truck Drivers,Science,1.0,0.0,0.0,0.1,3,1423,3705,12,0.8880268984746598,88.8,0.888,0.415,41.52,3
Candidate_058,Food Service Supervisor,35-1012.00,First-Line Supervisors of Food Preparation and Serving Workers,Monitoring,3.88,4.0,0.0,0.788,1,1061,2524,12,0.6833380235893983,68.33,0.6833,0.746,74.61,1
Candidate_058,Food Service Supervisor,35-1012.00,First-Line Supervisors of Food Preparation and Serving Workers,Mathematics,3.0,3.0,0.0,0.6,2,1061,2524,12,0.6833380235893983,68.33,0.6833,0.633,63.33,2
Candidate_058,Food Service Supervisor,35-1012.00,First-Line Supervisors of Food Preparation and Serving Workers,Science,1.0,0.0,0.0,0.1,3,1061,2524,12,0.6833380235893983,68.33,0.6833,0.333,33.33,3
Candidate_058,Information Technology (IT) Analyst,15-1211.00,Computer Systems Analysts,Monitoring,3.62,4.0,0.0,0.762,1,347,357,10,0.266375870790639,26.64,0.2664,0.564,56.38,1
Candidate_058,Information Technology (IT) Analyst,15-1211.00,Computer Systems Analysts,Mathematics,3.0,3.38,0.0,0.6379999999999999,2,347,357,10,0.266375870790639,26.64,0.2664,0.489,48.94,2
Candidate_058,Information Technology (IT) Analyst,15-1211.00,Computer Systems Analysts,Science,2.75,3.12,0.0,0.587,3,347,357,10,0.266375870790639,26.64,0.2664,0.459,45.88,3
Candidate_058,Inside Sales Representative,41-2031.00,Retail Salespersons,Monitoring,3.0,3.12,0.0,0.612,1,1876,2449,13,0.8643994601889338,86.44,0.8644,0.713,71.3,1
Candidate_058,Inside Sales Representative,41-2031.00,Retail Salespersons,Mathematics,2.62,2.0,0.0,0.462,2,1876,2449,13,0.8643994601889338,86.44,0.8644,0.623,62.3,2
Candidate_058,Inside Sales Representative,41-2031.00,Retail Salespersons,Science,1.0,0.0,0.0,0.1,3,1876,2449,13,0.8643994601889338,86.44,0.8644,0.406,40.58,3
Candidate_058,Licensed Practical Nurse (L.P.N.),29-2061.00,Licensed Practical and Licensed Vocational Nurses,Monitoring,3.88,4.0,0.0,0.788,1,437,527,10,0.3039192124973743,30.39,0.3039,0.594,59.44,1
Candidate_058,Licensed Practical Nurse (L.P.N.),29-2061.00,Licensed Practical and Licensed Vocational Nurses,Mathematics,2.88,2.88,0.0,0.576,2,437,527,10,0.3039192124973743,30.39,0.3039,0.467,46.72,2
Candidate_058,Licensed Practical Nurse (L.P.N.),29-2061.00,Licensed Practical and Licensed Vocational Nurses,Science,2.62,2.62,0.0,0.524,3,437,527,10,0.3039192124973743,30.39,0.3039,0.436,43.6,3
Candidate_058,Office Administrator,43-1011.00,First-Line Supervisors of Office and Administrative Support Workers,Monitoring,4.0,4.0,0.0,0.8,1,676,1709,13,0.5286438829565303,52.86,0.5286,0.691,69.14,1
Candidate_058,Office Administrator,43-1011.00,First-Line Supervisors of Office and Administrative Support Workers,Mathematics,2.75,2.75,0.0,0.55,2,676,1709,13,0.5286438829565303,52.86,0.5286,0.541,54.14,2
Candidate_058,Office Administrator,43-1011.00,First-Line Supervisors of Office and Administrative Support Workers,Science,1.38,0.38,0.0,0.176,3,676,1709,13,0.5286438829565303,52.86,0.5286,0.317,31.7,3
Candidate_058,Office Manager,43-1011.00,First-Line Supervisors of Office and Administrative Support Workers,Monitoring,4.0,4.0,0.0,0.8,1,676,1709,13,0.5286438829565303,52.86,0.5286,0.691,69.14,1
Candidate_058,Office Manager,43-1011.00,First-Line Supervisors of Office and Administrative Support Workers,Mathematics,2.75,2.75,0.0,0.55,2,676,1709,13,0.5286438829565303,52.86,0.5286,0.541,54.14,2
Candidate_058,Office Manager,43-1011.00,First-Line Supervisors of Office and Administrative Support Workers,Science,1.0,0.0,0.0,0.1,3,676,1709,13,0.5286438829565303,52.86,0.5286,0.271,27.14,3
Candidate_058,Restaurant Manager,11-9051.00,Food Service Managers,Monitoring,3.88,3.88,0.0,0.776,1,1139,1473,12,0.5865008675534992,58.65,0.5865,0.7,70.02,1
Candidate_058,Restaurant Manager,11-9051.00,Food Service Managers,Mathematics,2.88,2.88,0.0,0.576,2,1139,1473,12,0.5865008675534992,58.65,0.5865,0.58,58.02,2
Candidate_058,Restaurant Manager,11-9051.00,Food Service Managers,Science,1.62,0.62,0.0,0.224,3,1139,1473,12,0.5865008675534992,58.65,0.5865,0.369,36.9,3
Candidate_058,Retail Sales Associate,41-2031.00,Retail Salespersons,Monitoring,3.0,3.12,0.0,0.612,1,1876,2449,13,0.8643994601889338,86.44,0.8644,0.713,71.3,1
Candidate_058,Retail Sales Associate,41-2031.00,Retail Salespersons,Mathematics,2.62,2.0,0.0,0.462,2,1876,2449,13,0.8643994601889338,86.44,0.8644,0.623,62.3,2
Candidate_058,Retail Sales Associate,41-2031.00,Retail Salespersons,Science,1.0,0.0,0.0,0.1,3,1876,2449,13,0.8643994601889338,86.44,0.8644,0.406,40.58,3
Candidate_058,Secondary School Teacher,25-2031.00,"Secondary School Teachers, Except Special and Career/Technical Education",Monitoring,3.88,4.0,0.0,0.788,1,681,740,9,0.3635561348837076,36.36,0.3636,0.618,61.82,1
Candidate_058,Secondary School Teacher,25-2031.00,"Secondary School Teachers, Except Special and Career/Technical Education",Mathematics,2.75,3.0,0.0,0.575,2,681,740,9,0.3635561348837076,36.36,0.3636,0.49,49.04,2
Candidate_058,Secondary School Teacher,25-2031.00,"Secondary School Teachers, Except Special and Career/Technical Education",Science,2.0,1.88,0.0,0.388,3,681,740,9,0.3635561348837076,36.36,0.3636,0.378,37.82,3
Candidate_058,Software Developer,15-1252.00,Software Developers,Monitoring,3.0,3.5,0.0,0.6499999999999999,1,323,344,8,0.2290858604605659,22.91,0.2291,0.482,48.16,1
Candidate_058,Software Developer,15-1252.00,Software Developers,Mathematics,2.75,3.25,0.0,0.6000000000000001,2,323,344,8,0.2290858604605659,22.91,0.2291,0.452,45.16,2
Candidate_058,Software Developer,15-1252.00,Software Developers,Science,2.12,1.88,0.0,0.4,3,323,344,8,0.2290858604605659,22.91,0.2291,0.332,33.16,3
Candidate_059,Administrative Assistant,43-6014.00,"Secretaries and Administrative Assistants, Except Legal, Medical, and Executive",Active Listening,4.0,3.75,0.0,0.775,1,812,890,11,0.4384514673595585,43.85,0.4385,0.64,64.04,1
Candidate_059,Administrative Assistant,43-6014.00,"Secretaries and Administrative Assistants, Except Legal, Medical, and Executive",Speaking,4.0,3.62,0.0,0.762,2,812,890,11,0.4384514673595585,43.85,0.4385,0.633,63.26,2
Candidate_059,Administrative Assistant,43-6014.00,"Secretaries and Administrative Assistants, Except Legal, Medical, and Executive",Monitoring,3.12,3.25,0.0,0.637,3,812,890,11,0.4384514673595585,43.85,0.4385,0.558,55.76,3
Candidate_059,Bookkeeper,43-3031.00,"Bookkeeping, Accounting, and Auditing Clerks",Active Listening,3.25,3.75,0.0,0.7,1,396,422,11,0.2992257912289334,29.92,0.2992,0.54,53.97,1
Candidate_059,Bookkeeper,43-3031.00,"Bookkeeping, Accounting, and Auditing Clerks",Speaking,3.12,3.12,0.0,0.624,2,396,422,11,0.2992257912289334,29.92,0.2992,0.494,49.41,2
Candidate_059,Bookkeeper,43-3031.00,"Bookkeeping, Accounting, and Auditing Clerks",Monitoring,3.0,2.88,0.0,0.588,3,396,422,11,0.2992257912289334,29.92,0.2992,0.472,47.25,3
Candidate_059,Continuing Care Assistant,31-1131.00,Nursing Assistants,Active Listening,3.62,3.0,0.0,0.6619999999999999,1,819,1172,9,0.4396201180333152,43.96,0.4396,0.573,57.3,1
Candidate_059,Continuing Care Assistant,31-1131.00,Nursing Assistants,Monitoring,3.25,3.0,0.0,0.625,2,819,1172,9,0.4396201180333152,43.96,0.4396,0.551,55.08,2
Candidate_059,Continuing Care Assistant,31-1131.00,Nursing Assistants,Speaking,3.12,3.0,0.0,0.612,3,819,1172,9,0.4396201180333152,43.96,0.4396,0.543,54.3,3
Candidate_059,Delivery Driver,53-3033.00,Light Truck Drivers,Active Listening,3.12,2.88,0.0,0.6,1,557,622,12,0.3705312074675783,37.05,0.3705,0.508,50.82,1
Candidate_059,Delivery Driver,53-3033.00,Light Truck Drivers,Speaking,3.12,2.88,0.0,0.6,1,557,622,12,0.3705312074675783,37.05,0.3705,0.508,50.82,1
Candidate_059,Delivery Driver,53-3033.00,Light Truck Drivers,Monitoring,3.12,2.75,0.0,0.587,2,557,622,12,0.3705312074675783,37.05,0.3705,0.5,50.04,2
Candidate_059,"Driver, Truck",53-3032.00,Heavy and Tractor-Trailer Truck Drivers,Monitoring,3.12,3.0,0.0,0.612,1,1423,3705,12,0.8880268984746598,88.8,0.888,0.722,72.24,1
Candidate_059,"Driver, Truck",53-3032.00,Heavy and Tractor-Trailer Truck Drivers,Active Listening,2.88,3.0,0.0,0.588,2,1423,3705,12,0.8880268984746598,88.8,0.888,0.708,70.8,2
Candidate_059,"Driver, Truck",53-3032.00,Heavy and Tractor-Trailer Truck Drivers,Speaking,3.0,2.88,0.0,0.588,2,1423,3705,12,0.8880268984746598,88.8,0.888,0.708,70.8,2
Candidate_059,Food Service Supervisor,35-1012.00,First-Line Supervisors of Food Preparation and Serving Workers,Monitoring,3.88,4.0,0.0,0.788,1,1061,2524,12,0.6833380235893983,68.33,0.6833,0.746,74.61,1
Candidate_059,Food Service Supervisor,35-1012.00,First-Line Supervisors of Food Preparation and Serving Workers,Speaking,3.88,4.0,0.0,0.788,1,1061,2524,12,0.6833380235893983,68.33,0.6833,0.746,74.61,1
Candidate_059,Food Service Supervisor,35-1012.00,First-Line Supervisors of Food Preparation and Serving Workers,Active Listening,3.75,3.0,0.0,0.675,2,1061,2524,12,0.6833380235893983,68.33,0.6833,0.678,67.83,2
Candidate_059,Information Technology (IT) Analyst,15-1211.00,Computer Systems Analysts,Active Listening,4.0,4.12,0.0,0.812,1,347,357,10,0.266375870790639,26.64,0.2664,0.594,59.38,1
Candidate_059,Information Technology (IT) Analyst,15-1211.00,Computer Systems Analysts,Speaking,4.0,4.0,0.0,0.8,2,347,357,10,0.266375870790639,26.64,0.2664,0.587,58.66,2
Candidate_059,Information Technology (IT) Analyst,15-1211.00,Computer Systems Analysts,Monitoring,3.62,4.0,0.0,0.762,3,347,357,10,0.266375870790639,26.64,0.2664,0.564,56.38,3
Candidate_059,Inside Sales Representative,41-2031.00,Retail Salespersons,Active Listening,3.75,3.75,0.0,0.75,1,1876,2449,13,0.8643994601889338,86.44,0.8644,0.796,79.58,1
Candidate_059,Inside Sales Representative,41-2031.00,Retail Salespersons,Speaking,3.75,3.12,0.0,0.687,2,1876,2449,13,0.8643994601889338,86.44,0.8644,0.758,75.8,2
Candidate_059,Inside Sales Representative,41-2031.00,Retail Salespersons,Monitoring,3.0,3.12,0.0,0.612,3,1876,2449,13,0.8643994601889338,86.44,0.8644,0.713,71.3,3
Candidate_059,Licensed Practical Nurse (L.P.N.),29-2061.00,Licensed Practical and Licensed Vocational Nurses,Active Listening,3.88,4.0,0.0,0.788,1,437,527,10,0.3039192124973743,30.39,0.3039,0.594,59.44,1
Candidate_059,Licensed Practical Nurse (L.P.N.),29-2061.00,Licensed Practical and Licensed Vocational Nurses,Monitoring,3.88,4.0,0.0,0.788,1,437,527,10,0.3039192124973743,30.39,0.3039,0.594,59.44,1
Candidate_059,Licensed Practical Nurse (L.P.N.),29-2061.00,Licensed Practical and Licensed Vocational Nurses,Speaking,3.88,4.0,0.0,0.788,1,437,527,10,0.3039192124973743,30.39,0.3039,0.594,59.44,1
Candidate_059,Office Administrator,43-1011.00,First-Line Supervisors of Office and Administrative Support Workers,Active Listening,4.0,4.0,0.0,0.8,1,676,1709,13,0.5286438829565303,52.86,0.5286,0.691,69.14,1
Candidate_059,Office Administrator,43-1011.00,First-Line Supervisors of Office and Administrative Support Workers,Monitoring,4.0,4.0,0.0,0.8,1,676,1709,13,0.5286438829565303,52.86,0.5286,0.691,69.14,1
Candidate_059,Office Administrator,43-1011.00,First-Line Supervisors of Office and Administrative Support Workers,Speaking,4.0,4.0,0.0,0.8,1,676,1709,13,0.5286438829565303,52.86,0.5286,0.691,69.14,1
Candidate_059,Office Manager,43-1011.00,First-Line Supervisors of Office and Administrative Support Workers,Monitoring,4.0,4.0,0.0,0.8,1,676,1709,13,0.5286438829565303,52.86,0.5286,0.691,69.14,1
Candidate_059,Office Manager,43-1011.00,First-Line Supervisors of Office and Administrative Support Workers,Speaking,4.0,4.0,0.0,0.8,1,676,1709,13,0.5286438829565303,52.86,0.5286,0.691,69.14,1
Candidate_059,Office Manager,43-1011.00,First-Line Supervisors of Office and Administrative Support Workers,Active Listening,4.0,3.88,0.0,0.788,2,676,1709,13,0.5286438829565303,52.86,0.5286,0.684,68.42,2
Candidate_059,Restaurant Manager,11-9051.00,Food Service Managers,Speaking,3.88,4.0,0.0,0.788,1,1139,1473,12,0.5865008675534992,58.65,0.5865,0.707,70.74,1
Candidate_059,Restaurant Manager,11-9051.00,Food Service Managers,Monitoring,3.88,3.88,0.0,0.776,2,1139,1473,12,0.5865008675534992,58.65,0.5865,0.7,70.02,2
Candidate_059,Restaurant Manager,11-9051.00,Food Service Managers,Active Listening,3.88,3.5,0.0,0.738,3,1139,1473,12,0.5865008675534992,58.65,0.5865,0.677,67.74,3
Candidate_059,Retail Sales Associate,41-2031.00,Retail Salespersons,Active Listening,3.75,3.75,0.0,0.75,1,1876,2449,13,0.8643994601889338,86.44,0.8644,0.796,79.58,1
Candidate_059,Retail Sales Associate,41-2031.00,Retail Salespersons,Speaking,3.75,3.12,0.0,0.687,2,1876,2449,13,0.8643994601889338,86.44,0.8644,0.758,75.8,2
Candidate_059,Retail Sales Associate,41-2031.00,Retail Salespersons,Monitoring,3.0,3.12,0.0,0.612,3,1876,2449,13,0.8643994601889338,86.44,0.8644,0.713,71.3,3
Candidate_059,Secondary School Teacher,25-2031.00,"Secondary School Teachers, Except Special and Career/Technical Education",Speaking,4.0,4.12,0.0,0.812,1,681,740,9,0.3635561348837076,36.36,0.3636,0.633,63.26,1
Candidate_059,Secondary School Teacher,25-2031.00,"Secondary School Teachers, Except Special and Career/Technical Education",Active Listening,4.0,4.0,0.0,0.8,2,681,740,9,0.3635561348837076,36.36,0.3636,0.625,62.54,2
Candidate_059,Secondary School Teacher,25-2031.00,"Secondary School Teachers, Except Special and Career/Technical Education",Monitoring,3.88,4.0,0.0,0.788,3,681,740,9,0.3635561348837076,36.36,0.3636,0.618,61.82,3
Candidate_059,Software Developer,15-1252.00,Software Developers,Active Listening,3.38,3.88,0.0,0.726,1,323,344,8,0.2290858604605659,22.91,0.2291,0.527,52.72,1
Candidate_059,Software Developer,15-1252.00,Software Developers,Speaking,3.12,3.62,0.0,0.6739999999999999,2,323,344,8,0.2290858604605659,22.91,0.2291,0.496,49.6,2
Candidate_059,Software Developer,15-1252.00,Software Developers,Monitoring,3.0,3.5,0.0,0.6499999999999999,3,323,344,8,0.2290858604605659,22.91,0.2291,0.482,48.16,3
Candidate_060,Administrative Assistant,43-6014.00,"Secretaries and Administrative Assistants, Except Legal, Medical, and Executive",Active Listening,4.0,3.75,0.0,0.775,1,812,890,11,0.4384514673595585,43.85,0.4385,0.64,64.04,1
Candidate_060,Administrative Assistant,43-6014.00,"Secretaries and Administrative Assistants, Except Legal, Medical, and Executive",Speaking,4.0,3.62,0.0,0.762,2,812,890,11,0.4384514673595585,43.85,0.4385,0.633,63.26,2
Candidate_060,Administrative Assistant,43-6014.00,"Secretaries and Administrative Assistants, Except Legal, Medical, and Executive",Writing,3.75,3.5,0.0,0.725,3,812,890,11,0.4384514673595585,43.85,0.4385,0.61,61.04,3
Candidate_060,Administrative Assistant,43-6014.00,"Secretaries and Administrative Assistants, Except Legal, Medical, and Executive",Monitoring,3.12,3.25,0.0,0.637,4,812,890,11,0.4384514673595585,43.85,0.4385,0.558,55.76,4
Candidate_060,Bookkeeper,43-3031.00,"Bookkeeping, Accounting, and Auditing Clerks",Active Listening,3.25,3.75,0.0,0.7,1,396,422,11,0.2992257912289334,29.92,0.2992,0.54,53.97,1
Candidate_060,Bookkeeper,43-3031.00,"Bookkeeping, Accounting, and Auditing Clerks",Speaking,3.12,3.12,0.0,0.624,2,396,422,11,0.2992257912289334,29.92,0.2992,0.494,49.41,2
Candidate_060,Bookkeeper,43-3031.00,"Bookkeeping, Accounting, and Auditing Clerks",Writing,3.12,3.12,0.0,0.624,2,396,422,11,0.2992257912289334,29.92,0.2992,0.494,49.41,2
Candidate_060,Bookkeeper,43-3031.00,"Bookkeeping, Accounting, and Auditing Clerks",Monitoring,3.0,2.88,0.0,0.588,3,396,422,11,0.2992257912289334,29.92,0.2992,0.472,47.25,3
Candidate_060,Continuing Care Assistant,31-1131.00,Nursing Assistants,Active Listening,3.62,3.0,0.0,0.6619999999999999,1,819,1172,9,0.4396201180333152,43.96,0.4396,0.573,57.3,1
Candidate_060,Continuing Care Assistant,31-1131.00,Nursing Assistants,Monitoring,3.25,3.0,0.0,0.625,2,819,1172,9,0.4396201180333152,43.96,0.4396,0.551,55.08,2
Candidate_060,Continuing Care Assistant,31-1131.00,Nursing Assistants,Speaking,3.12,3.0,0.0,0.612,3,819,1172,9,0.4396201180333152,43.96,0.4396,0.543,54.3,3
Candidate_060,Continuing Care Assistant,31-1131.00,Nursing Assistants,Writing,2.75,2.75,0.0,0.55,4,819,1172,9,0.4396201180333152,43.96,0.4396,0.506,50.58,4
Candidate_060,Delivery Driver,53-3033.00,Light Truck Drivers,Active Listening,3.12,2.88,0.0,0.6,1,557,622,12,0.3705312074675783,37.05,0.3705,0.508,50.82,1
Candidate_060,Delivery Driver,53-3033.00,Light Truck Drivers,Speaking,3.12,2.88,0.0,0.6,1,557,622,12,0.3705312074675783,37.05,0.3705,0.508,50.82,1
Candidate_060,Delivery Driver,53-3033.00,Light Truck Drivers,Monitoring,3.12,2.75,0.0,0.587,2,557,622,12,0.3705312074675783,37.05,0.3705,0.5,50.04,2
Candidate_060,Delivery Driver,53-3033.00,Light Truck Drivers,Writing,2.75,2.5,0.0,0.525,3,557,622,12,0.3705312074675783,37.05,0.3705,0.463,46.32,3
Candidate_060,"Driver, Truck",53-3032.00,Heavy and Tractor-Trailer Truck Drivers,Monitoring,3.12,3.0,0.0,0.612,1,1423,3705,12,0.8880268984746598,88.8,0.888,0.722,72.24,1
Candidate_060,"Driver, Truck",53-3032.00,Heavy and Tractor-Trailer Truck Drivers,Active Listening,2.88,3.0,0.0,0.588,2,1423,3705,12,0.8880268984746598,88.8,0.888,0.708,70.8,2
Candidate_060,"Driver, Truck",53-3032.00,Heavy and Tractor-Trailer Truck Drivers,Speaking,3.0,2.88,0.0,0.588,2,1423,3705,12,0.8880268984746598,88.8,0.888,0.708,70.8,2
Candidate_060,"Driver, Truck",53-3032.00,Heavy and Tractor-Trailer Truck Drivers,Writing,2.75,2.62,0.0,0.537,3,1423,3705,12,0.8880268984746598,88.8,0.888,0.677,67.74,3
Candidate_060,Food Service Supervisor,35-1012.00,First-Line Supervisors of Food Preparation and Serving Workers,Monitoring,3.88,4.0,0.0,0.788,1,1061,2524,12,0.6833380235893983,68.33,0.6833,0.746,74.61,1
Candidate_060,Food Service Supervisor,35-1012.00,First-Line Supervisors of Food Preparation and Serving Workers,Speaking,3.88,4.0,0.0,0.788,1,1061,2524,12,0.6833380235893983,68.33,0.6833,0.746,74.61,1
Candidate_060,Food Service Supervisor,35-1012.00,First-Line Supervisors of Food Preparation and Serving Workers,Active Listening,3.75,3.0,0.0,0.675,2,1061,2524,12,0.6833380235893983,68.33,0.6833,0.678,67.83,2
Candidate_060,Food Service Supervisor,35-1012.00,First-Line Supervisors of Food Preparation and Serving Workers,Writing,3.0,3.12,0.0,0.612,3,1061,2524,12,0.6833380235893983,68.33,0.6833,0.641,64.05,3
Candidate_060,Information Technology (IT) Analyst,15-1211.00,Computer Systems Analysts,Active Listening,4.0,4.12,0.0,0.812,1,347,357,10,0.266375870790639,26.64,0.2664,0.594,59.38,1
Candidate_060,Information Technology (IT) Analyst,15-1211.00,Computer Systems Analysts,Speaking,4.0,4.0,0.0,0.8,2,347,357,10,0.266375870790639,26.64,0.2664,0.587,58.66,2
Candidate_060,Information Technology (IT) Analyst,15-1211.00,Computer Systems Analysts,Writing,4.0,4.0,0.0,0.8,2,347,357,10,0.266375870790639,26.64,0.2664,0.587,58.66,2
Candidate_060,Information Technology (IT) Analyst,15-1211.00,Computer Systems Analysts,Monitoring,3.62,4.0,0.0,0.762,3,347,357,10,0.266375870790639,26.64,0.2664,0.564,56.38,3
Candidate_060,Inside Sales Representative,41-2031.00,Retail Salespersons,Active Listening,3.75,3.75,0.0,0.75,1,1876,2449,13,0.8643994601889338,86.44,0.8644,0.796,79.58,1
Candidate_060,Inside Sales Representative,41-2031.00,Retail Salespersons,Speaking,3.75,3.12,0.0,0.687,2,1876,2449,13,0.8643994601889338,86.44,0.8644,0.758,75.8,2
Candidate_060,Inside Sales Representative,41-2031.00,Retail Salespersons,Monitoring,3.0,3.12,0.0,0.612,3,1876,2449,13,0.8643994601889338,86.44,0.8644,0.713,71.3,3
Candidate_060,Inside Sales Representative,41-2031.00,Retail Salespersons,Writing,3.0,3.0,0.0,0.6,4,1876,2449,13,0.8643994601889338,86.44,0.8644,0.706,70.58,4
Candidate_060,Licensed Practical Nurse (L.P.N.),29-2061.00,Licensed Practical and Licensed Vocational Nurses,Active Listening,3.88,4.0,0.0,0.788,1,437,527,10,0.3039192124973743,30.39,0.3039,0.594,59.44,1
Candidate_060,Licensed Practical Nurse (L.P.N.),29-2061.00,Licensed Practical and Licensed Vocational Nurses,Monitoring,3.88,4.0,0.0,0.788,1,437,527,10,0.3039192124973743,30.39,0.3039,0.594,59.44,1
Candidate_060,Licensed Practical Nurse (L.P.N.),29-2061.00,Licensed Practical and Licensed Vocational Nurses,Speaking,3.88,4.0,0.0,0.788,1,437,527,10,0.3039192124973743,30.39,0.3039,0.594,59.44,1
Candidate_060,Licensed Practical Nurse (L.P.N.),29-2061.00,Licensed Practical and Licensed Vocational Nurses,Writing,3.25,3.12,0.0,0.637,2,437,527,10,0.3039192124973743,30.39,0.3039,0.504,50.38,2
Candidate_060,Office Administrator,43-1011.00,First-Line Supervisors of Office and Administrative Support Workers,Active Listening,4.0,4.0,0.0,0.8,1,676,1709,13,0.5286438829565303,52.86,0.5286,0.691,69.14,1
Candidate_060,Office Administrator,43-1011.00,First-Line Supervisors of Office and Administrative Support Workers,Monitoring,4.0,4.0,0.0,0.8,1,676,1709,13,0.5286438829565303,52.86,0.5286,0.691,69.14,1
Candidate_060,Office Administrator,43-1011.00,First-Line Supervisors of Office and Administrative Support Workers,Speaking,4.0,4.0,0.0,0.8,1,676,1709,13,0.5286438829565303,52.86,0.5286,0.691,69.14,1
Candidate_060,Office Administrator,43-1011.00,First-Line Supervisors of Office and Administrative Support Workers,Writing,3.75,3.75,0.0,0.75,2,676,1709,13,0.5286438829565303,52.86,0.5286,0.661,66.14,2
Candidate_060,Office Manager,43-1011.00,First-Line Supervisors of Office and Administrative Support Workers,Monitoring,4.0,4.0,0.0,0.8,1,676,1709,13,0.5286438829565303,52.86,0.5286,0.691,69.14,1
Candidate_060,Office Manager,43-1011.00,First-Line Supervisors of Office and Administrative Support Workers,Speaking,4.0,4.0,0.0,0.8,1,676,1709,13,0.5286438829565303,52.86,0.5286,0.691,69.14,1
Candidate_060,Office Manager,43-1011.00,First-Line Supervisors of Office and Administrative Support Workers,Active Listening,4.0,3.88,0.0,0.788,2,676,1709,13,0.5286438829565303,52.86,0.5286,0.684,68.42,2
Candidate_060,Office Manager,43-1011.00,First-Line Supervisors of Office and Administrative Support Workers,Writing,3.75,3.75,0.0,0.75,3,676,1709,13,0.5286438829565303,52.86,0.5286,0.661,66.14,3
Candidate_060,Restaurant Manager,11-9051.00,Food Service Managers,Speaking,3.88,4.0,0.0,0.788,1,1139,1473,12,0.5865008675534992,58.65,0.5865,0.707,70.74,1
Candidate_060,Restaurant Manager,11-9051.00,Food Service Managers,Monitoring,3.88,3.88,0.0,0.776,2,1139,1473,12,0.5865008675534992,58.65,0.5865,0.7,70.02,2
Candidate_060,Restaurant Manager,11-9051.00,Food Service Managers,Active Listening,3.88,3.5,0.0,0.738,3,1139,1473,12,0.5865008675534992,58.65,0.5865,0.677,67.74,3
Candidate_060,Restaurant Manager,11-9051.00,Food Service Managers,Writing,3.0,3.12,0.0,0.612,4,1139,1473,12,0.5865008675534992,58.65,0.5865,0.602,60.18,4
Candidate_060,Retail Sales Associate,41-2031.00,Retail Salespersons,Active Listening,3.75,3.75,0.0,0.75,1,1876,2449,13,0.8643994601889338,86.44,0.8644,0.796,79.58,1
Candidate_060,Retail Sales Associate,41-2031.00,Retail Salespersons,Speaking,3.75,3.12,0.0,0.687,2,1876,2449,13,0.8643994601889338,86.44,0.8644,0.758,75.8,2
Candidate_060,Retail Sales Associate,41-2031.00,Retail Salespersons,Monitoring,3.0,3.12,0.0,0.612,3,1876,2449,13,0.8643994601889338,86.44,0.8644,0.713,71.3,3
Candidate_060,Retail Sales Associate,41-2031.00,Retail Salespersons,Writing,3.0,3.0,0.0,0.6,4,1876,2449,13,0.8643994601889338,86.44,0.8644,0.706,70.58,4
Candidate_060,Secondary School Teacher,25-2031.00,"Secondary School Teachers, Except Special and Career/Technical Education",Speaking,4.0,4.12,0.0,0.812,1,681,740,9,0.3635561348837076,36.36,0.3636,0.633,63.26,1
Candidate_060,Secondary School Teacher,25-2031.00,"Secondary School Teachers, Except Special and Career/Technical Education",Active Listening,4.0,4.0,0.0,0.8,2,681,740,9,0.3635561348837076,36.36,0.3636,0.625,62.54,2
Candidate_060,Secondary School Teacher,25-2031.00,"Secondary School Teachers, Except Special and Career/Technical Education",Monitoring,3.88,4.0,0.0,0.788,3,681,740,9,0.3635561348837076,36.36,0.3636,0.618,61.82,3
Candidate_060,Secondary School Teacher,25-2031.00,"Secondary School Teachers, Except Special and Career/Technical Education",Writing,3.62,3.75,0.0,0.737,4,681,740,9,0.3635561348837076,36.36,0.3636,0.588,58.76,4
Candidate_060,Software Developer,15-1252.00,Software Developers,Active Listening,3.38,3.88,0.0,0.726,1,323,344,8,0.2290858604605659,22.91,0.2291,0.527,52.72,1
Candidate_060,Software Developer,15-1252.00,Software Developers,Writing,3.25,3.62,0.0,0.687,2,323,344,8,0.2290858604605659,22.91,0.2291,0.504,50.38,2
Candidate_060,Software Developer,15-1252.00,Software Developers,Speaking,3.12,3.62,0.0,0.6739999999999999,3,323,344,8,0.2290858604605659,22.91,0.2291,0.496,49.6,3
Candidate_060,Software Developer,15-1252.00,Software Developers,Monitoring,3.0,3.5,0.0,0.6499999999999999,4,323,344,8,0.2290858604605659,22.91,0.2291,0.482,48.16,4
Candidate_062,Administrative Assistant,43-6014.00,"Secretaries and Administrative Assistants, Except Legal, Medical, and Executive",Mathematics,2.0,1.62,0.0,0.362,1,812,890,11,0.4384514673595585,43.85,0.4385,0.393,39.26,1
Candidate_062,Administrative Assistant,43-6014.00,"Secretaries and Administrative Assistants, Except Legal, Medical, and Executive",Science,1.0,0.0,0.0,0.1,2,812,890,11,0.4384514673595585,43.85,0.4385,0.235,23.54,2
Candidate_062,Bookkeeper,43-3031.00,"Bookkeeping, Accounting, and Auditing Clerks",Mathematics,3.38,3.38,0.0,0.6759999999999999,1,396,422,11,0.2992257912289334,29.92,0.2992,0.525,52.53,1
Candidate_062,Bookkeeper,43-3031.00,"Bookkeeping, Accounting, and Auditing Clerks",Science,1.12,0.12,0.0,0.12400000000000001,2,396,422,11,0.2992257912289334,29.92,0.2992,0.194,19.41,2
Candidate_062,Continuing Care Assistant,31-1131.00,Nursing Assistants,Mathematics,2.12,1.88,0.0,0.4,1,819,1172,9,0.4396201180333152,43.96,0.4396,0.416,41.58,1
Candidate_062,Continuing Care Assistant,31-1131.00,Nursing Assistants,Science,1.75,0.88,0.0,0.263,2,819,1172,9,0.4396201180333152,43.96,0.4396,0.334,33.36,2
Candidate_062,Delivery Driver,53-3033.00,Light Truck Drivers,Mathematics,2.25,2.12,0.0,0.43700000000000006,1,557,622,12,0.3705312074675783,37.05,0.3705,0.41,41.04,1
Candidate_062,Delivery Driver,53-3033.00,Light Truck Drivers,Science,1.12,0.12,0.0,0.12400000000000001,2,557,622,12,0.3705312074675783,37.05,0.3705,0.223,22.26,2
Candidate_062,"Driver, Truck",53-3032.00,Heavy and Tractor-Trailer Truck Drivers,Mathematics,2.0,1.88,0.0,0.388,1,1423,3705,12,0.8880268984746598,88.8,0.888,0.588,58.8,1
Candidate_062,"Driver, Truck",53-3032.00,Heavy and Tractor-Trailer Truck Drivers,Science,1.0,0.0,0.0,0.1,2,1423,3705,12,0.8880268984746598,88.8,0.888,0.415,41.52,2
Candidate_062,Food Service Supervisor,35-1012.00,First-Line Supervisors of Food Preparation and Serving Workers,Mathematics,3.0,3.0,0.0,0.6,1,1061,2524,12,0.6833380235893983,68.33,0.6833,0.633,63.33,1
Candidate_062,Food Service Supervisor,35-1012.00,First-Line Supervisors of Food Preparation and Serving Workers,Science,1.0,0.0,0.0,0.1,2,1061,2524,12,0.6833380235893983,68.33,0.6833,0.333,33.33,2
Candidate_062,Information Technology (IT) Analyst,15-1211.00,Computer Systems Analysts,Mathematics,3.0,3.38,0.0,0.6379999999999999,1,347,357,10,0.266375870790639,26.64,0.2664,0.489,48.94,1
Candidate_062,Information Technology (IT) Analyst,15-1211.00,Computer Systems Analysts,Science,2.75,3.12,0.0,0.587,2,347,357,10,0.266375870790639,26.64,0.2664,0.459,45.88,2
Candidate_062,Inside Sales Representative,41-2031.00,Retail Salespersons,Mathematics,2.62,2.0,0.0,0.462,1,1876,2449,13,0.8643994601889338,86.44,0.8644,0.623,62.3,1
Candidate_062,Inside Sales Representative,41-2031.00,Retail Salespersons,Science,1.0,0.0,0.0,0.1,2,1876,2449,13,0.8643994601889338,86.44,0.8644,0.406,40.58,2
Candidate_062,Licensed Practical Nurse (L.P.N.),29-2061.00,Licensed Practical and Licensed Vocational Nurses,Mathematics,2.88,2.88,0.0,0.576,1,437,527,10,0.3039192124973743,30.39,0.3039,0.467,46.72,1
Candidate_062,Licensed Practical Nurse (L.P.N.),29-2061.00,Licensed Practical and Licensed Vocational Nurses,Science,2.62,2.62,0.0,0.524,2,437,527,10,0.3039192124973743,30.39,0.3039,0.436,43.6,2
Candidate_062,Office Administrator,43-1011.00,First-Line Supervisors of Office and Administrative Support Workers,Mathematics,2.75,2.75,0.0,0.55,1,676,1709,13,0.5286438829565303,52.86,0.5286,0.541,54.14,1
Candidate_062,Office Administrator,43-1011.00,First-Line Supervisors of Office and Administrative Support Workers,Science,1.38,0.38,0.0,0.176,2,676,1709,13,0.5286438829565303,52.86,0.5286,0.317,31.7,2
Candidate_062,Office Manager,43-1011.00,First-Line Supervisors of Office and Administrative Support Workers,Mathematics,2.75,2.75,0.0,0.55,1,676,1709,13,0.5286438829565303,52.86,0.5286,0.541,54.14,1
Candidate_062,Office Manager,43-1011.00,First-Line Supervisors of Office and Administrative Support Workers,Science,1.0,0.0,0.0,0.1,2,676,1709,13,0.5286438829565303,52.86,0.5286,0.271,27.14,2
Candidate_062,Restaurant Manager,11-9051.00,Food Service Managers,Mathematics,2.88,2.88,0.0,0.576,1,1139,1473,12,0.5865008675534992,58.65,0.5865,0.58,58.02,1
Candidate_062,Restaurant Manager,11-9051.00,Food Service Managers,Science,1.62,0.62,0.0,0.224,2,1139,1473,12,0.5865008675534992,58.65,0.5865,0.369,36.9,2
Candidate_062,Retail Sales Associate,41-2031.00,Retail Salespersons,Mathematics,2.62,2.0,0.0,0.462,1,1876,2449,13,0.8643994601889338,86.44,0.8644,0.623,62.3,1
Candidate_062,Retail Sales Associate,41-2031.00,Retail Salespersons,Science,1.0,0.0,0.0,0.1,2,1876,2449,13,0.8643994601889338,86.44,0.8644,0.406,40.58,2
Candidate_062,Secondary School Teacher,25-2031.00,"Secondary School Teachers, Except Special and Career/Technical Education",Mathematics,2.75,3.0,0.0,0.575,1,681,740,9,0.3635561348837076,36.36,0.3636,0.49,49.04,1
Candidate_062,Secondary School Teacher,25-2031.00,"Secondary School Teachers, Except Special and Career/Technical Education",Science,2.0,1.88,0.0,0.388,2,681,740,9,0.3635561348837076,36.36,0.3636,0.378,37.82,2
Candidate_062,Software Developer,15-1252.00,Software Developers,Mathematics,2.75,3.25,0.0,0.6000000000000001,1,323,344,8,0.2290858604605659,22.91,0.2291,0.452,45.16,1
Candidate_062,Software Developer,15-1252.00,Software Developers,Science,2.12,1.88,0.0,0.4,2,323,344,8,0.2290858604605659,22.91,0.2291,0.332,33.16,2
Candidate_063,Administrative Assistant,43-6014.00,"Secretaries and Administrative Assistants, Except Legal, Medical, and Executive",Monitoring,3.12,3.25,0.0,0.637,1,812,890,11,0.4384514673595585,43.85,0.4385,0.558,55.76,1
Candidate_063,Administrative Assistant,43-6014.00,"Secretaries and Administrative Assistants, Except Legal, Medical, and Executive",Mathematics,2.0,1.62,0.0,0.362,2,812,890,11,0.4384514673595585,43.85,0.4385,0.393,39.26,2
Candidate_063,Administrative Assistant,43-6014.00,"Secretaries and Administrative Assistants, Except Legal, Medical, and Executive",Science,1.0,0.0,0.0,0.1,3,812,890,11,0.4384514673595585,43.85,0.4385,0.235,23.54,3
Candidate_063,Bookkeeper,43-3031.00,"Bookkeeping, Accounting, and Auditing Clerks",Mathematics,3.38,3.38,0.0,0.6759999999999999,1,396,422,11,0.2992257912289334,29.92,0.2992,0.525,52.53,1
Candidate_063,Bookkeeper,43-3031.00,"Bookkeeping, Accounting, and Auditing Clerks",Monitoring,3.0,2.88,0.0,0.588,2,396,422,11,0.2992257912289334,29.92,0.2992,0.472,47.25,2
Candidate_063,Bookkeeper,43-3031.00,"Bookkeeping, Accounting, and Auditing Clerks",Science,1.12,0.12,0.0,0.12400000000000001,3,396,422,11,0.2992257912289334,29.92,0.2992,0.194,19.41,3
Candidate_063,Continuing Care Assistant,31-1131.00,Nursing Assistants,Monitoring,3.25,3.0,0.0,0.625,1,819,1172,9,0.4396201180333152,43.96,0.4396,0.551,55.08,1
Candidate_063,Continuing Care Assistant,31-1131.00,Nursing Assistants,Mathematics,2.12,1.88,0.0,0.4,2,819,1172,9,0.4396201180333152,43.96,0.4396,0.416,41.58,2
Candidate_063,Continuing Care Assistant,31-1131.00,Nursing Assistants,Science,1.75,0.88,0.0,0.263,3,819,1172,9,0.4396201180333152,43.96,0.4396,0.334,33.36,3
Candidate_063,Delivery Driver,53-3033.00,Light Truck Drivers,Monitoring,3.12,2.75,0.0,0.587,1,557,622,12,0.3705312074675783,37.05,0.3705,0.5,50.04,1
Candidate_063,Delivery Driver,53-3033.00,Light Truck Drivers,Mathematics,2.25,2.12,0.0,0.43700000000000006,2,557,622,12,0.3705312074675783,37.05,0.3705,0.41,41.04,2
Candidate_063,Delivery Driver,53-3033.00,Light Truck Drivers,Science,1.12,0.12,0.0,0.12400000000000001,3,557,622,12,0.3705312074675783,37.05,0.3705,0.223,22.26,3
Candidate_063,"Driver, Truck",53-3032.00,Heavy and Tractor-Trailer Truck Drivers,Monitoring,3.12,3.0,0.0,0.612,1,1423,3705,12,0.8880268984746598,88.8,0.888,0.722,72.24,1
Candidate_063,"Driver, Truck",53-3032.00,Heavy and Tractor-Trailer Truck Drivers,Mathematics,2.0,1.88,0.0,0.388,2,1423,3705,12,0.8880268984746598,88.8,0.888,0.588,58.8,2
Candidate_063,"Driver, Truck",53-3032.00,Heavy and Tractor-Trailer Truck Drivers,Science,1.0,0.0,0.0,0.1,3,1423,3705,12,0.8880268984746598,88.8,0.888,0.415,41.52,3
Candidate_063,Food Service Supervisor,35-1012.00,First-Line Supervisors of Food Preparation and Serving Workers,Monitoring,3.88,4.0,0.0,0.788,1,1061,2524,12,0.6833380235893983,68.33,0.6833,0.746,74.61,1
Candidate_063,Food Service Supervisor,35-1012.00,First-Line Supervisors of Food Preparation and Serving Workers,Mathematics,3.0,3.0,0.0,0.6,2,1061,2524,12,0.6833380235893983,68.33,0.6833,0.633,63.33,2
Candidate_063,Food Service Supervisor,35-1012.00,First-Line Supervisors of Food Preparation and Serving Workers,Science,1.0,0.0,0.0,0.1,3,1061,2524,12,0.6833380235893983,68.33,0.6833,0.333,33.33,3
Candidate_063,Information Technology (IT) Analyst,15-1211.00,Computer Systems Analysts,Monitoring,3.62,4.0,0.0,0.762,1,347,357,10,0.266375870790639,26.64,0.2664,0.564,56.38,1
Candidate_063,Information Technology (IT) Analyst,15-1211.00,Computer Systems Analysts,Mathematics,3.0,3.38,0.0,0.6379999999999999,2,347,357,10,0.266375870790639,26.64,0.2664,0.489,48.94,2
Candidate_063,Information Technology (IT) Analyst,15-1211.00,Computer Systems Analysts,Science,2.75,3.12,0.0,0.587,3,347,357,10,0.266375870790639,26.64,0.2664,0.459,45.88,3
Candidate_063,Inside Sales Representative,41-2031.00,Retail Salespersons,Monitoring,3.0,3.12,0.0,0.612,1,1876,2449,13,0.8643994601889338,86.44,0.8644,0.713,71.3,1
Candidate_063,Inside Sales Representative,41-2031.00,Retail Salespersons,Mathematics,2.62,2.0,0.0,0.462,2,1876,2449,13,0.8643994601889338,86.44,0.8644,0.623,62.3,2
Candidate_063,Inside Sales Representative,41-2031.00,Retail Salespersons,Science,1.0,0.0,0.0,0.1,3,1876,2449,13,0.8643994601889338,86.44,0.8644,0.406,40.58,3
Candidate_063,Licensed Practical Nurse (L.P.N.),29-2061.00,Licensed Practical and Licensed Vocational Nurses,Monitoring,3.88,4.0,0.0,0.788,1,437,527,10,0.3039192124973743,30.39,0.3039,0.594,59.44,1
Candidate_063,Licensed Practical Nurse (L.P.N.),29-2061.00,Licensed Practical and Licensed Vocational Nurses,Mathematics,2.88,2.88,0.0,0.576,2,437,527,10,0.3039192124973743,30.39,0.3039,0.467,46.72,2
Candidate_063,Licensed Practical Nurse (L.P.N.),29-2061.00,Licensed Practical and Licensed Vocational Nurses,Science,2.62,2.62,0.0,0.524,3,437,527,10,0.3039192124973743,30.39,0.3039,0.436,43.6,3
Candidate_063,Office Administrator,43-1011.00,First-Line Supervisors of Office and Administrative Support Workers,Monitoring,4.0,4.0,0.0,0.8,1,676,1709,13,0.5286438829565303,52.86,0.5286,0.691,69.14,1
Candidate_063,Office Administrator,43-1011.00,First-Line Supervisors of Office and Administrative Support Workers,Mathematics,2.75,2.75,0.0,0.55,2,676,1709,13,0.5286438829565303,52.86,0.5286,0.541,54.14,2
Candidate_063,Office Administrator,43-1011.00,First-Line Supervisors of Office and Administrative Support Workers,Science,1.38,0.38,0.0,0.176,3,676,1709,13,0.5286438829565303,52.86,0.5286,0.317,31.7,3
Candidate_063,Office Manager,43-1011.00,First-Line Supervisors of Office and Administrative Support Workers,Monitoring,4.0,4.0,0.0,0.8,1,676,1709,13,0.5286438829565303,52.86,0.5286,0.691,69.14,1
Candidate_063,Office Manager,43-1011.00,First-Line Supervisors of Office and Administrative Support Workers,Mathematics,2.75,2.75,0.0,0.55,2,676,1709,13,0.5286438829565303,52.86,0.5286,0.541,54.14,2
Candidate_063,Office Manager,43-1011.00,First-Line Supervisors of Office and Administrative Support Workers,Science,1.0,0.0,0.0,0.1,3,676,1709,13,0.5286438829565303,52.86,0.5286,0.271,27.14,3
Candidate_063,Restaurant Manager,11-9051.00,Food Service Managers,Monitoring,3.88,3.88,0.0,0.776,1,1139,1473,12,0.5865008675534992,58.65,0.5865,0.7,70.02,1
Candidate_063,Restaurant Manager,11-9051.00,Food Service Managers,Mathematics,2.88,2.88,0.0,0.576,2,1139,1473,12,0.5865008675534992,58.65,0.5865,0.58,58.02,2
Candidate_063,Restaurant Manager,11-9051.00,Food Service Managers,Science,1.62,0.62,0.0,0.224,3,1139,1473,12,0.5865008675534992,58.65,0.5865,0.369,36.9,3
Candidate_063,Retail Sales Associate,41-2031.00,Retail Salespersons,Monitoring,3.0,3.12,0.0,0.612,1,1876,2449,13,0.8643994601889338,86.44,0.8644,0.713,71.3,1
Candidate_063,Retail Sales Associate,41-2031.00,Retail Salespersons,Mathematics,2.62,2.0,0.0,0.462,2,1876,2449,13,0.8643994601889338,86.44,0.8644,0.623,62.3,2
Candidate_063,Retail Sales Associate,41-2031.00,Retail Salespersons,Science,1.0,0.0,0.0,0.1,3,1876,2449,13,0.8643994601889338,86.44,0.8644,0.406,40.58,3
Candidate_063,Secondary School Teacher,25-2031.00,"Secondary School Teachers, Except Special and Career/Technical Education",Monitoring,3.88,4.0,0.0,0.788,1,681,740,9,0.3635561348837076,36.36,0.3636,0.618,61.82,1
Candidate_063,Secondary School Teacher,25-2031.00,"Secondary School Teachers, Except Special and Career/Technical Education",Mathematics,2.75,3.0,0.0,0.575,2,681,740,9,0.3635561348837076,36.36,0.3636,0.49,49.04,2
Candidate_063,Secondary School Teacher,25-2031.00,"Secondary School Teachers, Except Special and Career/Technical Education",Science,2.0,1.88,0.0,0.388,3,681,740,9,0.3635561348837076,36.36,0.3636,0.378,37.82,3
Candidate_063,Software Developer,15-1252.00,Software Developers,Monitoring,3.0,3.5,0.0,0.6499999999999999,1,323,344,8,0.2290858604605659,22.91,0.2291,0.482,48.16,1
Candidate_063,Software Developer,15-1252.00,Software Developers,Mathematics,2.75,3.25,0.0,0.6000000000000001,2,323,344,8,0.2290858604605659,22.91,0.2291,0.452,45.16,2
Candidate_063,Software Developer,15-1252.00,Software Developers,Science,2.12,1.88,0.0,0.4,3,323,344,8,0.2290858604605659,22.91,0.2291,0.332,33.16,3
