candidate_id,selected_occupation,recommendation_score,recommendation_percentage,skill_normalized_score,skill_percentage,tfidf_similarity_score,tfidf_normalized_score,tfidf_percentage,semantic_similarity_score,semantic_normalized_score,semantic_percentage,posting_count,total_vacancies,province_count,demand_score,demand_percentage,education_score,education_percentage,candidate_match_score,final_hybrid_score,final_hybrid_percentage,final_hybrid_rank,demand_adjusted_score,demand_adjusted_rank,education_adjusted_score,education_adjusted_rank,tfidf_demand_score,tfidf_demand_rank,tfidf_education_score,tfidf_education_rank,low_final_score_flag,skill_semantic_gap,large_model_disagreement_flag,demand_candidate_mismatch,education_candidate_mismatch,demand_lift,education_lift
Candidate_001,Licensed Practical Nurse (L.P.N.),0.6615295143937191,66.1529514393719,0.515402242745367,51.54,0.006018474990310616,0.02861161058354258,2.86,0.4085945785045624,0.19771289776696946,19.77,437,527,10,0.3039192124973743,30.39,1.0,100.0,0.3565575702561682,0.4103741416787926,41.04,7,0.3460298987044095,12,0.4209018132305514,7,0.08367313096630893,15,0.12575044952518832,6,False,0.3176893449783975,True,False,False,0.06078384249947486,0.1
Candidate_001,"Driver, Truck",0.6435643564356435,64.35643564356435,0.25318152899518853,25.32,0.005732760672261172,0.01612267475049268,1.61,0.4125099778175354,0.23013592949898903,23.01,1423,3705,12,0.8880268984746598,88.8,0.0,0.0,0.24165872924708878,0.34676649016789407,34.68,9,0.370932363092603,11,0.2174928563223799,12,0.1905035194953261,7,0.01451040727544341,14,False,0.023045599496199498,False,True,False,0.17760537969493195,0.0
Candidate_001,Food Service Supervisor,0.6287096774193549,62.87096774193549,0.036361585453861166,3.64,0.006494618631253587,0.04942445405476987,4.94,0.4521232843399048,0.5581697752754362,55.82,1061,2524,12,0.6833380235893983,68.33,0.0,0.0,0.2972656803646487,0.34475358097313374,34.48,10,0.37448014900959864,9,0.26753911232818384,11,0.17620716796169555,8,0.04448200864929288,9,False,0.5218081898215751,True,False,False,0.13666760471787967,0.0
Candidate_001,Continuing Care Assistant,0.6395304080061586,63.95304080061586,0.19430173295446118,19.43,0.005946846330024389,0.025480630840458075,2.55,0.4491218030452728,0.5333148076259117,53.33,819,1172,9,0.4396201180333152,43.96,0.0,0.0,0.3638082702901864,0.3425898128097935,34.26,11,0.3789706398388122,8,0.3274274432611678,9,0.10830852827902951,14,0.022932567756412267,13,False,0.3390130746714505,True,False,False,0.08792402360666304,0.0
Candidate_001,Administrative Assistant,0.626218487394958,62.6218487394958,0.0,0.0,0.014889534279604988,0.41637688252208815,41.64,0.4705461263656616,0.7107274951524262,71.07,812,890,11,0.4384514673595585,43.85,0.0,0.0,0.3553637475762131,0.33644491677526084,33.64,12,0.3719812915328822,10,0.3198273728185918,10,0.42079179948958223,2,0.37473919426987934,3,True,0.7107274951524262,True,False,False,0.0876902934719117,0.0
Candidate_001,Inside Sales Representative,0.6361746361746362,63.61746361746362,0.14532065041134984,14.53,0.006304343108831278,0.04110726923058812,4.11,0.4169851839542389,0.2671946657808549,26.72,1876,2449,13,0.8643994601889338,86.44,0.0,0.0,0.20625765809610236,0.3172602527050584,31.73,13,0.33788601851466865,13,0.18563189228649213,13,0.20576570742225725,5,0.03699654230752931,10,True,0.12187401536950504,False,True,False,0.17287989203778675,0.0
Candidate_001,Retail Sales Associate,0.6361746361746362,63.61746361746362,0.14532065041134984,14.53,0.006297158114685646,0.04079320400817212,4.08,0.41468751430511475,0.24816789226725292,24.82,1876,2449,13,0.8643994601889338,86.44,0.0,0.0,0.1967442713393014,0.3106008819752977,31.06,14,0.33027530910922787,14,0.17706984420537125,14,0.20551445524432446,6,0.03671388360735491,11,True,0.10284724185590308,False,True,False,0.17287989203778675,0.0
Candidate_001,Delivery Driver,0.6360808709175739,63.60808709175739,0.14395204610020385,14.4,0.007812878992298242,0.1070472892446073,10.7,0.38471880555152893,0.0,0.0,557,622,12,0.3705312074675783,37.05,0.0,0.0,0.07197602305010192,0.12448945762858701,12.45,15,0.1316870599335972,15,0.06477842074509173,15,0.1597440728892015,9,0.09634256032014657,7,True,0.14395204610020385,False,False,False,0.07410624149351566,0.0
Candidate_002,Office Manager,0.5467625899280575,54.67625899280575,1.0,100.0,0.007630782908994734,0.22675997774008175,22.68,0.4099811613559723,0.33009403848508867,33.01,676,1709,13,0.5286438829565303,52.86,1.0,100.0,0.6650470192425444,0.671261690061087,67.13,2,0.6377663919853416,2,0.6985423173182899,3,0.28713675878337147,9,0.3040839799660736,6,False,0.6699059615149113,True,False,False,0.10572877659130607,0.1
Candidate_002,Office Administrator,0.5382775119617226,53.82775119617226,0.8197929865595287,81.98,0.00615060045484842,0.0874322152989754,8.74,0.41645339131355286,0.36990713479607273,36.99,676,1709,13,0.5286438829565303,52.86,1.0,100.0,0.5948500606778007,0.6221238190657665,62.21,4,0.5816088251335467,4,0.6353650546100206,5,0.1756745488304864,14,0.17868899376907788,12,False,0.44988585176345597,True,False,False,0.10572877659130607,0.1
Candidate_002,"Driver, Truck",0.5247524752475247,52.47524752475247,0.5325467782620326,53.25,0.00660418776221486,0.13012783328176053,13.01,0.3801620304584503,0.14666546160914046,14.67,1423,3705,12,0.8880268984746598,88.8,0.0,0.0,0.33960611993558654,0.4153296636498425,41.53,7,0.4492902756434012,7,0.3056455079420279,7,0.2817076463203404,11,0.11711504995358447,14,False,0.3858813166528921,True,False,False,0.17760537969493195,0.0
Candidate_002,Inside Sales Representative,0.5107415107415108,51.07415107415108,0.23498038240016592,23.5,0.008604934042116274,0.31845563139216604,31.85,0.39163583517074585,0.21724510650093093,21.72,1876,2449,13,0.8643994601889338,86.44,0.0,0.0,0.2261127444505484,0.33115881315317064,33.12,8,0.3537700875982255,8,0.20350147000549357,10,0.4276443971515196,5,0.28661006825294943,8,False,0.017735275899234987,False,True,False,0.17287989203778675,0.0
Candidate_002,Retail Sales Associate,0.5107415107415108,51.07415107415108,0.23498038240016592,23.5,0.008595127088457685,0.31753251484948086,31.75,0.3868086040019989,0.18755101023174503,18.76,1876,2449,13,0.8643994601889338,86.44,0.0,0.0,0.2112656963159555,0.32076587945895557,32.08,9,0.34189244909055116,9,0.19013912668435995,11,0.42690590391737143,6,0.2857792633645328,9,False,0.047429372168420886,False,True,False,0.17287989203778675,0.0
Candidate_002,Food Service Supervisor,0.4996774193548388,49.96774193548388,0.0,0.0,0.007880444256855799,0.250260294790911,25.03,0.4168490171432495,0.37234077658013476,37.23,1061,2524,12,0.6833380235893983,68.33,0.0,0.0,0.18617038829006738,0.26698687652092684,26.7,10,0.28560391534993357,10,0.16755334946106065,12,0.3368758405506085,8,0.2252342653118199,11,False,0.37234077658013476,True,False,False,0.13666760471787967,0.0
Candidate_002,Bookkeeper,0.5088526912181303,50.88526912181303,0.19486542687625363,19.49,0.011760638309603152,0.615498211030349,61.55,0.4048367142677307,0.29844862898429786,29.84,396,422,11,0.2992257912289334,29.92,0.0,0.0,0.24665702793027575,0.23250507779697968,23.25,12,0.2571707805900073,12,0.22199132513724817,8,0.5522437270700659,3,0.5539483899273141,3,True,0.10358320210804423,False,False,False,0.05984515824578668,0.0
Candidate_002,Restaurant Manager,0.507175572519084,50.7175572519084,0.15924659660275312,15.92,0.007321324601776728,0.1976310461055258,19.76,0.37875697016716003,0.13802241260338624,13.8,1139,1473,12,0.5865008675534992,58.65,0.0,0.0,0.14863450460306968,0.2213443267328486,22.13,13,0.23620777719315558,13,0.13377105414276272,14,0.2754050103951205,12,0.1778679414949732,13,True,0.021224183999366875,False,False,False,0.11730017351069984,0.0
Candidate_002,Licensed Practical Nurse (L.P.N.),0.5015993021227101,50.15993021227101,0.04081715632489275,4.08,0.008214746474252414,0.2817277532778676,28.17,0.3987917900085449,0.2612640491252822,26.13,437,527,10,0.3039192124973743,30.39,0.0,0.0,0.15104060272508749,0.1665122644070361,16.65,14,0.18161632467954486,14,0.13593654245257875,13,0.28616604512176896,10,0.25355497795008086,10,True,0.22044689280038948,False,False,False,0.06078384249947486,0.0
Candidate_002,Delivery Driver,0.505054432348367,50.5054432348367,0.11419758977334103,11.42,0.01068671363761623,0.5144109963028012,51.44,0.3563193082809448,0.0,0.0,557,622,12,0.3705312074675783,37.05,0.0,0.0,0.057098794886670516,0.11407539791418503,11.41,15,0.11978527740285208,15,0.051388915398003464,15,0.4856350385357566,4,0.4629698966725211,4,True,0.11419758977334103,False,False,False,0.07410624149351566,0.0
Candidate_003,"Driver, Truck",0.8811881188118811,88.11881188118811,0.6958608440448676,69.59,0.01195713780356652,0.20713783901493518,20.71,0.4103018641471863,0.13690022322461215,13.69,1423,3705,12,0.8880268984746598,88.8,1.0,100.0,0.41638053363473987,0.5690717532392499,56.91,4,0.5107098066027238,7,0.47474248027126587,5,0.3433156509068801,13,0.2864240551134417,12,False,0.5589606208202554,True,False,False,0.17760537969493195,0.1
Candidate_003,Information Technology (IT) Analyst,0.8547039593171086,85.47039593171087,0.247659540769698,24.77,0.018806468917571248,0.7739667491013612,77.4,0.5648726224899292,1.0,100.0,347,357,10,0.266375870790639,26.64,0.0,0.0,0.623829770384849,0.4899560134275221,49.0,7,0.552338990466007,4,0.5614467933463642,4,0.6724485734392168,3,0.6965700741912251,3,False,0.752340459230302,True,False,False,0.053275174158127804,0.0
Candidate_003,Software Developer,0.8435089974293059,84.35089974293058,0.058203027746528434,5.82,0.021537763229894924,1.0,100.0,0.5592961311340332,0.9688617142332233,96.89,323,344,8,0.2290858604605659,22.91,0.0,0.0,0.5135323709898759,0.40528983178502626,40.53,9,0.4566430688840139,9,0.46217913389088827,6,0.8458171720921133,1,0.9,1,False,0.9106586864866949,True,False,False,0.04581717209211318,0.0
Candidate_003,Restaurant Manager,0.8625954198473282,86.25954198473282,0.3812096689165674,38.12,0.01325554183497759,0.3145896368221291,31.46,0.4175735414028168,0.17750417110847144,17.75,1139,1473,12,0.5865008675534992,58.65,0.0,0.0,0.27935692001251944,0.3128500175194634,31.29,12,0.34078570952071535,12,0.2514212280112675,12,0.3689718829684031,12,0.2831306731399162,13,True,0.20370549780809594,False,False,False,0.11730017351069984,0.0
Candidate_003,Delivery Driver,0.8689735614307932,86.89735614307932,0.4891493364278887,48.91,0.01905693904863203,0.7946948624069212,79.47,0.38578468561172485,0.0,0.0,557,622,12,0.3705312074675783,37.05,0.0,0.0,0.24457466821394436,0.2453085092432767,24.53,13,0.2697659760646711,13,0.22011720139254992,13,0.7098621314190526,2,0.7152253761662292,2,True,0.4891493364278887,True,False,False,0.07410624149351566,0.0
Candidate_003,Bookkeeper,0.8406515580736544,84.06515580736544,0.009845516401472696,0.98,0.015421698489529867,0.49385388834382576,49.39,0.4418739378452301,0.3131939158562696,31.32,396,422,11,0.2992257912289334,29.92,0.0,0.0,0.16151971612887114,0.17290895953599647,17.29,14,0.1890609311488836,14,0.14536774451598403,14,0.4549282689208473,9,0.44446849950944317,9,True,0.3033483994547969,False,False,False,0.05984515824578668,0.0
Candidate_003,Licensed Practical Nurse (L.P.N.),0.840069787728991,84.0069787728991,0.0,0.0,0.0148731167481308,0.44845500407398114,44.85,0.4244219958782196,0.2157449068876791,21.57,437,527,10,0.3039192124973743,30.39,0.0,0.0,0.10787245344383956,0.13629455991016254,13.63,15,0.1470818052545465,15,0.0970852080994556,15,0.41954784575865983,10,0.40360950366658305,11,True,0.2157449068876791,False,False,False,0.06078384249947486,0.0
Candidate_004,Secondary School Teacher,0.7770345596432553,77.70345596432553,0.7652088874501872,76.52,0.004004827330517282,0.06687152389793502,6.69,0.44333088397979736,0.37476507208178844,37.48,681,740,9,0.3635561348837076,36.36,1.0,100.0,0.5699869797659878,0.571702112812933,57.17,3,0.5287008107895318,3,0.612988281789389,3,0.12620844609508955,13,0.16018437150814152,4,False,0.3904438153683988,True,False,False,0.07271122697674152,0.1
Candidate_004,Licensed Practical Nurse (L.P.N.),0.7743530095958127,77.43530095958127,0.7205451712511525,72.05,0.0036526965861869622,0.052879905296392075,5.29,0.40781083703041077,0.1370740585333478,13.71,437,527,10,0.3039192124973743,30.39,1.0,100.0,0.4288096148922501,0.46095057292404995,46.1,5,0.403831534413275,9,0.48592865340302516,5,0.10308776673658852,14,0.14759191476675287,5,False,0.5834711127178047,True,False,False,0.06078384249947486,0.1
Candidate_004,"Driver, Truck",0.767128712871287,76.7128712871287,0.6002177736888549,60.02,0.004290629232211142,0.07822762179191788,7.82,0.40418604016304016,0.11281785069273821,11.28,1423,3705,12,0.8880268984746598,88.8,0.0,0.0,0.35651781219079653,0.4271678482284895,42.72,8,0.4628196294475692,7,0.3208660309717169,9,0.24018747712846628,2,0.07040485961272609,10,False,0.4873999229961167,True,False,False,0.17760537969493195,0.0
Candidate_004,Inside Sales Representative,0.7401247401247402,74.01247401247402,0.1504414302831156,15.04,0.0038261939426271225,0.05977367665482116,5.98,0.4334857761859894,0.30888414424015775,30.89,1876,2449,13,0.8643994601889338,86.44,0.0,0.0,0.2296627872616367,0.3336438431209324,33.36,11,0.3566101218470961,11,0.20669650853547303,12,0.2206988333616437,4,0.05379630898933904,11,False,0.15844271395704215,False,True,False,0.17287989203778675,0.0
Candidate_004,Retail Sales Associate,0.7401247401247402,74.01247401247402,0.1504414302831156,15.04,0.003821833269262229,0.05960040897072976,5.96,0.4304797053337097,0.28876829167118706,28.88,1876,2449,13,0.8643994601889338,86.44,0.0,0.0,0.21960486097715132,0.32660329472179267,32.66,12,0.34856378081950784,12,0.1976443748794362,13,0.22056021921437058,5,0.05364036807365678,12,True,0.13832686138807146,False,True,False,0.17287989203778675,0.0
Candidate_004,Continuing Care Assistant,0.7525019245573519,75.25019245573519,0.35659497694859316,35.66,0.00232185410524041,0.0,0.0,0.4209247827529907,0.22482920860003702,22.48,819,1172,9,0.4396201180333152,43.96,0.0,0.0,0.2907120927743151,0.2914224885486836,29.14,13,0.32049369782611514,13,0.2616408834968836,11,0.08792402360666304,15,0.0,15,True,0.13176576834855613,False,False,False,0.08792402360666304,0.0
Candidate_004,Delivery Driver,0.7573872472783826,75.73872472783826,0.4379645817265845,43.8,0.0049478394672127285,0.10434131705207032,10.43,0.38732677698135376,0.0,0.0,557,622,12,0.3705312074675783,37.05,0.0,0.0,0.21898229086329224,0.2273938450978202,22.74,14,0.24929207418414948,14,0.19708406177696303,14,0.15757929513517194,11,0.09390718534686329,8,True,0.4379645817265845,True,False,False,0.07410624149351566,0.0
Candidate_004,Administrative Assistant,0.7310924369747899,73.10924369747899,0.0,0.0,0.005783961360500245,0.1375639163951849,13.76,0.43828800320625305,0.34101941166710276,34.1,812,890,11,0.4384514673595585,43.85,0.0,0.0,0.17050970583355138,0.20704708755539766,20.7,15,0.2240980581387528,15,0.15345873525019624,15,0.19774142658805963,8,0.1238075247556664,6,True,0.34101941166710276,False,False,False,0.0876902934719117,0.0
Candidate_005,Office Manager,0.5179856115107914,51.798561151079134,0.924724837283551,92.47,0.01320721278590018,0.5217439453108104,52.17,0.4311235249042511,0.35776562186341543,35.78,676,1709,13,0.5286438829565303,52.86,1.0,100.0,0.6412452295734832,0.6546004372927443,65.46,2,0.6187249602500927,3,0.677120706616135,2,0.5231239328399544,4,0.5695695507797294,4,False,0.5669592154201356,True,False,False,0.10572877659130607,0.1
Candidate_005,Bookkeeper,0.5180594900849858,51.80594900849857,0.9260531677891383,92.61,0.011916714000007348,0.4055036558788876,40.55,0.42492368817329407,0.32276089611101794,32.28,396,422,11,0.2992257912289334,29.92,1.0,100.0,0.6244070319500781,0.5969300806108413,59.69,5,0.5593707838058493,6,0.6619663287550702,4,0.3842480829488968,9,0.46495329029099886,5,False,0.6032922716781204,True,False,False,0.05984515824578668,0.1
Candidate_005,Restaurant Manager,0.5035114503816793,50.351145038167935,0.6644806463223611,66.45,0.010396197538385764,0.26854477182800895,26.85,0.39063629508018494,0.12917179948271645,12.92,1139,1473,12,0.5865008675534992,58.65,0.0,0.0,0.39682622290253877,0.39507852954247696,39.51,10,0.43476115183273084,10,0.35714360061228495,8,0.33213599097310703,12,0.24169029464520805,13,False,0.5353088468396447,True,False,False,0.11730017351069984,0.0
Candidate_005,Licensed Practical Nurse (L.P.N.),0.4908403605699331,49.084036056993305,0.43665552490499454,43.67,0.011664846420463426,0.38281695468648935,38.28,0.4056984782218933,0.21421397284757837,21.42,437,527,10,0.3039192124973743,30.39,0.0,0.0,0.32543474887628643,0.2885881667128754,28.86,12,0.32113164160050406,12,0.2928912739886578,11,0.3670374062486664,10,0.34453525921784045,11,True,0.22244155205741617,False,False,False,0.06078384249947486,0.0
Candidate_005,Continuing Care Assistant,0.4784449576597382,47.84449576597383,0.2137872306234358,21.38,0.007414815577831741,0.0,0.0,0.42586013674736023,0.3280481523629014,32.8,819,1172,9,0.4396201180333152,43.96,0.0,0.0,0.2709176914931686,0.277566407651881,27.76,13,0.3046581768011979,13,0.24382592234385175,13,0.08792402360666304,15,0.0,15,True,0.11426092173946562,False,False,False,0.08792402360666304,0.0
Candidate_005,Administrative Assistant,0.4665546218487394,46.65546218487395,0.0,0.0,0.011870656011408092,0.4013550321188693,40.14,0.4546262323856354,0.49046360497589675,49.05,812,890,11,0.4384514673595585,43.85,0.0,0.0,0.24523180248794837,0.25935255521347556,25.94,14,0.2838757354622704,14,0.22070862223915355,14,0.4087743191670072,8,0.3612195289069824,10,True,0.49046360497589675,True,False,False,0.0876902934719117,0.0
Candidate_005,Delivery Driver,0.4856143079315707,48.56143079315707,0.3426915411784537,34.27,0.014864515084472799,0.6710236664296415,67.1,0.3677581250667572,0.0,0.0,557,622,12,0.3705312074675783,37.05,0.0,0.0,0.17134577058922684,0.19404828090597442,19.4,15,0.21118285796489714,15,0.15421119353030416,15,0.6109251746372288,2,0.6039212997866774,3,True,0.3426915411784537,False,False,False,0.07410624149351566,0.0
Candidate_006,Administrative Assistant,0.895126050420168,89.5126050420168,0.7053948504031139,70.54,0.008075293326959727,0.38656441596954527,38.66,0.49991950392723083,0.5022755144662412,50.23,812,890,11,0.4384514673595585,43.85,1.0,100.0,0.6038351824346775,0.610374921176186,61.04,3,0.5707584394196538,5,0.6434516641912098,3,0.3969418262475479,9,0.4479079743725908,5,False,0.2031193359368727,True,False,False,0.0876902934719117,0.1
Candidate_006,Retail Sales Associate,0.896049896049896,89.6049896049896,0.7375171456827702,73.75,0.007341061430709598,0.3080596941624674,30.81,0.4726443588733673,0.34145421707770135,34.15,1876,2449,13,0.8643994601889338,86.44,0.0,0.0,0.5394856813802358,0.5505198690039517,55.05,4,0.6044684371419754,3,0.48553711324221216,6,0.41932764736776074,6,0.2772537247462207,10,False,0.3960629286050688,True,False,False,0.17287989203778675,0.0
Candidate_006,Inside Sales Representative,0.896049896049896,89.6049896049896,0.7375171456827702,73.75,0.007349437508051433,0.3089552717380449,30.9,0.47154855728149414,0.33499308796775706,33.5,1876,2449,13,0.8643994601889338,86.44,0.0,0.0,0.5362551168252636,0.5482584738154712,54.83,5,0.6018839854979976,4,0.48262960514273723,7,0.4200441094282227,5,0.2780597445642404,9,False,0.4025240577150131,True,False,False,0.17287989203778675,0.0
Candidate_006,Food Service Supervisor,0.8748387096774194,87.48387096774194,0.0,0.0,0.007669768774308133,0.3432053732005728,34.32,0.5042318105697632,0.527701987822101,52.77,1061,2524,12,0.6833380235893983,68.33,0.0,0.0,0.2638509939110505,0.321363300455615,32.14,12,0.34774839984672007,12,0.23746589451994546,13,0.4112319032783379,8,0.3088848358805155,7,True,0.527701987822101,True,False,False,0.13666760471787967,0.0
Candidate_006,Restaurant Manager,0.881526717557252,88.1526717557252,0.23254335685053332,23.25,0.00625311215327855,0.19173519804463662,19.17,0.46764451265335083,0.3119738328576241,31.2,1139,1473,12,0.5865008675534992,58.65,0.0,0.0,0.2722585948540787,0.3078811899085549,30.79,13,0.3351070493939628,13,0.24503273536867085,12,0.2706883319464091,13,0.17256167824017296,13,True,0.07943047600709077,False,False,False,0.11730017351069984,0.0
Candidate_006,"Driver, Truck",0.8764356435643563,87.64356435643563,0.05552570711773451,5.55,0.005640608633636786,0.12624578160698313,12.62,0.44298255443573,0.16656055975248477,16.66,1423,3705,12,0.8880268984746598,88.8,0.0,0.0,0.11104313343510963,0.2553355730995087,25.53,14,0.2664398864430197,14,0.09993882009159868,14,0.27860200498051846,12,0.11362120344628482,14,True,0.11103485263475026,False,True,False,0.17760537969493195,0.0
Candidate_006,Delivery Driver,0.8786936236391915,87.86936236391915,0.13403612094172707,13.4,0.009158447785692017,0.5023762458439401,50.24,0.41473403573036194,0.0,0.0,557,622,12,0.3705312074675783,37.05,0.0,0.0,0.06701806047086353,0.12101888382312014,12.1,15,0.1277206898702065,15,0.06031625442377718,15,0.47600723816866775,4,0.4521386212595461,4,True,0.13403612094172707,False,False,False,0.07410624149351566,0.0
Candidate_007,Food Service Supervisor,1.0000000000000002,100.00000000000004,1.0,100.0,0.007114203718892054,0.11252651668710079,11.25,0.49485427141189575,0.4469874752372369,44.7,1061,2524,12,0.6833380235893983,68.33,1.0,100.0,0.7234937376186185,0.7431132210509125,74.31,1,0.7154625948127744,1,0.7511443638567566,2,0.2266888180675603,9,0.20127386501839073,6,False,0.5530125247627631,True,False,False,0.13666760471787967,0.1
Candidate_007,Software Developer,1.0,100.0,0.0,0.0,0.010735162439958538,0.2481704996542643,24.82,0.5859774947166443,1.0,100.0,323,344,8,0.2290858604605659,22.91,0.0,0.0,0.5,0.39581717209211315,39.58,3,0.4458171720921132,3,0.45,3,0.24435357181552464,6,0.22335344968883789,5,False,1.0,True,False,False,0.04581717209211318,0.0
Candidate_007,Information Technology (IT) Analyst,1.0,100.0,0.0,0.0,0.030804932779059904,1.0,100.0,0.578595757484436,0.9552013965719094,95.52,347,357,10,0.266375870790639,26.64,0.0,0.0,0.4776006982859547,0.3875956629582961,38.76,4,0.4353557327868916,4,0.4298406284573592,4,0.8532751741581278,1,0.9,1,False,0.9552013965719094,True,False,False,0.053275174158127804,0.0
Candidate_007,Bookkeeper,1.0,100.0,0.0,0.0,0.01052663843156725,0.24035902506387138,24.04,0.4900110065937042,0.41759446203965406,41.76,396,422,11,0.2992257912289334,29.92,1.0,100.0,0.20879723101982703,0.3060032199596656,30.6,5,0.2268829430616483,12,0.2879175079178443,5,0.2521323782968838,5,0.3163231225574843,2,False,0.41759446203965406,False,False,True,0.05984515824578668,0.1
Candidate_007,Retail Sales Associate,1.0,100.0,0.0,0.0,0.006765754655130772,0.09947333864483955,9.95,0.47882452607154846,0.34970546939419245,34.97,1876,2449,13,0.8643994601889338,86.44,0.0,0.0,0.17485273469709622,0.2952768063257541,29.53,6,0.3127620797954638,5,0.1573674612273866,10,0.2524585629536584,4,0.08952600478035559,11,False,0.34970546939419245,False,True,False,0.17287989203778675,0.0
Candidate_007,Inside Sales Representative,1.0,100.0,0.0,0.0,0.006773474313221385,0.09976252315403136,9.98,0.47770482301712036,0.34291016748698266,34.29,1876,2449,13,0.8643994601889338,86.44,0.0,0.0,0.17145508374349133,0.29289845065823067,29.29,7,0.31004395903257986,6,0.1543095753691422,11,0.25268991056101187,3,0.08978627083862822,10,False,0.34291016748698266,False,True,False,0.17287989203778675,0.0
Candidate_007,Continuing Care Assistant,1.0,100.0,0.0,0.0,0.004110355976909819,0.0,0.0,0.4690144658088684,0.2901697550374238,29.02,819,1172,9,0.4396201180333152,43.96,1.0,100.0,0.1450848775187119,0.2894834378697614,28.95,8,0.20399192562163257,13,0.23057638976684072,7,0.08792402360666304,15,0.1,8,False,0.2901697550374238,False,False,True,0.08792402360666304,0.1
Candidate_007,Secondary School Teacher,1.0,100.0,0.0,0.0,0.006273517790611597,0.08103375564760962,8.1,0.5148848295211792,0.5685497851587828,56.85,681,740,9,0.3635561348837076,36.36,0.0,0.0,0.2842748925793914,0.27170365178231554,27.17,9,0.3001311410402547,7,0.2558474033214523,6,0.13753823149482922,13,0.07293038008284866,14,False,0.5685497851587828,True,False,False,0.07271122697674152,0.0
Candidate_007,"Driver, Truck",1.0,100.0,0.0,0.0,0.0066662913836638025,0.09574736568021257,9.57,0.44901224970817566,0.16877944831285843,16.88,1423,3705,12,0.8880268984746598,88.8,0.0,0.0,0.08438972415642922,0.2366781866044324,23.67,12,0.24511715902007533,10,0.07595075174078629,15,0.254203272239102,2,0.08617262911219131,12,True,0.16877944831285843,False,True,False,0.17760537969493195,0.0
Candidate_007,Restaurant Manager,1.0,100.0,0.0,0.0,0.0057630661532292494,0.06191183282539676,6.19,0.4698101282119751,0.29499850514571707,29.5,1139,1473,12,0.5865008675534992,58.65,0.0,0.0,0.14749925257285854,0.22054965031170082,22.05,13,0.23529957556898667,11,0.13274932731557268,12,0.16682963977101725,12,0.05572064954285708,15,True,0.29499850514571707,False,False,False,0.11730017351069984,0.0
Candidate_007,Delivery Driver,1.0,100.0,0.0,0.0,0.008463994043707445,0.1630907318390965,16.31,0.4212014377117157,0.0,0.0,557,622,12,0.3705312074675783,37.05,1.0,100.0,0.0,0.17410624149351567,17.41,14,0.07410624149351566,15,0.1,14,0.20457882696479288,10,0.24678165865518686,4,True,0.0,False,False,True,0.07410624149351566,0.1
Candidate_007,Licensed Practical Nurse (L.P.N.),1.0,100.0,0.0,0.0,0.00646633361285941,0.08825678913777842,8.83,0.4614616930484772,0.24433316386225493,24.43,437,527,10,0.3039192124973743,30.39,0.0,0.0,0.12216658193112746,0.14630044985126409,14.63,15,0.15851710804437683,14,0.10994992373801472,13,0.1313892738096976,14,0.07943111022400058,13,True,0.24433316386225493,False,False,False,0.06078384249947486,0.0
Candidate_008,Restaurant Manager,0.6714503816793893,67.14503816793894,0.8132834070757929,81.33,0.0033553756683853235,0.16485358413829893,16.49,0.44113171100616455,0.21602297352882474,21.6,1139,1473,12,0.5865008675534992,58.65,1.0,100.0,0.5146531903023088,0.577557406722316,57.76,4,0.5290227257525469,6,0.5631878712720779,5,0.24918304082133896,13,0.24836822572446904,10,False,0.5972604335469682,True,False,False,0.11730017351069984,0.1
Candidate_008,Licensed Practical Nurse (L.P.N.),0.6798487932538528,67.98487932538528,0.9161362448530981,91.61,0.003764832450533827,0.2350027022287178,23.5,0.43254363536834717,0.15666782492777004,15.67,437,527,10,0.3039192124973743,30.39,1.0,100.0,0.536402034890434,0.5362652669227788,53.63,6,0.48990547041182214,8,0.5827618314013907,4,0.2487860042824491,14,0.31150243200584604,9,False,0.7594684199253281,True,False,False,0.06078384249947486,0.1
Candidate_008,"Driver, Truck",0.6582178217821781,65.82178217821782,0.6512281988475308,65.12,0.0030267106202894246,0.10854589972263202,10.85,0.4225211441516876,0.08739893622608873,8.74,1423,3705,12,0.8880268984746598,88.8,0.0,0.0,0.3693135675368098,0.4361248769706988,43.61,10,0.47305623372437977,10,0.3323822107831288,11,0.2644420994730376,12,0.09769130975036883,14,False,0.5638292626214421,True,False,False,0.17760537969493195,0.0
Candidate_008,Retail Sales Associate,0.6361746361746362,63.61746361746362,0.38127188945668494,38.13,0.003939161540835342,0.2648691801460893,26.49,0.44963759183883667,0.274810045522339,27.48,1876,2449,13,0.8643994601889338,86.44,0.0,0.0,0.32804096748951195,0.4025085692804451,40.25,12,0.43531266602939633,12,0.2952368707405608,13,0.3847752361546582,8,0.23838226213148037,12,True,0.10646184393434593,False,False,False,0.17287989203778675,0.0
Candidate_008,Continuing Care Assistant,0.6491531947652041,64.91531947652041,0.5402164195578063,54.02,0.002393133805274363,0.0,0.0,0.449933797121048,0.2768572222454515,27.69,819,1172,9,0.4396201180333152,43.96,0.0,0.0,0.4085368209016289,0.3738997982378033,37.39,13,0.4147534803279662,13,0.367683138811466,10,0.08792402360666304,15,0.0,15,True,0.2633591973123548,False,False,False,0.08792402360666304,0.0
Candidate_008,Delivery Driver,0.6504665629860032,65.04665629860033,0.556300847828322,55.63,0.005185884176277068,0.47846069259020546,47.85,0.40987542271614075,0.0,0.0,557,622,12,0.3705312074675783,37.05,0.0,0.0,0.278150423914161,0.26881153823342835,26.88,14,0.2966265806248445,14,0.2503353815227449,14,0.45687479556568,6,0.43061462333118494,5,True,0.556300847828322,True,False,False,0.07410624149351566,0.0
Candidate_008,Administrative Assistant,0.6050420168067226,60.50420168067227,0.0,0.0,0.00508936624164567,0.4619250085095212,46.19,0.46765005588531494,0.3993003883229979,39.93,812,890,11,0.4384514673595585,43.85,0.0,0.0,0.19965019416149896,0.22744542938496096,22.74,15,0.24741044880111088,15,0.17968517474534906,15,0.45723030027952866,5,0.41573250765856906,6,True,0.3993003883229979,False,False,False,0.0876902934719117,0.0
Candidate_009,Administrative Assistant,0.2564705882352941,25.647058823529413,1.0,100.0,0.00683458377723176,0.25047505248065627,25.05,0.5320426821708679,0.5832858049989158,58.33,812,890,11,0.4384514673595585,43.85,1.0,100.0,0.7916429024994579,0.7418403252215322,74.18,1,0.7210046154714781,1,0.8124786122495121,1,0.28807033545643673,9,0.32542754723259065,8,False,0.4167141950010842,True,False,False,0.0876902934719117,0.1
Candidate_009,Software Developer,0.2169023136246786,21.690231362467863,0.2787104559047263,27.87,0.01596848445440283,1.0,100.0,0.5977373123168945,1.0,100.0,323,344,8,0.2290858604605659,22.91,0.0,0.0,0.6393552279523631,0.49336583165876735,49.34,4,0.5573013544540038,2,0.5754197051571268,2,0.8458171720921133,1,0.9,1,False,0.7212895440952737,True,False,False,0.04581717209211318,0.0
Candidate_009,Delivery Driver,0.2282270606531882,22.82270606531882,0.4851491167149843,48.51,0.008090700797711818,0.35355161058322,35.36,0.44448646903038025,0.02789921107060779,2.79,557,622,12,0.3705312074675783,37.05,1.0,100.0,0.25652416389279603,0.35367315621847284,35.37,7,0.2793255726077525,12,0.33087174750351644,7,0.3569475299600917,5,0.418196449524898,3,False,0.4572499056443765,True,False,False,0.07410624149351566,0.1
Candidate_009,Inside Sales Representative,0.2079002079002079,20.79002079002079,0.11461119209303315,11.46,0.006232756338771541,0.20108928673054025,20.11,0.4855526387691498,0.28839014962115017,28.84,1876,2449,13,0.8643994601889338,86.44,0.0,0.0,0.20150067085709167,0.3139303616377509,31.39,9,0.3340804287234601,8,0.1813506037713825,11,0.33375132142221897,6,0.18098035805748622,10,False,0.173778957528117,False,True,False,0.17287989203778675,0.0
Candidate_009,Retail Sales Associate,0.2079002079002079,20.79002079002079,0.11461119209303315,11.46,0.006225652931321764,0.2005063834032346,20.05,0.47868281602859497,0.24481348822938823,24.48,1876,2449,13,0.8643994601889338,86.44,0.0,0.0,0.17971234016121068,0.2986785301506342,29.87,10,0.31664976416675533,10,0.16174110614508963,12,0.33328499876037443,7,0.18045574506291115,11,False,0.1302022961363551,False,True,False,0.17287989203778675,0.0
Candidate_009,Secondary School Teacher,0.2123745819397993,21.23745819397993,0.19617449610080417,19.62,0.006608973876986259,0.23196157673595105,23.2,0.5047097206115723,0.40990735613849,40.99,681,740,9,0.3635561348837076,36.36,0.0,0.0,0.30304092611964706,0.2848398752604945,28.48,12,0.3151439678724592,11,0.2727368335076824,9,0.2582804883655024,11,0.20876541906235596,9,True,0.21373286003768582,False,False,False,0.07271122697674152,0.0
Candidate_009,Food Service Supervisor,0.2016129032258064,20.161290322580644,0.0,0.0,0.008912774106940349,0.42101068154690874,42.1,0.49542945623397827,0.35104078072874595,35.1,1061,2524,12,0.6833380235893983,68.33,0.0,0.0,0.17552039036437297,0.25953187797294075,25.95,13,0.27708391700937807,13,0.15796835132793569,13,0.47347614995540666,2,0.37890961339221785,4,True,0.35104078072874595,True,False,False,0.13666760471787967,0.0
Candidate_009,Restaurant Manager,0.2061068702290076,20.610687022900763,0.08192046387710199,8.19,0.005303007797222501,0.12479442088505752,12.48,0.46966102719306946,0.18758647494521088,18.76,1139,1473,12,0.5865008675534992,58.65,0.0,0.0,0.13475346941115643,0.21162760209850934,21.16,14,0.225102949039625,14,0.1212781224700408,14,0.21713571021874584,13,0.11231497879655176,14,True,0.1056660110681089,False,False,False,0.11730017351069984,0.0
Candidate_009,Licensed Practical Nurse (L.P.N.),0.2035475428903751,20.354754289037512,0.035266520346859245,3.53,0.005950134295998134,0.1778974129337304,17.79,0.4400881826877594,0.0,0.0,437,527,10,0.3039192124973743,30.39,0.0,0.0,0.017633260173429623,0.0731271246208756,7.31,15,0.07489045063821856,15,0.01586993415608666,15,0.2031017728464592,14,0.16010767164035736,13,True,0.035266520346859245,False,False,False,0.06078384249947486,0.0
Candidate_010,Inside Sales Representative,0.9653499653499652,96.53499653499654,0.8761166616607415,87.61,0.0053611805197369055,0.09005093277468981,9.01,0.4295895993709564,0.2673854418256158,26.74,1876,2449,13,0.8643994601889338,86.44,0.0,0.0,0.5717510517431786,0.5731056282580118,57.31,6,0.6302807334323297,6,0.5145759465688607,8,0.24492063825753863,5,0.08104583949722083,9,False,0.6087312198351258,True,False,False,0.17287989203778675,0.0
Candidate_010,Software Developer,0.9318766066838046,93.18766066838046,0.17004621849787713,17.0,0.015912008028270426,0.5408005132341821,54.08,0.5586517453193665,1.0,100.0,323,344,8,0.2290858604605659,22.91,0.0,0.0,0.5850231092489385,0.45533334856637014,45.53,9,0.5138356594912641,9,0.5265207983240447,6,0.47845758267945887,2,0.4867204619107639,2,False,0.8299537815021228,True,False,False,0.04581717209211318,0.0
Candidate_010,Information Technology (IT) Analyst,0.9346167816926988,93.46167816926987,0.2278461125022295,22.78,0.026660624969709085,1.0,100.0,0.5350187420845032,0.8658484864325436,86.58,347,357,10,0.266375870790639,26.64,0.0,0.0,0.5468472994673865,0.43606828378529844,43.61,10,0.4907530137320371,10,0.49216256952064796,9,0.8532751741581278,1,0.9,1,False,0.6380023739303141,True,False,False,0.053275174158127804,0.0
Candidate_010,Secondary School Teacher,0.9442586399108136,94.42586399108136,0.4312266926487954,43.12,0.004877823035061341,0.06940106590375004,6.94,0.47020241618156433,0.4979219839331218,49.79,681,740,9,0.3635561348837076,36.36,0.0,0.0,0.4645743382909586,0.39791326378041253,39.79,12,0.4443706976095084,12,0.4181169044618628,11,0.12823207969974157,13,0.062460959313375045,13,True,0.06669529128432644,False,False,False,0.07271122697674152,0.0
Candidate_010,Continuing Care Assistant,0.9422632794457276,94.22632794457274,0.38913754760948444,38.91,0.0032533319495402124,0.0,0.0,0.4548724293708801,0.4109021112074824,41.09,819,1172,9,0.4396201180333152,43.96,0.0,0.0,0.4000198294084834,0.3679379041926014,36.79,13,0.40793988713344975,13,0.36001784646763507,13,0.08792402360666304,15,0.0,15,True,0.021764563597997943,False,False,False,0.08792402360666304,0.0
Candidate_010,Delivery Driver,0.9564541213063764,95.64541213063764,0.6884721348952146,68.85,0.0066675305079191265,0.1458604613287437,14.59,0.3824852406978607,0.0,0.0,557,622,12,0.3705312074675783,37.05,0.0,0.0,0.3442360674476073,0.31507148870684076,31.51,14,0.3494950954516015,14,0.30981246070284657,14,0.19079461055651062,11,0.13127441519586933,8,True,0.6884721348952146,True,False,False,0.07410624149351566,0.0
Candidate_010,Licensed Practical Nurse (L.P.N.),0.923815062518174,92.38150625181738,0.0,0.0,0.005118079761772143,0.07966524837473399,7.97,0.4289456903934479,0.2637303260083838,26.37,437,527,10,0.3039192124973743,30.39,0.0,0.0,0.1318651630041919,0.1530894566024092,15.31,15,0.1662759729028284,15,0.11867864670377272,15,0.12451604119926205,14,0.07169872353726059,12,True,0.2637303260083838,False,False,False,0.06078384249947486,0.0
Candidate_011,Office Manager,0.6618705035971223,66.18705035971223,1.0,100.0,0.007110796388540293,0.6270497104047328,62.7,0.4747055768966675,0.46191641638143716,46.19,676,1709,13,0.5286438829565303,52.86,1.0,100.0,0.7309582081907186,0.7173995223248091,71.74,1,0.690495343143881,1,0.7578623873716467,1,0.6073685449150923,2,0.6643447393642595,2,False,0.5380835836185629,True,False,False,0.10572877659130607,0.1
Candidate_011,Software Developer,0.6346401028277635,63.46401028277635,0.4260965827710578,42.61,0.009227987490132485,1.0,100.0,0.5465243458747864,1.0,100.0,323,344,8,0.2290858604605659,22.91,1.0,100.0,0.7130482913855289,0.6449509760619834,64.5,2,0.6162558052005364,2,0.741743462246976,2,0.8458171720921133,1,1.0,1,False,0.5739034172289422,True,False,False,0.04581717209211318,0.1
Candidate_011,"Driver, Truck",0.6483168316831682,64.83168316831683,0.7143450552453494,71.43,0.004491265209396192,0.16561053699666162,16.56,0.43902596831321716,0.19459616121889262,19.46,1423,3705,12,0.8880268984746598,88.8,1.0,100.0,0.45447060823212104,0.5957348054574166,59.57,4,0.5411818662806287,4,0.509023547408909,5,0.31009380929226127,14,0.24904948329699547,13,False,0.5197488940264567,True,False,False,0.17760537969493195,0.1
Candidate_011,Bookkeeper,0.615084985835694,61.508498583569406,0.013956175396337743,1.4,0.006116523503026189,0.4519052181053161,45.19,0.4890348017215729,0.569274433707107,56.93,396,422,11,0.2992257912289334,29.92,0.0,0.0,0.29161530455172235,0.2639758714319923,26.4,10,0.2931374018871646,10,0.26245377409655013,10,0.42136933273003957,11,0.40671469629478446,9,False,0.5553182583107692,True,False,False,0.05984515824578668,0.0
Candidate_011,Inside Sales Representative,0.6146916146916147,61.46916146916147,0.005665550306441017,0.57,0.005851899171253215,0.4052907575143636,40.53,0.43503671884536743,0.16470773956879414,16.47,1876,2449,13,0.8643994601889338,86.44,0.0,0.0,0.08518664493761757,0.23251054349411904,23.25,12,0.2410292079878808,12,0.07666798044385582,13,0.49711249804927765,7,0.3647616817629273,10,True,0.15904218926235314,False,True,False,0.17287989203778675,0.0
Candidate_011,Retail Sales Associate,0.6146916146916147,61.46916146916147,0.005665550306441017,0.57,0.0058452298227484704,0.4041159294818889,40.41,0.4312029778957367,0.13598442534057287,13.6,1876,2449,13,0.8643994601889338,86.44,0.0,0.0,0.07082498782350694,0.2224573835142416,22.25,13,0.2295398822965923,13,0.06374248904115624,14,0.4961726356232979,8,0.36370433653370005,11,True,0.13031887503413186,False,True,False,0.17287989203778675,0.0
Candidate_011,Delivery Driver,0.6263608087091757,62.63608087091757,0.2516035509884433,25.16,0.00730634254918418,0.6614958202464639,66.15,0.4130529463291168,0.0,0.0,557,622,12,0.3705312074675783,37.05,0.0,0.0,0.12580177549422164,0.1621674843394708,16.22,14,0.17474766188889299,14,0.11322159794479948,12,0.6033028976906868,3,0.5953462382218175,3,True,0.2516035509884433,False,False,False,0.07410624149351566,0.0
Candidate_011,Licensed Practical Nurse (L.P.N.),0.6144227973248036,61.442279732480365,0.0,0.0,0.00558654695660053,0.3585480779210849,35.85,0.4319382905960083,0.1414935658963367,14.15,437,527,10,0.3039192124973743,30.39,0.0,0.0,0.07074678294816834,0.1103065905631927,11.03,15,0.11738126885800954,15,0.0636721046533515,15,0.3476223048363428,12,0.3226932701289764,12,True,0.1414935658963367,False,False,False,0.06078384249947486,0.0
Candidate_012,Restaurant Manager,0.6714503816793893,67.14503816793894,0.8132834070757929,81.33,0.006180756152493274,0.0,0.0,0.38588789105415344,0.18968834771257828,18.97,1139,1473,12,0.5865008675534992,58.65,1.0,100.0,0.5014858773941856,0.5683402876866298,56.83,4,0.5184888754260484,7,0.551337289654767,5,0.11730017351069984,13,0.1,7,False,0.6235950593632147,True,False,False,0.11730017351069984,0.1
Candidate_012,Licensed Practical Nurse (L.P.N.),0.6798487932538528,67.98487932538528,0.9161362448530981,91.61,0.0069349943587512074,0.025395752726074052,2.54,0.37914854288101196,0.14356564482245202,14.36,437,527,10,0.3039192124973743,30.39,1.0,100.0,0.5298509448377751,0.5316795038859174,53.17,6,0.48466459836969494,10,0.5768658503539976,4,0.0811004446803341,15,0.12285617745346665,6,False,0.772570600030646,True,False,False,0.06078384249947486,0.1
Candidate_012,Inside Sales Representative,0.6361746361746362,63.61746361746362,0.38127188945668494,38.13,0.007264395709172917,0.03648693741220732,3.65,0.40462201833724976,0.31790083420016724,31.79,1876,2449,13,0.8643994601889338,86.44,0.0,0.0,0.34958636182842606,0.417590345317685,41.76,12,0.45254898150052764,12,0.3146277256455835,13,0.2020694419675526,5,0.03283824367098659,10,True,0.0633710552565177,False,False,False,0.17287989203778675,0.0
Candidate_012,Continuing Care Assistant,0.6491531947652041,64.91531947652041,0.5402164195578063,54.02,0.007130138999442262,0.031966415680681516,3.2,0.4044872522354126,0.3169785229150095,31.7,819,1172,9,0.4396201180333152,43.96,0.0,0.0,0.4285974712364079,0.3879422534721486,38.79,13,0.43080200059578944,13,0.3857377241127671,10,0.11349715615120826,14,0.028769774112613365,13,True,0.2232378966427968,False,False,False,0.08792402360666304,0.0
Candidate_012,Administrative Assistant,0.6050420168067226,60.50420168067227,0.0,0.0,0.018349606718840873,0.4097341097009155,40.97,0.4357320964336395,0.5308117644659284,53.08,812,890,11,0.4384514673595585,43.85,0.0,0.0,0.2654058822329642,0.2734744110349866,27.35,14,0.30001499925828307,14,0.23886529400966777,15,0.4154775812326441,2,0.36876069873082395,3,True,0.5308117644659284,True,False,False,0.0876902934719117,0.0
Candidate_012,Delivery Driver,0.6504665629860032,65.04665629860033,0.556300847828322,55.63,0.00905094966812707,0.09664151748643979,9.66,0.3581710457801819,0.0,0.0,557,622,12,0.3705312074675783,37.05,0.0,0.0,0.278150423914161,0.26881153823342835,26.88,15,0.2966265806248445,15,0.2503353815227449,14,0.1514194554826675,8,0.08697736573779581,8,True,0.556300847828322,True,False,False,0.07410624149351566,0.0
Candidate_013,Office Manager,0.5179856115107914,51.798561151079134,0.924724837283551,92.47,0.0040877562296511806,0.1635931766877807,16.36,0.4500249922275543,0.32135005689325674,32.14,676,1709,13,0.5286438829565303,52.86,1.0,100.0,0.6230374470884039,0.6418549895531888,64.19,3,0.6041587342620292,4,0.6607337023795635,4,0.2366033179415306,11,0.24723385901900263,7,False,0.6033747803902942,True,False,False,0.10572877659130607,0.1
Candidate_013,Bookkeeper,0.5180594900849858,51.80594900849857,0.9260531677891383,92.61,0.005790511904140304,0.3794459516500731,37.94,0.44568902254104614,0.29377691627177466,29.38,396,422,11,0.2992257912289334,29.92,1.0,100.0,0.6099150420304564,0.5867856876671061,58.68,5,0.547777191870152,6,0.6489235378274109,5,0.36340191956584517,4,0.44150135648506583,3,False,0.6322762515173637,True,False,False,0.05984515824578668,0.1
Candidate_013,Restaurant Manager,0.5035114503816793,50.351145038167935,0.6644806463223611,66.45,0.003921981611471882,0.1425784698285292,14.26,0.4239843785762787,0.15575353431827021,15.58,1139,1473,12,0.5865008675534992,58.65,0.0,0.0,0.4101170903203157,0.4043821367349208,40.44,10,0.44539384576695235,10,0.36910538128828413,10,0.2313629493735232,12,0.12832062284567627,13,False,0.5087271120040909,True,False,False,0.11730017351069984,0.0
Candidate_013,Licensed Practical Nurse (L.P.N.),0.4908403605699331,49.084036056993305,0.43665552490499454,43.67,0.004400581365713905,0.20324899737230434,20.32,0.4441653788089752,0.28408781650427517,28.41,437,527,10,0.3039192124973743,30.39,0.0,0.0,0.36037167070463483,0.31304401199271925,31.3,12,0.3490811790631828,12,0.3243345036341714,11,0.22338304039731835,13,0.18292409763507392,11,True,0.15256770840071937,False,False,False,0.06078384249947486,0.0
Candidate_013,Continuing Care Assistant,0.4784449576597382,47.84449576597383,0.2137872306234358,21.38,0.0027972506525906944,0.0,0.0,0.46340256929397583,0.4064202580929805,40.64,819,1172,9,0.4396201180333152,43.96,0.0,0.0,0.31010374435820814,0.3049966446574087,30.5,13,0.3360070190932296,13,0.2790933699223873,13,0.08792402360666304,15,0.0,15,True,0.1926330274695447,False,False,False,0.08792402360666304,0.0
Candidate_013,Administrative Assistant,0.4665546218487394,46.65546218487395,0.0,0.0,0.005387049018164395,0.3283002794688166,32.83,0.47558891773223877,0.4839152415556534,48.39,812,890,11,0.4384514673595585,43.85,0.0,0.0,0.2419576207778267,0.2570606280163904,25.71,14,0.2812563900941731,14,0.21776185870004403,14,0.350330517046965,7,0.29547025152193496,6,True,0.4839152415556534,True,False,False,0.0876902934719117,0.0
Candidate_013,Delivery Driver,0.4856143079315707,48.56143079315707,0.3426915411784537,34.27,0.006200484960167143,0.4314168968238223,43.14,0.3994916081428528,0.0,0.0,557,622,12,0.3705312074675783,37.05,0.0,0.0,0.17134577058922684,0.19404828090597442,19.4,15,0.21118285796489714,15,0.15421119353030416,15,0.4192397589525735,3,0.38827520714144004,5,True,0.3426915411784537,False,False,False,0.07410624149351566,0.0
Candidate_014,Secondary School Teacher,0.568004459308807,56.80044593088071,0.7526708825815293,75.27,0.007543057692757653,0.23391253705160023,23.39,0.4811060130596161,0.4308811132453981,43.09,681,740,9,0.3635561348837076,36.36,1.0,100.0,0.5917759979134637,0.5869544255161661,58.7,3,0.5461320253075125,3,0.6325983981221173,3,0.2598412566180217,12,0.31052128334644025,7,False,0.3217897693361312,True,False,False,0.07271122697674152,0.1
Candidate_014,Licensed Practical Nurse (L.P.N.),0.5670252980517592,56.70252980517592,0.7418067115235827,74.18,0.007090768158245752,0.1990627454113636,19.91,0.44539809226989746,0.2098174658803651,20.98,437,527,10,0.3039192124973743,30.39,1.0,100.0,0.4758120887019739,0.4938523045908566,49.39,5,0.441433513461054,7,0.5282308798317765,5,0.22003403882856573,14,0.2791564708702272,10,False,0.5319892456432176,True,False,False,0.06078384249947486,0.1
Candidate_014,"Driver, Truck",0.5346534653465347,53.46534653465347,0.38262876668830303,38.26,0.01209793898937827,0.5848750334634261,58.49,0.42367374897003174,0.07532454497467053,7.53,1423,3705,12,0.8880268984746598,88.8,0.0,0.0,0.2289766558314868,0.3378890387769727,33.79,12,0.3607867043601214,12,0.20607899024833812,14,0.6455054064656729,2,0.5263875301170835,3,True,0.3073042217136325,False,True,False,0.17760537969493195,0.0
Candidate_014,Restaurant Manager,0.5529770992366412,55.29770992366412,0.5859365380614188,58.59,0.006319588258161567,0.13964182853324994,13.96,0.4115067422389984,0.0,0.0,1139,1473,12,0.5865008675534992,58.65,0.0,0.0,0.2929682690307094,0.3223779618321964,32.24,13,0.35167478873526736,13,0.26367144212763843,12,0.2290136363372998,13,0.12567764567992495,14,True,0.5859365380614188,True,False,False,0.11730017351069984,0.0
Candidate_014,Administrative Assistant,0.5001680672268908,50.01680672268908,0.0,0.0,0.008900625873832743,0.33851581578750706,33.85,0.5150535106658936,0.6410461823333806,64.1,812,890,11,0.4384514673595585,43.85,0.0,0.0,0.3205230911666903,0.3120564572885949,31.21,14,0.34410876640526394,14,0.2884707820500213,9,0.35850294610191735,7,0.3046642342087564,9,True,0.6410461823333806,True,False,False,0.0876902934719117,0.0
Candidate_014,Delivery Driver,0.5291601866251944,52.91601866251944,0.32167872473346637,32.17,0.009521326995397008,0.38634204900053015,38.63,0.418222576379776,0.04157695988522452,4.16,557,622,12,0.3705312074675783,37.05,0.0,0.0,0.18162784230934545,0.20124573111005747,20.12,15,0.21940851534099204,15,0.1634650580784109,15,0.3831798806939398,5,0.34770784410047717,6,True,0.28010176484824184,False,False,False,0.07410624149351566,0.0
Candidate_015,Food Service Supervisor,1.0000000000000002,100.00000000000004,1.0,100.0,0.0054782707276816115,0.10648374950148347,10.65,0.4971331059932709,0.48795903361245896,48.8,1061,2524,12,0.6833380235893983,68.33,1.0,100.0,0.7439795168062295,0.7574532664822402,75.75,1,0.7318512181628632,1,0.7695815651256065,2,0.22185460431906645,11,0.19583537455133512,8,False,0.512040966387541,True,False,False,0.13666760471787967,0.1
Candidate_015,Software Developer,1.0,100.0,0.0,0.0,0.020987186978091085,1.0,100.0,0.5783829689025879,1.0,100.0,323,344,8,0.2290858604605659,22.91,0.0,0.0,0.5,0.39581717209211315,39.58,3,0.4458171720921132,3,0.45,3,0.8458171720921133,1,0.9,1,False,1.0,True,False,False,0.04581717209211318,0.0
Candidate_015,Information Technology (IT) Analyst,1.0,100.0,0.0,0.0,0.01155348515659673,0.4564954930593484,45.65,0.5559578537940979,0.8586757294062297,85.87,347,357,10,0.266375870790639,26.64,0.0,0.0,0.42933786470311486,0.3538116794503082,35.38,4,0.3967454659206197,4,0.38640407823280337,4,0.4184715686056066,3,0.41084594375341354,3,False,0.8586757294062297,True,False,False,0.053275174158127804,0.0
Candidate_015,Bookkeeper,1.0,100.0,0.0,0.0,0.012618614672408218,0.5178608725543891,51.79,0.4928012490272522,0.4606594401398101,46.07,396,422,11,0.2992257912289334,29.92,1.0,100.0,0.23032972006990504,0.32107596229472024,32.11,5,0.2441089343017107,9,0.3072967480629145,5,0.47413385628929794,2,0.5660747852989502,2,False,0.4606594401398101,False,False,True,0.05984515824578668,0.1
Candidate_015,Continuing Care Assistant,1.0,100.0,0.0,0.0,0.003630013852524946,0.0,0.0,0.4623902440071106,0.26900766570285845,26.9,819,1172,9,0.4396201180333152,43.96,1.0,100.0,0.13450383285142922,0.2820767066026635,28.21,6,0.19552708988780643,13,0.2210534495662863,7,0.08792402360666304,15,0.1,13,False,0.26900766570285845,False,False,True,0.08792402360666304,0.1
Candidate_015,Office Administrator,1.0,100.0,0.0,0.0,0.008830529647263089,0.299617671444325,29.96,0.4979192614555359,0.4929134272349848,49.29,676,1709,13,0.5286438829565303,52.86,0.0,0.0,0.2464567136174924,0.27824847612355075,27.82,7,0.3028941474853,5,0.22181104225574316,6,0.3454229137467661,5,0.2696559042998925,7,False,0.4929134272349848,True,False,False,0.10572877659130607,0.0
Candidate_015,Inside Sales Representative,1.0,100.0,0.0,0.0,0.005981916341270453,0.1355003186135931,13.55,0.4665772318840027,0.2953942864548167,29.54,1876,2449,13,0.8643994601889338,86.44,0.0,0.0,0.14769714322740835,0.2762678922969726,27.63,8,0.29103760661971345,6,0.13292742890466752,10,0.2812801469286612,6,0.1219502867522338,9,False,0.2953942864548167,False,True,False,0.17287989203778675,0.0
Candidate_015,Retail Sales Associate,1.0,100.0,0.0,0.0,0.005975098813551905,0.1351075399238129,13.51,0.4634825885295868,0.27589167910163936,27.59,1876,2449,13,0.8643994601889338,86.44,0.0,0.0,0.13794583955081968,0.26944197972336054,26.94,9,0.2832365636784425,8,0.12415125559573771,11,0.28096592397683706,7,0.12159678593143163,10,False,0.27589167910163936,False,True,False,0.17287989203778675,0.0
Candidate_015,"Driver, Truck",1.0,100.0,0.0,0.0,0.00459105188979409,0.055368350036999324,5.54,0.4336376488208771,0.08780727842662928,8.78,1423,3705,12,0.8880268984746598,88.8,0.0,0.0,0.04390363921331464,0.2083379271442522,20.83,12,0.21272829106558366,12,0.039513275291983174,15,0.22190005972453142,10,0.04983151503329939,15,True,0.08780727842662928,False,True,False,0.17760537969493195,0.0
Candidate_015,Restaurant Manager,1.0,100.0,0.0,0.0,0.005089585935320271,0.08409042602942395,8.41,0.4608460068702698,0.2592758009640586,25.93,1139,1473,12,0.5865008675534992,58.65,0.0,0.0,0.1296379004820293,0.20804670384812035,20.8,13,0.22101049389632327,11,0.11667411043382638,12,0.184572514334239,12,0.07568138342648155,14,True,0.2592758009640586,False,False,False,0.11730017351069984,0.0
Candidate_015,Delivery Driver,1.0,100.0,0.0,0.0,0.007545912213896046,0.22560691957397155,22.56,0.41970452666282654,0.0,0.0,557,622,12,0.3705312074675783,37.05,1.0,100.0,0.0,0.17410624149351567,17.41,14,0.07410624149351566,15,0.1,13,0.2545917771526929,9,0.3030462276165744,5,True,0.0,False,False,True,0.07410624149351566,0.1
Candidate_015,Licensed Practical Nurse (L.P.N.),1.0,100.0,0.0,0.0,0.00571066854588452,0.11987290086395964,11.99,0.44838324189186096,0.1807347918484176,18.07,437,527,10,0.3039192124973743,30.39,0.0,0.0,0.0903673959242088,0.124041019646421,12.4,15,0.1330777592388419,14,0.08133065633178792,14,0.15668216319064257,14,0.10788561077756369,12,True,0.1807347918484176,False,False,False,0.06078384249947486,0.0
Candidate_016,Inside Sales Representative,0.7920997920997921,79.20997920997921,0.7767135511032782,77.67,0.008297820055959247,0.32783273889194714,32.78,0.42736250162124634,0.2855320554262618,28.55,1876,2449,13,0.8643994601889338,86.44,0.0,0.0,0.53112280326477,0.5446658543231258,54.47,3,0.5977781346496027,3,0.478010522938293,5,0.43514608315134445,3,0.2950494650027524,7,False,0.4911814956770164,True,False,False,0.17287989203778675,0.0
Candidate_016,Retail Sales Associate,0.7920997920997921,79.20997920997921,0.7767135511032782,77.67,0.008288363116910348,0.3268824406567364,32.69,0.4257185459136963,0.276223243409352,27.62,1876,2449,13,0.8643994601889338,86.44,0.0,0.0,0.5264683972563151,0.5414077701172073,54.14,4,0.5940546098428389,4,0.47382155753068356,6,0.43438584456317586,4,0.2941941965910628,8,False,0.5004903076939262,True,False,False,0.17287989203778675,0.0
Candidate_016,Licensed Practical Nurse (L.P.N.),0.7926722884559465,79.26722884559464,0.7948077509326965,79.48,0.007921558458791859,0.2900233874816325,29.0,0.41275420784950256,0.2028133666048858,20.28,437,527,10,0.3039192124973743,30.39,1.0,100.0,0.49881055876879116,0.5099512336376286,51.0,5,0.45983228951450783,7,0.548929502891912,3,0.2928025524847809,9,0.3610210487334693,4,False,0.5919943843278107,True,False,False,0.06078384249947486,0.1
Candidate_016,Restaurant Manager,0.7899236641221374,78.99236641221374,0.7079353063882137,70.79,0.007060023216850809,0.20345040485426008,20.35,0.4157570004463196,0.2198165204497026,21.98,1139,1473,12,0.5865008675534992,58.65,0.0,0.0,0.4638759134189581,0.4420133129039705,44.2,7,0.4884009042458663,6,0.4174883220770623,7,0.28006049739410793,12,0.18310536436883407,12,False,0.4881187859385111,True,False,False,0.11730017351069984,0.0
Candidate_016,Office Manager,0.776978417266187,77.6978417266187,0.29879054776281977,29.88,0.007358436817181586,0.2334370544763955,23.34,0.44722843170166016,0.3980218310390374,39.8,676,1709,13,0.5286438829565303,52.86,0.0,0.0,0.3484061894009286,0.34961310917195604,34.96,12,0.3844537281120489,12,0.3135655704608358,12,0.2924784201724225,10,0.21009334902875595,11,True,0.09923128327621761,False,False,False,0.10572877659130607,0.0
Candidate_016,Administrative Assistant,0.7690756302521008,76.90756302521008,0.04901671792967676,4.9,0.008349562353284884,0.33303216056317253,33.3,0.45423510670661926,0.4376967566986506,43.77,812,890,11,0.4384514673595585,43.85,0.0,0.0,0.24335673731416368,0.25804000959182627,25.8,13,0.28237568332324264,13,0.2190210635827473,13,0.35411602192244973,5,0.2997289445068553,6,True,0.38868003876897383,False,False,False,0.0876902934719117,0.0
Candidate_016,"Driver, Truck",0.7675247524752474,76.75247524752474,0.0,0.0,0.006368481315302404,0.13395952147035467,13.4,0.40172430872917175,0.14035714773895702,14.04,1423,3705,12,0.8880268984746598,88.8,0.0,0.0,0.07017857386947851,0.2267303814035669,22.67,14,0.23374823879051476,14,0.06316071648253066,14,0.2847729968712157,11,0.1205635693233192,13,True,0.14035714773895702,False,True,False,0.17760537969493195,0.0
Candidate_016,Delivery Driver,0.7717729393468119,77.17729393468119,0.13426730378361726,13.43,0.010282460245979036,0.5272630260442918,52.73,0.3769369423389435,0.0,0.0,557,622,12,0.3705312074675783,37.05,0.0,0.0,0.06713365189180863,0.1210997978177817,12.11,15,0.12781316300696258,15,0.060420286702627765,15,0.49591666232894904,2,0.4745367234398626,2,True,0.13426730378361726,False,False,False,0.07410624149351566,0.0
Candidate_017,Administrative Assistant,0.8615126050420168,86.15126050420167,1.0,100.0,0.013405352943678122,0.3930377241714825,39.3,0.4452670216560364,0.47100696820171023,47.1,812,890,11,0.4384514673595585,43.85,1.0,100.0,0.7355034841008551,0.7025427323425103,70.25,1,0.6760930807525958,1,0.7619531356907696,1,0.40212047280909774,7,0.4537339517543343,5,False,0.5289930317982898,True,False,False,0.0876902934719117,0.1
Candidate_017,Inside Sales Representative,0.8613998613998614,86.13998613998614,0.9977683822971528,99.78,0.013515876366700662,0.4013859326783235,40.14,0.40552371740341187,0.24737048992065855,24.74,1876,2449,13,0.8643994601889338,86.44,0.0,0.0,0.6225694361089057,0.6086784973140207,60.87,4,0.6709354409249113,2,0.5603124924980151,6,0.4939886381804456,3,0.36124733941049114,6,False,0.7503978923764942,True,False,False,0.17287989203778675,0.0
Candidate_017,Retail Sales Associate,0.8613998613998614,86.13998613998614,0.9977683822971528,99.78,0.013500472463250068,0.40022242367445754,40.02,0.40254247188568115,0.2305949534871865,23.06,1876,2449,13,0.8643994601889338,86.44,0.0,0.0,0.6141816678921697,0.6028070595623055,60.28,5,0.6642252263515225,3,0.5527635011029527,7,0.4930578309773528,4,0.3602001813070118,7,False,0.7671734288099663,True,False,False,0.17287989203778675,0.0
Candidate_017,Software Developer,0.8354755784061696,83.54755784061696,0.4846300114203659,48.46,0.021441034888510582,1.0,100.0,0.5392764210700989,1.0,100.0,323,344,8,0.2290858604605659,22.91,0.0,0.0,0.7423150057101829,0.5654376760892412,56.54,6,0.6396691766602596,5,0.6680835051391647,4,0.8458171720921133,1,0.9,1,False,0.5153699885796341,True,False,False,0.04581717209211318,0.0
Candidate_017,Continuing Care Assistant,0.8292917628945342,82.92917628945342,0.36222920989326796,36.22,0.008201856335175338,0.0,0.0,0.4137895405292511,0.29388246492421377,29.39,819,1172,9,0.4396201180333152,43.96,0.0,0.0,0.3280558374087409,0.3175631097927817,31.76,12,0.35036869353365574,12,0.2952502536678668,11,0.08792402360666304,15,0.0,15,True,0.06834674496905419,False,False,False,0.08792402360666304,0.0
Candidate_017,Restaurant Manager,0.8320610687022901,83.20610687022901,0.41704411339502656,41.7,0.01149969513697303,0.24909693516950812,24.91,0.37773922085762024,0.09102649499722291,9.1,1139,1473,12,0.5865008675534992,58.65,0.0,0.0,0.25403530419612474,0.2951248864479871,29.51,13,0.32052841686759964,13,0.22863177377651228,13,0.3165777216463063,11,0.22418724165255732,12,True,0.32601761839780363,False,False,False,0.11730017351069984,0.0
Candidate_017,Delivery Driver,0.8351477449455678,83.51477449455678,0.47814096298909164,47.81,0.016323731079834404,0.6134727099524604,61.35,0.3615625500679016,0.0,0.0,557,622,12,0.3705312074675783,37.05,0.0,0.0,0.23907048149454582,0.24145557853969773,24.15,14,0.26536262668915234,14,0.21516343334509125,14,0.564884409455484,2,0.5521254389572143,2,True,0.47814096298909164,False,False,False,0.07410624149351566,0.0
Candidate_017,Licensed Practical Nurse (L.P.N.),0.8109915673160802,81.09915673160802,0.0,0.0,0.012903003926161354,0.35509360131725787,35.51,0.3900345265865326,0.16021246038965045,16.02,437,527,10,0.3039192124973743,30.39,0.0,0.0,0.08010623019482523,0.11685820363585252,11.69,15,0.12486882665533505,15,0.0720956071753427,15,0.3448587235532812,10,0.3195842411855321,9,True,0.16021246038965045,False,False,False,0.06078384249947486,0.0
Candidate_018,Administrative Assistant,1.0000000000000002,100.00000000000004,1.0,100.0,0.00935159043059835,0.15936521137175705,15.94,0.416479229927063,0.44704499539019854,44.7,812,890,11,0.4384514673595585,43.85,1.0,100.0,0.7235224976950992,0.6941560418584811,69.42,2,0.6665082916279912,2,0.7511702479255894,2,0.21518246256931736,7,0.24342869023458136,3,False,0.5529550046098015,True,False,False,0.0876902934719117,0.1
Candidate_018,Information Technology (IT) Analyst,1.0,100.0,0.0,0.0,0.036991221672883455,1.0,100.0,0.5084243416786194,1.0,100.0,347,357,10,0.266375870790639,26.64,0.0,0.0,0.5,0.4032751741581278,40.33,3,0.45327517415812785,3,0.45,3,0.8532751741581278,1,0.9,1,False,1.0,True,False,False,0.053275174158127804,0.0
Candidate_018,Software Developer,1.0,100.0,0.0,0.0,0.011712681390078465,0.2311756918465511,23.12,0.5064906477928162,0.9883708259072276,98.84,323,344,8,0.2290858604605659,22.91,0.0,0.0,0.4941854129536138,0.3917469611596428,39.17,4,0.44116550245500424,4,0.4447668716582524,4,0.2307577255693541,6,0.208058122661896,5,False,0.9883708259072276,True,False,False,0.04581717209211318,0.0
Candidate_018,Inside Sales Representative,1.0,100.0,0.0,0.0,0.006775764625331304,0.08102376164788518,8.1,0.4062611162662506,0.38559358183723885,38.56,1876,2449,13,0.8643994601889338,86.44,0.0,0.0,0.19279679091861943,0.30783764568082034,30.78,5,0.3271173247726823,5,0.1735171118267575,10,0.2376989013560949,4,0.07292138548309667,9,False,0.38559358183723885,False,True,False,0.17287989203778675,0.0
Candidate_018,Retail Sales Associate,1.0,100.0,0.0,0.0,0.006768042356995847,0.08078889572825684,8.08,0.4022875428199768,0.3616966363504711,36.17,1876,2449,13,0.8643994601889338,86.44,0.0,0.0,0.18084831817523556,0.29947371476045165,29.95,6,0.3175585465779752,6,0.162763486357712,11,0.23751100862039223,5,0.07271000615543116,10,False,0.3616966363504711,False,True,False,0.17287989203778675,0.0
Candidate_018,Bookkeeper,1.0,100.0,0.0,0.0,0.011741673760388349,0.232057468990162,23.21,0.40535968542099,0.3801724051406097,38.02,396,422,11,0.2992257912289334,29.92,1.0,100.0,0.19008620257030484,0.29290550004500004,29.29,7,0.21191412030203055,11,0.2710775823132744,5,0.2454911334379163,3,0.3088517220911458,2,False,0.3801724051406097,False,False,True,0.05984515824578668,0.1
Candidate_018,Continuing Care Assistant,1.0,100.0,0.0,0.0,0.004111745809901674,0.0,0.0,0.38994458317756653,0.2874664660244011,28.75,819,1172,9,0.4396201180333152,43.96,1.0,100.0,0.14373323301220056,0.2885372867152034,28.85,8,0.2029106100164235,12,0.22935990971098053,6,0.08792402360666304,15,0.1,7,False,0.2874664660244011,False,False,True,0.08792402360666304,0.1
Candidate_018,Office Administrator,1.0,100.0,0.0,0.0,0.004941124820930414,0.025224824583122918,2.52,0.4249130189418793,0.49776553675151664,49.78,676,1709,13,0.5286438829565303,52.86,0.0,0.0,0.24888276837575832,0.2799467144543369,27.99,9,0.3048349912919127,7,0.2239944915381825,7,0.1259086362578044,13,0.022702342124810627,15,False,0.49776553675151664,True,False,False,0.10572877659130607,0.0
Candidate_018,"Driver, Truck",1.0,100.0,0.0,0.0,0.007068161002562988,0.08991673726739273,8.99,0.364439994096756,0.13408267101789864,13.41,1423,3705,12,0.8880268984746598,88.8,0.0,0.0,0.06704133550894932,0.2245343145511965,22.45,11,0.2312384481020914,10,0.06033720195805439,15,0.24953876950884613,2,0.08092506354065346,8,False,0.13408267101789864,False,True,False,0.17760537969493195,0.0
Candidate_018,Secondary School Teacher,1.0,100.0,0.0,0.0,0.006626589291887908,0.07648672662746539,7.65,0.4087374806404114,0.40048635914583175,40.05,681,740,9,0.3635561348837076,36.36,0.0,0.0,0.20024317957291587,0.21288145267778263,21.29,12,0.23290577063507423,9,0.18021886161562428,9,0.13390060827871383,12,0.06883805396471886,11,True,0.40048635914583175,False,False,False,0.07271122697674152,0.0
Candidate_018,Restaurant Manager,1.0,100.0,0.0,0.0,0.0057650148164396856,0.05028270564371701,5.03,0.3734278380870819,0.18813528154201084,18.81,1139,1473,12,0.5865008675534992,58.65,0.0,0.0,0.09406764077100542,0.18314752205040363,18.31,13,0.1925542861275042,13,0.08466087669390487,14,0.15752633802567345,10,0.04525443507934531,14,True,0.18813528154201084,False,False,False,0.11730017351069984,0.0
Candidate_018,Delivery Driver,1.0,100.0,0.0,0.0,0.00859375288105505,0.13631625667730185,13.63,0.34214478731155396,0.0,0.0,557,622,12,0.3705312074675783,37.05,1.0,100.0,0.0,0.17410624149351567,17.41,14,0.07410624149351566,15,0.1,13,0.18315924683535714,9,0.22268463100957167,4,True,0.0,False,False,True,0.07410624149351566,0.1
Candidate_018,Licensed Practical Nurse (L.P.N.),1.0,100.0,0.0,0.0,0.0064685200716094494,0.0716791919533368,7.17,0.3868527114391327,0.26887204682353855,26.89,437,527,10,0.3039192124973743,30.39,0.0,0.0,0.13443602341176927,0.15488905888771334,15.49,15,0.1683326612288903,14,0.12099242107059235,12,0.11812719606214431,14,0.06451127275800313,12,True,0.26887204682353855,False,False,False,0.06078384249947486,0.0
Candidate_019,Office Manager,0.7410071942446043,74.10071942446042,1.0,100.0,0.002724424914174751,0.16359317668778076,16.36,0.4725610315799713,0.4725418681868969,47.25,676,1709,13,0.5286438829565303,52.86,1.0,100.0,0.7362709340934485,0.72111843045672,72.11,1,0.6947455238660649,1,0.7626438406841036,2,0.23660331794153067,11,0.2472338590190027,7,False,0.5274581318131031,True,False,False,0.10572877659130607,0.1
Candidate_019,"Driver, Truck",0.7275247524752474,72.75247524752474,0.7084372515340016,70.84,0.0023578987755053927,0.09387911321133587,9.39,0.4203358292579651,0.12623990027441137,12.62,1423,3705,12,0.8880268984746598,88.8,1.0,100.0,0.4173385759042065,0.5697423828278765,56.97,5,0.5114762404182971,8,0.4756047183137859,8,0.2527086702640007,10,0.1844912018902023,11,False,0.5821973512595903,True,False,False,0.17760537969493195,0.1
Candidate_019,Information Technology (IT) Analyst,0.7102796948783145,71.02796948783146,0.33550655571271865,33.55,0.005942384222291713,0.7756559896841986,77.57,0.536400318145752,0.8958560840237093,89.59,347,357,10,0.266375870790639,26.64,0.0,0.0,0.615681319868214,0.4842520980658776,48.43,7,0.545820230052699,6,0.5541131878813925,5,0.6737999659054866,2,0.6980903907157787,2,False,0.5603495283109907,True,False,False,0.053275174158127804,0.0
Candidate_019,Administrative Assistant,0.6974789915966386,69.74789915966386,0.05868665209661044,5.87,0.0035903830205207964,0.3283002794688167,32.83,0.4918837547302246,0.6006696064214553,60.07,812,890,11,0.4384514673595585,43.85,0.0,0.0,0.32967812925903284,0.3184649839532347,31.85,12,0.35143279687913803,12,0.29671031633312955,10,0.35033051704696505,7,0.295470251521935,6,True,0.5419829543248449,True,False,False,0.0876902934719117,0.0
Candidate_019,Continuing Care Assistant,0.6947652040030794,69.47652040030793,0.0,0.0,0.0018643233453673877,0.0,0.0,0.4608970284461975,0.39519861130378797,39.52,819,1172,9,0.4396201180333152,43.96,0.0,0.0,0.19759930565189399,0.22624353756298882,22.62,13,0.24600346812817825,13,0.17783937508670458,14,0.08792402360666304,15,0.0,15,True,0.39519861130378797,False,False,False,0.08792402360666304,0.0
Candidate_019,Delivery Driver,0.7138413685847589,71.38413685847588,0.41252905599528616,41.25,0.004132525218336396,0.4314168968238225,43.14,0.40129780769348145,0.0,0.0,557,622,12,0.3705312074675783,37.05,0.0,0.0,0.20626452799764308,0.21849141109186582,21.85,14,0.23911786389163014,14,0.18563807519787878,13,0.4192397589525737,3,0.38827520714144026,4,True,0.41252905599528616,False,False,False,0.07410624149351566,0.0
Candidate_019,Licensed Practical Nurse (L.P.N.),0.6981680721139866,69.81680721139865,0.07358827103102134,7.36,0.002932917922707728,0.20324899737230442,20.32,0.44338569045066833,0.27908205188402396,27.91,437,527,10,0.3039192124973743,30.39,0.0,0.0,0.17633516145752265,0.18421845551974073,18.42,15,0.20185197166549299,15,0.1587016453117704,15,0.2233830403973184,13,0.18292409763507397,12,True,0.20549378085300263,False,False,False,0.06078384249947486,0.0
Candidate_020,Office Manager,0.6258992805755395,62.58992805755395,0.943487840364431,94.35,0.009188176782427896,0.889107143027852,88.91,0.46285900473594666,0.39518602874614417,39.52,676,1709,13,0.5286438829565303,52.86,1.0,100.0,0.6693369345552875,0.6742646307800073,67.43,2,0.6411983242355362,2,0.7024032410997588,3,0.8170144910135877,2,0.9001964287250668,2,False,0.5483018116182868,True,False,False,0.10572877659130607,0.1
Candidate_020,Office Administrator,0.6205143540669857,62.05143540669857,0.8282958131801998,82.83,0.007608089592597587,0.634311780861726,63.43,0.4752272665500641,0.47236049238724803,47.24,676,1709,13,0.5286438829565303,52.86,1.0,100.0,0.6503281527837239,0.6609584835399128,66.1,3,0.6259912988182853,3,0.6852953375053515,4,0.6131782012806869,5,0.6708806027755534,5,False,0.3559353207929518,True,False,False,0.10572877659130607,0.1
Candidate_020,Bookkeeper,0.6285410764872521,62.85410764872521,1.0,100.0,0.00828601946701038,0.7436306773036335,74.36,0.4633236825466156,0.39808548716182596,39.81,396,422,11,0.2992257912289334,29.92,1.0,100.0,0.699042743580913,0.6491750787524256,64.92,4,0.619079353110517,4,0.7291384692228217,2,0.6547497000886935,4,0.7692676095732701,4,False,0.601914512838174,True,False,False,0.05984515824578668,0.1
Candidate_020,"Driver, Truck",0.6039603960396038,60.39603960396038,0.4741806771485753,47.42,0.00464727824588881,0.15686914083168108,15.69,0.4199323058128357,0.1273355405317955,12.73,1423,3705,12,0.8880268984746598,88.8,0.0,0.0,0.3007581088401854,0.3881360558830617,38.81,9,0.41821186676708033,9,0.2706822979561669,10,0.3031006923602768,14,0.14118222674851297,14,False,0.34684513661677985,True,False,False,0.17760537969493195,0.0
Candidate_020,Restaurant Manager,0.5951145038167939,59.51145038167939,0.28495316294200146,28.5,0.005151917810028581,0.23824428350476207,23.82,0.434066504240036,0.21552895032613328,21.55,1139,1473,12,0.5865008675534992,58.65,0.0,0.0,0.25024105663406737,0.292468913154547,29.25,12,0.3174930188179537,12,0.22521695097066063,12,0.3078956003145095,13,0.21441985515428585,13,True,0.06942421261586817,False,False,False,0.11730017351069984,0.0
Candidate_020,Continuing Care Assistant,0.5817936874518861,58.17936874518861,0.0,0.0,0.003674470429448974,0.0,0.0,0.4496336579322815,0.3126635966227037,31.27,819,1172,9,0.4396201180333152,43.96,0.0,0.0,0.15633179831135186,0.19735628242460934,19.74,13,0.21298946225574453,13,0.14069861848021667,13,0.08792402360666304,15,0.0,15,True,0.3126635966227037,False,False,False,0.08792402360666304,0.0
Candidate_020,Delivery Driver,0.5925349922239502,59.25349922239502,0.22977336261364187,22.98,0.007521427533800173,0.6203371781945654,62.03,0.3995250463485718,0.0,0.0,557,622,12,0.3705312074675783,37.05,0.0,0.0,0.11488668130682093,0.1545269184082903,15.45,14,0.16601558653897242,14,0.10339801317613884,14,0.570375984049168,6,0.5583034603751088,6,True,0.22977336261364187,False,False,False,0.07410624149351566,0.0
Candidate_020,Licensed Practical Nurse (L.P.N.),0.585344576911893,58.5344576911893,0.07595909703792339,7.6,0.00578060678463839,0.3396228884365313,33.96,0.422485888004303,0.14326917283613597,14.33,437,527,10,0.3039192124973743,30.39,0.0,0.0,0.10961413493702968,0.13751373695539562,13.75,15,0.14847515044909862,15,0.09865272144332671,15,0.33248215324869995,12,0.3056605995928782,11,True,0.06731007579821258,False,False,False,0.06078384249947486,0.0
Candidate_021,Office Manager,0.6258992805755395,62.58992805755395,0.943487840364431,94.35,0.009461066031365283,0.37219732574526393,37.22,0.42977455258369446,0.4338235813372304,43.38,676,1709,13,0.5286438829565303,52.86,1.0,100.0,0.6886557108508307,0.6877877741868875,68.78,2,0.6566533452719706,2,0.7197901397657477,3,0.40348663718751726,6,0.4349775931707376,3,False,0.5096642590272006,True,False,False,0.10572877659130607,0.1
Candidate_021,Bookkeeper,0.6285410764872521,62.85410764872521,1.0,100.0,0.009075257076458393,0.33864613000907956,33.86,0.4354056417942047,0.47194715143600974,47.19,396,422,11,0.2992257912289334,29.92,1.0,100.0,0.7359735757180048,0.6750266612483901,67.5,3,0.6486240188201906,3,0.7623762181462044,2,0.3307620622530503,8,0.40478151700817167,5,False,0.5280528485639903,True,False,False,0.05984515824578668,0.1
Candidate_021,Office Administrator,0.6205143540669857,62.05143540669857,0.8282958131801998,82.83,0.008058706580878951,0.250243607934048,25.02,0.4364844262599945,0.479250732264786,47.93,676,1709,13,0.5286438829565303,52.86,1.0,100.0,0.653773272722493,0.6633700674970511,66.34,4,0.6287473947693004,4,0.6883959454502436,4,0.30592366293854445,10,0.3252192471406432,6,False,0.34904508091541386,True,False,False,0.10572877659130607,0.1
Candidate_021,Restaurant Manager,0.5951145038167939,59.51145038167939,0.28495316294200146,28.5,0.007264377998387672,0.18116622284213724,18.12,0.40783554315567017,0.28529221687829726,28.53,1139,1473,12,0.5865008675534992,58.65,0.0,0.0,0.28512268991014933,0.3168860564478044,31.69,12,0.3453983254388193,12,0.25661042091913444,12,0.26223315178440965,13,0.16304960055792353,13,True,0.0003390539362957967,False,False,False,0.11730017351069984,0.0
Candidate_021,Continuing Care Assistant,0.5817936874518861,58.17936874518861,0.0,0.0,0.005181127325334241,0.0,0.0,0.41441208124160767,0.3298166599040918,32.98,819,1172,9,0.4396201180333152,43.96,0.0,0.0,0.1649083299520459,0.2033598545730952,20.34,13,0.21985068756829979,13,0.1484174969568413,13,0.08792402360666304,15,0.0,15,True,0.3298166599040918,True,False,False,0.08792402360666304,0.0
Candidate_021,Licensed Practical Nurse (L.P.N.),0.585344576911893,58.5344576911893,0.07595909703792339,7.6,0.00815085067194126,0.2582567564000043,25.83,0.395702600479126,0.2031498331685229,20.31,437,527,10,0.3039192124973743,30.39,0.0,0.0,0.13955446510322314,0.15847196807173106,15.85,14,0.17242741458205338,14,0.12559901859290085,14,0.2673892476194783,12,0.23243108076000385,11,True,0.1271907361305995,False,False,False,0.06078384249947486,0.0
Candidate_021,Delivery Driver,0.5925349922239502,59.25349922239502,0.22977336261364187,22.98,0.01047146346303417,0.46006475746271147,46.01,0.36569610238075256,0.0,0.0,557,622,12,0.3705312074675783,37.05,0.0,0.0,0.11488668130682093,0.1545269184082903,15.45,15,0.16601558653897242,15,0.10339801317613884,15,0.4421580474636848,3,0.4140582817164403,4,True,0.22977336261364187,False,False,False,0.07410624149351566,0.0
Candidate_022,Inside Sales Representative,0.9653499653499652,96.53499653499654,0.8761166616607415,87.61,0.005422367648083223,0.09005093277468981,9.01,0.4376605153083801,0.26969071599016686,26.97,1876,2449,13,0.8643994601889338,86.44,0.0,0.0,0.5729036888254542,0.5739124742156048,57.39,6,0.6312028430981501,6,0.5156133199429087,8,0.24492063825753863,5,0.08104583949722083,9,False,0.6064259456705747,True,False,False,0.17287989203778675,0.0
Candidate_022,Software Developer,0.9318766066838046,93.18766066838046,0.17004621849787713,17.0,0.01609361170191826,0.5408005132341821,54.08,0.564534068107605,1.0,100.0,323,344,8,0.2290858604605659,22.91,0.0,0.0,0.5850231092489385,0.45533334856637014,45.53,9,0.5138356594912641,9,0.5265207983240447,6,0.47845758267945887,2,0.4867204619107639,2,False,0.8299537815021228,True,False,False,0.04581717209211318,0.0
Candidate_022,Information Technology (IT) Analyst,0.9346167816926988,93.46167816926987,0.2278461125022295,22.78,0.026964902558536608,1.0,100.0,0.5448817014694214,0.8868770875255392,88.69,347,357,10,0.266375870790639,26.64,0.0,0.0,0.5573616000138844,0.44342829416784685,44.34,10,0.4991644541692353,10,0.5016254400124959,9,0.8532751741581278,1,0.9,1,False,0.6590309750233097,True,False,False,0.053275174158127804,0.0
Candidate_022,Secondary School Teacher,0.9442586399108136,94.42586399108136,0.4312266926487954,43.12,0.004933493606682302,0.06940106590374999,6.94,0.47830671072006226,0.5036582625268687,50.37,681,740,9,0.3635561348837076,36.36,0.0,0.0,0.4674424775878321,0.39992096128822396,39.99,12,0.4466652090470072,12,0.42069822982904886,11,0.1282320796997415,13,0.06246095931337499,13,True,0.07243156987807337,False,False,False,0.07271122697674152,0.0
Candidate_022,Continuing Care Assistant,0.9422632794457276,94.22632794457274,0.38913754760948444,38.91,0.003290462211954779,0.0,0.0,0.4669053256511688,0.43802963321307814,43.8,819,1172,9,0.4396201180333152,43.96,0.0,0.0,0.4135835904112813,0.3774325368945599,37.74,13,0.4187908959356881,13,0.3722252313701532,13,0.08792402360666304,15,0.0,15,True,0.048892085603593705,False,False,False,0.08792402360666304,0.0
Candidate_022,Delivery Driver,0.9564541213063764,95.64541213063764,0.6884721348952146,68.85,0.006743627002607028,0.1458604613287437,14.59,0.3908082842826843,0.0,0.0,557,622,12,0.3705312074675783,37.05,0.0,0.0,0.3442360674476073,0.31507148870684076,31.51,14,0.3494950954516015,14,0.30981246070284657,14,0.19079461055651062,11,0.13127441519586933,8,True,0.6884721348952146,True,False,False,0.07410624149351566,0.0
Candidate_022,Licensed Practical Nurse (L.P.N.),0.923815062518174,92.38150625181738,0.0,0.0,0.0051764923822980435,0.07966524837473397,7.97,0.44093814492225647,0.2885574008409286,28.86,437,527,10,0.3039192124973743,30.39,0.0,0.0,0.1442787004204643,0.16177893279379987,16.18,15,0.1762068028358463,15,0.12985083037841788,15,0.12451604119926205,14,0.07169872353726058,12,True,0.2885574008409286,False,False,False,0.06078384249947486,0.0
Candidate_023,Office Manager,0.5467625899280575,54.67625899280575,1.0,100.0,0.005832745396159871,0.5711617710733095,57.12,0.4228193759918213,0.21204742222503956,21.2,676,1709,13,0.5286438829565303,52.86,1.0,100.0,0.6060237111125197,0.6299453743700698,62.99,2,0.5905477454813219,2,0.6454213400012678,3,0.5626581934499536,4,0.6140455939659785,3,False,0.7879525777749604,True,False,False,0.10572877659130607,0.1
Candidate_023,Office Administrator,0.5382775119617226,53.82775119617226,0.8197929865595287,81.98,0.00481251674105061,0.4092333965330669,40.92,0.43284621834754944,0.2799686602773255,28.0,676,1709,13,0.5286438829565303,52.86,1.0,100.0,0.5498808234184271,0.5906453529842051,59.06,4,0.5456334353260478,5,0.5948927410765844,5,0.4331154938177596,5,0.46831005687976024,5,False,0.5398243262822032,True,False,False,0.10572877659130607,0.1
Candidate_023,"Driver, Truck",0.5247524752475247,52.47524752475247,0.5325467782620326,53.25,0.002825629160231246,0.09387911321133594,9.39,0.4173167943954468,0.17477325940787225,17.48,1423,3705,12,0.8880268984746598,88.8,0.0,0.0,0.3536600188349524,0.42516739287939864,42.52,6,0.4605333947628939,7,0.3182940169514572,7,0.2527086702640007,12,0.08449120189020234,14,False,0.3577735188541603,True,False,False,0.17760537969493195,0.0
Candidate_023,Food Service Supervisor,0.4996774193548388,49.96774193548388,0.0,0.0,0.0060235791670458436,0.6014504736814922,60.15,0.4492766559123993,0.3912674741564378,39.13,1061,2524,12,0.6833380235893983,68.33,0.0,0.0,0.1956337370782189,0.2736112206726329,27.36,10,0.2931745943804548,10,0.17607036337039703,12,0.6178279836630735,3,0.541305426313343,4,False,0.3912674741564378,True,False,False,0.13666760471787967,0.0
Candidate_023,Bookkeeper,0.5088526912181303,50.88526912181303,0.19486542687625363,19.49,0.004624841141154032,0.37944595165007333,37.94,0.4349319636821747,0.29409737601489705,29.41,396,422,11,0.2992257912289334,29.92,0.0,0.0,0.24448140144557534,0.2309821392576894,23.1,12,0.25543027940224694,12,0.2200332613010178,10,0.3634019195658454,7,0.341501356485066,8,True,0.09923194913864342,False,False,False,0.05984515824578668,0.0
Candidate_023,Restaurant Manager,0.507175572519084,50.7175572519084,0.15924659660275312,15.92,0.0031324591351958742,0.1425784698285294,14.26,0.40886715054512024,0.11753587090069201,11.75,1139,1473,12,0.5865008675534992,58.65,0.0,0.0,0.13839123375172258,0.21417403713690564,21.42,13,0.22801316051207787,13,0.12455211037655031,13,0.23136294937352336,13,0.12832062284567647,13,True,0.04171072570206111,False,False,False,0.11730017351069984,0.0
Candidate_023,Delivery Driver,0.505054432348367,50.5054432348367,0.11419758977334103,11.42,0.004952283738227679,0.4314168968238224,43.14,0.39151597023010254,0.0,0.0,557,622,12,0.3705312074675783,37.05,0.0,0.0,0.057098794886670516,0.11407539791418503,11.41,14,0.11978527740285208,14,0.051388915398003464,14,0.4192397589525736,6,0.38827520714144015,7,True,0.11419758977334103,False,False,False,0.07410624149351566,0.0
Candidate_023,Licensed Practical Nurse (L.P.N.),0.5015993021227101,50.15993021227101,0.04081715632489275,4.08,0.0035147133935770833,0.20324899737230454,20.32,0.4018797278404236,0.0702034820927118,7.02,437,527,10,0.3039192124973743,30.39,0.0,0.0,0.05551031920880227,0.09964106594563646,9.96,15,0.10519209786651668,15,0.049959287287922045,15,0.2233830403973185,14,0.18292409763507408,12,True,0.029386325767819042,False,False,False,0.06078384249947486,0.0
Candidate_024,Office Manager,0.7410071942446043,74.10071942446042,1.0,100.0,0.004322329647298507,0.25158119667510886,25.16,0.4664445221424103,0.39879396954816976,39.88,676,1709,13,0.5286438829565303,52.86,1.0,100.0,0.6993969847740849,0.6953066659331655,69.53,2,0.665246364410574,2,0.7294572862966764,2,0.3069937339313932,4,0.326423077007598,3,False,0.6012060304518303,True,False,False,0.10572877659130607,0.1
Candidate_024,Bookkeeper,0.7347733711048159,73.47733711048159,0.8651912881078708,86.52,0.003633727975919121,0.1788649094126671,17.89,0.4731977880001068,0.44728211979933874,44.73,396,422,11,0.2992257912289334,29.92,1.0,100.0,0.6562367039536048,0.61921085101331,61.92,3,0.5848345214086705,3,0.6906130335582443,3,0.20293708577592037,12,0.2609784184714004,4,False,0.4179091683085321,True,False,False,0.05984515824578668,0.1
Candidate_024,"Driver, Truck",0.7275247524752474,72.75247524752474,0.7084372515340016,70.84,0.01140963371992361,1.0,100.0,0.43311938643455505,0.15952096869310825,15.95,1423,3705,12,0.8880268984746598,88.8,1.0,100.0,0.43397911011355494,0.5813907567744204,58.14,5,0.5247886677857759,6,0.49058119910219944,5,0.977605379694932,1,1.0,1,False,0.5489162828408933,True,False,False,0.17760537969493195,0.1
Candidate_024,Inside Sales Representative,0.7054747054747055,70.54747054747055,0.23159689744515044,23.16,0.0031968200298357376,0.13272746154530812,13.27,0.4336245059967041,0.16314770481462113,16.31,1876,2449,13,0.8643994601889338,86.44,0.0,0.0,0.1973723011298858,0.31104050282870677,31.1,10,0.3307777329416954,10,0.1776350710168972,12,0.27906186127403326,5,0.11945471539077732,11,False,0.06844919263052932,False,True,False,0.17287989203778675,0.0
Candidate_024,Retail Sales Associate,0.7054747054747055,70.54747054747055,0.23159689744515044,23.16,0.0031931766473607525,0.1323427206164526,13.23,0.43107765913009644,0.1448614569255275,14.49,1876,2449,13,0.8643994601889338,86.44,0.0,0.0,0.18822917718533896,0.304640316067524,30.46,11,0.3234632337860579,11,0.16940625946680507,13,0.27875406853094886,6,0.11910844855480734,12,False,0.08673544051962295,False,True,False,0.17287989203778675,0.0
Candidate_024,Administrative Assistant,0.6974789915966386,69.74789915966386,0.05868665209661044,5.87,0.003467837576592191,0.16134689510495553,16.13,0.4825176000595093,0.5141979582945674,51.42,812,890,11,0.4384514673595585,43.85,0.0,0.0,0.2864423051955889,0.2881999071088239,28.82,12,0.31684413762838287,12,0.25779807467603005,10,0.21676780955587613,11,0.14521220559446,10,True,0.45551130619795693,True,False,False,0.0876902934719117,0.0
Candidate_024,Delivery Driver,0.7138413685847589,71.38413685847588,0.41252905599528616,41.25,0.004125203669386056,0.23076470750211928,23.08,0.41090184450149536,0.0,0.0,557,622,12,0.3705312074675783,37.05,0.0,0.0,0.20626452799764308,0.21849141109186582,21.85,13,0.23911786389163014,13,0.18563807519787878,11,0.2587180074952111,8,0.20768823675190734,8,True,0.41252905599528616,False,False,False,0.07410624149351566,0.0
Candidate_024,Continuing Care Assistant,0.6947652040030794,69.47652040030793,0.0,0.0,0.00193993033842201,0.0,0.0,0.44694510102272034,0.2587889881087392,25.88,819,1172,9,0.4396201180333152,43.96,0.0,0.0,0.1293944940543696,0.17850016944472175,17.85,14,0.19143961885015873,14,0.11645504464893264,14,0.08792402360666304,15,0.0,15,True,0.2587889881087392,False,False,False,0.08792402360666304,0.0
Candidate_024,Licensed Practical Nurse (L.P.N.),0.6981680721139866,69.81680721139865,0.07358827103102134,7.36,0.003051861401886358,0.11741984079843802,11.74,0.41988518834114075,0.06450001155488527,6.45,437,527,10,0.3039192124973743,30.39,0.0,0.0,0.0690441412929533,0.10911474140454216,10.91,15,0.11601915553383751,15,0.06213972716365797,15,0.15471971513822527,14,0.10567785671859423,13,True,0.009088259476136062,False,False,False,0.06078384249947486,0.0
Candidate_025,Information Technology (IT) Analyst,0.6739556847075916,67.39556847075916,0.6967755018332572,69.68,0.07174115987953784,1.0,100.0,0.537418782711029,0.989530670154444,98.95,347,357,10,0.266375870790639,26.64,1.0,100.0,0.8431530859938505,0.743482334353823,74.35,2,0.7277976429532083,2,0.8588377773944655,2,0.8532751741581278,1,1.0,1,False,0.29275516832118675,True,False,False,0.053275174158127804,0.1
Candidate_025,Bookkeeper,0.6682011331444759,66.8201133144476,0.6127816609934615,61.28,0.03660994886782858,0.4144609010213751,41.45,0.4321112334728241,0.3272250371729061,32.72,396,422,11,0.2992257912289334,29.92,1.0,100.0,0.4700033490831838,0.4888475026040153,48.88,4,0.43584783751233375,5,0.5230030141748655,4,0.39141387906288677,3,0.4730148109192376,3,False,0.28555662382055547,True,False,False,0.05984515824578668,0.1
Candidate_025,Licensed Practical Nurse (L.P.N.),0.6615295143937191,66.1529514393719,0.515402242745367,51.54,0.018474017979295522,0.11218562141114932,11.22,0.40914008021354675,0.18275368341185894,18.28,437,527,10,0.3039192124973743,30.39,1.0,100.0,0.34907796307861294,0.4051384166545039,40.51,5,0.34004621296236526,10,0.4141701667707517,5,0.15053233962839432,14,0.2009670592700344,6,False,0.332648559333508,True,False,False,0.06078384249947486,0.1
Candidate_025,Retail Sales Associate,0.6361746361746362,63.61746361746362,0.14532065041134984,14.53,0.019329450137528157,0.12644328463266283,12.64,0.433780699968338,0.3377247313738578,33.77,1876,2449,13,0.8643994601889338,86.44,0.0,0.0,0.2415226908926038,0.3419457756626094,34.19,9,0.3660980447518698,8,0.21737042180334343,10,0.274034519743917,7,0.11379895616939655,13,False,0.19240408096250794,False,True,False,0.17287989203778675,0.0
Candidate_025,"Driver, Truck",0.6435643564356435,64.35643564356435,0.25318152899518853,25.32,0.02063527096160572,0.14820766811785088,14.82,0.404514342546463,0.15366125712554893,15.37,1423,3705,12,0.8880268984746598,88.8,0.0,0.0,0.20342139306036872,0.32000035483719,32.0,10,0.3403424941432269,9,0.18307925375433187,12,0.29617151418921267,5,0.13338690130606579,10,False,0.0995202718696396,False,True,False,0.17760537969493195,0.0
Candidate_025,Administrative Assistant,0.626218487394958,62.6218487394958,0.0,0.0,0.020639542705364097,0.14827886614716204,14.83,0.45060989260673523,0.4435677517800166,44.36,812,890,11,0.4384514673595585,43.85,0.0,0.0,0.2217838758900083,0.24293900659491752,24.29,12,0.26511739418391833,12,0.1996054883010075,11,0.20631338638964136,11,0.13345097953244583,9,True,0.4435677517800166,True,False,False,0.0876902934719117,0.0
Candidate_025,Food Service Supervisor,0.6287096774193549,62.87096774193549,0.036361585453861166,3.64,0.0212995967049149,0.15928012152789453,15.93,0.4148605465888977,0.21873113356698892,21.87,1061,2524,12,0.6833380235893983,68.33,0.0,0.0,0.12754635951042503,0.2259500563751772,22.6,13,0.23870469232621971,13,0.11479172355938254,14,0.26409170194019527,8,0.1433521093751051,8,True,0.18236954811312775,False,False,False,0.13666760471787967,0.0
Candidate_025,Restaurant Manager,0.6445801526717557,64.45801526717557,0.26800816256443943,26.8,0.016464815164948934,0.07869782603780733,7.87,0.38008198142051697,0.0,0.0,1139,1473,12,0.5865008675534992,58.65,0.0,0.0,0.13400408128221972,0.21110303040825362,21.11,14,0.2245034385364756,14,0.12060367315399775,13,0.18025843434094568,13,0.0708280434340266,14,True,0.26800816256443943,False,False,False,0.11730017351069984,0.0
Candidate_025,Delivery Driver,0.6360808709175739,63.60808709175739,0.14395204610020385,14.4,0.029641008540655867,0.2983081433311135,29.83,0.3954509496688843,0.09665930237331176,9.67,557,622,12,0.3705312074675783,37.05,0.0,0.0,0.12030567423675781,0.15832021345924613,15.83,15,0.1703507808829219,15,0.10827510681308203,15,0.3127527561584065,4,0.26847732899800214,4,True,0.047292743726892086,False,False,False,0.07410624149351566,0.0
Candidate_026,Restaurant Manager,0.6714503816793893,67.14503816793894,0.8132834070757929,81.33,0.002776790762818865,0.16268080286883782,16.27,0.4363439083099365,0.28453212329392685,28.45,1139,1473,12,0.5865008675534992,58.65,1.0,100.0,0.54890776518486,0.6015356091401017,60.15,4,0.5564263856585878,7,0.5940169886663739,4,0.2474448158057701,13,0.24641272258195404,11,False,0.5287512837818661,True,False,False,0.11730017351069984,0.1
Candidate_026,Licensed Practical Nurse (L.P.N.),0.6798487932538528,67.98487932538528,0.9161362448530981,91.61,0.0031156427790494756,0.2319053508890772,23.19,0.42196929454803467,0.17708721773358194,17.71,437,527,10,0.3039192124973743,30.39,1.0,100.0,0.5466117312933401,0.5434120544048129,54.34,6,0.4980732275341469,10,0.591950558164006,5,0.24630812321073664,14,0.30871481580016946,10,False,0.7390490271195161,True,False,False,0.06078384249947486,0.1
Candidate_026,Inside Sales Representative,0.6361746361746362,63.61746361746362,0.38127188945668494,38.13,0.0032636309223354866,0.2621380537818838,26.21,0.4291931092739105,0.23108255311186404,23.11,1876,2449,13,0.8643994601889338,86.44,0.0,0.0,0.3061772212842745,0.3872039469367789,38.72,12,0.41782166906520635,12,0.27555949915584704,12,0.3825903350632938,8,0.23592424840369544,12,True,0.1501893363448209,False,False,False,0.17287989203778675,0.0
Candidate_026,Retail Sales Associate,0.6361746361746362,63.61746361746362,0.38127188945668494,38.13,0.0032599113961825337,0.2613781866291017,26.14,0.42322006821632385,0.18643628692547076,18.64,1876,2449,13,0.8643994601889338,86.44,0.0,0.0,0.2838540881910778,0.37157775377154123,37.16,13,0.399963162590649,13,0.2554686793719701,13,0.3819824413410682,9,0.23524036796619155,13,True,0.19483560253121418,False,False,False,0.17287989203778675,0.0
Candidate_026,Delivery Driver,0.6504665629860032,65.04665629860033,0.556300847828322,55.63,0.004291655153076887,0.47215454864758255,47.22,0.39827752113342285,0.0,0.0,557,622,12,0.3705312074675783,37.05,0.0,0.0,0.278150423914161,0.26881153823342835,26.88,14,0.2966265806248445,14,0.2503353815227449,14,0.4518298804115817,7,0.4249390937828243,6,True,0.556300847828322,True,False,False,0.07410624149351566,0.0
Candidate_026,Administrative Assistant,0.6050420168067226,60.50420168067227,0.0,0.0,0.004211780308702221,0.4558368059895008,45.58,0.4637817144393921,0.489619545967909,48.96,812,890,11,0.4384514673595585,43.85,0.0,0.0,0.2448097729839545,0.25905713456067986,25.91,15,0.2835381118590753,15,0.22032879568555908,15,0.4523597382635124,6,0.41025312539055075,7,True,0.489619545967909,True,False,False,0.0876902934719117,0.0
Candidate_027,Office Manager,0.5467625899280575,54.67625899280575,1.0,100.0,0.006419469949470825,0.6285025837074425,62.85,0.4251366853713989,0.39490935051409315,39.49,676,1709,13,0.5286438829565303,52.86,1.0,100.0,0.6974546752570465,0.6939470492712386,69.39,2,0.6636925167969434,2,0.727709207731342,2,0.6085308435572601,3,0.6656523253366983,3,False,0.6050906494859069,True,False,False,0.10572877659130607,0.1
Candidate_027,Office Administrator,0.5382775119617226,53.82775119617226,0.8197929865595287,81.98,0.0057604445023175035,0.5218897422544024,52.19,0.43156805634498596,0.4335798581705673,43.36,676,1709,13,0.5286438829565303,52.86,1.0,100.0,0.626686422365048,0.6444092722468396,64.44,3,0.6070779144833446,4,0.6640177801285432,5,0.5232405703948281,4,0.5697007680289622,4,False,0.3862131283889614,True,False,False,0.10572877659130607,0.1
Candidate_027,"Driver, Truck",0.5247524752475247,52.47524752475247,0.5325467782620326,53.25,0.003205366643591094,0.10854589972263182,10.85,0.3872408866882324,0.1670497263151406,16.7,1423,3705,12,0.8880268984746598,88.8,0.0,0.0,0.3497982522885866,0.42246415629694256,42.25,7,0.45744398152580124,7,0.31481842705972796,7,0.26444209947303743,12,0.09769130975036863,14,False,0.36549705194689197,True,False,False,0.17760537969493195,0.0
Candidate_027,Food Service Supervisor,0.4996774193548388,49.96774193548388,0.0,0.0,0.0038248023931308074,0.2087541779329549,20.88,0.42958056926727295,0.4216295081485442,42.16,1061,2524,12,0.6833380235893983,68.33,0.0,0.0,0.2108147540742721,0.2842379325698702,28.42,11,0.3053194079772974,11,0.1897332786668449,12,0.3036709470642436,11,0.1878787601396594,12,False,0.4216295081485442,True,False,False,0.13666760471787967,0.0
Candidate_027,Continuing Care Assistant,0.5073133179368745,50.73133179368745,0.1621720488441621,16.22,0.002534392029966563,0.0,0.0,0.42025643587112427,0.3655654164694026,36.56,819,1172,9,0.4396201180333152,43.96,0.0,0.0,0.26386873265678235,0.2726321364664107,27.26,12,0.29901900973208895,12,0.2374818593911041,11,0.08792402360666304,15,0.0,15,True,0.20339336762524052,False,False,False,0.08792402360666304,0.0
Candidate_027,Restaurant Manager,0.507175572519084,50.7175572519084,0.15924659660275312,15.92,0.0035534316270813627,0.16485358413829887,16.49,0.39430293440818787,0.20951236321580874,20.95,1139,1473,12,0.5865008675534992,58.65,0.0,0.0,0.18437947990928094,0.2463658094471965,24.64,13,0.26480375743812457,13,0.16594153191835284,13,0.24918304082133896,13,0.14836822572446898,13,True,0.050265766613055624,False,False,False,0.11730017351069984,0.0
Candidate_027,Licensed Practical Nurse (L.P.N.),0.5015993021227101,50.15993021227101,0.04081715632489275,4.08,0.003987057194947991,0.2350027022287177,23.5,0.39600497484207153,0.2197463814213263,21.97,437,527,10,0.3039192124973743,30.39,0.0,0.0,0.13028176887310952,0.15198108071065153,15.2,14,0.16500925759796248,14,0.11725359198579857,14,0.248786004282449,14,0.21150243200584593,11,True,0.17892922509643355,False,False,False,0.06078384249947486,0.0
Candidate_027,Delivery Driver,0.505054432348367,50.5054432348367,0.11419758977334103,11.42,0.005491988578206356,0.47846069259020546,47.85,0.3594585061073303,0.0,0.0,557,622,12,0.3705312074675783,37.05,0.0,0.0,0.057098794886670516,0.11407539791418503,11.41,15,0.11978527740285208,15,0.051388915398003464,15,0.45687479556568,6,0.43061462333118494,5,True,0.11419758977334103,False,False,False,0.07410624149351566,0.0
Candidate_028,Office Manager,0.5467625899280575,54.67625899280575,1.0,100.0,0.007630370312176652,0.6285025837074427,62.85,0.4874439835548401,0.31116877049562036,31.12,676,1709,13,0.5286438829565303,52.86,1.0,100.0,0.6555843852478102,0.6646378462647732,66.46,2,0.6301962847895543,2,0.6900259467230292,3,0.6085308435572603,3,0.6656523253366985,3,False,0.6888312295043797,True,False,False,0.10572877659130607,0.1
Candidate_028,Office Administrator,0.5382775119617226,53.82775119617226,0.8197929865595287,81.98,0.006847033331630125,0.5218897422544027,52.19,0.50572270154953,0.4263370693009219,42.63,676,1709,13,0.5286438829565303,52.86,1.0,100.0,0.6230650279302253,0.6418742961424637,64.19,3,0.6041807989354864,3,0.6607585251372028,4,0.5232405703948282,4,0.5697007680289624,4,False,0.3934559172586068,True,False,False,0.10572877659130607,0.1
Candidate_028,Secondary School Teacher,0.5365105908584169,53.65105908584169,0.7822669230071398,78.23,0.005495913201188146,0.33800112237803537,33.8,0.5092113018035889,0.4483176128263714,44.83,681,740,9,0.3635561348837076,36.36,1.0,100.0,0.6152922679167556,0.6034158145184704,60.34,5,0.564945041310146,5,0.65376304112508,5,0.34311212487916987,10,0.4042010101402318,7,False,0.33394931018076845,True,False,False,0.07271122697674152,0.1
Candidate_028,"Driver, Truck",0.5247524752475247,52.47524752475247,0.5325467782620326,53.25,0.0038099928295349302,0.10854589972263202,10.85,0.454097718000412,0.10106472071877193,10.11,1423,3705,12,0.8880268984746598,88.8,0.0,0.0,0.31680574949040224,0.3993694043382135,39.94,7,0.43104997928725375,7,0.28512517454136205,7,0.2644420994730376,12,0.09769130975036883,14,False,0.43148205754326063,True,False,False,0.17760537969493195,0.0
Candidate_028,Inside Sales Representative,0.5107415107415108,51.07415107415108,0.23498038240016592,23.5,0.004964234540189533,0.26563919616147663,26.56,0.47408923506736755,0.22702481331428545,22.7,1876,2449,13,0.8643994601889338,86.44,0.0,0.0,0.23100259785722568,0.3345817105378447,33.46,8,0.3576819703235673,8,0.2079023380715031,10,0.3853912489669681,7,0.23907527654532898,9,False,0.007955569085880465,False,True,False,0.17287989203778675,0.0
Candidate_028,Retail Sales Associate,0.5107415107415108,51.07415107415108,0.23498038240016592,23.5,0.004958576853814748,0.26486918014608923,26.49,0.4669405519962311,0.18198327001566794,18.2,1876,2449,13,0.8643994601889338,86.44,0.0,0.0,0.20848182620791694,0.3188171703833286,31.88,9,0.3396653530041203,9,0.18763364358712525,11,0.38477523615465814,8,0.2383822621314803,10,False,0.052997112384497974,False,True,False,0.17287989203778675,0.0
Candidate_028,Food Service Supervisor,0.4996774193548388,49.96774193548388,0.0,0.0,0.004546272334041115,0.20875417793295506,20.88,0.4881106913089752,0.3153694807350558,31.54,1061,2524,12,0.6833380235893983,68.33,0.0,0.0,0.1576847403675279,0.24704692297514919,24.7,12,0.262815397011902,12,0.14191626633077511,12,0.3036709470642437,11,0.18787876013965957,12,True,0.3153694807350558,False,False,False,0.13666760471787967,0.0
Candidate_028,Restaurant Manager,0.507175572519084,50.7175572519084,0.15924659660275312,15.92,0.004223713080215647,0.16485358413829895,16.49,0.4608982801437378,0.1439128664800936,14.39,1139,1473,12,0.5865008675534992,58.65,0.0,0.0,0.15157973154142335,0.22340598558969618,22.34,13,0.2385639587438385,13,0.13642175838728104,13,0.24918304082133902,13,0.14836822572446906,13,True,0.015333730122659511,False,False,False,0.11730017351069984,0.0
Candidate_028,Delivery Driver,0.505054432348367,50.5054432348367,0.11419758977334103,11.42,0.006527938744446253,0.47846069259020546,47.85,0.43805742263793945,0.0,0.0,557,622,12,0.3705312074675783,37.05,0.0,0.0,0.057098794886670516,0.11407539791418503,11.41,14,0.11978527740285208,14,0.051388915398003464,14,0.45687479556568,6,0.43061462333118494,5,True,0.11419758977334103,False,False,False,0.07410624149351566,0.0
Candidate_028,Licensed Practical Nurse (L.P.N.),0.5015993021227101,50.15993021227101,0.04081715632489275,4.08,0.004739133151606902,0.23500270222871783,23.5,0.4425754249095917,0.028466473183504058,2.85,437,527,10,0.3039192124973743,30.39,0.0,0.0,0.034641814754198405,0.08503311282741374,8.5,15,0.08849729430283358,15,0.031177633278778566,15,0.24878600428244912,14,0.21150243200584606,11,True,0.012350683141388694,False,False,False,0.06078384249947486,0.0
Candidate_029,Administrative Assistant,1.0000000000000002,100.00000000000004,1.0,100.0,0.004147556834369521,0.3283002794688168,32.83,0.47319984436035156,0.4844576405510844,48.45,812,890,11,0.4384514673595585,43.85,1.0,100.0,0.7422288202755423,0.7072504676647912,70.73,1,0.6814733496923455,1,0.768005938247988,1,0.35033051704696516,7,0.39547025152193516,5,False,0.5155423594489156,True,False,False,0.0876902934719117,0.1
Candidate_029,Food Service Supervisor,1.0000000000000002,100.00000000000004,1.0,100.0,0.0032501844689268714,0.18054718928660826,18.05,0.44508084654808044,0.268532022897086,26.85,1061,2524,12,0.6833380235893983,68.33,1.0,100.0,0.634266011448543,0.6806538127318598,68.07,2,0.6440804138767141,2,0.6708394103036887,2,0.28110535614716625,9,0.2624924703579474,7,False,0.731467977102914,True,False,False,0.13666760471787967,0.1
Candidate_029,Software Developer,1.0,100.0,0.0,0.0,0.008227097684154167,1.0,100.0,0.540336549282074,1.0,100.0,323,344,8,0.2290858604605659,22.91,0.0,0.0,0.5,0.39581717209211315,39.58,3,0.4458171720921132,3,0.45,3,0.8458171720921133,1,0.9,1,False,1.0,True,False,False,0.04581717209211318,0.0
Candidate_029,Bookkeeper,1.0,100.0,0.0,0.0,0.004458187987808334,0.3794459516500733,37.94,0.45950445532798767,0.379290829288186,37.93,396,422,11,0.2992257912289334,29.92,1.0,100.0,0.189645414644093,0.29259694849665174,29.26,4,0.2115614899610611,11,0.2706808731796837,5,0.36340191956584533,4,0.44150135648506594,4,False,0.379290829288186,False,False,True,0.05984515824578668,0.1
Candidate_029,Information Technology (IT) Analyst,1.0,100.0,0.0,0.0,0.0068645534899060895,0.7756559896841987,77.57,0.49829575419425964,0.677168983524726,67.72,347,357,10,0.266375870790639,26.64,0.0,0.0,0.338584491762363,0.29028431839178187,29.03,5,0.32414276756801824,4,0.3047260425861267,4,0.6737999659054867,2,0.6980903907157788,2,False,0.677168983524726,True,False,False,0.053275174158127804,0.0
Candidate_029,Continuing Care Assistant,1.0,100.0,0.0,0.0,0.002153638480451467,0.0,0.0,0.4481014311313629,0.2917270740214466,29.17,819,1172,9,0.4396201180333152,43.96,1.0,100.0,0.1458635370107233,0.2900284995141693,29.0,6,0.2046148532152417,12,0.23127718330965097,6,0.08792402360666304,15,0.1,13,False,0.2917270740214466,False,False,True,0.08792402360666304,0.1
Candidate_029,Retail Sales Associate,1.0,100.0,0.0,0.0,0.003544945901629133,0.22907989903504286,22.91,0.4443137049674988,0.26264114724351373,26.26,1876,2449,13,0.8643994601889338,86.44,0.0,0.0,0.13132057362175686,0.26480429357301655,26.48,7,0.27793635093519226,5,0.11818851625958118,10,0.35614381126582106,6,0.20617190913153857,9,False,0.26264114724351373,False,True,False,0.17287989203778675,0.0
Candidate_029,Inside Sales Representative,1.0,100.0,0.0,0.0,0.0035489906492892544,0.22974587002858396,22.97,0.4427960216999054,0.25098686642077295,25.1,1876,2449,13,0.8643994601889338,86.44,0.0,0.0,0.12549343321038647,0.2607252952850573,26.07,8,0.2732746386060959,6,0.11294408988934783,11,0.35667658806065394,5,0.20677128302572556,8,False,0.25098686642077295,False,True,False,0.17287989203778675,0.0
Candidate_029,"Driver, Truck",1.0,100.0,0.0,0.0,0.0027238094446203026,0.09387911321133587,9.39,0.4381267726421356,0.21513173056172374,21.51,1423,3705,12,0.8880268984746598,88.8,0.0,0.0,0.10756586528086187,0.25290148539153523,25.29,9,0.26365807191962143,8,0.09680927875277569,13,0.2527086702640007,10,0.08449120189020227,15,False,0.21513173056172374,False,True,False,0.17760537969493195,0.0
Candidate_029,Office Manager,1.0,100.0,0.0,0.0,0.003147214965068831,0.16359317668778076,16.36,0.45604005455970764,0.3526877163079147,35.27,676,1709,13,0.5286438829565303,52.86,0.0,0.0,0.17634385815395734,0.22916947729907622,22.92,12,0.24680386311447194,10,0.1587094723385616,9,0.23660331794153067,11,0.14723385901900268,11,True,0.3526877163079147,False,False,False,0.10572877659130607,0.0
Candidate_029,Delivery Driver,1.0,100.0,0.0,0.0,0.004773831403098969,0.4314168968238224,43.14,0.4101111590862274,0.0,0.0,557,622,12,0.3705312074675783,37.05,1.0,100.0,0.0,0.17410624149351567,17.41,13,0.07410624149351566,15,0.1,12,0.4192397589525736,3,0.4882752071414401,3,True,0.0,False,False,True,0.07410624149351566,0.1
Candidate_029,Restaurant Manager,1.0,100.0,0.0,0.0,0.0030195830002813957,0.14257846982852926,14.26,0.4196406900882721,0.0731772121220998,7.32,1139,1473,12,0.5865008675534992,58.65,0.0,0.0,0.0365886060610499,0.14291219775343478,14.29,14,0.14657105835953976,13,0.03292974545494491,15,0.23136294937352325,12,0.12832062284567633,12,True,0.0731772121220998,False,False,False,0.11730017351069984,0.0
Candidate_029,Licensed Practical Nurse (L.P.N.),1.0,100.0,0.0,0.0,0.0033880629741856352,0.20324899737230442,20.32,0.4347776770591736,0.18941404541656645,18.94,437,527,10,0.3039192124973743,30.39,0.0,0.0,0.09470702270828323,0.1270787583952731,12.71,15,0.13654946066610144,14,0.08523632043745491,14,0.2233830403973184,13,0.18292409763507397,10,True,0.18941404541656645,False,False,False,0.06078384249947486,0.0
Candidate_030,Office Manager,0.5467625899280575,54.67625899280575,1.0,100.0,0.01617404162637795,0.3700639732968823,37.01,0.4109121561050415,0.2356343813313973,23.56,676,1709,13,0.5286438829565303,52.86,1.0,100.0,0.6178171906656986,0.6382008100572951,63.82,3,0.599982529123865,3,0.6560354715991288,4,0.40177995522881194,9,0.4330575759671941,7,False,0.7643656186686028,True,False,False,0.10572877659130607,0.1
Candidate_030,Office Administrator,0.5382775119617226,53.82775119617226,0.8197929865595287,81.98,0.01282459096371491,0.12731525848330144,12.73,0.4273903965950012,0.3453433158798166,34.53,676,1709,13,0.5286438829565303,52.86,1.0,100.0,0.5825681512196726,0.6135264824450769,61.35,5,0.5717832975670443,5,0.6243113360977054,5,0.20758098337794723,14,0.21458373263497132,13,False,0.4744496706797121,True,False,False,0.10572877659130607,0.1
Candidate_030,"Driver, Truck",0.5247524752475247,52.47524752475247,0.5325467782620326,53.25,0.013998092862603898,0.21236385494780669,21.24,0.3984883427619934,0.1529190376801909,15.29,1423,3705,12,0.8880268984746598,88.8,0.0,0.0,0.3427329079711117,0.4175184152747101,41.75,7,0.45179170607182134,7,0.30845961717400056,7,0.3474964636531773,11,0.19112746945302603,14,False,0.3796277405818417,True,False,False,0.17760537969493195,0.0
Candidate_030,Food Service Supervisor,0.4996774193548388,49.96774193548388,0.0,0.0,0.01670321839381589,0.40841562947641613,40.84,0.4284321665763855,0.35227921870098455,35.23,1061,2524,12,0.6833380235893983,68.33,0.0,0.0,0.17613960935049228,0.25996533126322424,26.0,10,0.2775792921982735,10,0.15852564841544306,12,0.46340010829901257,6,0.3675740665287745,10,False,0.35227921870098455,True,False,False,0.13666760471787967,0.0
Candidate_030,Bookkeeper,0.5088526912181303,50.88526912181303,0.19486542687625363,19.49,0.017954937182820166,0.49913293148832766,49.91,0.4209308922290802,0.30233718654653907,30.23,396,422,11,0.2992257912289334,29.92,0.0,0.0,0.24860130671139635,0.2338660729437641,23.39,12,0.2587262036149038,12,0.22374117604025673,10,0.45915150343644884,7,0.4492196383394949,5,True,0.10747175967028544,False,False,False,0.05984515824578668,0.0
Candidate_030,Restaurant Manager,0.507175572519084,50.7175572519084,0.15924659660275312,15.92,0.015518120523358148,0.3225266243960421,32.25,0.3934914469718933,0.1196506730440887,11.97,1139,1473,12,0.5865008675534992,58.65,0.0,0.0,0.1394486348234209,0.21491421788709447,21.49,13,0.22885908136943656,13,0.12550377134107882,13,0.37532147302753355,10,0.2902739619564379,12,True,0.03959592355866441,False,False,False,0.11730017351069984,0.0
Candidate_030,Delivery Driver,0.505054432348367,50.5054432348367,0.11419758977334103,11.42,0.022264394332850733,0.8114573363154717,81.15,0.3755199611186981,0.0,0.0,557,622,12,0.3705312074675783,37.05,0.0,0.0,0.057098794886670516,0.11407539791418503,11.41,14,0.11978527740285208,14,0.051388915398003464,15,0.723272110545893,2,0.7303116026839245,2,True,0.11419758977334103,False,False,False,0.07410624149351566,0.0
Candidate_030,Licensed Practical Nurse (L.P.N.),0.5015993021227101,50.15993021227101,0.04081715632489275,4.08,0.017411798108957544,0.4597693684972659,45.98,0.390867680311203,0.1021821426495125,10.22,437,527,10,0.3039192124973743,30.39,0.0,0.0,0.07149964948720262,0.11083359714051669,11.08,15,0.11798356208923697,15,0.06434968453848236,14,0.4285993372972876,8,0.4137924316475393,8,True,0.06136498632461975,False,False,False,0.06078384249947486,0.0
Candidate_031,Retail Sales Associate,0.8613998613998614,86.13998613998614,0.9977683822971528,99.78,0.010243337090764032,0.4306360140469839,43.06,0.44969528913497925,0.40751489904067884,40.75,1876,2449,13,0.8643994601889338,86.44,0.0,0.0,0.7026416406689158,0.6647290405060278,66.47,4,0.7349932045729194,1,0.6323774766020243,6,0.5173887032753739,7,0.3875724126422855,11,False,0.590253483256474,True,False,False,0.17287989203778675,0.0
Candidate_031,Inside Sales Representative,0.8613998613998614,86.13998613998614,0.9977683822971528,99.78,0.010255024635476818,0.4318879401013322,43.19,0.44710633158683777,0.39303004018764237,39.3,1876,2449,13,0.8643994601889338,86.44,0.0,0.0,0.6953992112423976,0.6596593399074651,65.97,5,0.7291992610317048,2,0.6258592901181579,7,0.5183902441188526,6,0.388699146091199,10,False,0.6047383421095105,True,False,False,0.17287989203778675,0.0
Candidate_031,Information Technology (IT) Analyst,0.8329095532146749,83.2909553214675,0.4338387904360552,43.38,0.012373298828593214,0.6587895449965591,65.88,0.551795244216919,0.9787500045853463,97.88,347,357,10,0.266375870790639,26.64,0.0,0.0,0.7062943975107008,0.5476812524156183,54.77,7,0.6183106921666884,7,0.6356649577596307,5,0.580306810155375,4,0.5929105904969032,5,False,0.5449112141492911,True,False,False,0.053275174158127804,0.0
Candidate_031,Bookkeeper,0.8541076487252124,85.41076487252124,0.8534282617674178,85.34,0.010544390017899238,0.46288367704895234,46.29,0.43717333674430847,0.33745630998675086,33.75,396,422,11,0.2992257912289334,29.92,0.0,0.0,0.5954422858770844,0.4766547583597457,47.67,9,0.5361989869474542,9,0.5358980572893759,8,0.43015209988494857,10,0.4165953093440571,8,False,0.5159719517806669,True,False,False,0.05984515824578668,0.0
Candidate_031,Continuing Care Assistant,0.8292917628945342,82.92917628945342,0.36222920989326796,36.22,0.006223069558485219,0.0,0.0,0.4675127863883972,0.5072013280496804,50.72,819,1172,9,0.4396201180333152,43.96,0.0,0.0,0.43471526897147417,0.39222471188669494,39.22,12,0.43569623878384245,12,0.3912437420743268,11,0.08792402360666304,15,0.0,15,True,0.14497211815641248,False,False,False,0.08792402360666304,0.0
Candidate_031,Restaurant Manager,0.8320610687022901,83.20610687022901,0.41704411339502656,41.7,0.008725268989636298,0.26802623972906336,26.8,0.435202419757843,0.3264293024637816,32.64,1139,1473,12,0.5865008675534992,58.65,0.0,0.0,0.37173670792940405,0.37751586906128265,37.75,13,0.41468953985422313,13,0.3345630371364637,12,0.3317211652939505,13,0.24122361575615703,13,True,0.09061481093124496,False,False,False,0.11730017351069984,0.0
Candidate_031,Delivery Driver,0.8351477449455678,83.51477449455678,0.47814096298909164,47.81,0.012724002142515262,0.6963555716372918,69.64,0.3768579363822937,0.0,0.0,557,622,12,0.3705312074675783,37.05,0.0,0.0,0.23907048149454582,0.24145557853969773,24.15,14,0.26536262668915234,14,0.21516343334509125,14,0.6311906988033491,3,0.6267200144735626,4,True,0.47814096298909164,False,False,False,0.07410624149351566,0.0
Candidate_031,Licensed Practical Nurse (L.P.N.),0.8109915673160802,81.09915673160802,0.0,0.0,0.009790014316825194,0.38207777485560157,38.21,0.4516049027442932,0.4181989226603812,41.82,437,527,10,0.3039192124973743,30.39,0.0,0.0,0.2090994613301906,0.20715346543060828,20.72,15,0.22806341156362736,15,0.18818951519717156,15,0.36644606238395616,12,0.3438699973700414,12,True,0.4181989226603812,False,False,False,0.06078384249947486,0.0
Candidate_032,Administrative Assistant,1.0000000000000002,100.00000000000004,1.0,100.0,0.006739435534138631,0.21904868654664347,21.9,0.4880431890487671,0.41350258489917474,41.35,812,890,11,0.4384514673595585,43.85,1.0,100.0,0.7067512924495873,0.6824161981866228,68.24,2,0.6530913274315816,2,0.7360761632046287,2,0.26292924270922646,8,0.29714381789197913,6,False,0.5864974151008253,True,False,False,0.0876902934719117,0.1
Candidate_032,Software Developer,1.0,100.0,0.0,0.0,0.01903125329088544,1.0,100.0,0.5772841572761536,1.0,100.0,323,344,8,0.2290858604605659,22.91,0.0,0.0,0.5,0.39581717209211315,39.58,3,0.4458171720921132,3,0.45,3,0.8458171720921133,1,0.9,1,False,1.0,True,False,False,0.04581717209211318,0.0
Candidate_032,Information Technology (IT) Analyst,1.0,100.0,0.0,0.0,0.013191531467179817,0.6289777054397084,62.9,0.5626416206359863,0.9037683021536093,90.38,347,357,10,0.266375870790639,26.64,0.0,0.0,0.45188415107680463,0.369594079911891,36.96,4,0.41478249501957154,4,0.4066957359691242,4,0.5564573385098945,2,0.5660799348957376,2,False,0.9037683021536093,True,False,False,0.053275174158127804,0.0
Candidate_032,Bookkeeper,1.0,100.0,0.0,0.0,0.011442603158840638,0.5178608725543888,51.79,0.5037834644317627,0.516948692762772,51.69,396,422,11,0.2992257912289334,29.92,1.0,100.0,0.258474346381386,0.34077720071275686,34.08,5,0.2666246353508955,9,0.33262691174324743,5,0.4741338562892978,3,0.56607478529895,3,False,0.516948692762772,True,False,False,0.05984515824578668,0.1
Candidate_032,Inside Sales Representative,1.0,100.0,0.0,0.0,0.005424422299875057,0.13550031861359307,13.55,0.47497302293777466,0.32760460786800416,32.76,1876,2449,13,0.8643994601889338,86.44,0.0,0.0,0.16380230393400208,0.2875415047915882,28.75,6,0.30392173518498844,6,0.14742207354060188,10,0.2812801469286612,6,0.12195028675223377,9,False,0.32760460786800416,False,True,False,0.17287989203778675,0.0
Candidate_032,Continuing Care Assistant,1.0,100.0,0.0,0.0,0.0032917090388980136,0.0,0.0,0.4652130603790283,0.26346150267891333,26.35,819,1172,9,0.4396201180333152,43.96,1.0,100.0,0.13173075133945666,0.2801355495442827,28.01,8,0.19330862467822837,13,0.218557676205511,7,0.08792402360666304,15,0.1,13,False,0.26346150267891333,False,False,True,0.08792402360666304,0.1
Candidate_032,Retail Sales Associate,1.0,100.0,0.0,0.0,0.005418240142306024,0.13510753992381289,13.51,0.46577492356300354,0.26715410386407906,26.72,1876,2449,13,0.8643994601889338,86.44,0.0,0.0,0.13357705193203953,0.2663838283902144,26.64,10,0.27974153358341836,8,0.12021934673883558,12,0.28096592397683706,7,0.1215967859314316,10,False,0.26715410386407906,False,True,False,0.17287989203778675,0.0
Candidate_032,"Driver, Truck",1.0,100.0,0.0,0.0,0.004163181634464894,0.055368350036999324,5.54,0.4398294985294342,0.09663909245017495,9.66,1423,3705,12,0.8880268984746598,88.8,0.0,0.0,0.048319546225087474,0.21142906205249318,21.14,12,0.21626101667500194,12,0.04348759160257873,15,0.22190005972453142,10,0.04983151503329939,15,True,0.09663909245017495,False,True,False,0.17760537969493195,0.0
Candidate_032,Secondary School Teacher,1.0,100.0,0.0,0.0,0.005202182471327374,0.12138047975487766,12.14,0.48221707344055176,0.3752129763015817,37.52,681,740,9,0.3635561348837076,36.36,0.0,0.0,0.18760648815079084,0.20403576868229512,20.4,13,0.22279641749737422,11,0.16884583933571176,9,0.16981561078064367,13,0.1092424317793899,11,True,0.3752129763015817,False,False,False,0.07271122697674152,0.0
Candidate_032,Delivery Driver,1.0,100.0,0.0,0.0,0.0068426591330871065,0.22560691957397153,22.56,0.42512497305870056,0.0,0.0,557,622,12,0.3705312074675783,37.05,1.0,100.0,0.0,0.17410624149351567,17.41,14,0.07410624149351566,15,0.1,13,0.2545917771526929,9,0.3030462276165744,5,True,0.0,False,False,True,0.07410624149351566,0.1
Candidate_032,Licensed Practical Nurse (L.P.N.),1.0,100.0,0.0,0.0,0.005178453866660406,0.11987290086395952,11.99,0.4503200352191925,0.16558357808021168,16.56,437,527,10,0.3039192124973743,30.39,0.0,0.0,0.08279178904010584,0.11873809482754895,11.87,15,0.12701727373155955,14,0.07451261013609525,14,0.1566821631906425,14,0.10788561077756358,12,True,0.16558357808021168,False,False,False,0.06078384249947486,0.0
Candidate_033,"Driver, Truck",0.8811881188118811,88.11881188118811,0.6958608440448676,69.59,0.001929105866141618,0.07700640533966295,7.7,0.45858776569366455,0.20209751029906153,20.21,1423,3705,12,0.8880268984746598,88.8,1.0,100.0,0.44897917717196456,0.5918908037153071,59.19,4,0.5367887214325036,5,0.5040812594547681,4,0.23921050396666232,12,0.16930576480569665,10,False,0.49376333374580605,True,False,False,0.17760537969493195,0.1
Candidate_033,Software Developer,0.8435089974293059,84.35089974293058,0.058203027746528434,5.82,0.005245529500639182,0.7094363355634614,70.94,0.5706783533096313,1.0,100.0,323,344,8,0.2290858604605659,22.91,0.0,0.0,0.5291015138732642,0.4161882318033981,41.62,8,0.46909838319072455,8,0.4761913624859378,5,0.6133662405428824,2,0.6384927020071153,2,False,0.9417969722534716,True,False,False,0.04581717209211318,0.0
Candidate_033,Information Technology (IT) Analyst,0.8547039593171086,85.47039593171087,0.247659540769698,24.77,0.006769227475721661,1.0,100.0,0.5407754182815552,0.787139787418969,78.71,347,357,10,0.266375870790639,26.64,0.0,0.0,0.5173996640943335,0.41545493902416125,41.55,9,0.4671949054335946,9,0.4656596976849001,7,0.8532751741581278,1,0.9,1,False,0.539480246649271,True,False,False,0.053275174158127804,0.0
Candidate_033,Restaurant Manager,0.8625954198473282,86.25954198473282,0.3812096689165674,38.12,0.002138583993329373,0.11695312263557758,11.7,0.4671226739883423,0.26285216171568504,26.29,1139,1473,12,0.5865008675534992,58.65,0.0,0.0,0.3220309153161262,0.34272181423198816,34.27,12,0.3749249057636008,12,0.2898278237845136,12,0.2108626716191619,13,0.10525781037201982,14,True,0.11835750720088234,False,False,False,0.11730017351069984,0.0
Candidate_033,Delivery Driver,0.8689735614307932,86.89735614307932,0.4891493364278887,48.91,0.003305277854620425,0.3394374004623511,33.94,0.4301967918872833,0.0,0.0,557,622,12,0.3705312074675783,37.05,0.0,0.0,0.24457466821394436,0.2453085092432767,24.53,13,0.2697659760646711,13,0.22011720139254992,14,0.34565616186339654,7,0.305493660416116,7,True,0.4891493364278887,True,False,False,0.07410624149351566,0.0
Candidate_033,Bookkeeper,0.8406515580736544,84.06515580736544,0.009845516401472696,0.98,0.0048453324145432955,0.6331202061635054,63.31,0.49965888261795044,0.49445699512005126,49.45,396,422,11,0.2992257912289334,29.92,0.0,0.0,0.25215125576076197,0.23635103727832005,23.64,14,0.26156616285439627,14,0.22693613018468578,13,0.566341323176591,3,0.5698081855471548,3,True,0.48461147871857857,False,False,False,0.05984515824578668,0.0
Candidate_033,Licensed Practical Nurse (L.P.N.),0.840069787728991,84.0069787728991,0.0,0.0,0.0023995555824463458,0.1667194559166529,16.67,0.4707631468772888,0.2887664016492924,28.88,437,527,10,0.3039192124973743,30.39,0.0,0.0,0.1443832008246462,0.1618520830767272,16.19,15,0.17629040315919184,15,0.12994488074218158,15,0.19415940723279718,14,0.15004751032498762,12,True,0.2887664016492924,False,False,False,0.06078384249947486,0.0
Candidate_034,Inside Sales Representative,0.9653499653499652,96.53499653499654,0.8761166616607415,87.61,0.0054069360430329585,0.0900509327746898,9.01,0.4579152464866638,0.2831418485283407,28.31,1876,2449,13,0.8643994601889338,86.44,0.0,0.0,0.5796292550945411,0.5786203706039655,57.86,6,0.6365832961134197,6,0.521666329585087,8,0.2449206382575386,5,0.08104583949722081,9,False,0.5929748131324009,True,False,False,0.17287989203778675,0.0
Candidate_034,Software Developer,0.9318766066838046,93.18766066838046,0.17004621849787713,17.0,0.016047810628340355,0.5408005132341822,54.08,0.5773550868034363,1.0,100.0,323,344,8,0.2290858604605659,22.91,0.0,0.0,0.5850231092489385,0.45533334856637014,45.53,9,0.5138356594912641,9,0.5265207983240447,6,0.478457582679459,2,0.486720461910764,2,False,0.8299537815021228,True,False,False,0.04581717209211318,0.0
Candidate_034,Information Technology (IT) Analyst,0.9346167816926988,93.46167816926987,0.2278461125022295,22.78,0.026888162699953005,1.0,100.0,0.5555148720741272,0.8689186462651519,86.89,347,357,10,0.266375870790639,26.64,0.0,0.0,0.5483823793836907,0.43714283972671125,43.71,10,0.4919810776650804,10,0.49354414144532166,9,0.8532751741581278,1,0.9,1,False,0.6410725337629224,True,False,False,0.053275174158127804,0.0
Candidate_034,Secondary School Teacher,0.9442586399108136,94.42586399108136,0.4312266926487954,43.12,0.004919453296287039,0.06940106590375003,6.94,0.4920090436935425,0.48776717603675823,48.78,681,740,9,0.3635561348837076,36.36,0.0,0.0,0.45949693434277683,0.39435908101668526,39.44,12,0.440308774450963,12,0.41354724090849915,11,0.12823207969974154,13,0.06246095931337503,13,True,0.05654048338796286,False,False,False,0.07271122697674152,0.0
Candidate_034,Continuing Care Assistant,0.9422632794457276,94.22632794457274,0.38913754760948444,38.91,0.003281097831561713,0.0,0.0,0.47912701964378357,0.4104513999688053,41.05,819,1172,9,0.4396201180333152,43.96,0.0,0.0,0.3997944737891449,0.3677801552590645,36.78,13,0.40775960263797895,13,0.3598150264102304,13,0.08792402360666304,15,0.0,15,True,0.021313852359320873,False,False,False,0.08792402360666304,0.0
Candidate_034,Delivery Driver,0.9564541213063764,95.64541213063764,0.6884721348952146,68.85,0.006724435203882846,0.14586046132874375,14.59,0.41073936223983765,0.0,0.0,557,622,12,0.3705312074675783,37.05,0.0,0.0,0.3442360674476073,0.31507148870684076,31.51,14,0.3494950954516015,14,0.30981246070284657,14,0.19079461055651067,11,0.13127441519586938,8,True,0.6884721348952146,True,False,False,0.07410624149351566,0.0
Candidate_034,Licensed Practical Nurse (L.P.N.),0.923815062518174,92.38150625181738,0.0,0.0,0.005161760517700563,0.079665248374734,7.97,0.45205366611480713,0.247961613366207,24.8,437,527,10,0.3039192124973743,30.39,0.0,0.0,0.1239808066831035,0.1475704071776473,14.76,15,0.15996848784595766,15,0.11158272601479316,15,0.12451604119926207,14,0.0716987235372606,12,True,0.247961613366207,False,False,False,0.06078384249947486,0.0
Candidate_035,Retail Sales Associate,0.896049896049896,89.6049896049896,0.7375171456827702,73.75,0.006642563789091853,0.09947333864483954,9.95,0.4667014181613922,0.360731797277456,36.07,1876,2449,13,0.8643994601889338,86.44,0.0,0.0,0.5491244714801131,0.5572670220738658,55.73,4,0.6121794692218773,3,0.49421202433210176,6,0.25245856295365837,4,0.08952600478035559,10,False,0.37678534840531414,True,False,False,0.17287989203778675,0.0
Candidate_035,Inside Sales Representative,0.896049896049896,89.6049896049896,0.7375171456827702,73.75,0.006650142887641928,0.0997625231540313,9.98,0.465582013130188,0.35423066731214686,35.42,1876,2449,13,0.8643994601889338,86.44,0.0,0.0,0.5458739064974585,0.5549916265860076,55.5,5,0.6095790172357536,4,0.49128651584771266,7,0.2526899105610118,3,0.08978627083862817,9,False,0.3832864783706233,True,False,False,0.17287989203778675,0.0
Candidate_035,Bookkeeper,0.8937677053824362,89.37677053824362,0.6581649247644312,65.82,0.010334969390792927,0.24035902506387144,24.04,0.4839824140071869,0.4610940404260515,46.11,396,422,11,0.2992257912289334,29.92,0.0,0.0,0.5596294825952414,0.4515857960624556,45.16,7,0.5075487443219797,7,0.5036665343357173,5,0.25213237829688384,5,0.2163231225574843,4,False,0.19707088433837971,True,False,False,0.05984515824578668,0.0
Candidate_035,Food Service Supervisor,0.8748387096774194,87.48387096774194,0.0,0.0,0.006984668292028326,0.11252651668710074,11.25,0.5036618709564209,0.5753857433461685,57.54,1061,2524,12,0.6833380235893983,68.33,0.0,0.0,0.28769287167308427,0.33805261488903865,33.81,11,0.3668219020563471,12,0.25892358450577585,12,0.22668881806756028,9,0.10127386501839067,7,False,0.5753857433461685,True,False,False,0.13666760471787967,0.0
Candidate_035,Licensed Practical Nurse (L.P.N.),0.8871765047979063,88.71765047979063,0.4289875767197779,42.9,0.006348594605391761,0.0882567891377784,8.83,0.4638819396495819,0.3443572092340588,34.44,437,527,10,0.3039192124973743,30.39,0.0,0.0,0.38667239297691836,0.3314545175833177,33.15,12,0.37012175688100957,11,0.3480051536792266,11,0.1313892738096976,14,0.07943111022400057,12,True,0.08463036748571906,False,False,False,0.06078384249947486,0.0
Candidate_035,Restaurant Manager,0.881526717557252,88.1526717557252,0.23254335685053332,23.25,0.005658132240215199,0.06191183282539671,6.19,0.46323809027671814,0.3406179474526755,34.06,1139,1473,12,0.5865008675534992,58.65,0.0,0.0,0.2865806521516044,0.3179066300168229,31.79,13,0.34656469523198336,13,0.257922586936444,13,0.16682963977101722,12,0.05572064954285704,14,True,0.10807459060214217,False,False,False,0.11730017351069984,0.0
Candidate_035,"Driver, Truck",0.8764356435643563,87.64356435643563,0.05552570711773451,5.55,0.006544911544949351,0.09574736568021258,9.57,0.43257462978363037,0.1625348262456576,16.25,1423,3705,12,0.8880268984746598,88.8,0.0,0.0,0.10903026668169605,0.2539265663721192,25.39,14,0.2648295930402888,14,0.09812724001352646,14,0.254203272239102,2,0.08617262911219133,11,True,0.10700911912792309,False,True,False,0.17760537969493195,0.0
Candidate_035,Delivery Driver,0.8786936236391915,87.86936236391915,0.13403612094172707,13.4,0.008309881633556442,0.1630907318390965,16.31,0.40458837151527405,0.0,0.0,557,622,12,0.3705312074675783,37.05,0.0,0.0,0.06701806047086353,0.12101888382312014,12.1,15,0.1277206898702065,15,0.06031625442377718,15,0.20457882696479288,10,0.14678165865518686,5,True,0.13403612094172707,False,False,False,0.07410624149351566,0.0
Candidate_036,"Driver, Truck",0.8811881188118811,88.11881188118811,0.6958608440448676,69.59,0.0036086603631024236,0.10854589972263196,10.85,0.42747730016708374,0.20552211912813903,20.55,1423,3705,12,0.8880268984746598,88.8,1.0,100.0,0.4506914815865033,0.5930894168054842,59.31,4,0.5381585649641346,5,0.505622333427853,5,0.26444209947303754,12,0.19769130975036875,12,False,0.4903387249167286,True,False,False,0.17760537969493195,0.1
Candidate_036,Information Technology (IT) Analyst,0.8547039593171086,85.47039593171087,0.247659540769698,24.77,0.009301698488802336,0.9266020797542104,92.66,0.5292165875434875,0.9281646957614389,92.82,347,357,10,0.266375870790639,26.64,0.0,0.0,0.5879121182655684,0.4648136569440257,46.48,6,0.5236048687705825,6,0.5291209064390117,4,0.7945568379614961,2,0.8339418717787893,2,False,0.6805051549917409,True,False,False,0.053275174158127804,0.0
Candidate_036,Software Developer,0.8435089974293059,84.35089974293058,0.058203027746528434,5.82,0.009812491229577464,1.0,100.0,0.5393301248550415,1.0,100.0,323,344,8,0.2290858604605659,22.91,0.0,0.0,0.5291015138732642,0.4161882318033981,41.62,10,0.46909838319072455,10,0.4761913624859378,7,0.8458171720921133,1,0.9,1,False,0.9417969722534716,True,False,False,0.04581717209211318,0.0
Candidate_036,Restaurant Manager,0.8625954198473282,86.25954198473282,0.3812096689165674,38.12,0.004000518284322329,0.164853584138299,16.49,0.42863625288009644,0.21375402831803858,21.38,1139,1473,12,0.5865008675534992,58.65,0.0,0.0,0.297481848617303,0.3255374675428119,32.55,12,0.35528565240454224,12,0.26773366375557267,12,0.24918304082133907,13,0.14836822572446912,14,True,0.1674556405985288,False,False,False,0.11730017351069984,0.0
Candidate_036,Delivery Driver,0.8689735614307932,86.89735614307932,0.4891493364278887,48.91,0.00618298113771498,0.4784606925902054,47.85,0.39854228496551514,0.0,0.0,557,622,12,0.3705312074675783,37.05,0.0,0.0,0.24457466821394436,0.2453085092432767,24.53,13,0.2697659760646711,13,0.22011720139254992,13,0.45687479556568,6,0.4306146233311849,6,True,0.4891493364278887,True,False,False,0.07410624149351566,0.0
Candidate_036,Bookkeeper,0.8406515580736544,84.06515580736544,0.009845516401472696,0.98,0.005597020306690494,0.39426155875477403,39.43,0.45711684226989746,0.41604841263524395,41.6,396,422,11,0.2992257912289334,29.92,0.0,0.0,0.21294696451835832,0.20890803340863748,20.89,14,0.23020272986047335,14,0.1916522680665225,14,0.3752544052496059,9,0.35483540287929666,7,True,0.40620289623377126,False,False,False,0.05984515824578668,0.0
Candidate_036,Licensed Practical Nurse (L.P.N.),0.840069787728991,84.0069787728991,0.0,0.0,0.004488701875524542,0.23500270222871783,23.5,0.4122953712940216,0.09768660659399465,9.77,437,527,10,0.3039192124973743,30.39,0.0,0.0,0.04884330329699733,0.09497415480737298,9.5,15,0.09985848513707273,15,0.043958972967297595,15,0.24878600428244912,14,0.21150243200584606,11,True,0.09768660659399465,False,False,False,0.06078384249947486,0.0
Candidate_037,Licensed Practical Nurse (L.P.N.),0.7743530095958127,77.43530095958127,0.7205451712511525,72.05,0.01043478029556392,0.4160516077553772,41.61,0.39633435010910034,0.2459732535760133,24.6,437,527,10,0.3039192124973743,30.39,1.0,100.0,0.4832592124135829,0.4990652911889829,49.91,5,0.4473912124303412,9,0.5349332911722247,5,0.39362512870377664,12,0.4744464469798395,7,False,0.4745719176751392,True,False,False,0.06078384249947486,0.1
Candidate_037,"Driver, Truck",0.767128712871287,76.7128712871287,0.6002177736888549,60.02,0.008388968368696428,0.19217096512746512,19.22,0.3776058852672577,0.12610399098152242,12.61,1423,3705,12,0.8880268984746598,88.8,0.0,0.0,0.3631608823351886,0.431817997329564,43.18,9,0.4681340855630829,8,0.3268447941016698,11,0.33134215179690407,14,0.17295386861471862,14,False,0.47411378270733245,True,False,False,0.17760537969493195,0.0
Candidate_037,Retail Sales Associate,0.7401247401247402,74.01247401247402,0.1504414302831156,15.04,0.010917958705313308,0.46892757912790706,46.89,0.4019608199596405,0.28198478990266224,28.2,1876,2449,13,0.8643994601889338,86.44,0.0,0.0,0.2162131100928889,0.324229069102809,32.42,12,0.3458503801120979,12,0.19459179908360003,14,0.5480219553401124,6,0.4220348212151164,10,True,0.13154335961954663,False,True,False,0.17287989203778675,0.0
Candidate_037,Inside Sales Representative,0.7401247401247402,74.01247401247402,0.1504414302831156,15.04,0.010930415986510834,0.4702908247338553,47.03,0.40173783898353577,0.28055762727059436,28.06,1876,2449,13,0.8643994601889338,86.44,0.0,0.0,0.21549952877685496,0.3237295621815852,32.37,13,0.34527951505927074,13,0.19394957589916947,15,0.549112551824871,5,0.4232617422604698,9,True,0.13011619698747875,False,True,False,0.17287989203778675,0.0
Candidate_037,Administrative Assistant,0.7310924369747899,73.10924369747899,0.0,0.0,0.010862771662955429,0.46288826029045455,46.29,0.4481714963912964,0.5777506070495959,57.78,812,890,11,0.4384514673595585,43.85,0.0,0.0,0.28887530352479796,0.28990300593927026,28.99,14,0.3187905362917501,14,0.2599877731723182,12,0.4580009017042754,9,0.4165994342614091,11,True,0.5777506070495959,True,False,False,0.0876902934719117,0.0
Candidate_037,Delivery Driver,0.7573872472783826,75.73872472783826,0.4379645817265845,43.8,0.01345612667388411,0.746688534784912,74.67,0.35790330171585083,0.0,0.0,557,622,12,0.3705312074675783,37.05,0.0,0.0,0.21898229086329224,0.2273938450978202,22.74,15,0.24929207418414948,15,0.19708406177696303,13,0.6714570693214453,4,0.6720196813064209,4,True,0.4379645817265845,True,False,False,0.07410624149351566,0.0
Candidate_038,Bookkeeper,0.6682011331444759,66.8201133144476,0.6127816609934615,61.28,0.010172895629452325,0.24158817931406254,24.16,0.4336682856082916,0.3081787640252034,30.82,396,422,11,0.2992257912289334,29.92,1.0,100.0,0.46048021250933246,0.4821813070023194,48.22,4,0.42822932825325266,5,0.5144321912583992,4,0.25311570169703673,3,0.3174293613826563,3,False,0.30460289696825815,True,False,False,0.05984515824578668,0.1
Candidate_038,Licensed Practical Nurse (L.P.N.),0.6615295143937191,66.1529514393719,0.515402242745367,51.54,0.0048142613924953784,0.05957783114384055,5.96,0.40970826148986816,0.1643413731916223,16.43,437,527,10,0.3039192124973743,30.39,1.0,100.0,0.3398718079684946,0.3986941080774211,39.87,5,0.33268128887427056,7,0.4058846271716452,5,0.1084461074145473,14,0.1536200480294565,5,False,0.35106086955374466,True,False,False,0.06078384249947486,0.1
Candidate_038,Inside Sales Representative,0.6361746361746362,63.61746361746362,0.14532065041134984,14.53,0.005042931254637364,0.0673447880556328,6.73,0.41895073652267456,0.2198260207442585,21.98,1876,2449,13,0.8643994601889338,86.44,0.0,0.0,0.18257333557780417,0.30068122694224964,30.07,8,0.3189385605000301,8,0.16431600202002378,12,0.226755722482293,5,0.06061030925006953,9,False,0.07450537033290866,False,True,False,0.17287989203778675,0.0
Candidate_038,"Driver, Truck",0.6435643564356435,64.35643564356435,0.25318152899518853,25.32,0.00573357917789032,0.09080320365477183,9.08,0.39749228954315186,0.09100615772492299,9.1,1423,3705,12,0.8880268984746598,88.8,0.0,0.0,0.17209384336005576,0.298071070046971,29.81,9,0.3152804543829766,9,0.15488445902405018,13,0.25024794261874944,4,0.08172288328929465,8,False,0.16217537127026554,False,True,False,0.17760537969493195,0.0
Candidate_038,Food Service Supervisor,0.6287096774193549,62.87096774193549,0.036361585453861166,3.64,0.004618343202727438,0.052923311287528696,5.29,0.44881775975227356,0.39912445016479403,39.91,1061,2524,12,0.6833380235893983,68.33,0.0,0.0,0.2177430178093276,0.28908771718440895,28.91,10,0.31086201896534177,11,0.19596871602839483,10,0.17900625374790263,8,0.04763098015877583,11,False,0.3627628647109329,True,False,False,0.13666760471787967,0.0
Candidate_038,Retail Sales Associate,0.6361746361746362,63.61746361746362,0.14532065041134984,14.53,0.005037183878437195,0.06714957377210448,6.71,0.4122307002544403,0.1794841380169113,17.95,1876,2449,13,0.8643994601889338,86.44,0.0,0.0,0.16240239421413055,0.2865615679876781,28.66,11,0.30280180740909124,12,0.14616215479271752,14,0.22659955105547033,6,0.06043461639489404,10,False,0.034163487605561454,False,True,False,0.17287989203778675,0.0
Candidate_038,Continuing Care Assistant,0.6395304080061586,63.95304080061586,0.19430173295446118,19.43,0.003060208345838683,0.0,0.0,0.4442247450351715,0.37155155417341607,37.16,819,1172,9,0.4396201180333152,43.96,0.0,0.0,0.2829266435639386,0.28597267410142,28.6,12,0.31426533845781396,10,0.25463397920754477,8,0.08792402360666304,15,0.0,15,True,0.17724982121895488,False,False,False,0.08792402360666304,0.0
Candidate_038,Restaurant Manager,0.6445801526717557,64.45801526717557,0.26800816256443943,26.8,0.004290670501242456,0.0417936428224112,4.18,0.40391311049461365,0.1295517838938763,12.96,1139,1473,12,0.5865008675534992,58.65,0.0,0.0,0.19877997322915786,0.2564461547711103,25.64,13,0.2763241520940261,13,0.1789019759062421,11,0.1507350877686288,10,0.03761427854017008,13,True,0.13845637867056312,False,False,False,0.11730017351069984,0.0
Candidate_038,Administrative Assistant,0.626218487394958,62.6218487394958,0.0,0.0,0.007755284728742988,0.15947206869328723,15.95,0.46073970198631287,0.4706945394158445,47.07,812,890,11,0.4384514673595585,43.85,0.0,0.0,0.23534726970792225,0.25243338226745726,25.24,14,0.27596810923824955,14,0.21181254273713002,9,0.21526794842654148,7,0.14352486182395852,6,True,0.4706945394158445,True,False,False,0.0876902934719117,0.0
Candidate_038,Delivery Driver,0.6360808709175739,63.60808709175739,0.14395204610020385,14.4,0.006546196531203096,0.11840440964594892,11.84,0.3823327422142029,0.0,0.0,557,622,12,0.3705312074675783,37.05,0.0,0.0,0.07197602305010192,0.12448945762858701,12.45,15,0.1316870599335972,15,0.06477842074509173,15,0.16882976921027482,9,0.10656396868135404,7,True,0.14395204610020385,False,False,False,0.07410624149351566,0.0
Candidate_039,Food Service Supervisor,1.0000000000000002,100.00000000000004,1.0,100.0,0.005868861903651174,0.2890804435198188,28.91,0.4818176329135895,0.513889172419043,51.39,1061,2524,12,0.6833380235893983,68.33,1.0,100.0,0.7569445862095214,0.7665288150645446,76.65,1,0.7422232736854969,1,0.7812501275885694,1,0.3679319595337347,9,0.36017239916783694,7,False,0.48611082758095703,True,False,False,0.13666760471787967,0.1
Candidate_039,Administrative Assistant,1.0000000000000002,100.00000000000004,1.0,100.0,0.006666773177370156,0.4055736456946552,40.56,0.4621957540512085,0.3882750540546264,38.83,812,890,11,0.4384514673595585,43.85,1.0,100.0,0.6941375270273132,0.6735865623910309,67.36,2,0.6430003150937623,2,0.7247237743245819,2,0.4121492100276359,7,0.46501628112518967,5,False,0.6117249459453735,True,False,False,0.0876902934719117,0.1
Candidate_039,Software Developer,1.0,100.0,0.0,0.0,0.010738251003038178,1.0,100.0,0.5577518343925476,1.0,100.0,323,344,8,0.2290858604605659,22.91,0.0,0.0,0.5,0.39581717209211315,39.58,3,0.4458171720921132,3,0.45,3,0.8458171720921133,1,0.9,1,False,1.0,True,False,False,0.04581717209211318,0.0
Candidate_039,Information Technology (IT) Analyst,1.0,100.0,0.0,0.0,0.009434286153300801,0.8096241450990758,80.96,0.5390428900718689,0.8802302489555862,88.02,347,357,10,0.266375870790639,26.64,0.0,0.0,0.4401151244777931,0.36135576129258296,36.14,4,0.40536727374036235,4,0.3961036120300138,4,0.7009744902373884,2,0.7286617305891682,2,False,0.8802302489555862,True,False,False,0.053275174158127804,0.0
Candidate_039,Inside Sales Representative,1.0,100.0,0.0,0.0,0.0064084165736306665,0.36785417855095837,36.79,0.4599860608577728,0.3741291782036941,37.41,1876,2449,13,0.8643994601889338,86.44,0.0,0.0,0.18706458910184706,0.3038251044090797,30.38,5,0.3225315633192644,5,0.16835813019166235,10,0.46716323487855343,5,0.33106876069586255,8,False,0.3741291782036941,False,True,False,0.17287989203778675,0.0
Candidate_039,Retail Sales Associate,1.0,100.0,0.0,0.0,0.0064011129680417184,0.36678786901191274,36.68,0.4577069878578186,0.3595391510413994,35.95,1876,2449,13,0.8643994601889338,86.44,0.0,0.0,0.1797695755206997,0.29871859490227654,29.87,6,0.31669555245434655,6,0.16179261796862973,11,0.46631018724731693,6,0.3301090821107215,9,False,0.3595391510413994,False,True,False,0.17287989203778675,0.0
Candidate_039,Bookkeeper,1.0,100.0,0.0,0.0,0.006878276253107565,0.43645260601769903,43.65,0.4570354223251343,0.3552399647655223,35.52,396,422,11,0.2992257912289334,29.92,1.0,100.0,0.17761998238276114,0.2841791459137195,28.42,7,0.2019411441519956,11,0.259857984144485,5,0.4090072430599459,8,0.4928073454159292,4,False,0.3552399647655223,False,False,True,0.05984515824578668,0.1
Candidate_039,Continuing Care Assistant,1.0,100.0,0.0,0.0,0.003888827527482472,0.0,0.0,0.4428243339061737,0.26426430666129663,26.43,819,1172,9,0.4396201180333152,43.96,1.0,100.0,0.13213215333064832,0.28041653093811686,28.04,8,0.1936297462711817,12,0.2189189379975835,6,0.08792402360666304,15,0.1,14,False,0.26426430666129663,False,False,True,0.08792402360666304,0.1
Candidate_039,"Driver, Truck",1.0,100.0,0.0,0.0,0.004918385905528438,0.150313144123774,15.03,0.42343565821647644,0.1401430938000636,14.01,1423,3705,12,0.8880268984746598,88.8,0.0,0.0,0.0700715469000318,0.22665546252495422,22.67,11,0.2336626172149574,10,0.06306439221002862,15,0.29785589499395115,13,0.1352818297113966,13,False,0.1401430938000636,False,True,False,0.17760537969493195,0.0
Candidate_039,Secondary School Teacher,1.0,100.0,0.0,0.0,0.007346096092747844,0.5047532215818905,50.48,0.4687007665634155,0.42991843680106506,42.99,681,740,9,0.3635561348837076,36.36,0.0,0.0,0.21495921840053253,0.22318267985711426,22.32,12,0.24467860169716754,9,0.19346329656047928,7,0.476513804242254,4,0.45427789942370145,6,True,0.42991843680106506,False,False,False,0.07271122697674152,0.0
Candidate_039,Restaurant Manager,1.0,100.0,0.0,0.0,0.005452464561531608,0.2282873937681705,22.83,0.4293583929538727,0.1780588870613648,17.81,1139,1473,12,0.5865008675534992,58.65,0.0,0.0,0.0890294435306824,0.1796207839821775,17.96,13,0.18852372833524578,13,0.08012649917761416,14,0.2999300885252362,12,0.20545865439135347,12,True,0.1780588870613648,False,False,False,0.11730017351069984,0.0
Candidate_039,Delivery Driver,1.0,100.0,0.0,0.0,0.008083615502849967,0.612429351220274,61.24,0.4015442430973053,0.0,0.0,557,622,12,0.3705312074675783,37.05,1.0,100.0,0.0,0.17410624149351567,17.41,14,0.07410624149351566,15,0.1,12,0.5640497224697348,3,0.6511864160982466,3,True,0.0,False,False,True,0.07410624149351566,0.1
Candidate_039,Licensed Practical Nurse (L.P.N.),1.0,100.0,0.0,0.0,0.006117829282143602,0.3254291054737694,32.54,0.4360825717449188,0.22110531480082732,22.11,437,527,10,0.3039192124973743,30.39,0.0,0.0,0.11055265740041366,0.13817070267976442,13.82,15,0.1492259684198058,14,0.09949739166037229,13,0.32112712687849043,10,0.29288619492639245,10,True,0.22110531480082732,False,False,False,0.06078384249947486,0.0
Candidate_040,Licensed Practical Nurse (L.P.N.),0.5670252980517592,56.70252980517592,0.7418067115235827,74.18,0.003793039354739734,0.12633171658140943,12.63,0.43792951107025146,0.24497474509067804,24.5,437,527,10,0.3039192124973743,30.39,1.0,100.0,0.4933907283071304,0.5061573523144661,50.62,5,0.4554964251451792,8,0.5440516554764173,5,0.1618492157646024,14,0.2136985449232685,6,False,0.4968319664329046,True,False,False,0.06078384249947486,0.1
Candidate_040,Restaurant Manager,0.5529770992366412,55.29770992366412,0.5859365380614188,58.59,0.0033805148376037457,0.0886212629526271,8.86,0.44320356845855713,0.27767024085048786,27.77,1139,1473,12,0.5865008675534992,58.65,0.0,0.0,0.4318033894559533,0.41956254612986715,41.96,8,0.4627428850754625,7,0.38862305051035795,8,0.18819718387280152,11,0.0797591366573644,12,False,0.3082662972109309,True,False,False,0.11730017351069984,0.0
Candidate_040,"Driver, Truck",0.5346534653465347,53.46534653465347,0.38262876668830303,38.26,0.0030493873629193384,0.05835162621444062,5.84,0.4180959463119507,0.1220204075260535,12.2,1423,3705,12,0.8880268984746598,88.8,0.0,0.0,0.25232458710717826,0.3542325906699567,35.42,12,0.3794650493806746,13,0.22709212839646045,13,0.22428668066648444,9,0.05251646359299656,14,True,0.26060835916224956,False,False,False,0.17760537969493195,0.0
Candidate_040,Continuing Care Assistant,0.5361816782140107,53.61816782140107,0.39958487671176474,39.96,0.0024110636592278153,0.0,0.0,0.4515277147293091,0.32927417100545375,32.93,819,1172,9,0.4396201180333152,43.96,0.0,0.0,0.36442952385860927,0.34302469030768956,34.3,13,0.3794676426935505,12,0.32798657147274835,9,0.08792402360666304,15,0.0,15,True,0.07031070570631098,False,False,False,0.08792402360666304,0.0
Candidate_040,Administrative Assistant,0.5001680672268908,50.01680672268908,0.0,0.0,0.004356850442475111,0.17787185782452838,17.79,0.47951585054397583,0.5027811900762866,50.28,812,890,11,0.4384514673595585,43.85,0.0,0.0,0.2513905950381433,0.263663709998612,26.37,14,0.28880276950242634,14,0.226251535534329,14,0.22998777973153442,7,0.16008467204207555,7,True,0.5027811900762866,True,False,False,0.0876902934719117,0.0
Candidate_040,Delivery Driver,0.5291601866251944,52.91601866251944,0.32167872473346637,32.17,0.005157588889007944,0.2510704407024655,25.11,0.3984130322933197,0.0,0.0,557,622,12,0.3705312074675783,37.05,0.0,0.0,0.16083936236673319,0.18669379515022888,18.67,15,0.20277773138690222,15,0.14475542613005987,15,0.27496259405548806,5,0.22596339663221893,5,True,0.32167872473346637,True,False,False,0.07410624149351566,0.0
Candidate_041,"Driver, Truck",0.7275247524752474,72.75247524752474,0.7084372515340016,70.84,0.005118224410504569,0.15451993531165908,15.45,0.43829265236854553,0.18832896602061436,18.83,1423,3705,12,0.8880268984746598,88.8,1.0,100.0,0.44838310877730797,0.5914735558390475,59.15,5,0.5363118667167783,7,0.5035447978995772,8,0.3012213279442592,14,0.23906794178049318,13,False,0.5201082855133873,True,False,False,0.17760537969493195,0.1
Candidate_041,Information Technology (IT) Analyst,0.7102796948783145,71.02796948783146,0.33550655571271865,33.55,0.009883812378262124,0.841830957659864,84.18,0.5472198724746704,0.9337171837185603,93.37,347,357,10,0.266375870790639,26.64,0.0,0.0,0.6346118697156394,0.49750348295907537,49.75,7,0.5609646699306394,6,0.5711506827440755,5,0.7267399402860191,3,0.7576478618938777,4,False,0.5982106280058417,True,False,False,0.053275174158127804,0.0
Candidate_041,Administrative Assistant,0.6974789915966386,69.74789915966386,0.05868665209661044,5.87,0.00748669198895106,0.49610923840590676,49.61,0.5202568769454956,0.7492095908349041,74.92,812,890,11,0.4384514673595585,43.85,0.0,0.0,0.40394812146575726,0.37045397849794176,37.05,9,0.41084879064451757,9,0.36355330931918156,9,0.48457768419663716,6,0.4464983145653161,7,False,0.6905229387382937,True,False,False,0.0876902934719117,0.0
Candidate_041,Inside Sales Representative,0.7054747054747055,70.54747054747055,0.23159689744515044,23.16,0.006668796383579926,0.3781492577057169,37.81,0.44686055183410645,0.24695904311087263,24.7,1876,2449,13,0.8643994601889338,86.44,0.0,0.0,0.23927797027801154,0.34037447123239484,34.04,11,0.36430226826019596,11,0.21535017325021039,12,0.47539929820236027,7,0.34033433193514523,8,False,0.015362145665722193,False,True,False,0.17287989203778675,0.0
Candidate_041,Retail Sales Associate,0.7054747054747055,70.54747054747055,0.23159689744515044,23.16,0.006661196025834911,0.37705310552317806,37.71,0.44395506381988525,0.22707680862115484,22.71,1876,2449,13,0.8643994601889338,86.44,0.0,0.0,0.22933685303315265,0.3334156891609936,33.34,12,0.35634937446430887,12,0.20640316772983738,13,0.4745223764563292,8,0.33934779497086026,9,True,0.004520088823995599,False,True,False,0.17287989203778675,0.0
Candidate_041,Continuing Care Assistant,0.6947652040030794,69.47652040030793,0.0,0.0,0.004046834136587421,0.0,0.0,0.4812876582145691,0.48254349519208123,48.25,819,1172,9,0.4396201180333152,43.96,0.0,0.0,0.24127174759604061,0.25681424692389143,25.68,13,0.28094142168349556,13,0.21714457283643657,11,0.08792402360666304,15,0.0,15,True,0.48254349519208123,True,False,False,0.08792402360666304,0.0
Candidate_041,Delivery Driver,0.7138413685847589,71.38413685847588,0.41252905599528616,41.25,0.008367455955276718,0.6231363306007025,62.31,0.4107712209224701,0.0,0.0,557,622,12,0.3705312074675783,37.05,0.0,0.0,0.20626452799764308,0.21849141109186582,21.85,14,0.23911786389163014,14,0.18563807519787878,14,0.5726153059740777,5,0.5608226975406323,5,True,0.41252905599528616,False,False,False,0.07410624149351566,0.0
Candidate_041,Licensed Practical Nurse (L.P.N.),0.6981680721139866,69.81680721139865,0.07358827103102134,7.36,0.006366402265420198,0.33453684053691896,33.45,0.4414423108100891,0.20988205706445207,20.99,437,527,10,0.3039192124973743,30.39,0.0,0.0,0.1417351640477367,0.15999845733289056,16.0,15,0.17417197373766422,15,0.12756164764296304,15,0.32841331492901005,12,0.3010831564832271,10,True,0.13629378603343073,False,False,False,0.06078384249947486,0.0
Candidate_042,Secondary School Teacher,0.568004459308807,56.80044593088071,0.7526708825815293,75.27,0.008781425746768509,0.32348684759551805,32.35,0.4954308271408081,0.3381132926887392,33.81,681,740,9,0.3635561348837076,36.36,1.0,100.0,0.5453920876351342,0.5544856883213355,55.45,3,0.5090248970848489,3,0.5908528788716209,3,0.331500705053156,11,0.39113816283596625,9,False,0.41455758989279007,True,False,False,0.07271122697674152,0.1
Candidate_042,Licensed Practical Nurse (L.P.N.),0.5670252980517592,56.70252980517592,0.7418067115235827,74.18,0.008625749272717803,0.30821917783769615,30.82,0.47305232286453247,0.17394519145125512,17.39,437,527,10,0.3039192124973743,30.39,1.0,100.0,0.4578759514874189,0.48129700854066815,48.13,5,0.42708460368941004,9,0.512088356338677,5,0.3073591847696318,12,0.3773972600539266,10,False,0.5678615200723276,True,False,False,0.06078384249947486,0.1
Candidate_042,Restaurant Manager,0.5529770992366412,55.29770992366412,0.5859365380614188,58.59,0.007687627434035173,0.21621468895813722,21.62,0.4521598517894745,0.020678589527931827,2.07,1139,1473,12,0.5865008675534992,58.65,0.0,0.0,0.3033075637946753,0.3296154681669725,32.96,12,0.3599462245464401,12,0.27297680741520775,11,0.29027192467720964,14,0.19459322006232352,13,True,0.565257948533487,True,False,False,0.11730017351069984,0.0
Candidate_042,"Driver, Truck",0.5346534653465347,53.46534653465347,0.38262876668830303,38.26,0.006934610576889517,0.14236401391504627,14.24,0.45633018016815186,0.051272005558424455,5.13,1423,3705,12,0.8880268984746598,88.8,0.0,0.0,0.21695038612336376,0.32947064998128656,32.95,13,0.35116568859362296,13,0.19525534751102738,14,0.291496590826969,13,0.12812761252354166,14,True,0.33135676112987855,False,True,False,0.17760537969493195,0.0
Candidate_042,Administrative Assistant,0.5001680672268908,50.01680672268908,0.0,0.0,0.010430100943757575,0.4851774858183649,48.52,0.5210174322128296,0.5258159344707581,52.58,812,890,11,0.4384514673595585,43.85,0.0,0.0,0.26290796723537907,0.27172587053667707,27.17,14,0.298016667260215,14,0.23661717051184117,13,0.47583228212660367,7,0.4366597372365284,8,True,0.5258159344707581,True,False,False,0.0876902934719117,0.0
Candidate_042,Delivery Driver,0.5291601866251944,52.91601866251944,0.32167872473346637,32.17,0.01143981381088378,0.584203126651451,58.42,0.4493410587310791,0.0,0.0,557,622,12,0.3705312074675783,37.05,0.0,0.0,0.16083936236673319,0.18669379515022888,18.67,15,0.20277773138690222,15,0.14475542613005987,15,0.5414687428146765,6,0.5257828139863059,6,True,0.32167872473346637,False,False,False,0.07410624149351566,0.0
Candidate_043,Retail Sales Associate,0.7920997920997921,79.20997920997921,0.7767135511032782,77.67,0.004476768804680062,0.020393230933875545,2.04,0.48959845304489136,0.2548435031495767,25.48,1876,2449,13,0.8643994601889338,86.44,0.0,0.0,0.5157785271264275,0.533924861026286,53.39,3,0.5855027137389288,3,0.4642006744137847,5,0.18919447678488718,8,0.01835390784048799,12,False,0.5218700479537015,True,False,False,0.17287989203778675,0.0
Candidate_043,Inside Sales Representative,0.7920997920997921,79.20997920997921,0.7767135511032782,77.67,0.00448187675291118,0.020550237591350797,2.06,0.4894337058067322,0.2538456317493509,25.38,1876,2449,13,0.8643994601889338,86.44,0.0,0.0,0.5152795914263145,0.5335756060362069,53.36,4,0.5851035651788384,4,0.4637516322836831,6,0.1893200821108674,7,0.018495213832215716,11,False,0.5228679193539274,True,False,False,0.17287989203778675,0.0
Candidate_043,Licensed Practical Nurse (L.P.N.),0.7926722884559465,79.26722884559464,0.7948077509326965,79.48,0.0042786477007040686,0.01430344088450156,1.43,0.47493499517440796,0.16602717213931498,16.6,437,527,10,0.3039192124973743,30.39,1.0,100.0,0.48041746153600573,0.49707606557467887,49.71,5,0.4451178117282795,8,0.5323757153824051,3,0.07222659520707611,15,0.11287309679605141,7,False,0.6287805787933816,True,False,False,0.06078384249947486,0.1
Candidate_043,Restaurant Manager,0.7899236641221374,78.99236641221374,0.7079353063882137,70.79,0.0038133092447446356,0.0,0.0,0.47073715925216675,0.14060094675034732,14.06,1139,1473,12,0.5865008675534992,58.65,0.0,0.0,0.4242681265692805,0.41428786210919616,41.43,7,0.4567146747661242,6,0.3818413139123525,8,0.11730017351069984,13,0.0,15,False,0.5673343596378664,True,False,False,0.11730017351069984,0.0
Candidate_043,Office Manager,0.776978417266187,77.6978417266187,0.29879054776281977,29.88,0.007204552105951544,0.10423905690375525,10.42,0.5053762793540955,0.35040954606237923,35.04,676,1709,13,0.5286438829565303,52.86,0.0,0.0,0.32460004691259947,0.3329488094301257,33.29,12,0.3654088141213857,12,0.2921400422213396,12,0.18912002211431028,9,0.09381515121337973,8,True,0.05161899829955946,False,False,False,0.10572877659130607,0.0
Candidate_043,Administrative Assistant,0.7690756302521008,76.90756302521008,0.04901671792967676,4.9,0.021719822864869835,0.5504053140953197,55.04,0.5192685127258301,0.43455458255472407,43.46,812,890,11,0.4384514673595585,43.85,0.0,0.0,0.24178565024220042,0.256940248641452,25.69,13,0.28111881366567204,13,0.21760708521798036,13,0.5280145447481674,2,0.4953647826857877,3,True,0.3855378646250473,False,False,False,0.0876902934719117,0.0
Candidate_043,"Driver, Truck",0.7675247524752474,76.75247524752474,0.0,0.0,0.013741743556658866,0.30517738527181226,30.52,0.46491408348083496,0.10533066945473765,10.53,1423,3705,12,0.8880268984746598,88.8,0.0,0.0,0.052665334727368826,0.21447111400409014,21.45,14,0.219737647476827,14,0.047398801254631945,15,0.4217472879123818,4,0.27465964674463106,4,True,0.10533066945473765,False,True,False,0.17760537969493195,0.0
Candidate_043,Delivery Driver,0.7717729393468119,77.17729393468119,0.13426730378361726,13.43,0.005714536927198975,0.05843939484411376,5.84,0.44752413034439087,0.0,0.0,557,622,12,0.3705312074675783,37.05,0.0,0.0,0.06713365189180863,0.1210997978177817,12.11,15,0.12781316300696258,15,0.060420286702627765,14,0.12085775736880666,12,0.052595455359702385,10,True,0.13426730378361726,False,False,False,0.07410624149351566,0.0
Candidate_044,Licensed Practical Nurse (L.P.N.),0.7743530095958127,77.43530095958127,0.7205451712511525,72.05,0.004606836735703359,0.27976803240384873,27.98,0.4830651879310608,0.30972187207725427,30.97,437,527,10,0.3039192124973743,30.39,1.0,100.0,0.5151335216642033,0.5213773076644171,52.14,7,0.4728906598308376,9,0.563620169497783,5,0.28459826842255387,11,0.35179122916346384,6,False,0.4108232991738982,True,False,False,0.06078384249947486,0.1
Candidate_044,"Driver, Truck",0.767128712871287,76.7128712871287,0.6002177736888549,60.02,0.0037036340546617737,0.12922265362442806,12.92,0.46104153990745544,0.15874710253620272,15.87,1423,3705,12,0.8880268984746598,88.8,0.0,0.0,0.3794824381125288,0.4432430863737021,44.32,9,0.481191330184955,8,0.3415341943012759,10,0.2809835025944744,12,0.11630038826198526,13,False,0.44147067115265215,True,False,False,0.17760537969493195,0.0
Candidate_044,Inside Sales Representative,0.7401247401247402,74.01247401247402,0.1504414302831156,15.04,0.004825654252115339,0.3162404284488035,31.62,0.4773223102092743,0.27035375106388454,27.04,1876,2449,13,0.8643994601889338,86.44,0.0,0.0,0.21039759067350006,0.3201582055092368,32.02,12,0.3411979645765868,13,0.18935783160615005,14,0.42587223479682956,5,0.28461638560392316,8,True,0.11991232078076894,False,True,False,0.17287989203778675,0.0
Candidate_044,Administrative Assistant,0.7310924369747899,73.10924369747899,0.0,0.0,0.004998918242722697,0.3451199852109005,34.51,0.5323465466499329,0.6475515434957684,64.76,812,890,11,0.4384514673595585,43.85,0.0,0.0,0.3237757717478842,0.3143333336954306,31.43,13,0.34671091087021905,12,0.2913981945730958,12,0.3637862816406321,7,0.31060798668981043,7,True,0.6475515434957684,True,False,False,0.0876902934719117,0.0
Candidate_044,Retail Sales Associate,0.7401247401247402,74.01247401247402,0.1504414302831156,15.04,0.004820154504250772,0.31532373317891377,31.53,0.47188109159469604,0.23305353969663303,23.31,1876,2449,13,0.8643994601889338,86.44,0.0,0.0,0.19174748498987432,0.3071031315306988,30.71,14,0.3262778800296862,14,0.1725727364908869,15,0.42513887858091776,6,0.2837913598610224,9,True,0.08261210941351743,False,True,False,0.17287989203778675,0.0
Candidate_044,Delivery Driver,0.7573872472783826,75.73872472783826,0.4379645817265845,43.8,0.0060732265447769095,0.5241851647696193,52.42,0.4378840923309326,0.0,0.0,557,622,12,0.3705312074675783,37.05,0.0,0.0,0.21898229086329224,0.2273938450978202,22.74,15,0.24929207418414948,15,0.19708406177696303,13,0.49345437330921116,4,0.47176664829265735,4,True,0.4379645817265845,True,False,False,0.07410624149351566,0.0
Candidate_045,"Driver, Truck",0.7821782178217821,78.2178217821782,0.7696051221810564,76.96,0.007455520890884448,0.07569884447187623,7.57,0.4038662016391754,0.06996281625308895,7.0,1423,3705,12,0.8880268984746598,88.8,1.0,100.0,0.41978396921707267,0.5714541581468828,57.15,3,0.5134325550685901,6,0.47780557229536536,7,0.23816445527243293,11,0.16812896002468863,10,False,0.6996423059279674,True,False,False,0.17760537969493195,0.1
Candidate_045,Delivery Driver,0.7962674961119752,79.62674961119752,0.9707125781406836,97.07,0.012004858112784038,0.29636260404574116,29.64,0.39132797718048096,0.0,0.0,557,622,12,0.3705312074675783,37.05,1.0,100.0,0.4853562890703418,0.5138556438427548,51.39,4,0.4623912727497891,11,0.5368206601633077,3,0.3111963247301086,8,0.3667263436411671,4,False,0.9707125781406836,True,False,False,0.07410624149351566,0.1
Candidate_045,Information Technology (IT) Analyst,0.7430439520523066,74.30439520523066,0.21101067414426714,21.1,0.017457480608679368,0.5608398500255184,56.08,0.5564730763435364,0.9215033807941624,92.15,347,357,10,0.266375870790639,26.64,0.0,0.0,0.5662570274692148,0.4496550933865781,44.97,9,0.5062807961334996,8,0.5096313247222933,4,0.5019470541785426,2,0.5047558650229665,2,False,0.7104927066498953,True,False,False,0.053275174158127804,0.0
Candidate_045,Software Developer,0.7352185089974292,73.52185089974293,0.09931191199981258,9.93,0.02651147126175325,1.0,100.0,0.5705406665802002,1.0,100.0,323,344,8,0.2290858604605659,22.91,0.0,0.0,0.5496559559999062,0.4305763412920475,43.06,11,0.48554193689203823,9,0.49469036039991565,6,0.8458171720921133,1,0.9,1,False,0.9006880880001874,True,False,False,0.04581717209211318,0.0
Candidate_045,Continuing Care Assistant,0.7594303310238646,75.94303310238647,0.4449064720329464,44.49,0.005894867834506982,0.0,0.0,0.4746321141719818,0.46483392035760257,46.48,819,1172,9,0.4396201180333152,43.96,0.0,0.0,0.45487019619527447,0.40633316094335514,40.63,12,0.45182018056288265,12,0.4093831765757471,12,0.08792402360666304,15,0.0,15,True,0.01992744832465615,False,False,False,0.08792402360666304,0.0
Candidate_045,Restaurant Manager,0.76,76.0,0.4530378096479797,45.3,0.008265102459653055,0.11496727060353908,11.5,0.42982229590415955,0.21479683638818767,21.48,1139,1473,12,0.5865008675534992,58.65,0.0,0.0,0.3339173230180837,0.35104229962335837,35.1,13,0.3844340319251668,13,0.30052559071627527,13,0.20927398999353108,13,0.10347054354318518,14,True,0.23824097325979202,False,False,False,0.11730017351069984,0.0
Candidate_045,Secondary School Teacher,0.7282608695652173,72.82608695652173,0.0,0.0,0.011064512986434695,0.2507515445097842,25.08,0.47784119844436646,0.48274048871017633,48.27,681,740,9,0.3635561348837076,36.36,0.0,0.0,0.24137024435508816,0.2416703980253032,24.17,14,0.26580742246081207,14,0.21723321991957936,14,0.2733124625845689,10,0.2256763900588058,9,True,0.48274048871017633,False,False,False,0.07271122697674152,0.0
Candidate_045,Licensed Practical Nurse (L.P.N.),0.7348066298342542,73.48066298342542,0.093432833670685,9.34,0.009273693625507748,0.16388857664766512,16.39,0.4538653790950775,0.3489563273899205,34.9,437,527,10,0.3039192124973743,30.39,0.0,0.0,0.22119458053030275,0.21562004887068678,21.56,15,0.23773950692371706,15,0.1990751224772725,15,0.19189470381760695,14,0.14749971898289863,13,True,0.2555234937192355,False,False,False,0.06078384249947486,0.0
Candidate_046,Office Manager,0.6258992805755395,62.58992805755395,0.943487840364431,94.35,0.003449538905622963,0.16359317668778073,16.36,0.47947952151298523,0.41480830963679327,41.48,676,1709,13,0.5286438829565303,52.86,1.0,100.0,0.6791480750006121,0.6811324290917345,68.11,3,0.6490472365917958,3,0.7112332675005509,4,0.23660331794153067,11,0.24723385901900266,7,False,0.5286795307276377,True,False,False,0.10572877659130607,0.1
Candidate_046,Bookkeeper,0.6285410764872521,62.85410764872521,1.0,100.0,0.004886445026226375,0.3794459516500734,37.94,0.4805609881877899,0.4216220976432645,42.16,396,422,11,0.2992257912289334,29.92,1.0,100.0,0.7108110488216323,0.6574128924209292,65.74,4,0.6284939973030925,4,0.739729943939469,2,0.3634019195658454,4,0.44150135648506605,3,False,0.5783779023567355,True,False,False,0.05984515824578668,0.1
Candidate_046,Administrative Assistant,0.5926050420168067,59.26050420168068,0.23127183759378514,23.13,0.004545974400298764,0.3283002794688166,32.83,0.5169727802276611,0.6510348365426936,65.1,812,890,11,0.4384514673595585,43.85,0.0,0.0,0.44115333706823934,0.39649762941967925,39.65,9,0.4406129631265032,8,0.3970380033614154,7,0.350330517046965,7,0.29547025152193496,6,False,0.41976299894890845,True,False,False,0.0876902934719117,0.0
Candidate_046,Restaurant Manager,0.5951145038167939,59.51145038167939,0.28495316294200146,28.5,0.0033096465140888733,0.14257846982852934,14.26,0.4318207800388336,0.11453409072132117,11.45,1139,1473,12,0.5865008675534992,58.65,0.0,0.0,0.1997436268316613,0.25712071229286276,25.71,12,0.27709507497602887,12,0.17976926414849517,13,0.2313629493735233,12,0.1283206228456764,13,True,0.17041907222068028,False,False,False,0.11730017351069984,0.0
Candidate_046,Continuing Care Assistant,0.5817936874518861,58.17936874518861,0.0,0.0,0.0023605186837949528,0.0,0.0,0.4827270805835724,0.43526957724771637,43.53,819,1172,9,0.4396201180333152,43.96,0.0,0.0,0.21763478862385818,0.24026837564336376,24.03,13,0.2620318545057496,13,0.19587130976147238,12,0.08792402360666304,15,0.0,15,True,0.43526957724771637,True,False,False,0.08792402360666304,0.0
Candidate_046,Licensed Practical Nurse (L.P.N.),0.585344576911893,58.5344576911893,0.07595909703792339,7.6,0.0037135229635953363,0.20324899737230442,20.32,0.45622360706329346,0.2682842653471712,26.83,437,527,10,0.3039192124973743,30.39,0.0,0.0,0.17212168119254728,0.18126901933425796,18.13,14,0.1984811874535127,14,0.15490951307329257,14,0.2233830403973184,13,0.18292409763507397,11,True,0.1923251683092478,False,False,False,0.06078384249947486,0.0
Candidate_046,Delivery Driver,0.5925349922239502,59.25349922239502,0.22977336261364187,22.98,0.005232409395814626,0.43141689682382234,43.14,0.4136422276496887,0.0,0.0,557,622,12,0.3705312074675783,37.05,0.0,0.0,0.11488668130682093,0.1545269184082903,15.45,15,0.16601558653897242,15,0.10339801317613884,15,0.4192397589525736,3,0.3882752071414401,5,True,0.22977336261364187,False,False,False,0.07410624149351566,0.0
Candidate_047,Retail Sales Associate,0.9653499653499652,96.53499653499654,0.8761166616607415,87.61,0.014263715160209552,0.5885521043732475,58.86,0.47065094113349915,0.2350702593696178,23.51,1876,2449,13,0.8643994601889338,86.44,0.0,0.0,0.5555934605151797,0.5617953143984125,56.18,6,0.6173546604499305,6,0.5000341144636617,8,0.6437215755363848,4,0.5296968939359227,6,False,0.6410464022911238,True,False,False,0.17287989203778675,0.0
Candidate_047,"Driver, Truck",0.9603960396039602,96.03960396039602,0.7716210064215288,77.16,0.010959727777763184,0.24119422904396304,24.12,0.4511883556842804,0.10431507175701883,10.43,1423,3705,12,0.8880268984746598,88.8,0.0,0.0,0.4379680390892738,0.48418300705742356,48.42,7,0.527979810966351,8,0.3941712351803464,10,0.3705607629301024,12,0.21707480613956673,13,False,0.6673059346645099,True,False,False,0.17760537969493195,0.0
Candidate_047,Software Developer,0.9318766066838046,93.18766066838046,0.17004621849787713,17.0,0.018177311920888187,1.0,100.0,0.5845088362693787,1.0,100.0,323,344,8,0.2290858604605659,22.91,0.0,0.0,0.5850231092489385,0.45533334856637014,45.53,9,0.5138356594912641,9,0.5265207983240447,6,0.8458171720921133,1,0.9,1,False,0.8299537815021228,True,False,False,0.04581717209211318,0.0
Candidate_047,Continuing Care Assistant,0.9422632794457276,94.22632794457274,0.38913754760948444,38.91,0.008665544325827067,0.0,0.0,0.4988517165184021,0.4245310936403167,42.45,819,1172,9,0.4396201180333152,43.96,0.0,0.0,0.40683432062490055,0.3727080480440934,37.27,12,0.41339148010658355,11,0.3661508885624105,12,0.08792402360666304,15,0.0,15,True,0.03539354603083228,False,False,False,0.08792402360666304,0.0
Candidate_047,Secondary School Teacher,0.9442586399108136,94.42586399108136,0.4312266926487954,43.12,0.011620641553212387,0.3106780309602729,31.07,0.4971967041492462,0.4134122495692256,41.34,681,740,9,0.3635561348837076,36.36,0.0,0.0,0.42231947110901047,0.36833485675304883,36.83,13,0.41056680386394995,12,0.38008752399810947,11,0.32125365174495984,13,0.2796102278642456,12,True,0.017814443079569753,False,False,False,0.07271122697674152,0.0
Candidate_047,Delivery Driver,0.9564541213063764,95.64541213063764,0.6884721348952146,68.85,0.017263525107631565,0.9039309146145355,90.39,0.43566131591796875,0.0,0.0,557,622,12,0.3705312074675783,37.05,0.0,0.0,0.3442360674476073,0.31507148870684076,31.51,14,0.3494950954516015,14,0.30981246070284657,14,0.797250973185144,2,0.8135378231530819,2,True,0.6884721348952146,True,False,False,0.07410624149351566,0.0
Candidate_047,Licensed Practical Nurse (L.P.N.),0.923815062518174,92.38150625181738,0.0,0.0,0.013632469027645021,0.5221873486897404,52.22,0.45666390657424927,0.14110138084058166,14.11,437,527,10,0.3039192124973743,30.39,0.0,0.0,0.07055069042029083,0.11016932579367844,11.02,15,0.11722439483570753,15,0.06349562137826174,15,0.4785337214512672,9,0.4699686138207663,9,True,0.14110138084058166,False,False,False,0.06078384249947486,0.0
Candidate_048,Office Manager,0.6258992805755395,62.58992805755395,0.943487840364431,94.35,0.003449538905622963,0.16359317668778073,16.36,0.47947952151298523,0.41480830963679327,41.48,676,1709,13,0.5286438829565303,52.86,1.0,100.0,0.6791480750006121,0.6811324290917345,68.11,3,0.6490472365917958,3,0.7112332675005509,4,0.23660331794153067,11,0.24723385901900266,7,False,0.5286795307276377,True,False,False,0.10572877659130607,0.1
Candidate_048,Bookkeeper,0.6285410764872521,62.85410764872521,1.0,100.0,0.004886445026226375,0.3794459516500734,37.94,0.4805609881877899,0.4216220976432645,42.16,396,422,11,0.2992257912289334,29.92,1.0,100.0,0.7108110488216323,0.6574128924209292,65.74,4,0.6284939973030925,4,0.739729943939469,2,0.3634019195658454,4,0.44150135648506605,3,False,0.5783779023567355,True,False,False,0.05984515824578668,0.1
Candidate_048,Administrative Assistant,0.5926050420168067,59.26050420168068,0.23127183759378514,23.13,0.004545974400298764,0.3283002794688166,32.83,0.5169727802276611,0.6510348365426936,65.1,812,890,11,0.4384514673595585,43.85,0.0,0.0,0.44115333706823934,0.39649762941967925,39.65,9,0.4406129631265032,8,0.3970380033614154,7,0.350330517046965,7,0.29547025152193496,6,False,0.41976299894890845,True,False,False,0.0876902934719117,0.0
Candidate_048,Restaurant Manager,0.5951145038167939,59.51145038167939,0.28495316294200146,28.5,0.0033096465140888733,0.14257846982852934,14.26,0.4318207800388336,0.11453409072132117,11.45,1139,1473,12,0.5865008675534992,58.65,0.0,0.0,0.1997436268316613,0.25712071229286276,25.71,12,0.27709507497602887,12,0.17976926414849517,13,0.2313629493735233,12,0.1283206228456764,13,True,0.17041907222068028,False,False,False,0.11730017351069984,0.0
Candidate_048,Continuing Care Assistant,0.5817936874518861,58.17936874518861,0.0,0.0,0.0023605186837949528,0.0,0.0,0.4827270805835724,0.43526957724771637,43.53,819,1172,9,0.4396201180333152,43.96,0.0,0.0,0.21763478862385818,0.24026837564336376,24.03,13,0.2620318545057496,13,0.19587130976147238,12,0.08792402360666304,15,0.0,15,True,0.43526957724771637,True,False,False,0.08792402360666304,0.0
Candidate_048,Licensed Practical Nurse (L.P.N.),0.585344576911893,58.5344576911893,0.07595909703792339,7.6,0.0037135229635953363,0.20324899737230442,20.32,0.45622360706329346,0.2682842653471712,26.83,437,527,10,0.3039192124973743,30.39,0.0,0.0,0.17212168119254728,0.18126901933425796,18.13,14,0.1984811874535127,14,0.15490951307329257,14,0.2233830403973184,13,0.18292409763507397,11,True,0.1923251683092478,False,False,False,0.06078384249947486,0.0
Candidate_048,Delivery Driver,0.5925349922239502,59.25349922239502,0.22977336261364187,22.98,0.005232409395814626,0.43141689682382234,43.14,0.4136422276496887,0.0,0.0,557,622,12,0.3705312074675783,37.05,0.0,0.0,0.11488668130682093,0.1545269184082903,15.45,15,0.16601558653897242,15,0.10339801317613884,15,0.4192397589525736,3,0.3882752071414401,5,True,0.22977336261364187,False,False,False,0.07410624149351566,0.0
Candidate_049,"Driver, Truck",0.5691089108910891,56.91089108910891,1.0,100.0,0.0040481361467438574,0.10854589972263197,10.85,0.41280898451805115,0.20041694084594702,20.04,1423,3705,12,0.8880268984746598,88.8,1.0,100.0,0.6002084704229735,0.6977513089910133,69.78,2,0.6577721560333107,2,0.6401876233806761,3,0.26444209947303754,12,0.19769130975036878,12,False,0.7995830591540529,True,False,False,0.17760537969493195,0.1
Candidate_049,Information Technology (IT) Analyst,0.5386124228114784,53.86124228114784,0.32842149780862795,32.84,0.010434493160852971,0.9266020797542103,92.66,0.5060588717460632,0.8803845261182386,88.04,347,357,10,0.266375870790639,26.64,0.0,0.0,0.6044030119634333,0.4763572825325311,47.64,5,0.5367975837288744,5,0.5439627107670899,5,0.794556837961496,2,0.8339418717787893,2,False,0.5519630283096106,True,False,False,0.053275174158127804,0.0
Candidate_049,Delivery Driver,0.5486003110419906,54.86003110419906,0.5483698079350922,54.84,0.006935967068039943,0.4784606925902057,47.85,0.38532406091690063,0.0,0.0,557,622,12,0.3705312074675783,37.05,1.0,100.0,0.2741849039675461,0.36603567427079786,36.6,7,0.29345416466755253,12,0.3467664135707915,8,0.4568747955656802,6,0.5306146233311851,4,False,0.5483698079350922,True,False,False,0.07410624149351566,0.1
Candidate_049,Retail Sales Associate,0.5239085239085239,52.3908523908524,0.0046195447495939795,0.46,0.0052685123296636605,0.26486918014608934,26.49,0.44514745473861694,0.4362253923190395,43.62,1876,2449,13,0.8643994601889338,86.44,0.0,0.0,0.22042246853431674,0.32717562001180844,32.72,9,0.34921786686524015,8,0.19838022168088507,12,0.38477523615465825,8,0.23838226213148042,10,False,0.43160584756944553,False,True,False,0.17287989203778675,0.0
Candidate_049,Inside Sales Representative,0.5239085239085239,52.3908523908524,0.0046195447495939795,0.46,0.005274523649302679,0.2656391961614765,26.56,0.44214457273483276,0.4143287178493102,41.43,1876,2449,13,0.8643994601889338,86.44,0.0,0.0,0.20947413129945208,0.3195117839474032,31.95,10,0.3404591970773484,9,0.1885267181695069,14,0.38539124896696797,7,0.23907527654532887,9,False,0.4097091730997162,False,True,False,0.17287989203778675,0.0
Candidate_049,Food Service Supervisor,0.5241935483870968,52.41935483870967,0.010896212145135333,1.09,0.004830436746680149,0.2087541779329551,20.88,0.4481981694698334,0.4584708576038136,45.85,1061,2524,12,0.6833380235893983,68.33,0.0,0.0,0.23468353487447446,0.3009460791300118,30.09,11,0.3244144326174593,10,0.21121518138702702,10,0.30367094706424375,11,0.1878787601396596,13,False,0.4475746454586783,True,False,False,0.13666760471787967,0.0
Candidate_049,Secondary School Teacher,0.5331661092530657,53.31661092530658,0.2084854877187079,20.85,0.005839434845291355,0.33800112237803537,33.8,0.44258829951286316,0.41756432311111846,41.76,681,740,9,0.3635561348837076,36.36,0.0,0.0,0.3130249054149132,0.2918286607671807,29.18,12,0.3231311513086721,11,0.28172241487342187,9,0.34311212487916987,10,0.3042010101402318,8,True,0.20907883539241057,False,False,False,0.07271122697674152,0.0
Candidate_049,Restaurant Manager,0.530381679389313,53.0381679389313,0.14716815726169075,14.72,0.004487715950789047,0.164853584138299,16.49,0.42471060156822205,0.2872021804532846,28.72,1139,1473,12,0.5865008675534992,58.65,0.0,0.0,0.21718516885748768,0.2693297917109412,26.93,13,0.29104830859669,13,0.19546665197173893,13,0.24918304082133907,13,0.14836822572446912,14,True,0.14003402319159386,False,False,False,0.11730017351069984,0.0
Candidate_049,Continuing Care Assistant,0.533679753656659,53.3679753656659,0.21979670946737748,21.98,0.0032007458513491622,0.0,0.0,0.41715267300605774,0.23209062389440918,23.21,819,1172,9,0.4396201180333152,43.96,0.0,0.0,0.22594366668089333,0.24608459028328836,24.61,14,0.2686789569513777,14,0.203349300012804,11,0.08792402360666304,15,0.0,15,True,0.012293914427031705,False,False,False,0.08792402360666304,0.0
Candidate_049,Licensed Practical Nurse (L.P.N.),0.5236987496365222,52.36987496365222,0.0,0.0,0.005035352315241451,0.23500270222871783,23.5,0.41318702697753906,0.20317358351812365,20.32,437,527,10,0.3039192124973743,30.39,0.0,0.0,0.10158679175906182,0.13189459673081813,13.19,15,0.1420532759067243,15,0.09142811258315564,15,0.24878600428244912,14,0.21150243200584606,11,True,0.20317358351812365,False,False,False,0.06078384249947486,0.0
Candidate_050,Administrative Assistant,0.8991596638655464,89.91596638655463,1.0,100.0,0.005498845809016778,0.2784438515206583,27.84,0.45282796025276184,0.47704435800673956,47.7,812,890,11,0.4384514673595585,43.85,1.0,100.0,0.7385221790033698,0.7046558187742705,70.47,1,0.6785080366746076,1,0.7646699611030328,1,0.31044537468843836,6,0.3505994663685925,4,False,0.5229556419932604,True,False,False,0.0876902934719117,0.1
Candidate_050,"Driver, Truck",0.8811881188118811,88.11881188118811,0.6958608440448676,69.59,0.003998578523990652,0.09971493173995719,9.97,0.4047526717185974,0.18562168937237158,18.56,1423,3705,12,0.8880268984746598,88.8,1.0,100.0,0.4407412667086196,0.5861242663909656,58.61,4,0.5301983930618276,5,0.4966671400377576,4,0.2573773250868977,10,0.1897434385659615,11,False,0.510239154672496,True,False,False,0.17760537969493195,0.1
Candidate_050,Information Technology (IT) Analyst,0.8547039593171086,85.47039593171087,0.247659540769698,24.77,0.007067702062924804,0.465343870171199,46.53,0.5113330483436584,0.8316903605579585,83.17,347,357,10,0.266375870790639,26.64,0.0,0.0,0.5396749506638283,0.43104763962280757,43.1,8,0.48501513468919044,8,0.48570745559744544,5,0.425550270295087,2,0.4188094831540791,2,False,0.5840308197882605,True,False,False,0.053275174158127804,0.0
Candidate_050,Software Developer,0.8435089974293059,84.35089974293058,0.058203027746528434,5.82,0.011555655670572823,1.0,100.0,0.5390986800193787,1.0,100.0,323,344,8,0.2290858604605659,22.91,0.0,0.0,0.5291015138732642,0.4161882318033981,41.62,9,0.46909838319072455,9,0.4761913624859378,6,0.8458171720921133,1,0.9,1,False,0.9417969722534716,True,False,False,0.04581717209211318,0.0
Candidate_050,Restaurant Manager,0.8625954198473282,86.25954198473282,0.3812096689165674,38.12,0.004432776955149872,0.15144159227978965,15.14,0.40903112292289734,0.21155679461241506,21.16,1139,1473,12,0.5865008675534992,58.65,0.0,0.0,0.2963832317644912,0.3247684357458437,32.48,12,0.35440675892229284,12,0.2667449085880421,12,0.23845344733453155,12,0.1362974330518107,14,True,0.16965287430415232,False,False,False,0.11730017351069984,0.0
Candidate_050,Delivery Driver,0.8689735614307932,86.89735614307932,0.4891493364278887,48.91,0.006623301188716516,0.412401778458879,41.24,0.37413111329078674,0.0,0.0,557,622,12,0.3705312074675783,37.05,0.0,0.0,0.24457466821394436,0.2453085092432767,24.53,13,0.2697659760646711,13,0.22011720139254992,13,0.40402766426061887,3,0.3711616006129911,3,True,0.4891493364278887,False,False,False,0.07410624149351566,0.0
Candidate_050,Bookkeeper,0.8406515580736544,84.06515580736544,0.009845516401472696,0.98,0.005704293191164682,0.3029190827341607,30.29,0.4432658553123474,0.41908081323223123,41.91,396,422,11,0.2992257912289334,29.92,0.0,0.0,0.21446316481685196,0.20996937361758303,21.0,14,0.23141569009926827,14,0.19301684833516677,14,0.3021804244331152,7,0.27262717446074464,5,True,0.40923529683075854,False,False,False,0.05984515824578668,0.0
Candidate_050,Licensed Practical Nurse (L.P.N.),0.840069787728991,84.0069787728991,0.0,0.0,0.004973709109227015,0.21588358907449548,21.59,0.40883979201316833,0.2103969853630989,21.04,437,527,10,0.3039192124973743,30.39,0.0,0.0,0.10519849268154945,0.13442278737655947,13.44,15,0.14494263664471443,15,0.0946786434133945,15,0.23349071375907124,13,0.19429523016704595,10,True,0.2103969853630989,False,False,False,0.06078384249947486,0.0
Candidate_051,Administrative Assistant,0.4541176470588235,45.41176470588235,1.0,100.0,0.00717527461328377,0.268716715842887,26.87,0.4823378920555115,0.5153194846019643,51.53,812,890,11,0.4384514673595585,43.85,1.0,100.0,0.7576597423009821,0.7180521130825992,71.81,2,0.6938180873126975,2,0.781893768070884,2,0.3026636661462213,9,0.3418450442585983,5,False,0.4846805153980357,True,False,False,0.0876902934719117,0.1
Candidate_051,"Driver, Truck",0.4455445544554455,44.55445544554455,0.8443672131594828,84.44,0.00471219118625473,0.07684089404130073,7.68,0.416980504989624,0.11283132324477736,11.28,1423,3705,12,0.8880268984746598,88.8,1.0,100.0,0.4785992682021301,0.612624867436423,61.26,4,0.560484794256636,6,0.5307393413819171,6,0.23907809492797255,12,0.16915680463717067,11,False,0.7315358899147054,True,False,False,0.17760537969493195,0.1
Candidate_051,Office Manager,0.4425899280575539,44.25899280575539,0.7907300064185646,79.07,0.005444682868303095,0.13390247868497807,13.39,0.4568690359592438,0.3584754992124701,35.85,676,1709,13,0.5286438829565303,52.86,1.0,100.0,0.5746027528155173,0.6079507035621682,60.8,5,0.5654109788437199,5,0.6171424775339657,5,0.21285075953928853,13,0.22051223081648025,9,False,0.43225450720609454,True,False,False,0.10572877659130607,0.1
Candidate_051,Delivery Driver,0.427293934681182,42.7293934681182,0.5130521383735075,51.31,0.00825872981194719,0.35311858966796444,35.31,0.4028519093990326,0.02582367625785465,2.58,557,622,12,0.3705312074675783,37.05,0.0,0.0,0.26943790731568107,0.2627127766144924,26.27,12,0.28965656734606055,12,0.24249411658411296,12,0.35660111322788723,5,0.317806730701168,6,True,0.48722846211565285,True,False,False,0.07410624149351566,0.0
Candidate_051,Food Service Supervisor,0.3990322580645161,39.903225806451616,0.0,0.0,0.005622820141999391,0.14777948967408566,14.78,0.43208879232406616,0.20587217238957972,20.59,1061,2524,12,0.6833380235893983,68.33,0.0,0.0,0.10293608619478986,0.20872286505423257,20.87,13,0.21901647367371158,13,0.09264247757531088,15,0.2548911964571482,11,0.1330015407066771,14,True,0.20587217238957972,False,False,False,0.13666760471787967,0.0
Candidate_051,Restaurant Manager,0.4119083969465648,41.19083969465648,0.23374871480673987,23.37,0.012609230501250233,0.6920254597512355,69.2,0.3986585736274719,0.0,0.0,1139,1473,12,0.5865008675534992,58.65,0.0,0.0,0.11687435740336993,0.19911222369305878,19.91,14,0.2107996594333958,15,0.10518692166303294,14,0.6709205413116883,3,0.622822913776112,3,True,0.23374871480673987,False,False,False,0.11730017351069984,0.0
Candidate_051,Licensed Practical Nurse (L.P.N.),0.4108752544344286,41.087525443442864,0.21499342359434742,21.5,0.005861349998975084,0.16636112269113343,16.64,0.42629534006118774,0.17019455347183043,17.02,437,527,10,0.3039192124973743,30.39,0.0,0.0,0.19259398853308893,0.1955996344726371,19.56,15,0.214859033325946,14,0.17333458967978005,13,0.1938727406523816,14,0.14972501042202008,13,True,0.04479887012251699,False,False,False,0.06078384249947486,0.0
Candidate_052,Licensed Practical Nurse (L.P.N.),0.7743530095958127,77.43530095958127,0.7205451712511525,72.05,0.005812921476125841,0.25930690692252967,25.93,0.3826178014278412,0.17960612399986928,17.96,437,527,10,0.3039192124973743,30.39,1.0,100.0,0.4500756476255109,0.4758367958373324,47.58,5,0.4208443605998836,9,0.5050680828629598,5,0.26822936803749864,12,0.3333762162302767,6,False,0.5409390472512832,True,False,False,0.06078384249947486,0.1
Candidate_052,"Driver, Truck",0.767128712871287,76.7128712871287,0.6002177736888549,60.02,0.004673257415267936,0.11977182070359693,11.98,0.3743646740913391,0.12232569357082607,12.23,1423,3705,12,0.8880268984746598,88.8,0.0,0.0,0.36127173362984044,0.43049559323582026,43.05,8,0.46662276659880436,7,0.32514456026685645,9,0.2734228362578095,10,0.10779463863323724,13,False,0.4778920801180288,True,False,False,0.17760537969493195,0.0
Candidate_052,Restaurant Manager,0.7630534351145039,76.30534351145039,0.5323402230405684,53.23,0.005180718010561542,0.1819028998074705,18.19,0.3597165048122406,0.0206607843680721,2.07,1139,1473,12,0.5865008675534992,58.65,0.0,0.0,0.2765005037043202,0.310850526103724,31.09,10,0.33850057647415605,10,0.24885045333388822,11,0.26282249335667623,13,0.16371260982672345,12,False,0.5116794386724963,True,False,False,0.11730017351069984,0.0
Candidate_052,Inside Sales Representative,0.7401247401247402,74.01247401247402,0.1504414302831156,15.04,0.006089026125254353,0.2931118564201856,29.31,0.38673830032348633,0.20820424695394754,20.82,1876,2449,13,0.8643994601889338,86.44,0.0,0.0,0.17932283861853157,0.2984058790707589,29.84,11,0.316338162932612,12,0.1613905547566784,14,0.4073693771739353,4,0.26380067077816705,8,False,0.05776281667083194,False,True,False,0.17287989203778675,0.0
Candidate_052,Continuing Care Assistant,0.7525019245573519,75.25019245573519,0.35659497694859316,35.66,0.0036950114180910234,0.0,0.0,0.39150452613830566,0.24128400630618593,24.13,819,1172,9,0.4396201180333152,43.96,0.0,0.0,0.29893949162738953,0.2971816677458357,29.72,12,0.3270756169085747,11,0.2690455424646506,10,0.08792402360666304,15,0.0,15,True,0.11531097064240722,False,False,False,0.08792402360666304,0.0
Candidate_052,Retail Sales Associate,0.7401247401247402,74.01247401247402,0.1504414302831156,15.04,0.006082086525631156,0.29226220461049474,29.23,0.3791252076625824,0.15536594618230437,15.54,1876,2449,13,0.8643994601889338,86.44,0.0,0.0,0.15290368823271,0.27991247380068374,27.99,13,0.29520284262395474,13,0.137613319409439,15,0.40668965572618254,5,0.2630359841494453,9,True,0.004924515899188769,False,True,False,0.17287989203778675,0.0
Candidate_052,Administrative Assistant,0.7310924369747899,73.10924369747899,0.0,0.0,0.00666600446466813,0.36375435985751736,36.38,0.42723920941352844,0.48929884429338577,48.93,812,890,11,0.4384514673595585,43.85,0.0,0.0,0.24464942214669289,0.2589448889745967,25.89,14,0.283409831189266,14,0.2201844799320236,12,0.3786937813579256,7,0.32737892387176565,7,True,0.48929884429338577,True,False,False,0.0876902934719117,0.0
Candidate_052,Delivery Driver,0.7573872472783826,75.73872472783826,0.4379645817265845,43.8,0.007896969398605519,0.5144678938616855,51.45,0.3567396402359009,0.0,0.0,557,622,12,0.3705312074675783,37.05,0.0,0.0,0.21898229086329224,0.2273938450978202,22.74,15,0.24929207418414948,15,0.19708406177696303,13,0.485680556582864,3,0.4630211044755169,4,True,0.4379645817265845,False,False,False,0.07410624149351566,0.0
Candidate_053,Bookkeeper,0.5577195467422096,55.77195467422096,1.0,100.0,0.017356232093823108,0.17910130076953582,17.91,0.4322608709335327,0.3831228896686885,38.31,396,422,11,0.2992257912289334,29.92,1.0,100.0,0.6915614448343442,0.6439381696298275,64.39,2,0.6130943141132621,2,0.7224053003509098,2,0.20312619886141534,6,0.26119117069258224,6,False,0.6168771103313115,True,False,False,0.05984515824578668,0.1
Candidate_053,Information Technology (IT) Analyst,0.5168180167090446,51.68180167090446,0.3517881634035033,35.18,0.05747994876739099,1.0,100.0,0.5230597853660583,0.8854812503483211,88.55,347,357,10,0.266375870790639,26.64,0.0,0.0,0.6186347068759122,0.4863194689712664,48.63,5,0.5481829396588576,3,0.556771236188321,3,0.8532751741581278,1,0.9,1,False,0.5336930869448179,True,False,False,0.053275174158127804,0.0
Candidate_053,"Driver, Truck",0.5247524752475247,52.47524752475247,0.4775343136687024,47.75,0.023524707170429808,0.30530329765378167,30.53,0.38215863704681396,0.10592490510001475,10.59,1423,3705,12,0.8880268984746598,88.8,1.0,100.0,0.2917296093843586,0.48181610626398297,48.18,6,0.4109890672024188,9,0.3625566484459227,7,0.42184801781795733,4,0.37477296788840353,4,False,0.3716094085686877,True,False,False,0.17760537969493195,0.1
Candidate_053,Continuing Care Assistant,0.4951886066204773,49.518860662047736,0.009002951538799799,0.9,0.011792525614414514,0.06527237886272354,6.53,0.4510675370693207,0.48717353860947904,48.72,819,1172,9,0.4396201180333152,43.96,0.0,0.0,0.24808824507413943,0.2615857951585606,26.16,12,0.28639461966597457,12,0.22327942056672548,11,0.1401419266968419,11,0.058745140976451185,9,True,0.4781705870706792,True,False,False,0.08792402360666304,0.0
Candidate_053,Restaurant Manager,0.4998473282442747,49.98473282442748,0.08283487170180784,8.28,0.012735267944828434,0.08456012229492904,8.46,0.38891884684562683,0.143326760987903,14.33,1139,1473,12,0.5865008675534992,58.65,0.0,0.0,0.11308081634485542,0.19645674495209864,19.65,13,0.20776482658658418,13,0.10177273471036988,15,0.18494827134664307,7,0.07610411006543615,8,True,0.06049188928609517,False,False,False,0.11730017351069984,0.0
Candidate_053,Delivery Driver,0.5147744945567652,51.47744945567651,0.3194022050694117,31.94,0.011475784748138597,0.0587921176437942,5.88,0.36301320791244507,0.0,0.0,557,622,12,0.3705312074675783,37.05,0.0,0.0,0.15970110253470585,0.18589701326780975,18.59,14,0.20186712352128033,14,0.14373099228123526,13,0.12113993560855102,13,0.05291290587941479,10,True,0.3194022050694117,False,False,False,0.07410624149351566,0.0
Candidate_053,Licensed Practical Nurse (L.P.N.),0.4946205292236115,49.46205292236115,0.0,0.0,0.008730945000300116,0.002634922712721477,0.26,0.41219058632850647,0.2720810855285396,27.21,437,527,10,0.3039192124973743,30.39,0.0,0.0,0.1360405427642698,0.15601222243446372,15.6,15,0.16961627671089072,15,0.12243648848784282,14,0.06289178066965204,15,0.0023714304414493292,14,True,0.2720810855285396,False,False,False,0.06078384249947486,0.0
Candidate_054,Retail Sales Associate,0.9653499653499652,96.53499653499654,0.8761166616607415,87.61,0.005750075531419696,0.04173519589016521,4.17,0.4318182170391083,0.24338856171182197,24.34,1876,2449,13,0.8643994601889338,86.44,0.0,0.0,0.5597526116862818,0.5647067202181839,56.47,5,0.6206819813868122,5,0.5037773505176536,7,0.20626804874991891,9,0.03756167630114869,11,False,0.6327280999489195,True,False,False,0.17287989203778675,0.0
Candidate_054,Inside Sales Representative,0.9653499653499652,96.53499653499654,0.8761166616607415,87.61,0.005756636309833984,0.04205651346985797,4.21,0.4307863116264343,0.23708814128954367,23.71,1876,2449,13,0.8643994601889338,86.44,0.0,0.0,0.5566024014751426,0.5625015730703866,56.25,6,0.6181618132179009,6,0.5009421613276284,8,0.20652510281367314,8,0.03785086212287217,10,False,0.6390285203711978,True,False,False,0.17287989203778675,0.0
Candidate_054,Software Developer,0.9318766066838046,93.18766066838046,0.17004621849787713,17.0,0.018786139898882115,0.6801833169469593,68.02,0.5557387471199036,1.0,100.0,323,344,8,0.2290858604605659,22.91,0.0,0.0,0.5850231092489385,0.45533334856637014,45.53,9,0.5138356594912641,9,0.5265207983240447,6,0.5899638256496808,2,0.6121649852522634,2,False,0.8299537815021228,True,False,False,0.04581717209211318,0.0
Candidate_054,Secondary School Teacher,0.9442586399108136,94.42586399108136,0.4312266926487954,43.12,0.005804166340645311,0.04438432177226284,4.44,0.47249916195869446,0.49177087759170185,49.18,681,740,9,0.3635561348837076,36.36,0.0,0.0,0.4614987851202486,0.3957603765609155,39.58,12,0.4419102550729404,11,0.41534890660822377,11,0.10821868439455179,13,0.03994588959503656,9,True,0.060544184942906476,False,False,False,0.07271122697674152,0.0
Candidate_054,Continuing Care Assistant,0.9422632794457276,94.22632794457274,0.38913754760948444,38.91,0.005163272832455496,0.012996224523941698,1.3,0.4553934931755066,0.38733019570879956,38.73,819,1172,9,0.4396201180333152,43.96,0.0,0.0,0.388233871659142,0.3596877337680624,35.97,13,0.39851112093397667,13,0.3494104844932278,13,0.0983210032258164,14,0.011696602071547529,13,True,0.0018073519006848726,False,False,False,0.08792402360666304,0.0
Candidate_054,Delivery Driver,0.9564541213063764,95.64541213063764,0.6884721348952146,68.85,0.007087692945181133,0.10724571351543802,10.72,0.39195516705513,0.0,0.0,557,622,12,0.3705312074675783,37.05,0.0,0.0,0.3442360674476073,0.31507148870684076,31.51,14,0.3494950954516015,14,0.30981246070284657,14,0.1599028123058661,11,0.09652114216389422,8,True,0.6884721348952146,True,False,False,0.07410624149351566,0.0
Candidate_054,Licensed Practical Nurse (L.P.N.),0.923815062518174,92.38150625181738,0.0,0.0,0.005495603754579383,0.02927230653905141,2.93,0.4220413863658905,0.1836949668511454,18.37,437,527,10,0.3039192124973743,30.39,0.0,0.0,0.0918474834255727,0.12507708089737574,12.51,15,0.13426182923993302,15,0.08266273508301543,15,0.08420168773071599,15,0.026345075885146268,12,True,0.1836949668511454,False,False,False,0.06078384249947486,0.0
Candidate_055,Office Manager,0.6618705035971223,66.18705035971223,1.0,100.0,0.00690857219481961,0.06686054910217647,6.69,0.35603994131088257,0.3395812373103902,33.96,676,1709,13,0.5286438829565303,52.86,1.0,100.0,0.6697906186551951,0.6745822096499425,67.46,1,0.6415612715154622,1,0.7028115567896756,2,0.15921721587304724,11,0.16017449419195884,6,False,0.6604187626896099,True,False,False,0.10572877659130607,0.1
Candidate_055,Software Developer,0.6346401028277635,63.46401028277635,0.4260965827710578,42.61,0.012773807742653052,0.24666158934832771,24.67,0.4709521532058716,1.0,100.0,323,344,8,0.2290858604605659,22.91,1.0,100.0,0.7130482913855289,0.6449509760619834,64.5,2,0.6162558052005364,2,0.741743462246976,1,0.24314644357077536,6,0.321995430413495,2,False,0.5739034172289422,True,False,False,0.04581717209211318,0.1
Candidate_055,"Driver, Truck",0.6483168316831682,64.83168316831683,0.7143450552453494,71.43,0.007842352228038432,0.09548593336246393,9.55,0.3278111219406128,0.17734572157827144,17.73,1423,3705,12,0.8880268984746598,88.8,1.0,100.0,0.44584538841181043,0.5896971515831992,58.97,3,0.5342816904243803,3,0.5012608495706294,5,0.2539941263849031,2,0.18593734002621753,4,False,0.536999333667078,True,False,False,0.17760537969493195,0.1
Candidate_055,Information Technology (IT) Analyst,0.6303668725027243,63.03668725027243,0.33603468809244674,33.6,0.03734823300545192,1.0,100.0,0.42823326587677,0.7544877585408974,75.45,347,357,10,0.266375870790639,26.64,0.0,0.0,0.545261223316672,0.43495803047979825,43.5,6,0.48948415281146557,6,0.49073510098500495,6,0.8532751741581278,1,0.9,1,False,0.4184530704484507,True,False,False,0.053275174158127804,0.0
Candidate_055,Inside Sales Representative,0.6146916146916147,61.46916146916147,0.005665550306441017,0.57,0.007790525398324137,0.09389716206431332,9.39,0.34220409393310547,0.2600644213400913,26.01,1876,2449,13,0.8643994601889338,86.44,0.0,0.0,0.13286498582326614,0.2658853821140731,26.59,9,0.27917188069639964,10,0.11957848724093953,13,0.24799762168923742,4,0.08450744585788199,11,False,0.2543988710336503,False,True,False,0.17287989203778675,0.0
Candidate_055,Retail Sales Associate,0.6146916146916147,61.46916146916147,0.005665550306441017,0.57,0.007781646617710192,0.09362497964683233,9.36,0.3389754891395569,0.24150911596560587,24.15,1876,2449,13,0.8643994601889338,86.44,0.0,0.0,0.12358733313602344,0.25939102523300317,25.94,11,0.27174975854660555,12,0.1112285998224211,15,0.24777987575525262,5,0.0842624816821491,12,False,0.23584356565916487,False,True,False,0.17287989203778675,0.0
Candidate_055,Continuing Care Assistant,0.6202848344880678,62.02848344880678,0.12354732449277793,12.35,0.004727534372096874,0.0,0.0,0.35612449049949646,0.34006715494795015,34.01,819,1172,9,0.4396201180333152,43.96,0.0,0.0,0.23180723972036404,0.25018909141091783,25.02,12,0.2733698153829543,11,0.20862651574832763,9,0.08792402360666304,15,0.0,15,True,0.2165198304551722,False,False,False,0.08792402360666304,0.0
Candidate_055,Bookkeeper,0.615084985835694,61.508498583569406,0.013956175396337743,1.4,0.012638079221473739,0.24250077959054622,24.25,0.3542470932006836,0.32927745400396474,32.93,396,422,11,0.2992257912289334,29.92,0.0,0.0,0.17161681470015125,0.17997692853589253,18.0,13,0.19713861000590768,13,0.15445513323013613,11,0.25384578191822366,3,0.2182507016314916,3,True,0.315321278607627,False,False,False,0.05984515824578668,0.0
Candidate_055,Delivery Driver,0.6263608087091757,62.63608087091757,0.2516035509884433,25.16,0.009790483813783,0.1552066526407623,15.52,0.29695314168930054,0.0,0.0,557,622,12,0.3705312074675783,37.05,0.0,0.0,0.12580177549422164,0.1621674843394708,16.22,14,0.17474766188889299,15,0.11322159794479948,14,0.19827156360612552,9,0.13968598737668608,8,True,0.2516035509884433,False,False,False,0.07410624149351566,0.0
Candidate_055,Licensed Practical Nurse (L.P.N.),0.6144227973248036,61.442279732480365,0.0,0.0,0.0074372668907428125,0.08306788732829912,8.31,0.3466953933238983,0.2858766334420268,28.59,437,527,10,0.3039192124973743,30.39,0.0,0.0,0.1429383167210134,0.16084066420418425,16.08,15,0.17513449587628557,14,0.12864448504891207,12,0.12723815236211417,14,0.07476109859546921,13,True,0.2858766334420268,False,False,False,0.06078384249947486,0.0
Candidate_056,Administrative Assistant,0.8991596638655464,89.91596638655463,1.0,100.0,0.007191245906312854,0.3735419295683931,37.35,0.45794782042503357,0.4171239908329019,41.71,812,890,11,0.4384514673595585,43.85,1.0,100.0,0.7085619954164509,0.6836836902634273,68.37,1,0.6545398898050725,1,0.7377057958748059,1,0.3865238371266262,8,0.43618773661155386,4,False,0.5828760091670981,True,False,False,0.0876902934719117,0.1
Candidate_056,Information Technology (IT) Analyst,0.8547039593171086,85.47039593171087,0.247659540769698,24.77,0.010245029404676535,0.7221850798336087,72.22,0.5271605849266052,0.8274868050684087,82.75,347,357,10,0.266375870790639,26.64,0.0,0.0,0.5375731729190534,0.4295763952014651,42.96,8,0.4833337124933705,8,0.483815855627148,6,0.6310232380250147,2,0.6499665718502479,2,False,0.5798272642987107,True,False,False,0.053275174158127804,0.0
Candidate_056,Software Developer,0.8435089974293059,84.35089974293058,0.058203027746528434,5.82,0.012678424749337615,1.0,100.0,0.5562570691108704,1.0,100.0,323,344,8,0.2290858604605659,22.91,0.0,0.0,0.5291015138732642,0.4161882318033981,41.62,9,0.46909838319072455,9,0.4761913624859378,7,0.8458171720921133,1,0.9,1,False,0.9417969722534716,True,False,False,0.04581717209211318,0.0
Candidate_056,Restaurant Manager,0.8625954198473282,86.25954198473282,0.3812096689165674,38.12,0.005495291478448304,0.17991887320117933,17.99,0.42846065759658813,0.24229446033745805,24.23,1139,1473,12,0.5865008675534992,58.65,0.0,0.0,0.3117520646270127,0.3355266187496087,33.55,12,0.36670182521231004,12,0.28057685816431144,12,0.2612352720716433,14,0.1619269858810614,14,True,0.13891520857910933,False,False,False,0.11730017351069984,0.0
Candidate_056,Delivery Driver,0.8689735614307932,86.89735614307932,0.4891493364278887,48.91,0.008082495271551537,0.475293735659161,47.53,0.38759469985961914,0.0,0.0,557,622,12,0.3705312074675783,37.05,0.0,0.0,0.24457466821394436,0.2453085092432767,24.53,13,0.2697659760646711,13,0.22011720139254992,13,0.4543412300208445,4,0.4277643620932449,5,True,0.4891493364278887,True,False,False,0.07410624149351566,0.0
Candidate_056,Bookkeeper,0.8406515580736544,84.06515580736544,0.009845516401472696,0.98,0.0067911655470046265,0.3278657128676346,32.79,0.46159523725509644,0.4387495427936325,43.87,396,422,11,0.2992257912289334,29.92,0.0,0.0,0.2242975295975526,0.21685342896407347,21.69,14,0.23928318192382875,14,0.20186777663779734,14,0.32213772853989436,10,0.2950791415808712,8,True,0.4289040263921598,False,False,False,0.05984515824578668,0.0
Candidate_056,Licensed Practical Nurse (L.P.N.),0.840069787728991,84.0069787728991,0.0,0.0,0.006165882371424624,0.25647862984132896,25.65,0.42188122868537903,0.20328499461954247,20.33,437,527,10,0.3039192124973743,30.39,0.0,0.0,0.10164249730977123,0.1319335906163147,13.19,15,0.14209784034729186,15,0.09147824757879411,15,0.26596674637253803,12,0.23083076685719608,11,True,0.20328499461954247,False,False,False,0.06078384249947486,0.0
Candidate_057,Inside Sales Representative,0.896049896049896,89.6049896049896,0.7375171456827702,73.75,0.011338718104226406,0.1599625438259923,16.0,0.4309115409851074,0.28265232138381985,28.27,1876,2449,13,0.8643994601889338,86.44,0.0,0.0,0.510084733533295,0.5299392055110932,52.99,5,0.5809476788644228,5,0.4590762601799655,6,0.3008499270985806,5,0.14396628944339307,9,False,0.4548648242989503,True,False,False,0.17287989203778675,0.0
Candidate_057,Retail Sales Associate,0.896049896049896,89.6049896049896,0.7375171456827702,73.75,0.011325795485360102,0.15949885577698447,15.95,0.41890814900398254,0.2184430559992756,21.84,1876,2449,13,0.8643994601889338,86.44,0.0,0.0,0.4779801008410229,0.5074659626265028,50.75,6,0.555263972710605,6,0.4301820907569206,8,0.30047897665937434,6,0.14354897019928603,10,False,0.5190740896834946,True,False,False,0.17287989203778675,0.0
Candidate_057,Bookkeeper,0.8937677053824362,89.37677053824362,0.6581649247644312,65.82,0.011809572335788882,0.1768576857673497,17.69,0.4453904628753662,0.3601038400541774,36.01,396,422,11,0.2992257912289334,29.92,0.0,0.0,0.5091343824093043,0.4162392259322997,41.62,8,0.46715266417323015,8,0.4582209441683739,7,0.20133130685966644,12,0.15917191719061474,8,False,0.29806108471025383,True,False,False,0.05984515824578668,0.0
Candidate_057,Food Service Supervisor,0.8748387096774194,87.48387096774194,0.0,0.0,0.010384058207444709,0.12570753796499404,12.57,0.44041526317596436,0.3334902029803958,33.35,1061,2524,12,0.6833380235893983,68.33,0.0,0.0,0.1667451014901979,0.25338917576101816,25.34,12,0.270063685910038,12,0.15007059134117812,12,0.2372336350898749,9,0.11313678416849464,12,True,0.3334902029803958,True,False,False,0.13666760471787967,0.0
Candidate_057,Restaurant Manager,0.881526717557252,88.1526717557252,0.23254335685053332,23.25,0.009647306464265195,0.09927148951905629,9.93,0.3965015113353729,0.09858412389896319,9.86,1139,1473,12,0.5865008675534992,58.65,0.0,0.0,0.16556374037474825,0.2331947917730236,23.32,13,0.24975116581049844,13,0.14900736633727343,13,0.19671736512594487,13,0.08934434056715067,13,True,0.13395923295157014,False,False,False,0.11730017351069984,0.0
Candidate_057,"Driver, Truck",0.8764356435643563,87.64356435643563,0.05552570711773451,5.55,0.008702335541054255,0.0653641423871743,6.54,0.39211565256118774,0.07512302470186796,7.51,1423,3705,12,0.8880268984746598,88.8,0.0,0.0,0.06532436590980123,0.2233324358317928,22.33,14,0.22986487242277295,14,0.058791929318821115,15,0.2298966936046714,10,0.058827728148456875,14,True,0.019597317584133453,False,True,False,0.17760537969493195,0.0
Candidate_057,Delivery Driver,0.8786936236391915,87.86936236391915,0.13403612094172707,13.4,0.014137691502864386,0.26039501249713287,26.04,0.37807202339172363,0.0,0.0,557,622,12,0.3705312074675783,37.05,0.0,0.0,0.06701806047086353,0.12101888382312014,12.1,15,0.1277206898702065,15,0.06031625442377718,14,0.28242225149122197,7,0.2343555112474196,6,True,0.13403612094172707,False,False,False,0.07410624149351566,0.0
Candidate_058,Administrative Assistant,0.7942857142857143,79.42857142857143,1.0,100.0,0.005992800932418534,0.30341778386373025,30.34,0.3887931704521179,0.42190882797383983,42.19,812,890,11,0.4384514673595585,43.85,1.0,100.0,0.7109544139869199,0.6853583832627556,68.54,1,0.6564538246614476,1,0.739858972588228,1,0.33042452056289595,7,0.3730760054773572,4,False,0.5780911720261601,True,False,False,0.0876902934719117,0.1
Candidate_058,Office Administrator,0.7757177033492824,77.57177033492823,0.7230284741531223,72.3,0.004077746425145405,0.08586918788546333,8.59,0.37296009063720703,0.3312066427864984,33.12,676,1709,13,0.5286438829565303,52.86,1.0,100.0,0.5271175584698103,0.5747110675201733,57.47,2,0.5274228233671544,5,0.5744058026228294,3,0.17442412689967673,14,0.17728226909691702,11,False,0.3918218313666239,True,False,False,0.10572877659130607,0.1
Candidate_058,Office Manager,0.776978417266187,77.6978417266187,0.7418340348788728,74.18,0.004854378564800937,0.1740939516882628,17.41,0.36320868134498596,0.2753442242425308,27.53,676,1709,13,0.5286438829565303,52.86,1.0,100.0,0.5085891295607018,0.5617411672837973,56.17,3,0.5126000802398675,6,0.5577302166046316,4,0.24500393794191633,11,0.25668455651943656,6,False,0.466489810636342,True,False,False,0.10572877659130607,0.1
Candidate_058,Software Developer,0.7471079691516709,74.7107969151671,0.2962686148491634,29.63,0.010664582176957973,0.8341282396795986,83.41,0.4897054433822632,1.0,100.0,323,344,8,0.2290858604605659,22.91,0.0,0.0,0.6481343074245817,0.4995111872893203,49.95,6,0.5643246180317786,4,0.5833208766821235,2,0.7131197638357921,2,0.7507154157116388,2,False,0.7037313851508367,True,False,False,0.04581717209211318,0.0
Candidate_058,Restaurant Manager,0.7441221374045802,74.41221374045803,0.25173016763772144,25.17,0.004657514390944291,0.15173034560901988,15.17,0.3506532907485962,0.2034187759857313,20.34,1139,1473,12,0.5865008675534992,58.65,0.0,0.0,0.22757447181172635,0.27660230377890827,27.66,12,0.29935975096008094,12,0.20481702463055373,12,0.23868444999791574,12,0.13655731104811789,13,True,0.04831139165199014,False,False,False,0.11730017351069984,0.0
Candidate_058,Bookkeeper,0.7344192634560907,73.44192634560906,0.10699631263227526,10.7,0.006300072436566489,0.3383235706482022,33.83,0.3747917115688324,0.3416993594831476,34.17,396,422,11,0.2992257912289334,29.92,0.0,0.0,0.22434783605771144,0.21688864348618467,21.69,13,0.23932342709195584,13,0.2019130524519403,13,0.33050401476434843,6,0.304491213583382,5,True,0.23470304685087234,False,False,False,0.05984515824578668,0.0
Candidate_058,Delivery Driver,0.7476671850699845,74.76671850699846,0.30461021302591235,30.46,0.007099450026786004,0.4291321986785183,42.91,0.31514427065849304,0.0,0.0,557,622,12,0.3705312074675783,37.05,0.0,0.0,0.15230510651295617,0.18071981605258497,18.07,14,0.1959503267038806,14,0.13707459586166057,14,0.4174120004363303,3,0.38621897881066647,3,True,0.30461021302591235,False,False,False,0.07410624149351566,0.0
Candidate_058,Licensed Practical Nurse (L.P.N.),0.7272462925268973,72.72462925268974,0.0,0.0,0.005225871273690628,0.21629521380805108,21.63,0.35162562131881714,0.20898891827481633,20.9,437,527,10,0.3039192124973743,30.39,0.0,0.0,0.10449445913740817,0.1339299638956606,13.39,15,0.1443794098094014,15,0.09404501322366735,15,0.23382001354591572,13,0.194665692427246,10,True,0.20898891827481633,False,False,False,0.06078384249947486,0.0
Candidate_059,Licensed Practical Nurse (L.P.N.),0.6615295143937191,66.1529514393719,0.515402242745367,51.54,0.006746478501385398,0.017953032733410503,1.8,0.3929998576641083,0.2288337056426641,22.88,437,527,10,0.3039192124973743,30.39,1.0,100.0,0.3721179741940155,0.4212664244352857,42.13,6,0.3584782218546873,9,0.43490617677461396,5,0.07514626868620326,15,0.11615772946006946,7,False,0.28656853710270286,True,False,False,0.06078384249947486,0.1
Candidate_059,Inside Sales Representative,0.6361746361746362,63.61746361746362,0.14532065041134984,14.53,0.00706692564438027,0.02579372971413093,2.58,0.4106615483760834,0.3375148980277111,33.75,1876,2449,13,0.8643994601889338,86.44,0.0,0.0,0.24141777421953048,0.3418723339914581,34.19,8,0.36601411141341117,7,0.21727599679757745,12,0.1935148758090915,7,0.023214356742717837,12,False,0.19219424761636128,False,True,False,0.17287989203778675,0.0
Candidate_059,Retail Sales Associate,0.6361746361746362,63.61746361746362,0.14532065041134984,14.53,0.007058871542865497,0.02559666205161691,2.56,0.40893206000328064,0.326872493422311,32.69,1876,2449,13,0.8643994601889338,86.44,0.0,0.0,0.23609657191683042,0.33814749237956804,33.81,9,0.3617571495712511,8,0.21248691472514739,13,0.1933572216790803,8,0.02303699584645522,13,False,0.18155184301096117,False,True,False,0.17287989203778675,0.0
Candidate_059,"Driver, Truck",0.6435643564356435,64.35643564356435,0.25318152899518853,25.32,0.018544486499542958,0.30662655568989317,30.66,0.37950941920280457,0.1458203089253559,14.58,1423,3705,12,0.8880268984746598,88.8,0.0,0.0,0.19950091896027222,0.3172560229671225,31.73,10,0.3372061148631498,11,0.179550827064245,14,0.4229066242468465,4,0.2759639001209039,4,False,0.10736122006983262,False,True,False,0.17760537969493195,0.0
Candidate_059,Food Service Supervisor,0.6287096774193549,62.87096774193549,0.036361585453861166,3.64,0.006471928004945764,0.01123533436864781,1.12,0.42966267466545105,0.4544383056144589,45.44,1061,2524,12,0.6833380235893983,68.33,0.0,0.0,0.24539994553416003,0.30844756659179173,30.84,12,0.3329875611452077,12,0.220859950980744,11,0.1456558722127979,11,0.01011180093178303,14,True,0.41807672016059777,True,False,False,0.13666760471787967,0.0
Candidate_059,Continuing Care Assistant,0.6395304080061586,63.95304080061586,0.19430173295446118,19.43,0.009250894853032189,0.07923106299857065,7.92,0.42287084460258484,0.41264478755627965,41.26,819,1172,9,0.4396201180333152,43.96,0.0,0.0,0.3034732602553704,0.3003553057854223,30.04,13,0.3307026318109594,13,0.2731259342298334,8,0.15130887400551957,10,0.07130795669871358,10,True,0.21834305460181846,True,False,False,0.08792402360666304,0.0
Candidate_059,Administrative Assistant,0.626218487394958,62.6218487394958,0.0,0.0,0.028908209153207222,0.5602060014611093,56.02,0.44641122221946716,0.5575004726839997,55.75,812,890,11,0.4384514673595585,43.85,0.0,0.0,0.27875023634199986,0.2828154589113116,28.28,14,0.31069048254551157,14,0.2508752127077999,9,0.5358550946407992,2,0.5041854013149984,3,True,0.5575004726839997,True,False,False,0.0876902934719117,0.0
Candidate_059,Delivery Driver,0.6360808709175739,63.60808709175739,0.14395204610020385,14.4,0.008882479808823457,0.07021668796691179,7.02,0.35581228137016296,0.0,0.0,557,622,12,0.3705312074675783,37.05,0.0,0.0,0.07197602305010192,0.12448945762858701,12.45,15,0.1316870599335972,15,0.06477842074509173,15,0.1302795918670451,12,0.0631950191702206,11,True,0.14395204610020385,False,False,False,0.07410624149351566,0.0
Candidate_060,Secondary School Teacher,0.568004459308807,56.80044593088071,0.7526708825815293,75.27,0.007044448412350482,0.3335462449690993,33.35,0.48452624678611755,0.34190437284053027,34.19,681,740,9,0.3635561348837076,36.36,1.0,100.0,0.5472876277110298,0.5558125663744623,55.58,3,0.5105413291455653,3,0.5925588649399268,3,0.339548222952021,11,0.40019162047218937,9,False,0.410766509740999,True,False,False,0.07271122697674152,0.1
Candidate_060,Licensed Practical Nurse (L.P.N.),0.5670252980517592,56.70252980517592,0.7418067115235827,74.18,0.006074437092372102,0.2319053508890771,23.19,0.4445728063583374,0.06333641141322101,6.33,437,527,10,0.3039192124973743,30.39,1.0,100.0,0.40257156146840184,0.4425839355273562,44.26,5,0.38284109167419633,10,0.46231440532156165,5,0.24630812321073656,14,0.3087148158001694,10,False,0.6784703001103617,True,False,False,0.06078384249947486,0.1
Candidate_060,Continuing Care Assistant,0.5361816782140107,53.61816782140107,0.39958487671176474,39.96,0.0038612450739227318,0.0,0.0,0.4817570447921753,0.32259662497267544,32.26,819,1172,9,0.4396201180333152,43.96,0.0,0.0,0.3610907508422201,0.34068754919621713,34.07,12,0.37679662428043914,12,0.3249816757579981,8,0.08792402360666304,15,0.0,15,True,0.0769882517390893,False,False,False,0.08792402360666304,0.0
Candidate_060,Restaurant Manager,0.5529770992366412,55.29770992366412,0.5859365380614188,58.59,0.005413791632611066,0.16268080286883782,16.27,0.43548882007598877,0.0,0.0,1139,1473,12,0.5865008675534992,58.65,0.0,0.0,0.2929682690307094,0.3223779618321964,32.24,13,0.35167478873526736,13,0.26367144212763843,11,0.2474448158057701,13,0.14641272258195404,13,True,0.5859365380614188,True,False,False,0.11730017351069984,0.0
Candidate_060,Administrative Assistant,0.5001680672268908,50.01680672268908,0.0,0.0,0.008211530122817372,0.4558368059895009,45.58,0.5059747695922852,0.4914502244560235,49.15,812,890,11,0.4384514673595585,43.85,0.0,0.0,0.24572511222801174,0.25969787203151995,25.97,14,0.2842703832543211,14,0.2211526010052106,14,0.45235973826351245,6,0.4102531253905508,8,True,0.4914502244560235,True,False,False,0.0876902934719117,0.0
Candidate_060,Delivery Driver,0.5291601866251944,52.91601866251944,0.32167872473346637,32.17,0.008367258732232905,0.47215454864758255,47.22,0.450322687625885,0.1034263933021425,10.34,557,622,12,0.3705312074675783,37.05,0.0,0.0,0.21255255901780443,0.22289303280597875,22.29,15,0.24414828870775923,15,0.191297303116024,15,0.4518298804115817,7,0.4249390937828243,7,True,0.2182523314313239,False,False,False,0.07410624149351566,0.0
Candidate_061,Food Service Supervisor,1.0000000000000002,100.00000000000004,1.0,100.0,0.008126269292209675,0.29537567545472676,29.54,0.49087390303611755,0.3740677812381473,37.41,1061,2524,12,0.6833380235893983,68.33,1.0,100.0,0.6870338906190736,0.7175913281512312,71.76,1,0.6862947172131386,1,0.7183305015571663,2,0.3729681450816611,8,0.3658381079092541,7,False,0.6259322187618527,True,False,False,0.13666760471787967,0.1
Candidate_061,Administrative Assistant,1.0000000000000002,100.00000000000004,1.0,100.0,0.009282346151968867,0.41992787066077114,41.99,0.5088010430335999,0.48083133351898283,48.08,812,890,11,0.4384514673595585,43.85,1.0,100.0,0.7404156667594914,0.7059812602035557,70.6,2,0.6800228268795049,2,0.7663741000835422,1,0.42363259000052866,7,0.47793508359469405,4,False,0.5191686664810171,True,False,False,0.0876902934719117,0.1
Candidate_061,Software Developer,1.0,100.0,0.0,0.0,0.014666498270772948,1.0,100.0,0.5959769487380981,1.0,100.0,323,344,8,0.2290858604605659,22.91,0.0,0.0,0.5,0.39581717209211315,39.58,3,0.4458171720921132,3,0.45,3,0.8458171720921133,1,0.9,1,False,1.0,True,False,False,0.04581717209211318,0.0
Candidate_061,Information Technology (IT) Analyst,1.0,100.0,0.0,0.0,0.011593913241695043,0.6689690593680807,66.9,0.5628004670143127,0.8024202945082711,80.24,347,357,10,0.266375870790639,26.64,0.0,0.0,0.40121014725413556,0.3341222772360227,33.41,4,0.3742432919614363,4,0.361089132528722,4,0.5884504216525923,2,0.6020721534312726,3,False,0.8024202945082711,True,False,False,0.053275174158127804,0.0
Candidate_061,Continuing Care Assistant,1.0,100.0,0.0,0.0,0.005384631677842047,0.0,0.0,0.4824683666229248,0.32400932649163433,32.4,819,1172,9,0.4396201180333152,43.96,1.0,100.0,0.16200466324581717,0.3013272878787351,30.13,5,0.21752775420331677,11,0.24580419692123545,6,0.08792402360666304,15,0.1,15,False,0.32400932649163433,False,False,True,0.08792402360666304,0.1
Candidate_061,Bookkeeper,1.0,100.0,0.0,0.0,0.008861548752976513,0.3745924421907224,37.46,0.4850398898124695,0.3393238133828446,33.93,396,422,11,0.2992257912289334,29.92,1.0,100.0,0.1696619066914223,0.2786084929297823,27.86,6,0.19557468359892452,12,0.2526957160222801,5,0.3595191119983646,9,0.4371331979716502,5,False,0.3393238133828446,False,False,True,0.05984515824578668,0.1
Candidate_061,Inside Sales Representative,1.0,100.0,0.0,0.0,0.00887335903773511,0.375864846253025,37.59,0.45862457156181335,0.1820096399304755,18.2,1876,2449,13,0.8643994601889338,86.44,0.0,0.0,0.09100481996523775,0.23658326601345317,23.66,8,0.24568374800997694,7,0.08190433796871398,11,0.4735717690402068,5,0.3382783616277225,8,False,0.1820096399304755,False,True,False,0.17287989203778675,0.0
Candidate_061,Retail Sales Associate,1.0,100.0,0.0,0.0,0.008863246162906185,0.37477531595998825,37.48,0.4534159302711487,0.1509900212503015,15.1,1876,2449,13,0.8643994601889338,86.44,0.0,0.0,0.07549501062515075,0.22572639947539228,22.57,10,0.23327590053790737,8,0.06794550956263568,12,0.4727001448057774,6,0.33729778436398944,9,False,0.1509900212503015,False,True,False,0.17287989203778675,0.0
Candidate_061,"Driver, Truck",1.0,100.0,0.0,0.0,0.0068102008545246895,0.15358647556606345,15.36,0.4488263428211212,0.12365712488549988,12.37,1423,3705,12,0.8880268984746598,88.8,0.0,0.0,0.06182856244274994,0.22088537340485692,22.09,11,0.2270682296491319,10,0.05564570619847495,14,0.30047456014778273,14,0.1382278280094571,14,False,0.12365712488549988,False,True,False,0.17760537969493195,0.0
Candidate_061,Secondary School Teacher,1.0,100.0,0.0,0.0,0.008591143834398964,0.34545984091163373,34.55,0.49361035227775574,0.3903644711571484,39.04,681,740,9,0.3635561348837076,36.36,0.0,0.0,0.1951822355785742,0.20933879188174348,20.93,12,0.2288570154396009,9,0.17566401202071677,8,0.34907909970604856,10,0.31091385682047035,10,True,0.3903644711571484,False,False,False,0.07271122697674152,0.0
Candidate_061,Delivery Driver,1.0,100.0,0.0,0.0,0.010889656955202285,0.5930946348176219,59.31,0.4280625283718109,0.0,0.0,557,622,12,0.3705312074675783,37.05,1.0,100.0,0.0,0.17410624149351567,17.41,13,0.07410624149351566,15,0.1,10,0.5485819493476132,3,0.6337851713358598,2,True,0.0,False,False,True,0.07410624149351566,0.1
Candidate_061,Restaurant Manager,1.0,100.0,0.0,0.0,0.00754970828427067,0.23325875078591973,23.33,0.45204275846481323,0.14281221374967099,14.28,1139,1473,12,0.5865008675534992,58.65,0.0,0.0,0.07140610687483549,0.16728444832308467,16.73,14,0.17442505901056823,13,0.06426549618735194,13,0.30390717413943563,13,0.20993287570732777,13,True,0.14281221374967099,False,False,False,0.11730017351069984,0.0
Candidate_061,Licensed Practical Nurse (L.P.N.),1.0,100.0,0.0,0.0,0.00847099983721471,0.3325158930557407,33.25,0.44191649556159973,0.08250611924555307,8.25,437,527,10,0.3039192124973743,30.39,0.0,0.0,0.04125305962277653,0.08966098423541843,8.97,15,0.09378629019769609,14,0.037127753660498884,15,0.32679655694406745,12,0.29926430375016666,11,True,0.08250611924555307,False,False,False,0.06078384249947486,0.0
Candidate_062,Administrative Assistant,0.8991596638655464,89.91596638655463,1.0,100.0,0.00806531417550917,0.1888387979086318,18.88,0.4910988211631775,0.5005136650935003,50.05,812,890,11,0.4384514673595585,43.85,1.0,100.0,0.7502568325467501,0.7128700762546367,71.29,1,0.6878957595093118,1,0.7752311492920752,1,0.23876133179881717,7,0.2699549181177686,3,False,0.49948633490649974,True,False,False,0.0876902934719117,0.1
Candidate_062,"Driver, Truck",0.8811881188118811,88.11881188118811,0.6958608440448676,69.59,0.006144352082766812,0.10615061398812234,10.62,0.4099430739879608,0.07281777933022972,7.28,1423,3705,12,0.8880268984746598,88.8,1.0,100.0,0.38433931168754865,0.546642897876216,54.66,4,0.48507682904497085,6,0.4459053805187938,6,0.26252587088542984,4,0.1955355525893101,5,False,0.6230430647146379,True,False,False,0.17760537969493195,0.1
Candidate_062,Information Technology (IT) Analyst,0.8547039593171086,85.47039593171087,0.247659540769698,24.77,0.026909722728716643,1.0,100.0,0.5475069880485535,0.7977882481028317,79.78,347,357,10,0.266375870790639,26.64,0.0,0.0,0.5227238944362649,0.4191819002635132,41.92,8,0.4714542897071397,8,0.4704515049926383,5,0.8532751741581278,1,0.9,1,False,0.5501287073331337,True,False,False,0.053275174158127804,0.0
Candidate_062,Software Developer,0.8435089974293059,84.35089974293058,0.058203027746528434,5.82,0.012485144029945211,0.37909122677318363,37.91,0.5858768820762634,1.0,100.0,323,344,8,0.2290858604605659,22.91,0.0,0.0,0.5291015138732642,0.4161882318033981,41.62,9,0.46909838319072455,9,0.4761913624859378,4,0.3490901535106601,2,0.3411821040958653,2,False,0.9417969722534716,True,False,False,0.04581717209211318,0.0
Candidate_062,Restaurant Manager,0.8625954198473282,86.25954198473282,0.3812096689165674,38.12,0.005157322165083041,0.06366372073976742,6.37,0.4404364228248596,0.23351964327251076,23.35,1139,1473,12,0.5865008675534992,58.65,0.0,0.0,0.30736465609453906,0.33245543277687717,33.25,12,0.3631918983863311,12,0.2766281904850852,12,0.16823115010251377,10,0.05729734866579068,14,True,0.14769002564405662,False,False,False,0.11730017351069984,0.0
Candidate_062,Delivery Driver,0.8689735614307932,86.89735614307932,0.4891493364278887,48.91,0.0076311197990298904,0.17014881719781258,17.01,0.39612582325935364,0.0,0.0,557,622,12,0.3705312074675783,37.05,0.0,0.0,0.24457466821394436,0.2453085092432767,24.53,13,0.2697659760646711,13,0.22011720139254992,13,0.21022529525176573,9,0.15313393547803134,7,True,0.4891493364278887,False,False,False,0.07410624149351566,0.0
Candidate_062,Bookkeeper,0.8406515580736544,84.06515580736544,0.009845516401472696,0.98,0.009962076539187091,0.27048529982236624,27.05,0.4639931619167328,0.35766513810531164,35.77,396,422,11,0.2992257912289334,29.92,0.0,0.0,0.18375532725339216,0.1884738873231612,18.85,14,0.2068494200485004,14,0.16537979452805296,14,0.2762333981036797,3,0.24343676984012963,4,True,0.34781962170383895,False,False,False,0.05984515824578668,0.0
Candidate_062,Licensed Practical Nurse (L.P.N.),0.840069787728991,84.0069787728991,0.0,0.0,0.005786670633606163,0.09075414699645594,9.08,0.4186442792415619,0.1186736776206147,11.87,437,527,10,0.3039192124973743,30.39,0.0,0.0,0.05933683881030735,0.10231962966669,10.23,15,0.10825331354772075,15,0.053403154929276615,15,0.13338716009663962,13,0.08167873229681034,12,True,0.1186736776206147,False,False,False,0.06078384249947486,0.0
Candidate_063,Administrative Assistant,0.7942857142857143,79.42857142857143,1.0,100.0,0.008411841846757436,0.5349100942695931,53.49,0.48650887608528137,0.47986316918591654,47.99,812,890,11,0.4384514673595585,43.85,1.0,100.0,0.7399315845929583,0.7056424026869824,70.56,1,0.6796355611462783,1,0.7659384261336625,1,0.5156183688875862,8,0.5814190848426338,6,False,0.5201368308140835,True,False,False,0.0876902934719117,0.1
Candidate_063,Software Developer,0.7471079691516709,74.7107969151671,0.2962686148491634,29.63,0.011549005018429225,1.0,100.0,0.5968151092529297,1.0,100.0,323,344,8,0.2290858604605659,22.91,0.0,0.0,0.6481343074245817,0.4995111872893203,49.95,4,0.5643246180317786,4,0.5833208766821235,4,0.8458171720921133,2,0.9,2,False,0.7037313851508367,True,False,False,0.04581717209211318,0.0
Candidate_063,Information Technology (IT) Analyst,0.7529967308390846,75.29967308390846,0.3841088964762826,38.41,0.010868359509640407,0.8990931175091792,89.91,0.5634049773216248,0.842458221618195,84.25,347,357,10,0.266375870790639,26.64,0.0,0.0,0.6132835590472387,0.48257366549119496,48.26,6,0.5439020213959188,5,0.5519552031425149,5,0.7725496681654712,3,0.8091838057582613,3,False,0.45834932514191234,True,False,False,0.053275174158127804,0.0
Candidate_063,Retail Sales Associate,0.7706167706167706,77.06167706167706,0.6469399191106423,64.69,0.007907053013566877,0.460074270311718,46.01,0.4323309659957886,0.22439323204056918,22.44,1876,2449,13,0.8643994601889338,86.44,0.0,0.0,0.43566657557560573,0.47784649494071074,47.78,7,0.5214131524982714,7,0.3920999180180452,8,0.5409393082871612,7,0.4140668432805462,9,False,0.42254668707007315,True,False,False,0.17287989203778675,0.0
Candidate_063,Restaurant Manager,0.7441221374045802,74.41221374045803,0.25173016763772144,25.17,0.006735223477209553,0.28634849999862916,28.63,0.4216892421245575,0.1742133612406286,17.42,1139,1473,12,0.5865008675534992,58.65,0.0,0.0,0.21297176443917504,0.26638040861812234,26.64,12,0.2876775850620399,12,0.19167458799525752,13,0.34637897350960317,13,0.2577136499987662,13,True,0.07751680639709282,False,False,False,0.11730017351069984,0.0
Candidate_063,Bookkeeper,0.7344192634560907,73.44192634560906,0.10699631263227526,10.7,0.008008204570673564,0.4750701648778787,47.51,0.4654681384563446,0.38064790025662104,38.06,396,422,11,0.2992257912289334,29.92,0.0,0.0,0.24382210644444816,0.23052063275690035,23.05,13,0.25490284340134517,13,0.21943989580000334,12,0.43990129014808965,9,0.4275631483900908,7,True,0.27365158762434577,False,False,False,0.05984515824578668,0.0
Candidate_063,Delivery Driver,0.7476671850699845,74.76671850699846,0.30461021302591235,30.46,0.009761850038874838,0.7350511607199448,73.51,0.3847435414791107,0.0,0.0,557,622,12,0.3705312074675783,37.05,0.0,0.0,0.15230510651295617,0.18071981605258497,18.07,14,0.1959503267038806,14,0.13707459586166057,14,0.6621471700694715,4,0.6615460446479503,5,True,0.30461021302591235,False,False,False,0.07410624149351566,0.0
Candidate_063,Licensed Practical Nurse (L.P.N.),0.7272462925268973,72.72462925268974,0.0,0.0,0.00755712337891456,0.40819659233107486,40.82,0.4347880184650421,0.23597919094607445,23.6,437,527,10,0.3039192124973743,30.39,0.0,0.0,0.11798959547303722,0.14337655933060092,14.34,15,0.15517551887790465,15,0.10619063592573351,15,0.38734111636433477,12,0.3673769330979674,11,True,0.23597919094607445,False,False,False,0.06078384249947486,0.0
