candidate_id,CIP2020Code,CIP2020Title,cip_recommendation_score,supporting_occupations,best_occupation_rank,max_occupation_score,cip_recommendation_percentage,cip_rank,support_factor,adjusted_cip_score
Candidate_001,11.0103,Information Technology.,68.43428809142071,2,1,69.47300771208226,75.2777169005628,1,1.1,75.2777169005628
Candidate_001,11.0104,Informatics.,68.43428809142071,2,1,69.47300771208226,75.2777169005628,2,1.1,75.2777169005628
Candidate_001,11.0201,"Computer Programming/Programmer, General.",68.43428809142071,2,1,69.47300771208226,75.2777169005628,3,1.1,75.2777169005628
Candidate_001,11.0202,"Computer Programming, Specific Applications.",68.43428809142071,2,1,69.47300771208226,75.2777169005628,4,1.1,75.2777169005628
Candidate_001,11.0203,"Computer Programming, Vendor/Product Certification.",68.43428809142071,2,1,69.47300771208226,75.2777169005628,5,1.1,75.2777169005628
Candidate_001,11.0204,Computer Game Programming.,68.43428809142071,2,1,69.47300771208226,75.2777169005628,6,1.1,75.2777169005628
Candidate_001,11.0205,"Computer Programming, Specific Platforms.",68.43428809142071,2,1,69.47300771208226,75.2777169005628,7,1.1,75.2777169005628
Candidate_001,11.0701,Computer Science.,68.43428809142071,2,1,69.47300771208226,75.2777169005628,8,1.1,75.2777169005628
Candidate_001,14.0901,"Computer Engineering, General.",68.43428809142071,2,1,69.47300771208226,75.2777169005628,9,1.1,75.2777169005628
Candidate_001,14.0903,Computer Software Engineering.,68.43428809142071,2,1,69.47300771208226,75.2777169005628,10,1.1,75.2777169005628
Candidate_001,15.1204,Computer Software Technology/Technician.,68.43428809142071,2,1,69.47300771208226,75.2777169005628,11,1.1,75.2777169005628
Candidate_001,11.0102,Artificial Intelligence.,69.47300771208226,1,1,69.47300771208226,69.47300771208226,12,1.0,69.47300771208226
Candidate_001,11.0401,Information Science/Studies.,69.47300771208226,1,1,69.47300771208226,69.47300771208226,13,1.0,69.47300771208226
Candidate_001,11.0804,"Modeling, Virtual Environments and Simulation.",69.47300771208226,1,1,69.47300771208226,69.47300771208226,14,1.0,69.47300771208226
Candidate_001,11.0902,Cloud Computing.,69.47300771208226,1,1,69.47300771208226,69.47300771208226,15,1.0,69.47300771208226
Candidate_001,30.0801,Mathematics and Computer Science.,69.47300771208226,1,1,69.47300771208226,69.47300771208226,16,1.0,69.47300771208226
Candidate_001,30.1601,Accounting and Computer Science.,69.47300771208226,1,1,69.47300771208226,69.47300771208226,17,1.0,69.47300771208226
Candidate_001,30.3901,Economics and Computer Science.,69.47300771208226,1,1,69.47300771208226,69.47300771208226,18,1.0,69.47300771208226
Candidate_001,30.4801,Linguistics and Computer Science.,69.47300771208226,1,1,69.47300771208226,69.47300771208226,19,1.0,69.47300771208226
Candidate_001,30.7001,"Data Science, General.",69.47300771208226,1,1,69.47300771208226,69.47300771208226,20,1.0,69.47300771208226
Candidate_001,11.0101,"Computer and Information Sciences, General.",67.39556847075916,1,2,67.39556847075916,67.39556847075916,21,1.0,67.39556847075916
Candidate_001,11.0501,Computer Systems Analysis/Analyst.,67.39556847075916,1,2,67.39556847075916,67.39556847075916,22,1.0,67.39556847075916
Candidate_001,11.0901,Computer Systems Networking and Telecommunications.,67.39556847075916,1,2,67.39556847075916,67.39556847075916,23,1.0,67.39556847075916
Candidate_001,11.1001,Network and System Administration/Administrator.,67.39556847075916,1,2,67.39556847075916,67.39556847075916,24,1.0,67.39556847075916
Candidate_001,11.1002,"System, Networking, and LAN/WAN Management/Manager.",67.39556847075916,1,2,67.39556847075916,67.39556847075916,25,1.0,67.39556847075916
Candidate_001,11.1003,Computer and Information Systems Security/Auditing/Information Assurance.,67.39556847075916,1,2,67.39556847075916,67.39556847075916,26,1.0,67.39556847075916
Candidate_001,11.1005,Information Technology Project Management.,67.39556847075916,1,2,67.39556847075916,67.39556847075916,27,1.0,67.39556847075916
Candidate_001,15.1201,Computer Engineering Technology/Technician.,67.39556847075916,1,2,67.39556847075916,67.39556847075916,28,1.0,67.39556847075916
Candidate_001,15.1202,Computer/Computer Systems Technology/Technician.,67.39556847075916,1,2,67.39556847075916,67.39556847075916,29,1.0,67.39556847075916
Candidate_001,43.0403,Cyber/Computer Forensics and Counterterrorism.,67.39556847075916,1,2,67.39556847075916,67.39556847075916,30,1.0,67.39556847075916
Candidate_001,51.0723,Healthcare Information Privacy Assurance and Security.,67.39556847075916,1,2,67.39556847075916,67.39556847075916,31,1.0,67.39556847075916
Candidate_001,13.0201,Bilingual and Multilingual Education.,66.88963210702342,1,3,66.88963210702342,66.88963210702342,32,1.0,66.88963210702342
Candidate_001,13.1203,Junior High/Intermediate/Middle School Education and Teaching.,66.88963210702342,1,3,66.88963210702342,66.88963210702342,33,1.0,66.88963210702342
Candidate_001,13.1205,Secondary Education and Teaching.,66.88963210702342,1,3,66.88963210702342,66.88963210702342,34,1.0,66.88963210702342
Candidate_001,13.1206,"Teacher Education, Multiple Levels.",66.88963210702342,1,3,66.88963210702342,66.88963210702342,35,1.0,66.88963210702342
Candidate_001,13.1207,Montessori Teacher Education.,66.88963210702342,1,3,66.88963210702342,66.88963210702342,36,1.0,66.88963210702342
Candidate_001,13.1208,Waldorf/Steiner Teacher Education.,66.88963210702342,1,3,66.88963210702342,66.88963210702342,37,1.0,66.88963210702342
Candidate_001,13.1211,Online Educator/Online Teaching.,66.88963210702342,1,3,66.88963210702342,66.88963210702342,38,1.0,66.88963210702342
Candidate_001,13.1212,International Teaching and Learning.,66.88963210702342,1,3,66.88963210702342,66.88963210702342,39,1.0,66.88963210702342
Candidate_001,13.1213,"Science, Technology, Engineering, and Mathematics (STEM) Educational Methods.",66.88963210702342,1,3,66.88963210702342,66.88963210702342,40,1.0,66.88963210702342
Candidate_001,13.1302,Art Teacher Education.,66.88963210702342,1,3,66.88963210702342,66.88963210702342,41,1.0,66.88963210702342
Candidate_001,13.1304,Driver and Safety Teacher Education.,66.88963210702342,1,3,66.88963210702342,66.88963210702342,42,1.0,66.88963210702342
Candidate_001,13.1305,English/Language Arts Teacher Education.,66.88963210702342,1,3,66.88963210702342,66.88963210702342,43,1.0,66.88963210702342
Candidate_001,13.1306,Foreign Language Teacher  Education.,66.88963210702342,1,3,66.88963210702342,66.88963210702342,44,1.0,66.88963210702342
Candidate_001,13.1307,Health Teacher Education.,66.88963210702342,1,3,66.88963210702342,66.88963210702342,45,1.0,66.88963210702342
Candidate_001,13.1308,Family and Consumer Sciences/Home Economics Teacher Education.,66.88963210702342,1,3,66.88963210702342,66.88963210702342,46,1.0,66.88963210702342
Candidate_001,13.1309,Technology Teacher Education/Industrial Arts Teacher Education.,66.88963210702342,1,3,66.88963210702342,66.88963210702342,47,1.0,66.88963210702342
Candidate_001,13.1311,Mathematics Teacher Education.,66.88963210702342,1,3,66.88963210702342,66.88963210702342,48,1.0,66.88963210702342
Candidate_001,13.1312,Music Teacher Education.,66.88963210702342,1,3,66.88963210702342,66.88963210702342,49,1.0,66.88963210702342
Candidate_001,13.1314,Physical Education Teaching and Coaching.,66.88963210702342,1,3,66.88963210702342,66.88963210702342,50,1.0,66.88963210702342
Candidate_001,13.1315,Reading Teacher Education.,66.88963210702342,1,3,66.88963210702342,66.88963210702342,51,1.0,66.88963210702342
Candidate_001,13.1316,Science Teacher Education/General Science Teacher Education.,66.88963210702342,1,3,66.88963210702342,66.88963210702342,52,1.0,66.88963210702342
Candidate_001,13.1317,Social Science Teacher Education.,66.88963210702342,1,3,66.88963210702342,66.88963210702342,53,1.0,66.88963210702342
Candidate_001,13.1318,Social Studies Teacher Education.,66.88963210702342,1,3,66.88963210702342,66.88963210702342,54,1.0,66.88963210702342
Candidate_001,13.1321,Computer Teacher Education.,66.88963210702342,1,3,66.88963210702342,66.88963210702342,55,1.0,66.88963210702342
Candidate_001,13.1322,Biology Teacher Education.,66.88963210702342,1,3,66.88963210702342,66.88963210702342,56,1.0,66.88963210702342
Candidate_001,13.1323,Chemistry Teacher Education.,66.88963210702342,1,3,66.88963210702342,66.88963210702342,57,1.0,66.88963210702342
Candidate_001,13.1324,Drama and Dance Teacher Education.,66.88963210702342,1,3,66.88963210702342,66.88963210702342,58,1.0,66.88963210702342
Candidate_001,13.1325,French Language Teacher Education.,66.88963210702342,1,3,66.88963210702342,66.88963210702342,59,1.0,66.88963210702342
Candidate_001,13.1326,German Language Teacher Education.,66.88963210702342,1,3,66.88963210702342,66.88963210702342,60,1.0,66.88963210702342
Candidate_001,13.1328,History Teacher Education.,66.88963210702342,1,3,66.88963210702342,66.88963210702342,61,1.0,66.88963210702342
Candidate_001,13.1329,Physics Teacher Education.,66.88963210702342,1,3,66.88963210702342,66.88963210702342,62,1.0,66.88963210702342
Candidate_001,13.133,Spanish Language Teacher Education.,66.88963210702342,1,3,66.88963210702342,66.88963210702342,63,1.0,66.88963210702342
Candidate_001,13.1331,Speech Teacher Education.,66.88963210702342,1,3,66.88963210702342,66.88963210702342,64,1.0,66.88963210702342
Candidate_001,13.1332,Geography Teacher Education.,66.88963210702342,1,3,66.88963210702342,66.88963210702342,65,1.0,66.88963210702342
Candidate_001,13.1333,Latin Teacher Education.,66.88963210702342,1,3,66.88963210702342,66.88963210702342,66,1.0,66.88963210702342
Candidate_001,13.1335,Psychology Teacher Education.,66.88963210702342,1,3,66.88963210702342,66.88963210702342,67,1.0,66.88963210702342
Candidate_001,13.1337,Earth Science Teacher Education.,66.88963210702342,1,3,66.88963210702342,66.88963210702342,68,1.0,66.88963210702342
Candidate_001,13.1338,Environmental Education.,66.88963210702342,1,3,66.88963210702342,66.88963210702342,69,1.0,66.88963210702342
Candidate_001,13.1339,Communication Arts and Literature Teacher Education.,66.88963210702342,1,3,66.88963210702342,66.88963210702342,70,1.0,66.88963210702342
Candidate_001,13.1401,Teaching English as a Second or Foreign Language/ESL Language Instructor.,66.88963210702342,1,3,66.88963210702342,66.88963210702342,71,1.0,66.88963210702342
Candidate_001,13.1402,Teaching French as a Second or Foreign Language.,66.88963210702342,1,3,66.88963210702342,66.88963210702342,72,1.0,66.88963210702342
Candidate_001,13.1499,"Teaching English or French as a Second or Foreign Language, Other.",66.88963210702342,1,3,66.88963210702342,66.88963210702342,73,1.0,66.88963210702342
Candidate_001,16.0101,"Foreign Languages and Literatures, General.",66.88963210702342,1,3,66.88963210702342,66.88963210702342,74,1.0,66.88963210702342
Candidate_001,16.03,"East Asian Languages, Literatures, and Linguistics, General.",66.88963210702342,1,3,66.88963210702342,66.88963210702342,75,1.0,66.88963210702342
Candidate_001,16.0301,Chinese Language and Literature.,66.88963210702342,1,3,66.88963210702342,66.88963210702342,76,1.0,66.88963210702342
Candidate_001,16.0302,Japanese Language and Literature.,66.88963210702342,1,3,66.88963210702342,66.88963210702342,77,1.0,66.88963210702342
Candidate_001,16.0303,Korean Language and Literature.,66.88963210702342,1,3,66.88963210702342,66.88963210702342,78,1.0,66.88963210702342
Candidate_001,16.0399,"East Asian Languages, Literatures, and Linguistics, Other.",66.88963210702342,1,3,66.88963210702342,66.88963210702342,79,1.0,66.88963210702342
Candidate_001,16.0402,Russian Language and Literature.,66.88963210702342,1,3,66.88963210702342,66.88963210702342,80,1.0,66.88963210702342
Candidate_001,16.05,"Germanic Languages, Literatures, and Linguistics, General.",66.88963210702342,1,3,66.88963210702342,66.88963210702342,81,1.0,66.88963210702342
Candidate_001,16.0501,German Language and Literature.,66.88963210702342,1,3,66.88963210702342,66.88963210702342,82,1.0,66.88963210702342
Candidate_001,16.0599,"Germanic Languages, Literatures, and Linguistics, Other.",66.88963210702342,1,3,66.88963210702342,66.88963210702342,83,1.0,66.88963210702342
Candidate_001,16.09,"Romance Languages, Literatures, and Linguistics, General.",66.88963210702342,1,3,66.88963210702342,66.88963210702342,84,1.0,66.88963210702342
Candidate_001,16.0901,French Language and Literature.,66.88963210702342,1,3,66.88963210702342,66.88963210702342,85,1.0,66.88963210702342
Candidate_001,16.0902,Italian Language and Literature.,66.88963210702342,1,3,66.88963210702342,66.88963210702342,86,1.0,66.88963210702342
Candidate_001,16.0905,Spanish Language and Literature.,66.88963210702342,1,3,66.88963210702342,66.88963210702342,87,1.0,66.88963210702342
Candidate_001,16.0999,"Romance Languages, Literatures, and Linguistics, Other.",66.88963210702342,1,3,66.88963210702342,66.88963210702342,88,1.0,66.88963210702342
Candidate_001,16.1001,"American Indian/Native American Languages, Literatures, and Linguistics.",66.88963210702342,1,3,66.88963210702342,66.88963210702342,89,1.0,66.88963210702342
Candidate_001,16.1101,Arabic Language and Literature.,66.88963210702342,1,3,66.88963210702342,66.88963210702342,90,1.0,66.88963210702342
Candidate_001,16.1102,Hebrew Language and Literature.,66.88963210702342,1,3,66.88963210702342,66.88963210702342,91,1.0,66.88963210702342
Candidate_001,16.12,"Classics and Classical Languages, Literatures, and Linguistics, General.",66.88963210702342,1,3,66.88963210702342,66.88963210702342,92,1.0,66.88963210702342
Candidate_001,16.1202,Ancient/Classical Greek Language and Literature.,66.88963210702342,1,3,66.88963210702342,66.88963210702342,93,1.0,66.88963210702342
Candidate_001,16.1203,Latin Language and Literature.,66.88963210702342,1,3,66.88963210702342,66.88963210702342,94,1.0,66.88963210702342
Candidate_001,16.1299,"Classics and Classical Languages, Literatures, and Linguistics, Other.",66.88963210702342,1,3,66.88963210702342,66.88963210702342,95,1.0,66.88963210702342
Candidate_001,16.1409,Hawaiian Language and Literature.,66.88963210702342,1,3,66.88963210702342,66.88963210702342,96,1.0,66.88963210702342
Candidate_001,16.1499,"Southeast Asian and Australasian/Pacific Languages, Literatures, and Linguistics, Other.",66.88963210702342,1,3,66.88963210702342,66.88963210702342,97,1.0,66.88963210702342
Candidate_001,16.1601,American Sign Language (ASL).,66.88963210702342,1,3,66.88963210702342,66.88963210702342,98,1.0,66.88963210702342
Candidate_001,16.1602,Linguistics of ASL and Other Sign Languages.,66.88963210702342,1,3,66.88963210702342,66.88963210702342,99,1.0,66.88963210702342
Candidate_001,16.9999,"Foreign Languages, Literatures, and Linguistics, Other.",66.88963210702342,1,3,66.88963210702342,66.88963210702342,100,1.0,66.88963210702342
Candidate_001,19.0101,"Family and Consumer Sciences/Human Sciences, General.",66.88963210702342,1,3,66.88963210702342,66.88963210702342,101,1.0,66.88963210702342
Candidate_001,23.0101,"English Language and Literature, General.",66.88963210702342,1,3,66.88963210702342,66.88963210702342,102,1.0,66.88963210702342
Candidate_001,26.0101,"Biology/Biological Sciences, General.",66.88963210702342,1,3,66.88963210702342,66.88963210702342,103,1.0,66.88963210702342
Candidate_001,27.0101,"Mathematics, General.",66.88963210702342,1,3,66.88963210702342,66.88963210702342,104,1.0,66.88963210702342
Candidate_001,30.0101,Biological and Physical Sciences.,66.88963210702342,1,3,66.88963210702342,66.88963210702342,105,1.0,66.88963210702342
Candidate_001,30.3601,Cultural Studies and Comparative Literature.,66.88963210702342,1,3,66.88963210702342,66.88963210702342,106,1.0,66.88963210702342
Candidate_001,30.3801,Earth Systems Science.,66.88963210702342,1,3,66.88963210702342,66.88963210702342,107,1.0,66.88963210702342
Candidate_001,30.4101,Environmental Geosciences.,66.88963210702342,1,3,66.88963210702342,66.88963210702342,108,1.0,66.88963210702342
Candidate_001,30.4501,History and Language/Literature.,66.88963210702342,1,3,66.88963210702342,66.88963210702342,109,1.0,66.88963210702342
Candidate_001,40.0101,"Physical Sciences, General.",66.88963210702342,1,3,66.88963210702342,66.88963210702342,110,1.0,66.88963210702342
Candidate_001,40.0501,"Chemistry, General.",66.88963210702342,1,3,66.88963210702342,66.88963210702342,111,1.0,66.88963210702342
Candidate_001,40.0801,"Physics, General.",66.88963210702342,1,3,66.88963210702342,66.88963210702342,112,1.0,66.88963210702342
Candidate_001,45.0101,"Social Sciences, General.",66.88963210702342,1,3,66.88963210702342,66.88963210702342,113,1.0,66.88963210702342
Candidate_001,45.0199,"Social Sciences, Other.",66.88963210702342,1,3,66.88963210702342,66.88963210702342,114,1.0,66.88963210702342
Candidate_001,45.0601,"Economics, General.",66.88963210702342,1,3,66.88963210702342,66.88963210702342,115,1.0,66.88963210702342
Candidate_001,45.1001,"Political Science and Government, General.",66.88963210702342,1,3,66.88963210702342,66.88963210702342,116,1.0,66.88963210702342
Candidate_001,45.1002,American Government and Politics (United States).,66.88963210702342,1,3,66.88963210702342,66.88963210702342,117,1.0,66.88963210702342
Candidate_001,45.1003,Canadian Government and Politics.,66.88963210702342,1,3,66.88963210702342,66.88963210702342,118,1.0,66.88963210702342
Candidate_001,45.1099,"Political Science and Government, Other.",66.88963210702342,1,3,66.88963210702342,66.88963210702342,119,1.0,66.88963210702342
Candidate_001,50.0701,"Art/Art Studies, General.",66.88963210702342,1,3,66.88963210702342,66.88963210702342,120,1.0,66.88963210702342
Candidate_001,50.0901,"Music, General.",66.88963210702342,1,3,66.88963210702342,66.88963210702342,121,1.0,66.88963210702342
Candidate_001,54.0101,"History, General.",66.88963210702342,1,3,66.88963210702342,66.88963210702342,122,1.0,66.88963210702342
Candidate_001,54.0102,American  History (United States).,66.88963210702342,1,3,66.88963210702342,66.88963210702342,123,1.0,66.88963210702342
Candidate_001,52.0302,Accounting Technology/Technician and Bookkeeping.,66.8201133144476,1,4,66.8201133144476,66.8201133144476,124,1.0,66.8201133144476
Candidate_001,51.3901,Licensed Practical/Vocational Nurse Training.,66.1529514393719,1,5,66.1529514393719,66.1529514393719,125,1.0,66.1529514393719
Candidate_001,51.3999,"Practical Nursing, Vocational Nursing and Nursing Assistants, Other.",66.1529514393719,1,5,66.1529514393719,66.1529514393719,126,1.0,66.1529514393719
Candidate_002,1.0106,Agricultural Business Technology/Technician.,54.25200509448901,2,1,54.67625899280575,59.677205603937914,1,1.1,59.677205603937914
Candidate_002,1.8201,"Veterinary Administrative Services, General.",54.25200509448901,2,1,54.67625899280575,59.677205603937914,2,1.1,59.677205603937914
Candidate_002,1.8202,Veterinary Office Management/Administration.,54.25200509448901,2,1,54.67625899280575,59.677205603937914,3,1.1,59.677205603937914
Candidate_002,1.8203,Veterinary Reception/Receptionist.,54.25200509448901,2,1,54.67625899280575,59.677205603937914,4,1.1,59.677205603937914
Candidate_002,1.8204,Veterinary Administrative/Executive Assistant and Veterinary Secretary.,54.25200509448901,2,1,54.67625899280575,59.677205603937914,5,1.1,59.677205603937914
Candidate_002,51.0705,Medical Office Management/Administration.,54.25200509448901,2,1,54.67625899280575,59.677205603937914,6,1.1,59.677205603937914
Candidate_002,51.0711,Medical/Health Management and Clinical Assistant/Specialist.,54.25200509448901,2,1,54.67625899280575,59.677205603937914,7,1.1,59.677205603937914
Candidate_002,51.0712,Medical Reception/Receptionist.,54.25200509448901,2,1,54.67625899280575,59.677205603937914,8,1.1,59.677205603937914
Candidate_002,52.0204,Office Management and Supervision.,54.25200509448901,2,1,54.67625899280575,59.677205603937914,9,1.1,59.677205603937914
Candidate_002,52.0207,Customer Service Management.,54.25200509448901,2,1,54.67625899280575,59.677205603937914,10,1.1,59.677205603937914
Candidate_002,52.0208,E-Commerce/Electronic Commerce.,54.25200509448901,2,1,54.67625899280575,59.677205603937914,11,1.1,59.677205603937914
Candidate_002,52.0401,"Administrative Assistant and Secretarial Science, General.",54.25200509448901,2,1,54.67625899280575,59.677205603937914,12,1.1,59.677205603937914
Candidate_002,52.0402,Executive Assistant/Executive Secretary.,54.25200509448901,2,1,54.67625899280575,59.677205603937914,13,1.1,59.677205603937914
Candidate_002,11.0103,Information Technology.,53.344935928741435,2,3,53.82390745501285,58.67942952161558,14,1.1,58.67942952161558
Candidate_002,11.0104,Informatics.,53.344935928741435,2,3,53.82390745501285,58.67942952161558,15,1.1,58.67942952161558
Candidate_002,11.0201,"Computer Programming/Programmer, General.",53.344935928741435,2,3,53.82390745501285,58.67942952161558,16,1.1,58.67942952161558
Candidate_002,11.0202,"Computer Programming, Specific Applications.",53.344935928741435,2,3,53.82390745501285,58.67942952161558,17,1.1,58.67942952161558
Candidate_002,11.0203,"Computer Programming, Vendor/Product Certification.",53.344935928741435,2,3,53.82390745501285,58.67942952161558,18,1.1,58.67942952161558
Candidate_002,11.0204,Computer Game Programming.,53.344935928741435,2,3,53.82390745501285,58.67942952161558,19,1.1,58.67942952161558
Candidate_002,11.0205,"Computer Programming, Specific Platforms.",53.344935928741435,2,3,53.82390745501285,58.67942952161558,20,1.1,58.67942952161558
Candidate_002,11.0701,Computer Science.,53.344935928741435,2,3,53.82390745501285,58.67942952161558,21,1.1,58.67942952161558
Candidate_002,14.0901,"Computer Engineering, General.",53.344935928741435,2,3,53.82390745501285,58.67942952161558,22,1.1,58.67942952161558
Candidate_002,14.0903,Computer Software Engineering.,53.344935928741435,2,3,53.82390745501285,58.67942952161558,23,1.1,58.67942952161558
Candidate_002,15.1204,Computer Software Technology/Technician.,53.344935928741435,2,3,53.82390745501285,58.67942952161558,24,1.1,58.67942952161558
Candidate_002,11.0102,Artificial Intelligence.,53.82390745501285,1,3,53.82390745501285,53.82390745501285,25,1.0,53.82390745501285
Candidate_002,11.0401,Information Science/Studies.,53.82390745501285,1,3,53.82390745501285,53.82390745501285,26,1.0,53.82390745501285
Candidate_002,11.0804,"Modeling, Virtual Environments and Simulation.",53.82390745501285,1,3,53.82390745501285,53.82390745501285,27,1.0,53.82390745501285
Candidate_002,11.0902,Cloud Computing.,53.82390745501285,1,3,53.82390745501285,53.82390745501285,28,1.0,53.82390745501285
Candidate_002,30.0801,Mathematics and Computer Science.,53.82390745501285,1,3,53.82390745501285,53.82390745501285,29,1.0,53.82390745501285
Candidate_002,30.1601,Accounting and Computer Science.,53.82390745501285,1,3,53.82390745501285,53.82390745501285,30,1.0,53.82390745501285
Candidate_002,30.3901,Economics and Computer Science.,53.82390745501285,1,3,53.82390745501285,53.82390745501285,31,1.0,53.82390745501285
Candidate_002,30.4801,Linguistics and Computer Science.,53.82390745501285,1,3,53.82390745501285,53.82390745501285,32,1.0,53.82390745501285
Candidate_002,30.7001,"Data Science, General.",53.82390745501285,1,3,53.82390745501285,53.82390745501285,33,1.0,53.82390745501285
Candidate_002,13.0201,Bilingual and Multilingual Education.,53.65105908584169,1,4,53.65105908584169,53.65105908584169,34,1.0,53.65105908584169
Candidate_002,13.1203,Junior High/Intermediate/Middle School Education and Teaching.,53.65105908584169,1,4,53.65105908584169,53.65105908584169,35,1.0,53.65105908584169
Candidate_002,13.1205,Secondary Education and Teaching.,53.65105908584169,1,4,53.65105908584169,53.65105908584169,36,1.0,53.65105908584169
Candidate_002,13.1206,"Teacher Education, Multiple Levels.",53.65105908584169,1,4,53.65105908584169,53.65105908584169,37,1.0,53.65105908584169
Candidate_002,13.1207,Montessori Teacher Education.,53.65105908584169,1,4,53.65105908584169,53.65105908584169,38,1.0,53.65105908584169
Candidate_002,13.1208,Waldorf/Steiner Teacher Education.,53.65105908584169,1,4,53.65105908584169,53.65105908584169,39,1.0,53.65105908584169
Candidate_002,13.1211,Online Educator/Online Teaching.,53.65105908584169,1,4,53.65105908584169,53.65105908584169,40,1.0,53.65105908584169
Candidate_002,13.1212,International Teaching and Learning.,53.65105908584169,1,4,53.65105908584169,53.65105908584169,41,1.0,53.65105908584169
Candidate_002,13.1213,"Science, Technology, Engineering, and Mathematics (STEM) Educational Methods.",53.65105908584169,1,4,53.65105908584169,53.65105908584169,42,1.0,53.65105908584169
Candidate_002,13.1302,Art Teacher Education.,53.65105908584169,1,4,53.65105908584169,53.65105908584169,43,1.0,53.65105908584169
Candidate_002,13.1304,Driver and Safety Teacher Education.,53.65105908584169,1,4,53.65105908584169,53.65105908584169,44,1.0,53.65105908584169
Candidate_002,13.1305,English/Language Arts Teacher Education.,53.65105908584169,1,4,53.65105908584169,53.65105908584169,45,1.0,53.65105908584169
Candidate_002,13.1306,Foreign Language Teacher  Education.,53.65105908584169,1,4,53.65105908584169,53.65105908584169,46,1.0,53.65105908584169
Candidate_002,13.1307,Health Teacher Education.,53.65105908584169,1,4,53.65105908584169,53.65105908584169,47,1.0,53.65105908584169
Candidate_002,13.1308,Family and Consumer Sciences/Home Economics Teacher Education.,53.65105908584169,1,4,53.65105908584169,53.65105908584169,48,1.0,53.65105908584169
Candidate_002,13.1309,Technology Teacher Education/Industrial Arts Teacher Education.,53.65105908584169,1,4,53.65105908584169,53.65105908584169,49,1.0,53.65105908584169
Candidate_002,13.1311,Mathematics Teacher Education.,53.65105908584169,1,4,53.65105908584169,53.65105908584169,50,1.0,53.65105908584169
Candidate_002,13.1312,Music Teacher Education.,53.65105908584169,1,4,53.65105908584169,53.65105908584169,51,1.0,53.65105908584169
Candidate_002,13.1314,Physical Education Teaching and Coaching.,53.65105908584169,1,4,53.65105908584169,53.65105908584169,52,1.0,53.65105908584169
Candidate_002,13.1315,Reading Teacher Education.,53.65105908584169,1,4,53.65105908584169,53.65105908584169,53,1.0,53.65105908584169
Candidate_002,13.1316,Science Teacher Education/General Science Teacher Education.,53.65105908584169,1,4,53.65105908584169,53.65105908584169,54,1.0,53.65105908584169
Candidate_002,13.1317,Social Science Teacher Education.,53.65105908584169,1,4,53.65105908584169,53.65105908584169,55,1.0,53.65105908584169
Candidate_002,13.1318,Social Studies Teacher Education.,53.65105908584169,1,4,53.65105908584169,53.65105908584169,56,1.0,53.65105908584169
Candidate_002,13.1321,Computer Teacher Education.,53.65105908584169,1,4,53.65105908584169,53.65105908584169,57,1.0,53.65105908584169
Candidate_002,13.1322,Biology Teacher Education.,53.65105908584169,1,4,53.65105908584169,53.65105908584169,58,1.0,53.65105908584169
Candidate_002,13.1323,Chemistry Teacher Education.,53.65105908584169,1,4,53.65105908584169,53.65105908584169,59,1.0,53.65105908584169
Candidate_002,13.1324,Drama and Dance Teacher Education.,53.65105908584169,1,4,53.65105908584169,53.65105908584169,60,1.0,53.65105908584169
Candidate_002,13.1325,French Language Teacher Education.,53.65105908584169,1,4,53.65105908584169,53.65105908584169,61,1.0,53.65105908584169
Candidate_002,13.1326,German Language Teacher Education.,53.65105908584169,1,4,53.65105908584169,53.65105908584169,62,1.0,53.65105908584169
Candidate_002,13.1328,History Teacher Education.,53.65105908584169,1,4,53.65105908584169,53.65105908584169,63,1.0,53.65105908584169
Candidate_002,13.1329,Physics Teacher Education.,53.65105908584169,1,4,53.65105908584169,53.65105908584169,64,1.0,53.65105908584169
Candidate_002,13.133,Spanish Language Teacher Education.,53.65105908584169,1,4,53.65105908584169,53.65105908584169,65,1.0,53.65105908584169
Candidate_002,13.1331,Speech Teacher Education.,53.65105908584169,1,4,53.65105908584169,53.65105908584169,66,1.0,53.65105908584169
Candidate_002,13.1332,Geography Teacher Education.,53.65105908584169,1,4,53.65105908584169,53.65105908584169,67,1.0,53.65105908584169
Candidate_002,13.1333,Latin Teacher Education.,53.65105908584169,1,4,53.65105908584169,53.65105908584169,68,1.0,53.65105908584169
Candidate_002,13.1335,Psychology Teacher Education.,53.65105908584169,1,4,53.65105908584169,53.65105908584169,69,1.0,53.65105908584169
Candidate_002,13.1337,Earth Science Teacher Education.,53.65105908584169,1,4,53.65105908584169,53.65105908584169,70,1.0,53.65105908584169
Candidate_002,13.1338,Environmental Education.,53.65105908584169,1,4,53.65105908584169,53.65105908584169,71,1.0,53.65105908584169
Candidate_002,13.1339,Communication Arts and Literature Teacher Education.,53.65105908584169,1,4,53.65105908584169,53.65105908584169,72,1.0,53.65105908584169
Candidate_002,13.1401,Teaching English as a Second or Foreign Language/ESL Language Instructor.,53.65105908584169,1,4,53.65105908584169,53.65105908584169,73,1.0,53.65105908584169
Candidate_002,13.1402,Teaching French as a Second or Foreign Language.,53.65105908584169,1,4,53.65105908584169,53.65105908584169,74,1.0,53.65105908584169
Candidate_002,13.1499,"Teaching English or French as a Second or Foreign Language, Other.",53.65105908584169,1,4,53.65105908584169,53.65105908584169,75,1.0,53.65105908584169
Candidate_002,16.0101,"Foreign Languages and Literatures, General.",53.65105908584169,1,4,53.65105908584169,53.65105908584169,76,1.0,53.65105908584169
Candidate_002,16.03,"East Asian Languages, Literatures, and Linguistics, General.",53.65105908584169,1,4,53.65105908584169,53.65105908584169,77,1.0,53.65105908584169
Candidate_002,16.0301,Chinese Language and Literature.,53.65105908584169,1,4,53.65105908584169,53.65105908584169,78,1.0,53.65105908584169
Candidate_002,16.0302,Japanese Language and Literature.,53.65105908584169,1,4,53.65105908584169,53.65105908584169,79,1.0,53.65105908584169
Candidate_002,16.0303,Korean Language and Literature.,53.65105908584169,1,4,53.65105908584169,53.65105908584169,80,1.0,53.65105908584169
Candidate_002,16.0399,"East Asian Languages, Literatures, and Linguistics, Other.",53.65105908584169,1,4,53.65105908584169,53.65105908584169,81,1.0,53.65105908584169
Candidate_002,16.0402,Russian Language and Literature.,53.65105908584169,1,4,53.65105908584169,53.65105908584169,82,1.0,53.65105908584169
Candidate_002,16.05,"Germanic Languages, Literatures, and Linguistics, General.",53.65105908584169,1,4,53.65105908584169,53.65105908584169,83,1.0,53.65105908584169
Candidate_002,16.0501,German Language and Literature.,53.65105908584169,1,4,53.65105908584169,53.65105908584169,84,1.0,53.65105908584169
Candidate_002,16.0599,"Germanic Languages, Literatures, and Linguistics, Other.",53.65105908584169,1,4,53.65105908584169,53.65105908584169,85,1.0,53.65105908584169
Candidate_002,16.09,"Romance Languages, Literatures, and Linguistics, General.",53.65105908584169,1,4,53.65105908584169,53.65105908584169,86,1.0,53.65105908584169
Candidate_002,16.0901,French Language and Literature.,53.65105908584169,1,4,53.65105908584169,53.65105908584169,87,1.0,53.65105908584169
Candidate_002,16.0902,Italian Language and Literature.,53.65105908584169,1,4,53.65105908584169,53.65105908584169,88,1.0,53.65105908584169
Candidate_002,16.0905,Spanish Language and Literature.,53.65105908584169,1,4,53.65105908584169,53.65105908584169,89,1.0,53.65105908584169
Candidate_002,16.0999,"Romance Languages, Literatures, and Linguistics, Other.",53.65105908584169,1,4,53.65105908584169,53.65105908584169,90,1.0,53.65105908584169
Candidate_002,16.1001,"American Indian/Native American Languages, Literatures, and Linguistics.",53.65105908584169,1,4,53.65105908584169,53.65105908584169,91,1.0,53.65105908584169
Candidate_002,16.1101,Arabic Language and Literature.,53.65105908584169,1,4,53.65105908584169,53.65105908584169,92,1.0,53.65105908584169
Candidate_002,16.1102,Hebrew Language and Literature.,53.65105908584169,1,4,53.65105908584169,53.65105908584169,93,1.0,53.65105908584169
Candidate_002,16.12,"Classics and Classical Languages, Literatures, and Linguistics, General.",53.65105908584169,1,4,53.65105908584169,53.65105908584169,94,1.0,53.65105908584169
Candidate_002,16.1202,Ancient/Classical Greek Language and Literature.,53.65105908584169,1,4,53.65105908584169,53.65105908584169,95,1.0,53.65105908584169
Candidate_002,16.1203,Latin Language and Literature.,53.65105908584169,1,4,53.65105908584169,53.65105908584169,96,1.0,53.65105908584169
Candidate_002,16.1299,"Classics and Classical Languages, Literatures, and Linguistics, Other.",53.65105908584169,1,4,53.65105908584169,53.65105908584169,97,1.0,53.65105908584169
Candidate_002,16.1409,Hawaiian Language and Literature.,53.65105908584169,1,4,53.65105908584169,53.65105908584169,98,1.0,53.65105908584169
Candidate_002,16.1499,"Southeast Asian and Australasian/Pacific Languages, Literatures, and Linguistics, Other.",53.65105908584169,1,4,53.65105908584169,53.65105908584169,99,1.0,53.65105908584169
Candidate_002,16.1601,American Sign Language (ASL).,53.65105908584169,1,4,53.65105908584169,53.65105908584169,100,1.0,53.65105908584169
Candidate_002,16.1602,Linguistics of ASL and Other Sign Languages.,53.65105908584169,1,4,53.65105908584169,53.65105908584169,101,1.0,53.65105908584169
Candidate_002,16.9999,"Foreign Languages, Literatures, and Linguistics, Other.",53.65105908584169,1,4,53.65105908584169,53.65105908584169,102,1.0,53.65105908584169
Candidate_002,19.0101,"Family and Consumer Sciences/Human Sciences, General.",53.65105908584169,1,4,53.65105908584169,53.65105908584169,103,1.0,53.65105908584169
Candidate_002,23.0101,"English Language and Literature, General.",53.65105908584169,1,4,53.65105908584169,53.65105908584169,104,1.0,53.65105908584169
Candidate_002,26.0101,"Biology/Biological Sciences, General.",53.65105908584169,1,4,53.65105908584169,53.65105908584169,105,1.0,53.65105908584169
Candidate_002,27.0101,"Mathematics, General.",53.65105908584169,1,4,53.65105908584169,53.65105908584169,106,1.0,53.65105908584169
Candidate_002,30.0101,Biological and Physical Sciences.,53.65105908584169,1,4,53.65105908584169,53.65105908584169,107,1.0,53.65105908584169
Candidate_002,30.3601,Cultural Studies and Comparative Literature.,53.65105908584169,1,4,53.65105908584169,53.65105908584169,108,1.0,53.65105908584169
Candidate_002,30.3801,Earth Systems Science.,53.65105908584169,1,4,53.65105908584169,53.65105908584169,109,1.0,53.65105908584169
Candidate_002,30.4101,Environmental Geosciences.,53.65105908584169,1,4,53.65105908584169,53.65105908584169,110,1.0,53.65105908584169
Candidate_002,30.4501,History and Language/Literature.,53.65105908584169,1,4,53.65105908584169,53.65105908584169,111,1.0,53.65105908584169
Candidate_002,40.0101,"Physical Sciences, General.",53.65105908584169,1,4,53.65105908584169,53.65105908584169,112,1.0,53.65105908584169
Candidate_002,40.0501,"Chemistry, General.",53.65105908584169,1,4,53.65105908584169,53.65105908584169,113,1.0,53.65105908584169
Candidate_002,40.0801,"Physics, General.",53.65105908584169,1,4,53.65105908584169,53.65105908584169,114,1.0,53.65105908584169
Candidate_002,45.0101,"Social Sciences, General.",53.65105908584169,1,4,53.65105908584169,53.65105908584169,115,1.0,53.65105908584169
Candidate_002,45.0199,"Social Sciences, Other.",53.65105908584169,1,4,53.65105908584169,53.65105908584169,116,1.0,53.65105908584169
Candidate_002,45.0601,"Economics, General.",53.65105908584169,1,4,53.65105908584169,53.65105908584169,117,1.0,53.65105908584169
Candidate_002,45.1001,"Political Science and Government, General.",53.65105908584169,1,4,53.65105908584169,53.65105908584169,118,1.0,53.65105908584169
Candidate_002,45.1002,American Government and Politics (United States).,53.65105908584169,1,4,53.65105908584169,53.65105908584169,119,1.0,53.65105908584169
Candidate_002,45.1003,Canadian Government and Politics.,53.65105908584169,1,4,53.65105908584169,53.65105908584169,120,1.0,53.65105908584169
Candidate_002,45.1099,"Political Science and Government, Other.",53.65105908584169,1,4,53.65105908584169,53.65105908584169,121,1.0,53.65105908584169
Candidate_002,50.0701,"Art/Art Studies, General.",53.65105908584169,1,4,53.65105908584169,53.65105908584169,122,1.0,53.65105908584169
Candidate_002,50.0901,"Music, General.",53.65105908584169,1,4,53.65105908584169,53.65105908584169,123,1.0,53.65105908584169
Candidate_002,54.0101,"History, General.",53.65105908584169,1,4,53.65105908584169,53.65105908584169,124,1.0,53.65105908584169
Candidate_002,54.0102,American  History (United States).,53.65105908584169,1,4,53.65105908584169,53.65105908584169,125,1.0,53.65105908584169
Candidate_002,11.0101,"Computer and Information Sciences, General.",52.86596440247002,1,5,52.86596440247002,52.86596440247002,126,1.0,52.86596440247002
Candidate_002,11.0501,Computer Systems Analysis/Analyst.,52.86596440247002,1,5,52.86596440247002,52.86596440247002,127,1.0,52.86596440247002
Candidate_002,11.0901,Computer Systems Networking and Telecommunications.,52.86596440247002,1,5,52.86596440247002,52.86596440247002,128,1.0,52.86596440247002
Candidate_002,11.1001,Network and System Administration/Administrator.,52.86596440247002,1,5,52.86596440247002,52.86596440247002,129,1.0,52.86596440247002
Candidate_002,11.1002,"System, Networking, and LAN/WAN Management/Manager.",52.86596440247002,1,5,52.86596440247002,52.86596440247002,130,1.0,52.86596440247002
Candidate_002,11.1003,Computer and Information Systems Security/Auditing/Information Assurance.,52.86596440247002,1,5,52.86596440247002,52.86596440247002,131,1.0,52.86596440247002
Candidate_002,11.1005,Information Technology Project Management.,52.86596440247002,1,5,52.86596440247002,52.86596440247002,132,1.0,52.86596440247002
Candidate_002,15.1201,Computer Engineering Technology/Technician.,52.86596440247002,1,5,52.86596440247002,52.86596440247002,133,1.0,52.86596440247002
Candidate_002,15.1202,Computer/Computer Systems Technology/Technician.,52.86596440247002,1,5,52.86596440247002,52.86596440247002,134,1.0,52.86596440247002
Candidate_002,43.0403,Cyber/Computer Forensics and Counterterrorism.,52.86596440247002,1,5,52.86596440247002,52.86596440247002,135,1.0,52.86596440247002
Candidate_002,51.0723,Healthcare Information Privacy Assurance and Security.,52.86596440247002,1,5,52.86596440247002,52.86596440247002,136,1.0,52.86596440247002
Candidate_003,52.0401,"Administrative Assistant and Secretarial Science, General.",89.1141009431207,3,1,89.91596638655463,100.0,1,1.2,100.0
Candidate_003,52.0402,Executive Assistant/Executive Secretary.,89.1141009431207,3,1,89.91596638655463,100.0,2,1.2,100.0
Candidate_003,1.0106,Agricultural Business Technology/Technician.,88.71316822140375,2,2,89.20863309352518,97.58448504354413,3,1.1,97.58448504354413
Candidate_003,1.8201,"Veterinary Administrative Services, General.",88.71316822140375,2,2,89.20863309352518,97.58448504354413,4,1.1,97.58448504354413
Candidate_003,1.8202,Veterinary Office Management/Administration.,88.71316822140375,2,2,89.20863309352518,97.58448504354413,5,1.1,97.58448504354413
Candidate_003,1.8203,Veterinary Reception/Receptionist.,88.71316822140375,2,2,89.20863309352518,97.58448504354413,6,1.1,97.58448504354413
Candidate_003,1.8204,Veterinary Administrative/Executive Assistant and Veterinary Secretary.,88.71316822140375,2,2,89.20863309352518,97.58448504354413,7,1.1,97.58448504354413
Candidate_003,51.0705,Medical Office Management/Administration.,88.71316822140375,2,2,89.20863309352518,97.58448504354413,8,1.1,97.58448504354413
Candidate_003,51.0711,Medical/Health Management and Clinical Assistant/Specialist.,88.71316822140375,2,2,89.20863309352518,97.58448504354413,9,1.1,97.58448504354413
Candidate_003,51.0712,Medical Reception/Receptionist.,88.71316822140375,2,2,89.20863309352518,97.58448504354413,10,1.1,97.58448504354413
Candidate_003,52.0204,Office Management and Supervision.,88.71316822140375,2,2,89.20863309352518,97.58448504354413,11,1.1,97.58448504354413
Candidate_003,52.0207,Customer Service Management.,88.71316822140375,2,2,89.20863309352518,97.58448504354413,12,1.1,97.58448504354413
Candidate_003,52.0208,E-Commerce/Electronic Commerce.,88.71316822140375,2,2,89.20863309352518,97.58448504354413,13,1.1,97.58448504354413
Candidate_003,49.0205,Truck and Bus Driver/Commercial Vehicle Operator and Instructor.,88.11881188118811,1,4,88.11881188118811,88.11881188118811,14,1.0,88.11881188118811
Candidate_004,11.0103,Information Technology.,78.33970092920366,2,1,79.11311053984575,86.17367102212403,1,1.1,86.17367102212403
Candidate_004,11.0104,Informatics.,78.33970092920366,2,1,79.11311053984575,86.17367102212403,2,1.1,86.17367102212403
Candidate_004,11.0201,"Computer Programming/Programmer, General.",78.33970092920366,2,1,79.11311053984575,86.17367102212403,3,1.1,86.17367102212403
Candidate_004,11.0202,"Computer Programming, Specific Applications.",78.33970092920366,2,1,79.11311053984575,86.17367102212403,4,1.1,86.17367102212403
Candidate_004,11.0203,"Computer Programming, Vendor/Product Certification.",78.33970092920366,2,1,79.11311053984575,86.17367102212403,5,1.1,86.17367102212403
Candidate_004,11.0204,Computer Game Programming.,78.33970092920366,2,1,79.11311053984575,86.17367102212403,6,1.1,86.17367102212403
Candidate_004,11.0205,"Computer Programming, Specific Platforms.",78.33970092920366,2,1,79.11311053984575,86.17367102212403,7,1.1,86.17367102212403
Candidate_004,11.0701,Computer Science.,78.33970092920366,2,1,79.11311053984575,86.17367102212403,8,1.1,86.17367102212403
Candidate_004,14.0901,"Computer Engineering, General.",78.33970092920366,2,1,79.11311053984575,86.17367102212403,9,1.1,86.17367102212403
Candidate_004,14.0903,Computer Software Engineering.,78.33970092920366,2,1,79.11311053984575,86.17367102212403,10,1.1,86.17367102212403
Candidate_004,15.1204,Computer Software Technology/Technician.,78.33970092920366,2,1,79.11311053984575,86.17367102212403,11,1.1,86.17367102212403
Candidate_004,11.0102,Artificial Intelligence.,79.11311053984575,1,1,79.11311053984575,79.11311053984575,12,1.0,79.11311053984575
Candidate_004,11.0401,Information Science/Studies.,79.11311053984575,1,1,79.11311053984575,79.11311053984575,13,1.0,79.11311053984575
Candidate_004,11.0804,"Modeling, Virtual Environments and Simulation.",79.11311053984575,1,1,79.11311053984575,79.11311053984575,14,1.0,79.11311053984575
Candidate_004,11.0902,Cloud Computing.,79.11311053984575,1,1,79.11311053984575,79.11311053984575,15,1.0,79.11311053984575
Candidate_004,30.0801,Mathematics and Computer Science.,79.11311053984575,1,1,79.11311053984575,79.11311053984575,16,1.0,79.11311053984575
Candidate_004,30.1601,Accounting and Computer Science.,79.11311053984575,1,1,79.11311053984575,79.11311053984575,17,1.0,79.11311053984575
Candidate_004,30.3901,Economics and Computer Science.,79.11311053984575,1,1,79.11311053984575,79.11311053984575,18,1.0,79.11311053984575
Candidate_004,30.4801,Linguistics and Computer Science.,79.11311053984575,1,1,79.11311053984575,79.11311053984575,19,1.0,79.11311053984575
Candidate_004,30.7001,"Data Science, General.",79.11311053984575,1,1,79.11311053984575,79.11311053984575,20,1.0,79.11311053984575
Candidate_004,13.0201,Bilingual and Multilingual Education.,77.70345596432553,1,2,77.70345596432553,77.70345596432553,21,1.0,77.70345596432553
Candidate_004,13.1203,Junior High/Intermediate/Middle School Education and Teaching.,77.70345596432553,1,2,77.70345596432553,77.70345596432553,22,1.0,77.70345596432553
Candidate_004,13.1205,Secondary Education and Teaching.,77.70345596432553,1,2,77.70345596432553,77.70345596432553,23,1.0,77.70345596432553
Candidate_004,13.1206,"Teacher Education, Multiple Levels.",77.70345596432553,1,2,77.70345596432553,77.70345596432553,24,1.0,77.70345596432553
Candidate_004,13.1207,Montessori Teacher Education.,77.70345596432553,1,2,77.70345596432553,77.70345596432553,25,1.0,77.70345596432553
Candidate_004,13.1208,Waldorf/Steiner Teacher Education.,77.70345596432553,1,2,77.70345596432553,77.70345596432553,26,1.0,77.70345596432553
Candidate_004,13.1211,Online Educator/Online Teaching.,77.70345596432553,1,2,77.70345596432553,77.70345596432553,27,1.0,77.70345596432553
Candidate_004,13.1212,International Teaching and Learning.,77.70345596432553,1,2,77.70345596432553,77.70345596432553,28,1.0,77.70345596432553
Candidate_004,13.1213,"Science, Technology, Engineering, and Mathematics (STEM) Educational Methods.",77.70345596432553,1,2,77.70345596432553,77.70345596432553,29,1.0,77.70345596432553
Candidate_004,13.1302,Art Teacher Education.,77.70345596432553,1,2,77.70345596432553,77.70345596432553,30,1.0,77.70345596432553
Candidate_004,13.1304,Driver and Safety Teacher Education.,77.70345596432553,1,2,77.70345596432553,77.70345596432553,31,1.0,77.70345596432553
Candidate_004,13.1305,English/Language Arts Teacher Education.,77.70345596432553,1,2,77.70345596432553,77.70345596432553,32,1.0,77.70345596432553
Candidate_004,13.1306,Foreign Language Teacher  Education.,77.70345596432553,1,2,77.70345596432553,77.70345596432553,33,1.0,77.70345596432553
Candidate_004,13.1307,Health Teacher Education.,77.70345596432553,1,2,77.70345596432553,77.70345596432553,34,1.0,77.70345596432553
Candidate_004,13.1308,Family and Consumer Sciences/Home Economics Teacher Education.,77.70345596432553,1,2,77.70345596432553,77.70345596432553,35,1.0,77.70345596432553
Candidate_004,13.1309,Technology Teacher Education/Industrial Arts Teacher Education.,77.70345596432553,1,2,77.70345596432553,77.70345596432553,36,1.0,77.70345596432553
Candidate_004,13.1311,Mathematics Teacher Education.,77.70345596432553,1,2,77.70345596432553,77.70345596432553,37,1.0,77.70345596432553
Candidate_004,13.1312,Music Teacher Education.,77.70345596432553,1,2,77.70345596432553,77.70345596432553,38,1.0,77.70345596432553
Candidate_004,13.1314,Physical Education Teaching and Coaching.,77.70345596432553,1,2,77.70345596432553,77.70345596432553,39,1.0,77.70345596432553
Candidate_004,13.1315,Reading Teacher Education.,77.70345596432553,1,2,77.70345596432553,77.70345596432553,40,1.0,77.70345596432553
Candidate_004,13.1316,Science Teacher Education/General Science Teacher Education.,77.70345596432553,1,2,77.70345596432553,77.70345596432553,41,1.0,77.70345596432553
Candidate_004,13.1317,Social Science Teacher Education.,77.70345596432553,1,2,77.70345596432553,77.70345596432553,42,1.0,77.70345596432553
Candidate_004,13.1318,Social Studies Teacher Education.,77.70345596432553,1,2,77.70345596432553,77.70345596432553,43,1.0,77.70345596432553
Candidate_004,13.1321,Computer Teacher Education.,77.70345596432553,1,2,77.70345596432553,77.70345596432553,44,1.0,77.70345596432553
Candidate_004,13.1322,Biology Teacher Education.,77.70345596432553,1,2,77.70345596432553,77.70345596432553,45,1.0,77.70345596432553
Candidate_004,13.1323,Chemistry Teacher Education.,77.70345596432553,1,2,77.70345596432553,77.70345596432553,46,1.0,77.70345596432553
Candidate_004,13.1324,Drama and Dance Teacher Education.,77.70345596432553,1,2,77.70345596432553,77.70345596432553,47,1.0,77.70345596432553
Candidate_004,13.1325,French Language Teacher Education.,77.70345596432553,1,2,77.70345596432553,77.70345596432553,48,1.0,77.70345596432553
Candidate_004,13.1326,German Language Teacher Education.,77.70345596432553,1,2,77.70345596432553,77.70345596432553,49,1.0,77.70345596432553
Candidate_004,13.1328,History Teacher Education.,77.70345596432553,1,2,77.70345596432553,77.70345596432553,50,1.0,77.70345596432553
Candidate_004,13.1329,Physics Teacher Education.,77.70345596432553,1,2,77.70345596432553,77.70345596432553,51,1.0,77.70345596432553
Candidate_004,13.133,Spanish Language Teacher Education.,77.70345596432553,1,2,77.70345596432553,77.70345596432553,52,1.0,77.70345596432553
Candidate_004,13.1331,Speech Teacher Education.,77.70345596432553,1,2,77.70345596432553,77.70345596432553,53,1.0,77.70345596432553
Candidate_004,13.1332,Geography Teacher Education.,77.70345596432553,1,2,77.70345596432553,77.70345596432553,54,1.0,77.70345596432553
Candidate_004,13.1333,Latin Teacher Education.,77.70345596432553,1,2,77.70345596432553,77.70345596432553,55,1.0,77.70345596432553
Candidate_004,13.1335,Psychology Teacher Education.,77.70345596432553,1,2,77.70345596432553,77.70345596432553,56,1.0,77.70345596432553
Candidate_004,13.1337,Earth Science Teacher Education.,77.70345596432553,1,2,77.70345596432553,77.70345596432553,57,1.0,77.70345596432553
Candidate_004,13.1338,Environmental Education.,77.70345596432553,1,2,77.70345596432553,77.70345596432553,58,1.0,77.70345596432553
Candidate_004,13.1339,Communication Arts and Literature Teacher Education.,77.70345596432553,1,2,77.70345596432553,77.70345596432553,59,1.0,77.70345596432553
Candidate_004,13.1401,Teaching English as a Second or Foreign Language/ESL Language Instructor.,77.70345596432553,1,2,77.70345596432553,77.70345596432553,60,1.0,77.70345596432553
Candidate_004,13.1402,Teaching French as a Second or Foreign Language.,77.70345596432553,1,2,77.70345596432553,77.70345596432553,61,1.0,77.70345596432553
Candidate_004,13.1499,"Teaching English or French as a Second or Foreign Language, Other.",77.70345596432553,1,2,77.70345596432553,77.70345596432553,62,1.0,77.70345596432553
Candidate_004,16.0101,"Foreign Languages and Literatures, General.",77.70345596432553,1,2,77.70345596432553,77.70345596432553,63,1.0,77.70345596432553
Candidate_004,16.03,"East Asian Languages, Literatures, and Linguistics, General.",77.70345596432553,1,2,77.70345596432553,77.70345596432553,64,1.0,77.70345596432553
Candidate_004,16.0301,Chinese Language and Literature.,77.70345596432553,1,2,77.70345596432553,77.70345596432553,65,1.0,77.70345596432553
Candidate_004,16.0302,Japanese Language and Literature.,77.70345596432553,1,2,77.70345596432553,77.70345596432553,66,1.0,77.70345596432553
Candidate_004,16.0303,Korean Language and Literature.,77.70345596432553,1,2,77.70345596432553,77.70345596432553,67,1.0,77.70345596432553
Candidate_004,16.0399,"East Asian Languages, Literatures, and Linguistics, Other.",77.70345596432553,1,2,77.70345596432553,77.70345596432553,68,1.0,77.70345596432553
Candidate_004,16.0402,Russian Language and Literature.,77.70345596432553,1,2,77.70345596432553,77.70345596432553,69,1.0,77.70345596432553
Candidate_004,16.05,"Germanic Languages, Literatures, and Linguistics, General.",77.70345596432553,1,2,77.70345596432553,77.70345596432553,70,1.0,77.70345596432553
Candidate_004,16.0501,German Language and Literature.,77.70345596432553,1,2,77.70345596432553,77.70345596432553,71,1.0,77.70345596432553
Candidate_004,16.0599,"Germanic Languages, Literatures, and Linguistics, Other.",77.70345596432553,1,2,77.70345596432553,77.70345596432553,72,1.0,77.70345596432553
Candidate_004,16.09,"Romance Languages, Literatures, and Linguistics, General.",77.70345596432553,1,2,77.70345596432553,77.70345596432553,73,1.0,77.70345596432553
Candidate_004,16.0901,French Language and Literature.,77.70345596432553,1,2,77.70345596432553,77.70345596432553,74,1.0,77.70345596432553
Candidate_004,16.0902,Italian Language and Literature.,77.70345596432553,1,2,77.70345596432553,77.70345596432553,75,1.0,77.70345596432553
Candidate_004,16.0905,Spanish Language and Literature.,77.70345596432553,1,2,77.70345596432553,77.70345596432553,76,1.0,77.70345596432553
Candidate_004,16.0999,"Romance Languages, Literatures, and Linguistics, Other.",77.70345596432553,1,2,77.70345596432553,77.70345596432553,77,1.0,77.70345596432553
Candidate_004,16.1001,"American Indian/Native American Languages, Literatures, and Linguistics.",77.70345596432553,1,2,77.70345596432553,77.70345596432553,78,1.0,77.70345596432553
Candidate_004,16.1101,Arabic Language and Literature.,77.70345596432553,1,2,77.70345596432553,77.70345596432553,79,1.0,77.70345596432553
Candidate_004,16.1102,Hebrew Language and Literature.,77.70345596432553,1,2,77.70345596432553,77.70345596432553,80,1.0,77.70345596432553
Candidate_004,16.12,"Classics and Classical Languages, Literatures, and Linguistics, General.",77.70345596432553,1,2,77.70345596432553,77.70345596432553,81,1.0,77.70345596432553
Candidate_004,16.1202,Ancient/Classical Greek Language and Literature.,77.70345596432553,1,2,77.70345596432553,77.70345596432553,82,1.0,77.70345596432553
Candidate_004,16.1203,Latin Language and Literature.,77.70345596432553,1,2,77.70345596432553,77.70345596432553,83,1.0,77.70345596432553
Candidate_004,16.1299,"Classics and Classical Languages, Literatures, and Linguistics, Other.",77.70345596432553,1,2,77.70345596432553,77.70345596432553,84,1.0,77.70345596432553
Candidate_004,16.1409,Hawaiian Language and Literature.,77.70345596432553,1,2,77.70345596432553,77.70345596432553,85,1.0,77.70345596432553
Candidate_004,16.1499,"Southeast Asian and Australasian/Pacific Languages, Literatures, and Linguistics, Other.",77.70345596432553,1,2,77.70345596432553,77.70345596432553,86,1.0,77.70345596432553
Candidate_004,16.1601,American Sign Language (ASL).,77.70345596432553,1,2,77.70345596432553,77.70345596432553,87,1.0,77.70345596432553
Candidate_004,16.1602,Linguistics of ASL and Other Sign Languages.,77.70345596432553,1,2,77.70345596432553,77.70345596432553,88,1.0,77.70345596432553
Candidate_004,16.9999,"Foreign Languages, Literatures, and Linguistics, Other.",77.70345596432553,1,2,77.70345596432553,77.70345596432553,89,1.0,77.70345596432553
Candidate_004,19.0101,"Family and Consumer Sciences/Human Sciences, General.",77.70345596432553,1,2,77.70345596432553,77.70345596432553,90,1.0,77.70345596432553
Candidate_004,23.0101,"English Language and Literature, General.",77.70345596432553,1,2,77.70345596432553,77.70345596432553,91,1.0,77.70345596432553
Candidate_004,26.0101,"Biology/Biological Sciences, General.",77.70345596432553,1,2,77.70345596432553,77.70345596432553,92,1.0,77.70345596432553
Candidate_004,27.0101,"Mathematics, General.",77.70345596432553,1,2,77.70345596432553,77.70345596432553,93,1.0,77.70345596432553
Candidate_004,30.0101,Biological and Physical Sciences.,77.70345596432553,1,2,77.70345596432553,77.70345596432553,94,1.0,77.70345596432553
Candidate_004,30.3601,Cultural Studies and Comparative Literature.,77.70345596432553,1,2,77.70345596432553,77.70345596432553,95,1.0,77.70345596432553
Candidate_004,30.3801,Earth Systems Science.,77.70345596432553,1,2,77.70345596432553,77.70345596432553,96,1.0,77.70345596432553
Candidate_004,30.4101,Environmental Geosciences.,77.70345596432553,1,2,77.70345596432553,77.70345596432553,97,1.0,77.70345596432553
Candidate_004,30.4501,History and Language/Literature.,77.70345596432553,1,2,77.70345596432553,77.70345596432553,98,1.0,77.70345596432553
Candidate_004,40.0101,"Physical Sciences, General.",77.70345596432553,1,2,77.70345596432553,77.70345596432553,99,1.0,77.70345596432553
Candidate_004,40.0501,"Chemistry, General.",77.70345596432553,1,2,77.70345596432553,77.70345596432553,100,1.0,77.70345596432553
Candidate_004,40.0801,"Physics, General.",77.70345596432553,1,2,77.70345596432553,77.70345596432553,101,1.0,77.70345596432553
Candidate_004,45.0101,"Social Sciences, General.",77.70345596432553,1,2,77.70345596432553,77.70345596432553,102,1.0,77.70345596432553
Candidate_004,45.0199,"Social Sciences, Other.",77.70345596432553,1,2,77.70345596432553,77.70345596432553,103,1.0,77.70345596432553
Candidate_004,45.0601,"Economics, General.",77.70345596432553,1,2,77.70345596432553,77.70345596432553,104,1.0,77.70345596432553
Candidate_004,45.1001,"Political Science and Government, General.",77.70345596432553,1,2,77.70345596432553,77.70345596432553,105,1.0,77.70345596432553
Candidate_004,45.1002,American Government and Politics (United States).,77.70345596432553,1,2,77.70345596432553,77.70345596432553,106,1.0,77.70345596432553
Candidate_004,45.1003,Canadian Government and Politics.,77.70345596432553,1,2,77.70345596432553,77.70345596432553,107,1.0,77.70345596432553
Candidate_004,45.1099,"Political Science and Government, Other.",77.70345596432553,1,2,77.70345596432553,77.70345596432553,108,1.0,77.70345596432553
Candidate_004,50.0701,"Art/Art Studies, General.",77.70345596432553,1,2,77.70345596432553,77.70345596432553,109,1.0,77.70345596432553
Candidate_004,50.0901,"Music, General.",77.70345596432553,1,2,77.70345596432553,77.70345596432553,110,1.0,77.70345596432553
Candidate_004,54.0101,"History, General.",77.70345596432553,1,2,77.70345596432553,77.70345596432553,111,1.0,77.70345596432553
Candidate_004,54.0102,American  History (United States).,77.70345596432553,1,2,77.70345596432553,77.70345596432553,112,1.0,77.70345596432553
Candidate_004,11.0101,"Computer and Information Sciences, General.",77.56629131856157,1,3,77.56629131856157,77.56629131856157,113,1.0,77.56629131856157
Candidate_004,11.0501,Computer Systems Analysis/Analyst.,77.56629131856157,1,3,77.56629131856157,77.56629131856157,114,1.0,77.56629131856157
Candidate_004,11.0901,Computer Systems Networking and Telecommunications.,77.56629131856157,1,3,77.56629131856157,77.56629131856157,115,1.0,77.56629131856157
Candidate_004,11.1001,Network and System Administration/Administrator.,77.56629131856157,1,3,77.56629131856157,77.56629131856157,116,1.0,77.56629131856157
Candidate_004,11.1002,"System, Networking, and LAN/WAN Management/Manager.",77.56629131856157,1,3,77.56629131856157,77.56629131856157,117,1.0,77.56629131856157
Candidate_004,11.1003,Computer and Information Systems Security/Auditing/Information Assurance.,77.56629131856157,1,3,77.56629131856157,77.56629131856157,118,1.0,77.56629131856157
Candidate_004,11.1005,Information Technology Project Management.,77.56629131856157,1,3,77.56629131856157,77.56629131856157,119,1.0,77.56629131856157
Candidate_004,15.1201,Computer Engineering Technology/Technician.,77.56629131856157,1,3,77.56629131856157,77.56629131856157,120,1.0,77.56629131856157
Candidate_004,15.1202,Computer/Computer Systems Technology/Technician.,77.56629131856157,1,3,77.56629131856157,77.56629131856157,121,1.0,77.56629131856157
Candidate_004,43.0403,Cyber/Computer Forensics and Counterterrorism.,77.56629131856157,1,3,77.56629131856157,77.56629131856157,122,1.0,77.56629131856157
Candidate_004,51.0723,Healthcare Information Privacy Assurance and Security.,77.56629131856157,1,3,77.56629131856157,77.56629131856157,123,1.0,77.56629131856157
Candidate_004,52.0302,Accounting Technology/Technician and Bookkeeping.,77.44334277620398,1,4,77.44334277620398,77.44334277620398,124,1.0,77.44334277620398
Candidate_004,51.3901,Licensed Practical/Vocational Nurse Training.,77.43530095958127,1,5,77.43530095958127,77.43530095958127,125,1.0,77.43530095958127
Candidate_004,51.3999,"Practical Nursing, Vocational Nursing and Nursing Assistants, Other.",77.43530095958127,1,5,77.43530095958127,77.43530095958127,126,1.0,77.43530095958127
Candidate_005,1.0106,Agricultural Business Technology/Technician.,51.31794086262091,2,3,51.798561151079134,56.449734948883005,1,1.1,56.449734948883005
Candidate_005,1.8201,"Veterinary Administrative Services, General.",51.31794086262091,2,3,51.798561151079134,56.449734948883005,2,1.1,56.449734948883005
Candidate_005,1.8202,Veterinary Office Management/Administration.,51.31794086262091,2,3,51.798561151079134,56.449734948883005,3,1.1,56.449734948883005
Candidate_005,1.8203,Veterinary Reception/Receptionist.,51.31794086262091,2,3,51.798561151079134,56.449734948883005,4,1.1,56.449734948883005
Candidate_005,1.8204,Veterinary Administrative/Executive Assistant and Veterinary Secretary.,51.31794086262091,2,3,51.798561151079134,56.449734948883005,5,1.1,56.449734948883005
Candidate_005,51.0705,Medical Office Management/Administration.,51.31794086262091,2,3,51.798561151079134,56.449734948883005,6,1.1,56.449734948883005
Candidate_005,51.0711,Medical/Health Management and Clinical Assistant/Specialist.,51.31794086262091,2,3,51.798561151079134,56.449734948883005,7,1.1,56.449734948883005
Candidate_005,51.0712,Medical Reception/Receptionist.,51.31794086262091,2,3,51.798561151079134,56.449734948883005,8,1.1,56.449734948883005
Candidate_005,52.0204,Office Management and Supervision.,51.31794086262091,2,3,51.798561151079134,56.449734948883005,9,1.1,56.449734948883005
Candidate_005,52.0207,Customer Service Management.,51.31794086262091,2,3,51.798561151079134,56.449734948883005,10,1.1,56.449734948883005
Candidate_005,52.0208,E-Commerce/Electronic Commerce.,51.31794086262091,2,3,51.798561151079134,56.449734948883005,11,1.1,56.449734948883005
Candidate_005,52.0401,"Administrative Assistant and Secretarial Science, General.",51.31794086262091,2,3,51.798561151079134,56.449734948883005,12,1.1,56.449734948883005
Candidate_005,52.0402,Executive Assistant/Executive Secretary.,51.31794086262091,2,3,51.798561151079134,56.449734948883005,13,1.1,56.449734948883005
Candidate_005,11.0102,Artificial Intelligence.,52.217223650385606,1,1,52.217223650385606,52.217223650385606,14,1.0,52.217223650385606
Candidate_005,11.0103,Information Technology.,52.217223650385606,1,1,52.217223650385606,52.217223650385606,15,1.0,52.217223650385606
Candidate_005,11.0104,Informatics.,52.217223650385606,1,1,52.217223650385606,52.217223650385606,16,1.0,52.217223650385606
Candidate_005,11.0201,"Computer Programming/Programmer, General.",52.217223650385606,1,1,52.217223650385606,52.217223650385606,17,1.0,52.217223650385606
Candidate_005,11.0202,"Computer Programming, Specific Applications.",52.217223650385606,1,1,52.217223650385606,52.217223650385606,18,1.0,52.217223650385606
Candidate_005,11.0203,"Computer Programming, Vendor/Product Certification.",52.217223650385606,1,1,52.217223650385606,52.217223650385606,19,1.0,52.217223650385606
Candidate_005,11.0204,Computer Game Programming.,52.217223650385606,1,1,52.217223650385606,52.217223650385606,20,1.0,52.217223650385606
Candidate_005,11.0205,"Computer Programming, Specific Platforms.",52.217223650385606,1,1,52.217223650385606,52.217223650385606,21,1.0,52.217223650385606
Candidate_005,11.0401,Information Science/Studies.,52.217223650385606,1,1,52.217223650385606,52.217223650385606,22,1.0,52.217223650385606
Candidate_005,11.0701,Computer Science.,52.217223650385606,1,1,52.217223650385606,52.217223650385606,23,1.0,52.217223650385606
Candidate_005,11.0804,"Modeling, Virtual Environments and Simulation.",52.217223650385606,1,1,52.217223650385606,52.217223650385606,24,1.0,52.217223650385606
Candidate_005,11.0902,Cloud Computing.,52.217223650385606,1,1,52.217223650385606,52.217223650385606,25,1.0,52.217223650385606
Candidate_005,14.0901,"Computer Engineering, General.",52.217223650385606,1,1,52.217223650385606,52.217223650385606,26,1.0,52.217223650385606
Candidate_005,14.0903,Computer Software Engineering.,52.217223650385606,1,1,52.217223650385606,52.217223650385606,27,1.0,52.217223650385606
Candidate_005,15.1204,Computer Software Technology/Technician.,52.217223650385606,1,1,52.217223650385606,52.217223650385606,28,1.0,52.217223650385606
Candidate_005,30.0801,Mathematics and Computer Science.,52.217223650385606,1,1,52.217223650385606,52.217223650385606,29,1.0,52.217223650385606
Candidate_005,30.1601,Accounting and Computer Science.,52.217223650385606,1,1,52.217223650385606,52.217223650385606,30,1.0,52.217223650385606
Candidate_005,30.3901,Economics and Computer Science.,52.217223650385606,1,1,52.217223650385606,52.217223650385606,31,1.0,52.217223650385606
Candidate_005,30.4801,Linguistics and Computer Science.,52.217223650385606,1,1,52.217223650385606,52.217223650385606,32,1.0,52.217223650385606
Candidate_005,30.7001,"Data Science, General.",52.217223650385606,1,1,52.217223650385606,52.217223650385606,33,1.0,52.217223650385606
Candidate_005,52.0302,Accounting Technology/Technician and Bookkeeping.,51.80594900849857,1,2,51.80594900849857,51.80594900849857,34,1.0,51.80594900849857
Candidate_005,13.0201,Bilingual and Multilingual Education.,51.226309921962084,1,4,51.226309921962084,51.226309921962084,35,1.0,51.226309921962084
Candidate_005,13.1203,Junior High/Intermediate/Middle School Education and Teaching.,51.226309921962084,1,4,51.226309921962084,51.226309921962084,36,1.0,51.226309921962084
Candidate_005,13.1205,Secondary Education and Teaching.,51.226309921962084,1,4,51.226309921962084,51.226309921962084,37,1.0,51.226309921962084
Candidate_005,13.1206,"Teacher Education, Multiple Levels.",51.226309921962084,1,4,51.226309921962084,51.226309921962084,38,1.0,51.226309921962084
Candidate_005,13.1207,Montessori Teacher Education.,51.226309921962084,1,4,51.226309921962084,51.226309921962084,39,1.0,51.226309921962084
Candidate_005,13.1208,Waldorf/Steiner Teacher Education.,51.226309921962084,1,4,51.226309921962084,51.226309921962084,40,1.0,51.226309921962084
Candidate_005,13.1211,Online Educator/Online Teaching.,51.226309921962084,1,4,51.226309921962084,51.226309921962084,41,1.0,51.226309921962084
Candidate_005,13.1212,International Teaching and Learning.,51.226309921962084,1,4,51.226309921962084,51.226309921962084,42,1.0,51.226309921962084
Candidate_005,13.1213,"Science, Technology, Engineering, and Mathematics (STEM) Educational Methods.",51.226309921962084,1,4,51.226309921962084,51.226309921962084,43,1.0,51.226309921962084
Candidate_005,13.1302,Art Teacher Education.,51.226309921962084,1,4,51.226309921962084,51.226309921962084,44,1.0,51.226309921962084
Candidate_005,13.1304,Driver and Safety Teacher Education.,51.226309921962084,1,4,51.226309921962084,51.226309921962084,45,1.0,51.226309921962084
Candidate_005,13.1305,English/Language Arts Teacher Education.,51.226309921962084,1,4,51.226309921962084,51.226309921962084,46,1.0,51.226309921962084
Candidate_005,13.1306,Foreign Language Teacher  Education.,51.226309921962084,1,4,51.226309921962084,51.226309921962084,47,1.0,51.226309921962084
Candidate_005,13.1307,Health Teacher Education.,51.226309921962084,1,4,51.226309921962084,51.226309921962084,48,1.0,51.226309921962084
Candidate_005,13.1308,Family and Consumer Sciences/Home Economics Teacher Education.,51.226309921962084,1,4,51.226309921962084,51.226309921962084,49,1.0,51.226309921962084
Candidate_005,13.1309,Technology Teacher Education/Industrial Arts Teacher Education.,51.226309921962084,1,4,51.226309921962084,51.226309921962084,50,1.0,51.226309921962084
Candidate_005,13.1311,Mathematics Teacher Education.,51.226309921962084,1,4,51.226309921962084,51.226309921962084,51,1.0,51.226309921962084
Candidate_005,13.1312,Music Teacher Education.,51.226309921962084,1,4,51.226309921962084,51.226309921962084,52,1.0,51.226309921962084
Candidate_005,13.1314,Physical Education Teaching and Coaching.,51.226309921962084,1,4,51.226309921962084,51.226309921962084,53,1.0,51.226309921962084
Candidate_005,13.1315,Reading Teacher Education.,51.226309921962084,1,4,51.226309921962084,51.226309921962084,54,1.0,51.226309921962084
Candidate_005,13.1316,Science Teacher Education/General Science Teacher Education.,51.226309921962084,1,4,51.226309921962084,51.226309921962084,55,1.0,51.226309921962084
Candidate_005,13.1317,Social Science Teacher Education.,51.226309921962084,1,4,51.226309921962084,51.226309921962084,56,1.0,51.226309921962084
Candidate_005,13.1318,Social Studies Teacher Education.,51.226309921962084,1,4,51.226309921962084,51.226309921962084,57,1.0,51.226309921962084
Candidate_005,13.1321,Computer Teacher Education.,51.226309921962084,1,4,51.226309921962084,51.226309921962084,58,1.0,51.226309921962084
Candidate_005,13.1322,Biology Teacher Education.,51.226309921962084,1,4,51.226309921962084,51.226309921962084,59,1.0,51.226309921962084
Candidate_005,13.1323,Chemistry Teacher Education.,51.226309921962084,1,4,51.226309921962084,51.226309921962084,60,1.0,51.226309921962084
Candidate_005,13.1324,Drama and Dance Teacher Education.,51.226309921962084,1,4,51.226309921962084,51.226309921962084,61,1.0,51.226309921962084
Candidate_005,13.1325,French Language Teacher Education.,51.226309921962084,1,4,51.226309921962084,51.226309921962084,62,1.0,51.226309921962084
Candidate_005,13.1326,German Language Teacher Education.,51.226309921962084,1,4,51.226309921962084,51.226309921962084,63,1.0,51.226309921962084
Candidate_005,13.1328,History Teacher Education.,51.226309921962084,1,4,51.226309921962084,51.226309921962084,64,1.0,51.226309921962084
Candidate_005,13.1329,Physics Teacher Education.,51.226309921962084,1,4,51.226309921962084,51.226309921962084,65,1.0,51.226309921962084
Candidate_005,13.133,Spanish Language Teacher Education.,51.226309921962084,1,4,51.226309921962084,51.226309921962084,66,1.0,51.226309921962084
Candidate_005,13.1331,Speech Teacher Education.,51.226309921962084,1,4,51.226309921962084,51.226309921962084,67,1.0,51.226309921962084
Candidate_005,13.1332,Geography Teacher Education.,51.226309921962084,1,4,51.226309921962084,51.226309921962084,68,1.0,51.226309921962084
Candidate_005,13.1333,Latin Teacher Education.,51.226309921962084,1,4,51.226309921962084,51.226309921962084,69,1.0,51.226309921962084
Candidate_005,13.1335,Psychology Teacher Education.,51.226309921962084,1,4,51.226309921962084,51.226309921962084,70,1.0,51.226309921962084
Candidate_005,13.1337,Earth Science Teacher Education.,51.226309921962084,1,4,51.226309921962084,51.226309921962084,71,1.0,51.226309921962084
Candidate_005,13.1338,Environmental Education.,51.226309921962084,1,4,51.226309921962084,51.226309921962084,72,1.0,51.226309921962084
Candidate_005,13.1339,Communication Arts and Literature Teacher Education.,51.226309921962084,1,4,51.226309921962084,51.226309921962084,73,1.0,51.226309921962084
Candidate_005,13.1401,Teaching English as a Second or Foreign Language/ESL Language Instructor.,51.226309921962084,1,4,51.226309921962084,51.226309921962084,74,1.0,51.226309921962084
Candidate_005,13.1402,Teaching French as a Second or Foreign Language.,51.226309921962084,1,4,51.226309921962084,51.226309921962084,75,1.0,51.226309921962084
Candidate_005,13.1499,"Teaching English or French as a Second or Foreign Language, Other.",51.226309921962084,1,4,51.226309921962084,51.226309921962084,76,1.0,51.226309921962084
Candidate_005,16.0101,"Foreign Languages and Literatures, General.",51.226309921962084,1,4,51.226309921962084,51.226309921962084,77,1.0,51.226309921962084
Candidate_005,16.03,"East Asian Languages, Literatures, and Linguistics, General.",51.226309921962084,1,4,51.226309921962084,51.226309921962084,78,1.0,51.226309921962084
Candidate_005,16.0301,Chinese Language and Literature.,51.226309921962084,1,4,51.226309921962084,51.226309921962084,79,1.0,51.226309921962084
Candidate_005,16.0302,Japanese Language and Literature.,51.226309921962084,1,4,51.226309921962084,51.226309921962084,80,1.0,51.226309921962084
Candidate_005,16.0303,Korean Language and Literature.,51.226309921962084,1,4,51.226309921962084,51.226309921962084,81,1.0,51.226309921962084
Candidate_005,16.0399,"East Asian Languages, Literatures, and Linguistics, Other.",51.226309921962084,1,4,51.226309921962084,51.226309921962084,82,1.0,51.226309921962084
Candidate_005,16.0402,Russian Language and Literature.,51.226309921962084,1,4,51.226309921962084,51.226309921962084,83,1.0,51.226309921962084
Candidate_005,16.05,"Germanic Languages, Literatures, and Linguistics, General.",51.226309921962084,1,4,51.226309921962084,51.226309921962084,84,1.0,51.226309921962084
Candidate_005,16.0501,German Language and Literature.,51.226309921962084,1,4,51.226309921962084,51.226309921962084,85,1.0,51.226309921962084
Candidate_005,16.0599,"Germanic Languages, Literatures, and Linguistics, Other.",51.226309921962084,1,4,51.226309921962084,51.226309921962084,86,1.0,51.226309921962084
Candidate_005,16.09,"Romance Languages, Literatures, and Linguistics, General.",51.226309921962084,1,4,51.226309921962084,51.226309921962084,87,1.0,51.226309921962084
Candidate_005,16.0901,French Language and Literature.,51.226309921962084,1,4,51.226309921962084,51.226309921962084,88,1.0,51.226309921962084
Candidate_005,16.0902,Italian Language and Literature.,51.226309921962084,1,4,51.226309921962084,51.226309921962084,89,1.0,51.226309921962084
Candidate_005,16.0905,Spanish Language and Literature.,51.226309921962084,1,4,51.226309921962084,51.226309921962084,90,1.0,51.226309921962084
Candidate_005,16.0999,"Romance Languages, Literatures, and Linguistics, Other.",51.226309921962084,1,4,51.226309921962084,51.226309921962084,91,1.0,51.226309921962084
Candidate_005,16.1001,"American Indian/Native American Languages, Literatures, and Linguistics.",51.226309921962084,1,4,51.226309921962084,51.226309921962084,92,1.0,51.226309921962084
Candidate_005,16.1101,Arabic Language and Literature.,51.226309921962084,1,4,51.226309921962084,51.226309921962084,93,1.0,51.226309921962084
Candidate_005,16.1102,Hebrew Language and Literature.,51.226309921962084,1,4,51.226309921962084,51.226309921962084,94,1.0,51.226309921962084
Candidate_005,16.12,"Classics and Classical Languages, Literatures, and Linguistics, General.",51.226309921962084,1,4,51.226309921962084,51.226309921962084,95,1.0,51.226309921962084
Candidate_005,16.1202,Ancient/Classical Greek Language and Literature.,51.226309921962084,1,4,51.226309921962084,51.226309921962084,96,1.0,51.226309921962084
Candidate_005,16.1203,Latin Language and Literature.,51.226309921962084,1,4,51.226309921962084,51.226309921962084,97,1.0,51.226309921962084
Candidate_005,16.1299,"Classics and Classical Languages, Literatures, and Linguistics, Other.",51.226309921962084,1,4,51.226309921962084,51.226309921962084,98,1.0,51.226309921962084
Candidate_005,16.1409,Hawaiian Language and Literature.,51.226309921962084,1,4,51.226309921962084,51.226309921962084,99,1.0,51.226309921962084
Candidate_005,16.1499,"Southeast Asian and Australasian/Pacific Languages, Literatures, and Linguistics, Other.",51.226309921962084,1,4,51.226309921962084,51.226309921962084,100,1.0,51.226309921962084
Candidate_005,16.1601,American Sign Language (ASL).,51.226309921962084,1,4,51.226309921962084,51.226309921962084,101,1.0,51.226309921962084
Candidate_005,16.1602,Linguistics of ASL and Other Sign Languages.,51.226309921962084,1,4,51.226309921962084,51.226309921962084,102,1.0,51.226309921962084
Candidate_005,16.9999,"Foreign Languages, Literatures, and Linguistics, Other.",51.226309921962084,1,4,51.226309921962084,51.226309921962084,103,1.0,51.226309921962084
Candidate_005,19.0101,"Family and Consumer Sciences/Human Sciences, General.",51.226309921962084,1,4,51.226309921962084,51.226309921962084,104,1.0,51.226309921962084
Candidate_005,23.0101,"English Language and Literature, General.",51.226309921962084,1,4,51.226309921962084,51.226309921962084,105,1.0,51.226309921962084
Candidate_005,26.0101,"Biology/Biological Sciences, General.",51.226309921962084,1,4,51.226309921962084,51.226309921962084,106,1.0,51.226309921962084
Candidate_005,27.0101,"Mathematics, General.",51.226309921962084,1,4,51.226309921962084,51.226309921962084,107,1.0,51.226309921962084
Candidate_005,30.0101,Biological and Physical Sciences.,51.226309921962084,1,4,51.226309921962084,51.226309921962084,108,1.0,51.226309921962084
Candidate_005,30.3601,Cultural Studies and Comparative Literature.,51.226309921962084,1,4,51.226309921962084,51.226309921962084,109,1.0,51.226309921962084
Candidate_005,30.3801,Earth Systems Science.,51.226309921962084,1,4,51.226309921962084,51.226309921962084,110,1.0,51.226309921962084
Candidate_005,30.4101,Environmental Geosciences.,51.226309921962084,1,4,51.226309921962084,51.226309921962084,111,1.0,51.226309921962084
Candidate_005,30.4501,History and Language/Literature.,51.226309921962084,1,4,51.226309921962084,51.226309921962084,112,1.0,51.226309921962084
Candidate_005,40.0101,"Physical Sciences, General.",51.226309921962084,1,4,51.226309921962084,51.226309921962084,113,1.0,51.226309921962084
Candidate_005,40.0501,"Chemistry, General.",51.226309921962084,1,4,51.226309921962084,51.226309921962084,114,1.0,51.226309921962084
Candidate_005,40.0801,"Physics, General.",51.226309921962084,1,4,51.226309921962084,51.226309921962084,115,1.0,51.226309921962084
Candidate_005,45.0101,"Social Sciences, General.",51.226309921962084,1,4,51.226309921962084,51.226309921962084,116,1.0,51.226309921962084
Candidate_005,45.0199,"Social Sciences, Other.",51.226309921962084,1,4,51.226309921962084,51.226309921962084,117,1.0,51.226309921962084
Candidate_005,45.0601,"Economics, General.",51.226309921962084,1,4,51.226309921962084,51.226309921962084,118,1.0,51.226309921962084
Candidate_005,45.1001,"Political Science and Government, General.",51.226309921962084,1,4,51.226309921962084,51.226309921962084,119,1.0,51.226309921962084
Candidate_005,45.1002,American Government and Politics (United States).,51.226309921962084,1,4,51.226309921962084,51.226309921962084,120,1.0,51.226309921962084
Candidate_005,45.1003,Canadian Government and Politics.,51.226309921962084,1,4,51.226309921962084,51.226309921962084,121,1.0,51.226309921962084
Candidate_005,45.1099,"Political Science and Government, Other.",51.226309921962084,1,4,51.226309921962084,51.226309921962084,122,1.0,51.226309921962084
Candidate_005,50.0701,"Art/Art Studies, General.",51.226309921962084,1,4,51.226309921962084,51.226309921962084,123,1.0,51.226309921962084
Candidate_005,50.0901,"Music, General.",51.226309921962084,1,4,51.226309921962084,51.226309921962084,124,1.0,51.226309921962084
Candidate_005,54.0101,"History, General.",51.226309921962084,1,4,51.226309921962084,51.226309921962084,125,1.0,51.226309921962084
Candidate_005,54.0102,American  History (United States).,51.226309921962084,1,4,51.226309921962084,51.226309921962084,126,1.0,51.226309921962084
Candidate_006,11.0103,Information Technology.,90.09458716221704,2,1,90.35989717223649,99.10404587843875,1,1.1,99.10404587843875
Candidate_006,11.0104,Informatics.,90.09458716221704,2,1,90.35989717223649,99.10404587843875,2,1.1,99.10404587843875
Candidate_006,11.0201,"Computer Programming/Programmer, General.",90.09458716221704,2,1,90.35989717223649,99.10404587843875,3,1.1,99.10404587843875
Candidate_006,11.0202,"Computer Programming, Specific Applications.",90.09458716221704,2,1,90.35989717223649,99.10404587843875,4,1.1,99.10404587843875
Candidate_006,11.0203,"Computer Programming, Vendor/Product Certification.",90.09458716221704,2,1,90.35989717223649,99.10404587843875,5,1.1,99.10404587843875
Candidate_006,11.0204,Computer Game Programming.,90.09458716221704,2,1,90.35989717223649,99.10404587843875,6,1.1,99.10404587843875
Candidate_006,11.0205,"Computer Programming, Specific Platforms.",90.09458716221704,2,1,90.35989717223649,99.10404587843875,7,1.1,99.10404587843875
Candidate_006,11.0701,Computer Science.,90.09458716221704,2,1,90.35989717223649,99.10404587843875,8,1.1,99.10404587843875
Candidate_006,14.0901,"Computer Engineering, General.",90.09458716221704,2,1,90.35989717223649,99.10404587843875,9,1.1,99.10404587843875
Candidate_006,14.0903,Computer Software Engineering.,90.09458716221704,2,1,90.35989717223649,99.10404587843875,10,1.1,99.10404587843875
Candidate_006,15.1204,Computer Software Technology/Technician.,90.09458716221704,2,1,90.35989717223649,99.10404587843875,11,1.1,99.10404587843875
Candidate_006,11.0102,Artificial Intelligence.,90.35989717223649,1,1,90.35989717223649,90.35989717223649,12,1.0,90.35989717223649
Candidate_006,11.0401,Information Science/Studies.,90.35989717223649,1,1,90.35989717223649,90.35989717223649,13,1.0,90.35989717223649
Candidate_006,11.0804,"Modeling, Virtual Environments and Simulation.",90.35989717223649,1,1,90.35989717223649,90.35989717223649,14,1.0,90.35989717223649
Candidate_006,11.0902,Cloud Computing.,90.35989717223649,1,1,90.35989717223649,90.35989717223649,15,1.0,90.35989717223649
Candidate_006,30.0801,Mathematics and Computer Science.,90.35989717223649,1,1,90.35989717223649,90.35989717223649,16,1.0,90.35989717223649
Candidate_006,30.1601,Accounting and Computer Science.,90.35989717223649,1,1,90.35989717223649,90.35989717223649,17,1.0,90.35989717223649
Candidate_006,30.3901,Economics and Computer Science.,90.35989717223649,1,1,90.35989717223649,90.35989717223649,18,1.0,90.35989717223649
Candidate_006,30.4801,Linguistics and Computer Science.,90.35989717223649,1,1,90.35989717223649,90.35989717223649,19,1.0,90.35989717223649
Candidate_006,30.7001,"Data Science, General.",90.35989717223649,1,1,90.35989717223649,90.35989717223649,20,1.0,90.35989717223649
Candidate_006,11.0101,"Computer and Information Sciences, General.",89.82927715219759,1,2,89.82927715219759,89.82927715219759,21,1.0,89.82927715219759
Candidate_006,11.0501,Computer Systems Analysis/Analyst.,89.82927715219759,1,2,89.82927715219759,89.82927715219759,22,1.0,89.82927715219759
Candidate_006,11.0901,Computer Systems Networking and Telecommunications.,89.82927715219759,1,2,89.82927715219759,89.82927715219759,23,1.0,89.82927715219759
Candidate_006,11.1001,Network and System Administration/Administrator.,89.82927715219759,1,2,89.82927715219759,89.82927715219759,24,1.0,89.82927715219759
Candidate_006,11.1002,"System, Networking, and LAN/WAN Management/Manager.",89.82927715219759,1,2,89.82927715219759,89.82927715219759,25,1.0,89.82927715219759
Candidate_006,11.1003,Computer and Information Systems Security/Auditing/Information Assurance.,89.82927715219759,1,2,89.82927715219759,89.82927715219759,26,1.0,89.82927715219759
Candidate_006,11.1005,Information Technology Project Management.,89.82927715219759,1,2,89.82927715219759,89.82927715219759,27,1.0,89.82927715219759
Candidate_006,15.1201,Computer Engineering Technology/Technician.,89.82927715219759,1,2,89.82927715219759,89.82927715219759,28,1.0,89.82927715219759
Candidate_006,15.1202,Computer/Computer Systems Technology/Technician.,89.82927715219759,1,2,89.82927715219759,89.82927715219759,29,1.0,89.82927715219759
Candidate_006,43.0403,Cyber/Computer Forensics and Counterterrorism.,89.82927715219759,1,2,89.82927715219759,89.82927715219759,30,1.0,89.82927715219759
Candidate_006,51.0723,Healthcare Information Privacy Assurance and Security.,89.82927715219759,1,2,89.82927715219759,89.82927715219759,31,1.0,89.82927715219759
Candidate_006,52.0401,"Administrative Assistant and Secretarial Science, General.",89.5126050420168,1,4,89.5126050420168,89.5126050420168,32,1.0,89.5126050420168
Candidate_006,52.0402,Executive Assistant/Executive Secretary.,89.5126050420168,1,4,89.5126050420168,89.5126050420168,33,1.0,89.5126050420168
Candidate_007,12.05,"Cooking and Related Culinary Arts, General.",100.00000000000003,1,1,100.00000000000003,100.0,1,1.0,100.0
Candidate_007,12.0503,Culinary Arts/Chef Training.,100.00000000000003,1,1,100.00000000000003,100.0,2,1.0,100.0
Candidate_007,12.0504,"Restaurant, Culinary, and Catering Management/Manager.",100.00000000000003,1,1,100.00000000000003,100.0,3,1.0,100.0
Candidate_007,12.0507,"Food Service, Waiter/Waitress, and Dining Room Management/Manager.",100.00000000000003,1,1,100.00000000000003,100.0,4,1.0,100.0
Candidate_007,19.0505,Foodservice Systems Administration/Management.,100.00000000000003,1,1,100.00000000000003,100.0,5,1.0,100.0
Candidate_007,52.0401,"Administrative Assistant and Secretarial Science, General.",100.00000000000003,1,1,100.00000000000003,100.0,6,1.0,100.0
Candidate_007,52.0402,Executive Assistant/Executive Secretary.,100.00000000000003,1,1,100.00000000000003,100.0,7,1.0,100.0
Candidate_007,49.0205,Truck and Bus Driver/Commercial Vehicle Operator and Instructor.,100.0,1,2,100.0,100.0,8,1.0,100.0
Candidate_007,51.2601,Health Aide.,100.0,1,2,100.0,100.0,9,1.0,100.0
Candidate_007,51.3902,Nursing Assistant/Aide and Patient Care Assistant/Aide.,100.0,1,2,100.0,100.0,10,1.0,100.0
Candidate_007,51.3999,"Practical Nursing, Vocational Nursing and Nursing Assistants, Other.",100.0,1,2,100.0,100.0,11,1.0,100.0
Candidate_007,52.0302,Accounting Technology/Technician and Bookkeeping.,100.0,1,2,100.0,100.0,12,1.0,100.0
Candidate_008,11.0103,Information Technology.,67.80377587618835,2,1,68.66966580976863,74.5841534638072,1,1.1,74.5841534638072
Candidate_008,11.0104,Informatics.,67.80377587618835,2,1,68.66966580976863,74.5841534638072,2,1.1,74.5841534638072
Candidate_008,11.0201,"Computer Programming/Programmer, General.",67.80377587618835,2,1,68.66966580976863,74.5841534638072,3,1.1,74.5841534638072
Candidate_008,11.0202,"Computer Programming, Specific Applications.",67.80377587618835,2,1,68.66966580976863,74.5841534638072,4,1.1,74.5841534638072
Candidate_008,11.0203,"Computer Programming, Vendor/Product Certification.",67.80377587618835,2,1,68.66966580976863,74.5841534638072,5,1.1,74.5841534638072
Candidate_008,11.0204,Computer Game Programming.,67.80377587618835,2,1,68.66966580976863,74.5841534638072,6,1.1,74.5841534638072
Candidate_008,11.0205,"Computer Programming, Specific Platforms.",67.80377587618835,2,1,68.66966580976863,74.5841534638072,7,1.1,74.5841534638072
Candidate_008,11.0701,Computer Science.,67.80377587618835,2,1,68.66966580976863,74.5841534638072,8,1.1,74.5841534638072
Candidate_008,14.0901,"Computer Engineering, General.",67.80377587618835,2,1,68.66966580976863,74.5841534638072,9,1.1,74.5841534638072
Candidate_008,14.0903,Computer Software Engineering.,67.80377587618835,2,1,68.66966580976863,74.5841534638072,10,1.1,74.5841534638072
Candidate_008,15.1204,Computer Software Technology/Technician.,67.80377587618835,2,1,68.66966580976863,74.5841534638072,11,1.1,74.5841534638072
Candidate_008,11.0102,Artificial Intelligence.,68.66966580976863,1,1,68.66966580976863,68.66966580976863,12,1.0,68.66966580976863
Candidate_008,11.0401,Information Science/Studies.,68.66966580976863,1,1,68.66966580976863,68.66966580976863,13,1.0,68.66966580976863
Candidate_008,11.0804,"Modeling, Virtual Environments and Simulation.",68.66966580976863,1,1,68.66966580976863,68.66966580976863,14,1.0,68.66966580976863
Candidate_008,11.0902,Cloud Computing.,68.66966580976863,1,1,68.66966580976863,68.66966580976863,15,1.0,68.66966580976863
Candidate_008,30.0801,Mathematics and Computer Science.,68.66966580976863,1,1,68.66966580976863,68.66966580976863,16,1.0,68.66966580976863
Candidate_008,30.1601,Accounting and Computer Science.,68.66966580976863,1,1,68.66966580976863,68.66966580976863,17,1.0,68.66966580976863
Candidate_008,30.3901,Economics and Computer Science.,68.66966580976863,1,1,68.66966580976863,68.66966580976863,18,1.0,68.66966580976863
Candidate_008,30.4801,Linguistics and Computer Science.,68.66966580976863,1,1,68.66966580976863,68.66966580976863,19,1.0,68.66966580976863
Candidate_008,30.7001,"Data Science, General.",68.66966580976863,1,1,68.66966580976863,68.66966580976863,20,1.0,68.66966580976863
Candidate_008,51.3901,Licensed Practical/Vocational Nurse Training.,67.98487932538528,1,2,67.98487932538528,67.98487932538528,21,1.0,67.98487932538528
Candidate_008,51.3999,"Practical Nursing, Vocational Nursing and Nursing Assistants, Other.",67.98487932538528,1,2,67.98487932538528,67.98487932538528,22,1.0,67.98487932538528
Candidate_008,13.0201,Bilingual and Multilingual Education.,67.61426978818284,1,3,67.61426978818284,67.61426978818284,23,1.0,67.61426978818284
Candidate_008,13.1203,Junior High/Intermediate/Middle School Education and Teaching.,67.61426978818284,1,3,67.61426978818284,67.61426978818284,24,1.0,67.61426978818284
Candidate_008,13.1205,Secondary Education and Teaching.,67.61426978818284,1,3,67.61426978818284,67.61426978818284,25,1.0,67.61426978818284
Candidate_008,13.1206,"Teacher Education, Multiple Levels.",67.61426978818284,1,3,67.61426978818284,67.61426978818284,26,1.0,67.61426978818284
Candidate_008,13.1207,Montessori Teacher Education.,67.61426978818284,1,3,67.61426978818284,67.61426978818284,27,1.0,67.61426978818284
Candidate_008,13.1208,Waldorf/Steiner Teacher Education.,67.61426978818284,1,3,67.61426978818284,67.61426978818284,28,1.0,67.61426978818284
Candidate_008,13.1211,Online Educator/Online Teaching.,67.61426978818284,1,3,67.61426978818284,67.61426978818284,29,1.0,67.61426978818284
Candidate_008,13.1212,International Teaching and Learning.,67.61426978818284,1,3,67.61426978818284,67.61426978818284,30,1.0,67.61426978818284
Candidate_008,13.1213,"Science, Technology, Engineering, and Mathematics (STEM) Educational Methods.",67.61426978818284,1,3,67.61426978818284,67.61426978818284,31,1.0,67.61426978818284
Candidate_008,13.1302,Art Teacher Education.,67.61426978818284,1,3,67.61426978818284,67.61426978818284,32,1.0,67.61426978818284
Candidate_008,13.1304,Driver and Safety Teacher Education.,67.61426978818284,1,3,67.61426978818284,67.61426978818284,33,1.0,67.61426978818284
Candidate_008,13.1305,English/Language Arts Teacher Education.,67.61426978818284,1,3,67.61426978818284,67.61426978818284,34,1.0,67.61426978818284
Candidate_008,13.1306,Foreign Language Teacher  Education.,67.61426978818284,1,3,67.61426978818284,67.61426978818284,35,1.0,67.61426978818284
Candidate_008,13.1307,Health Teacher Education.,67.61426978818284,1,3,67.61426978818284,67.61426978818284,36,1.0,67.61426978818284
Candidate_008,13.1308,Family and Consumer Sciences/Home Economics Teacher Education.,67.61426978818284,1,3,67.61426978818284,67.61426978818284,37,1.0,67.61426978818284
Candidate_008,13.1309,Technology Teacher Education/Industrial Arts Teacher Education.,67.61426978818284,1,3,67.61426978818284,67.61426978818284,38,1.0,67.61426978818284
Candidate_008,13.1311,Mathematics Teacher Education.,67.61426978818284,1,3,67.61426978818284,67.61426978818284,39,1.0,67.61426978818284
Candidate_008,13.1312,Music Teacher Education.,67.61426978818284,1,3,67.61426978818284,67.61426978818284,40,1.0,67.61426978818284
Candidate_008,13.1314,Physical Education Teaching and Coaching.,67.61426978818284,1,3,67.61426978818284,67.61426978818284,41,1.0,67.61426978818284
Candidate_008,13.1315,Reading Teacher Education.,67.61426978818284,1,3,67.61426978818284,67.61426978818284,42,1.0,67.61426978818284
Candidate_008,13.1316,Science Teacher Education/General Science Teacher Education.,67.61426978818284,1,3,67.61426978818284,67.61426978818284,43,1.0,67.61426978818284
Candidate_008,13.1317,Social Science Teacher Education.,67.61426978818284,1,3,67.61426978818284,67.61426978818284,44,1.0,67.61426978818284
Candidate_008,13.1318,Social Studies Teacher Education.,67.61426978818284,1,3,67.61426978818284,67.61426978818284,45,1.0,67.61426978818284
Candidate_008,13.1321,Computer Teacher Education.,67.61426978818284,1,3,67.61426978818284,67.61426978818284,46,1.0,67.61426978818284
Candidate_008,13.1322,Biology Teacher Education.,67.61426978818284,1,3,67.61426978818284,67.61426978818284,47,1.0,67.61426978818284
Candidate_008,13.1323,Chemistry Teacher Education.,67.61426978818284,1,3,67.61426978818284,67.61426978818284,48,1.0,67.61426978818284
Candidate_008,13.1324,Drama and Dance Teacher Education.,67.61426978818284,1,3,67.61426978818284,67.61426978818284,49,1.0,67.61426978818284
Candidate_008,13.1325,French Language Teacher Education.,67.61426978818284,1,3,67.61426978818284,67.61426978818284,50,1.0,67.61426978818284
Candidate_008,13.1326,German Language Teacher Education.,67.61426978818284,1,3,67.61426978818284,67.61426978818284,51,1.0,67.61426978818284
Candidate_008,13.1328,History Teacher Education.,67.61426978818284,1,3,67.61426978818284,67.61426978818284,52,1.0,67.61426978818284
Candidate_008,13.1329,Physics Teacher Education.,67.61426978818284,1,3,67.61426978818284,67.61426978818284,53,1.0,67.61426978818284
Candidate_008,13.133,Spanish Language Teacher Education.,67.61426978818284,1,3,67.61426978818284,67.61426978818284,54,1.0,67.61426978818284
Candidate_008,13.1331,Speech Teacher Education.,67.61426978818284,1,3,67.61426978818284,67.61426978818284,55,1.0,67.61426978818284
Candidate_008,13.1332,Geography Teacher Education.,67.61426978818284,1,3,67.61426978818284,67.61426978818284,56,1.0,67.61426978818284
Candidate_008,13.1333,Latin Teacher Education.,67.61426978818284,1,3,67.61426978818284,67.61426978818284,57,1.0,67.61426978818284
Candidate_008,13.1335,Psychology Teacher Education.,67.61426978818284,1,3,67.61426978818284,67.61426978818284,58,1.0,67.61426978818284
Candidate_008,13.1337,Earth Science Teacher Education.,67.61426978818284,1,3,67.61426978818284,67.61426978818284,59,1.0,67.61426978818284
Candidate_008,13.1338,Environmental Education.,67.61426978818284,1,3,67.61426978818284,67.61426978818284,60,1.0,67.61426978818284
Candidate_008,13.1339,Communication Arts and Literature Teacher Education.,67.61426978818284,1,3,67.61426978818284,67.61426978818284,61,1.0,67.61426978818284
Candidate_008,13.1401,Teaching English as a Second or Foreign Language/ESL Language Instructor.,67.61426978818284,1,3,67.61426978818284,67.61426978818284,62,1.0,67.61426978818284
Candidate_008,13.1402,Teaching French as a Second or Foreign Language.,67.61426978818284,1,3,67.61426978818284,67.61426978818284,63,1.0,67.61426978818284
Candidate_008,13.1499,"Teaching English or French as a Second or Foreign Language, Other.",67.61426978818284,1,3,67.61426978818284,67.61426978818284,64,1.0,67.61426978818284
Candidate_008,16.0101,"Foreign Languages and Literatures, General.",67.61426978818284,1,3,67.61426978818284,67.61426978818284,65,1.0,67.61426978818284
Candidate_008,16.03,"East Asian Languages, Literatures, and Linguistics, General.",67.61426978818284,1,3,67.61426978818284,67.61426978818284,66,1.0,67.61426978818284
Candidate_008,16.0301,Chinese Language and Literature.,67.61426978818284,1,3,67.61426978818284,67.61426978818284,67,1.0,67.61426978818284
Candidate_008,16.0302,Japanese Language and Literature.,67.61426978818284,1,3,67.61426978818284,67.61426978818284,68,1.0,67.61426978818284
Candidate_008,16.0303,Korean Language and Literature.,67.61426978818284,1,3,67.61426978818284,67.61426978818284,69,1.0,67.61426978818284
Candidate_008,16.0399,"East Asian Languages, Literatures, and Linguistics, Other.",67.61426978818284,1,3,67.61426978818284,67.61426978818284,70,1.0,67.61426978818284
Candidate_008,16.0402,Russian Language and Literature.,67.61426978818284,1,3,67.61426978818284,67.61426978818284,71,1.0,67.61426978818284
Candidate_008,16.05,"Germanic Languages, Literatures, and Linguistics, General.",67.61426978818284,1,3,67.61426978818284,67.61426978818284,72,1.0,67.61426978818284
Candidate_008,16.0501,German Language and Literature.,67.61426978818284,1,3,67.61426978818284,67.61426978818284,73,1.0,67.61426978818284
Candidate_008,16.0599,"Germanic Languages, Literatures, and Linguistics, Other.",67.61426978818284,1,3,67.61426978818284,67.61426978818284,74,1.0,67.61426978818284
Candidate_008,16.09,"Romance Languages, Literatures, and Linguistics, General.",67.61426978818284,1,3,67.61426978818284,67.61426978818284,75,1.0,67.61426978818284
Candidate_008,16.0901,French Language and Literature.,67.61426978818284,1,3,67.61426978818284,67.61426978818284,76,1.0,67.61426978818284
Candidate_008,16.0902,Italian Language and Literature.,67.61426978818284,1,3,67.61426978818284,67.61426978818284,77,1.0,67.61426978818284
Candidate_008,16.0905,Spanish Language and Literature.,67.61426978818284,1,3,67.61426978818284,67.61426978818284,78,1.0,67.61426978818284
Candidate_008,16.0999,"Romance Languages, Literatures, and Linguistics, Other.",67.61426978818284,1,3,67.61426978818284,67.61426978818284,79,1.0,67.61426978818284
Candidate_008,16.1001,"American Indian/Native American Languages, Literatures, and Linguistics.",67.61426978818284,1,3,67.61426978818284,67.61426978818284,80,1.0,67.61426978818284
Candidate_008,16.1101,Arabic Language and Literature.,67.61426978818284,1,3,67.61426978818284,67.61426978818284,81,1.0,67.61426978818284
Candidate_008,16.1102,Hebrew Language and Literature.,67.61426978818284,1,3,67.61426978818284,67.61426978818284,82,1.0,67.61426978818284
Candidate_008,16.12,"Classics and Classical Languages, Literatures, and Linguistics, General.",67.61426978818284,1,3,67.61426978818284,67.61426978818284,83,1.0,67.61426978818284
Candidate_008,16.1202,Ancient/Classical Greek Language and Literature.,67.61426978818284,1,3,67.61426978818284,67.61426978818284,84,1.0,67.61426978818284
Candidate_008,16.1203,Latin Language and Literature.,67.61426978818284,1,3,67.61426978818284,67.61426978818284,85,1.0,67.61426978818284
Candidate_008,16.1299,"Classics and Classical Languages, Literatures, and Linguistics, Other.",67.61426978818284,1,3,67.61426978818284,67.61426978818284,86,1.0,67.61426978818284
Candidate_008,16.1409,Hawaiian Language and Literature.,67.61426978818284,1,3,67.61426978818284,67.61426978818284,87,1.0,67.61426978818284
Candidate_008,16.1499,"Southeast Asian and Australasian/Pacific Languages, Literatures, and Linguistics, Other.",67.61426978818284,1,3,67.61426978818284,67.61426978818284,88,1.0,67.61426978818284
Candidate_008,16.1601,American Sign Language (ASL).,67.61426978818284,1,3,67.61426978818284,67.61426978818284,89,1.0,67.61426978818284
Candidate_008,16.1602,Linguistics of ASL and Other Sign Languages.,67.61426978818284,1,3,67.61426978818284,67.61426978818284,90,1.0,67.61426978818284
Candidate_008,16.9999,"Foreign Languages, Literatures, and Linguistics, Other.",67.61426978818284,1,3,67.61426978818284,67.61426978818284,91,1.0,67.61426978818284
Candidate_008,19.0101,"Family and Consumer Sciences/Human Sciences, General.",67.61426978818284,1,3,67.61426978818284,67.61426978818284,92,1.0,67.61426978818284
Candidate_008,23.0101,"English Language and Literature, General.",67.61426978818284,1,3,67.61426978818284,67.61426978818284,93,1.0,67.61426978818284
Candidate_008,26.0101,"Biology/Biological Sciences, General.",67.61426978818284,1,3,67.61426978818284,67.61426978818284,94,1.0,67.61426978818284
Candidate_008,27.0101,"Mathematics, General.",67.61426978818284,1,3,67.61426978818284,67.61426978818284,95,1.0,67.61426978818284
Candidate_008,30.0101,Biological and Physical Sciences.,67.61426978818284,1,3,67.61426978818284,67.61426978818284,96,1.0,67.61426978818284
Candidate_008,30.3601,Cultural Studies and Comparative Literature.,67.61426978818284,1,3,67.61426978818284,67.61426978818284,97,1.0,67.61426978818284
Candidate_008,30.3801,Earth Systems Science.,67.61426978818284,1,3,67.61426978818284,67.61426978818284,98,1.0,67.61426978818284
Candidate_008,30.4101,Environmental Geosciences.,67.61426978818284,1,3,67.61426978818284,67.61426978818284,99,1.0,67.61426978818284
Candidate_008,30.4501,History and Language/Literature.,67.61426978818284,1,3,67.61426978818284,67.61426978818284,100,1.0,67.61426978818284
Candidate_008,40.0101,"Physical Sciences, General.",67.61426978818284,1,3,67.61426978818284,67.61426978818284,101,1.0,67.61426978818284
Candidate_008,40.0501,"Chemistry, General.",67.61426978818284,1,3,67.61426978818284,67.61426978818284,102,1.0,67.61426978818284
Candidate_008,40.0801,"Physics, General.",67.61426978818284,1,3,67.61426978818284,67.61426978818284,103,1.0,67.61426978818284
Candidate_008,45.0101,"Social Sciences, General.",67.61426978818284,1,3,67.61426978818284,67.61426978818284,104,1.0,67.61426978818284
Candidate_008,45.0199,"Social Sciences, Other.",67.61426978818284,1,3,67.61426978818284,67.61426978818284,105,1.0,67.61426978818284
Candidate_008,45.0601,"Economics, General.",67.61426978818284,1,3,67.61426978818284,67.61426978818284,106,1.0,67.61426978818284
Candidate_008,45.1001,"Political Science and Government, General.",67.61426978818284,1,3,67.61426978818284,67.61426978818284,107,1.0,67.61426978818284
Candidate_008,45.1002,American Government and Politics (United States).,67.61426978818284,1,3,67.61426978818284,67.61426978818284,108,1.0,67.61426978818284
Candidate_008,45.1003,Canadian Government and Politics.,67.61426978818284,1,3,67.61426978818284,67.61426978818284,109,1.0,67.61426978818284
Candidate_008,45.1099,"Political Science and Government, Other.",67.61426978818284,1,3,67.61426978818284,67.61426978818284,110,1.0,67.61426978818284
Candidate_008,50.0701,"Art/Art Studies, General.",67.61426978818284,1,3,67.61426978818284,67.61426978818284,111,1.0,67.61426978818284
Candidate_008,50.0901,"Music, General.",67.61426978818284,1,3,67.61426978818284,67.61426978818284,112,1.0,67.61426978818284
Candidate_008,54.0101,"History, General.",67.61426978818284,1,3,67.61426978818284,67.61426978818284,113,1.0,67.61426978818284
Candidate_008,54.0102,American  History (United States).,67.61426978818284,1,3,67.61426978818284,67.61426978818284,114,1.0,67.61426978818284
Candidate_008,12.0504,"Restaurant, Culinary, and Catering Management/Manager.",67.14503816793894,1,4,67.14503816793894,67.14503816793894,115,1.0,67.14503816793894
Candidate_008,12.0509,Culinary Science/Culinology.,67.14503816793894,1,4,67.14503816793894,67.14503816793894,116,1.0,67.14503816793894
Candidate_008,12.051,Wine Steward/Sommelier.,67.14503816793894,1,4,67.14503816793894,67.14503816793894,117,1.0,67.14503816793894
Candidate_008,19.0505,Foodservice Systems Administration/Management.,67.14503816793894,1,4,67.14503816793894,67.14503816793894,118,1.0,67.14503816793894
Candidate_008,52.0901,"Hospitality Administration/Management, General.",67.14503816793894,1,4,67.14503816793894,67.14503816793894,119,1.0,67.14503816793894
Candidate_008,52.0904,Hotel/Motel Administration/Management.,67.14503816793894,1,4,67.14503816793894,67.14503816793894,120,1.0,67.14503816793894
Candidate_008,52.0905,Restaurant/Food Services Management.,67.14503816793894,1,4,67.14503816793894,67.14503816793894,121,1.0,67.14503816793894
Candidate_008,52.0909,"Hotel, Motel, and Restaurant Management.",67.14503816793894,1,4,67.14503816793894,67.14503816793894,122,1.0,67.14503816793894
Candidate_008,52.091,Brewery/Brewpub Operations/Management.,67.14503816793894,1,4,67.14503816793894,67.14503816793894,123,1.0,67.14503816793894
Candidate_008,52.0999,"Hospitality Administration/Management, Other.",67.14503816793894,1,4,67.14503816793894,67.14503816793894,124,1.0,67.14503816793894
Candidate_008,11.0101,"Computer and Information Sciences, General.",66.93788594260806,1,5,66.93788594260806,66.93788594260806,125,1.0,66.93788594260806
Candidate_008,11.0501,Computer Systems Analysis/Analyst.,66.93788594260806,1,5,66.93788594260806,66.93788594260806,126,1.0,66.93788594260806
Candidate_008,11.0901,Computer Systems Networking and Telecommunications.,66.93788594260806,1,5,66.93788594260806,66.93788594260806,127,1.0,66.93788594260806
Candidate_008,11.1001,Network and System Administration/Administrator.,66.93788594260806,1,5,66.93788594260806,66.93788594260806,128,1.0,66.93788594260806
Candidate_008,11.1002,"System, Networking, and LAN/WAN Management/Manager.",66.93788594260806,1,5,66.93788594260806,66.93788594260806,129,1.0,66.93788594260806
Candidate_008,11.1003,Computer and Information Systems Security/Auditing/Information Assurance.,66.93788594260806,1,5,66.93788594260806,66.93788594260806,130,1.0,66.93788594260806
Candidate_008,11.1005,Information Technology Project Management.,66.93788594260806,1,5,66.93788594260806,66.93788594260806,131,1.0,66.93788594260806
Candidate_008,15.1201,Computer Engineering Technology/Technician.,66.93788594260806,1,5,66.93788594260806,66.93788594260806,132,1.0,66.93788594260806
Candidate_008,15.1202,Computer/Computer Systems Technology/Technician.,66.93788594260806,1,5,66.93788594260806,66.93788594260806,133,1.0,66.93788594260806
Candidate_008,43.0403,Cyber/Computer Forensics and Counterterrorism.,66.93788594260806,1,5,66.93788594260806,66.93788594260806,134,1.0,66.93788594260806
Candidate_008,51.0723,Healthcare Information Privacy Assurance and Security.,66.93788594260806,1,5,66.93788594260806,66.93788594260806,135,1.0,66.93788594260806
Candidate_009,52.0401,"Administrative Assistant and Secretarial Science, General.",24.41144807205179,2,1,25.647058823529413,26.85259287925697,1,1.1,26.85259287925697
Candidate_009,52.0402,Executive Assistant/Executive Secretary.,24.41144807205179,2,1,25.647058823529413,26.85259287925697,2,1.1,26.85259287925697
Candidate_009,49.0205,Truck and Bus Driver/Commercial Vehicle Operator and Instructor.,22.797491646520797,2,3,22.82270606531882,25.077240811172878,3,1.1,25.077240811172878
Candidate_009,1.0106,Agricultural Business Technology/Technician.,23.175837320574168,1,2,23.175837320574168,23.175837320574168,4,1.0,23.175837320574168
Candidate_009,1.8201,"Veterinary Administrative Services, General.",23.175837320574168,1,2,23.175837320574168,23.175837320574168,5,1.0,23.175837320574168
Candidate_009,1.8202,Veterinary Office Management/Administration.,23.175837320574168,1,2,23.175837320574168,23.175837320574168,6,1.0,23.175837320574168
Candidate_009,1.8203,Veterinary Reception/Receptionist.,23.175837320574168,1,2,23.175837320574168,23.175837320574168,7,1.0,23.175837320574168
Candidate_009,1.8204,Veterinary Administrative/Executive Assistant and Veterinary Secretary.,23.175837320574168,1,2,23.175837320574168,23.175837320574168,8,1.0,23.175837320574168
Candidate_009,51.0705,Medical Office Management/Administration.,23.175837320574168,1,2,23.175837320574168,23.175837320574168,9,1.0,23.175837320574168
Candidate_009,51.0711,Medical/Health Management and Clinical Assistant/Specialist.,23.175837320574168,1,2,23.175837320574168,23.175837320574168,10,1.0,23.175837320574168
Candidate_009,51.0712,Medical Reception/Receptionist.,23.175837320574168,1,2,23.175837320574168,23.175837320574168,11,1.0,23.175837320574168
Candidate_009,52.0204,Office Management and Supervision.,23.175837320574168,1,2,23.175837320574168,23.175837320574168,12,1.0,23.175837320574168
Candidate_009,52.0207,Customer Service Management.,23.175837320574168,1,2,23.175837320574168,23.175837320574168,13,1.0,23.175837320574168
Candidate_009,52.0208,E-Commerce/Electronic Commerce.,23.175837320574168,1,2,23.175837320574168,23.175837320574168,14,1.0,23.175837320574168
Candidate_009,52.0302,Accounting Technology/Technician and Bookkeeping.,22.556657223796034,1,5,22.556657223796034,22.556657223796034,15,1.0,22.556657223796034
Candidate_010,52.0401,"Administrative Assistant and Secretarial Science, General.",96.88047881022914,2,1,97.12230215827337,100.0,1,1.1,100.0
Candidate_010,52.0402,Executive Assistant/Executive Secretary.,96.88047881022914,2,1,97.12230215827337,100.0,2,1.1,100.0
Candidate_010,1.0106,Agricultural Business Technology/Technician.,97.12230215827337,1,1,97.12230215827337,97.12230215827337,3,1.0,97.12230215827337
Candidate_010,1.8201,"Veterinary Administrative Services, General.",97.12230215827337,1,1,97.12230215827337,97.12230215827337,4,1.0,97.12230215827337
Candidate_010,1.8202,Veterinary Office Management/Administration.,97.12230215827337,1,1,97.12230215827337,97.12230215827337,5,1.0,97.12230215827337
Candidate_010,1.8203,Veterinary Reception/Receptionist.,97.12230215827337,1,1,97.12230215827337,97.12230215827337,6,1.0,97.12230215827337
Candidate_010,1.8204,Veterinary Administrative/Executive Assistant and Veterinary Secretary.,97.12230215827337,1,1,97.12230215827337,97.12230215827337,7,1.0,97.12230215827337
Candidate_010,51.0705,Medical Office Management/Administration.,97.12230215827337,1,1,97.12230215827337,97.12230215827337,8,1.0,97.12230215827337
Candidate_010,51.0711,Medical/Health Management and Clinical Assistant/Specialist.,97.12230215827337,1,1,97.12230215827337,97.12230215827337,9,1.0,97.12230215827337
Candidate_010,51.0712,Medical Reception/Receptionist.,97.12230215827337,1,1,97.12230215827337,97.12230215827337,10,1.0,97.12230215827337
Candidate_010,52.0204,Office Management and Supervision.,97.12230215827337,1,1,97.12230215827337,97.12230215827337,11,1.0,97.12230215827337
Candidate_010,52.0207,Customer Service Management.,97.12230215827337,1,1,97.12230215827337,97.12230215827337,12,1.0,97.12230215827337
Candidate_010,52.0208,E-Commerce/Electronic Commerce.,97.12230215827337,1,1,97.12230215827337,97.12230215827337,13,1.0,97.12230215827337
Candidate_010,12.05,"Cooking and Related Culinary Arts, General.",96.77419354838712,1,2,96.77419354838712,96.77419354838712,14,1.0,96.77419354838712
Candidate_010,12.0503,Culinary Arts/Chef Training.,96.77419354838712,1,2,96.77419354838712,96.77419354838712,15,1.0,96.77419354838712
Candidate_010,12.0504,"Restaurant, Culinary, and Catering Management/Manager.",96.77419354838712,1,2,96.77419354838712,96.77419354838712,16,1.0,96.77419354838712
Candidate_010,12.0507,"Food Service, Waiter/Waitress, and Dining Room Management/Manager.",96.77419354838712,1,2,96.77419354838712,96.77419354838712,17,1.0,96.77419354838712
Candidate_010,19.0505,Foodservice Systems Administration/Management.,96.77419354838712,1,2,96.77419354838712,96.77419354838712,18,1.0,96.77419354838712
Candidate_011,1.0106,Agricultural Business Technology/Technician.,65.33036728511928,2,1,66.18705035971223,71.86340401363121,1,1.1,71.86340401363121
Candidate_011,1.8201,"Veterinary Administrative Services, General.",65.33036728511928,2,1,66.18705035971223,71.86340401363121,2,1.1,71.86340401363121
Candidate_011,1.8202,Veterinary Office Management/Administration.,65.33036728511928,2,1,66.18705035971223,71.86340401363121,3,1.1,71.86340401363121
Candidate_011,1.8203,Veterinary Reception/Receptionist.,65.33036728511928,2,1,66.18705035971223,71.86340401363121,4,1.1,71.86340401363121
Candidate_011,1.8204,Veterinary Administrative/Executive Assistant and Veterinary Secretary.,65.33036728511928,2,1,66.18705035971223,71.86340401363121,5,1.1,71.86340401363121
Candidate_011,51.0705,Medical Office Management/Administration.,65.33036728511928,2,1,66.18705035971223,71.86340401363121,6,1.1,71.86340401363121
Candidate_011,51.0711,Medical/Health Management and Clinical Assistant/Specialist.,65.33036728511928,2,1,66.18705035971223,71.86340401363121,7,1.1,71.86340401363121
Candidate_011,51.0712,Medical Reception/Receptionist.,65.33036728511928,2,1,66.18705035971223,71.86340401363121,8,1.1,71.86340401363121
Candidate_011,52.0204,Office Management and Supervision.,65.33036728511928,2,1,66.18705035971223,71.86340401363121,9,1.1,71.86340401363121
Candidate_011,52.0207,Customer Service Management.,65.33036728511928,2,1,66.18705035971223,71.86340401363121,10,1.1,71.86340401363121
Candidate_011,52.0208,E-Commerce/Electronic Commerce.,65.33036728511928,2,1,66.18705035971223,71.86340401363121,11,1.1,71.86340401363121
Candidate_011,52.0401,"Administrative Assistant and Secretarial Science, General.",65.33036728511928,2,1,66.18705035971223,71.86340401363121,12,1.1,71.86340401363121
Candidate_011,52.0402,Executive Assistant/Executive Secretary.,65.33036728511928,2,1,66.18705035971223,71.86340401363121,13,1.1,71.86340401363121
Candidate_011,49.0205,Truck and Bus Driver/Commercial Vehicle Operator and Instructor.,64.83168316831683,1,2,64.83168316831683,64.83168316831683,14,1.0,64.83168316831683
Candidate_011,13.0201,Bilingual and Multilingual Education.,64.4648829431438,1,4,64.4648829431438,64.4648829431438,15,1.0,64.4648829431438
Candidate_011,13.1203,Junior High/Intermediate/Middle School Education and Teaching.,64.4648829431438,1,4,64.4648829431438,64.4648829431438,16,1.0,64.4648829431438
Candidate_011,13.1205,Secondary Education and Teaching.,64.4648829431438,1,4,64.4648829431438,64.4648829431438,17,1.0,64.4648829431438
Candidate_011,13.1206,"Teacher Education, Multiple Levels.",64.4648829431438,1,4,64.4648829431438,64.4648829431438,18,1.0,64.4648829431438
Candidate_011,13.1207,Montessori Teacher Education.,64.4648829431438,1,4,64.4648829431438,64.4648829431438,19,1.0,64.4648829431438
Candidate_011,13.1208,Waldorf/Steiner Teacher Education.,64.4648829431438,1,4,64.4648829431438,64.4648829431438,20,1.0,64.4648829431438
Candidate_011,13.1211,Online Educator/Online Teaching.,64.4648829431438,1,4,64.4648829431438,64.4648829431438,21,1.0,64.4648829431438
Candidate_011,13.1212,International Teaching and Learning.,64.4648829431438,1,4,64.4648829431438,64.4648829431438,22,1.0,64.4648829431438
Candidate_011,13.1213,"Science, Technology, Engineering, and Mathematics (STEM) Educational Methods.",64.4648829431438,1,4,64.4648829431438,64.4648829431438,23,1.0,64.4648829431438
Candidate_011,13.1302,Art Teacher Education.,64.4648829431438,1,4,64.4648829431438,64.4648829431438,24,1.0,64.4648829431438
Candidate_011,13.1304,Driver and Safety Teacher Education.,64.4648829431438,1,4,64.4648829431438,64.4648829431438,25,1.0,64.4648829431438
Candidate_011,13.1305,English/Language Arts Teacher Education.,64.4648829431438,1,4,64.4648829431438,64.4648829431438,26,1.0,64.4648829431438
Candidate_011,13.1306,Foreign Language Teacher  Education.,64.4648829431438,1,4,64.4648829431438,64.4648829431438,27,1.0,64.4648829431438
Candidate_011,13.1307,Health Teacher Education.,64.4648829431438,1,4,64.4648829431438,64.4648829431438,28,1.0,64.4648829431438
Candidate_011,13.1308,Family and Consumer Sciences/Home Economics Teacher Education.,64.4648829431438,1,4,64.4648829431438,64.4648829431438,29,1.0,64.4648829431438
Candidate_011,13.1309,Technology Teacher Education/Industrial Arts Teacher Education.,64.4648829431438,1,4,64.4648829431438,64.4648829431438,30,1.0,64.4648829431438
Candidate_011,13.1311,Mathematics Teacher Education.,64.4648829431438,1,4,64.4648829431438,64.4648829431438,31,1.0,64.4648829431438
Candidate_011,13.1312,Music Teacher Education.,64.4648829431438,1,4,64.4648829431438,64.4648829431438,32,1.0,64.4648829431438
Candidate_011,13.1314,Physical Education Teaching and Coaching.,64.4648829431438,1,4,64.4648829431438,64.4648829431438,33,1.0,64.4648829431438
Candidate_011,13.1315,Reading Teacher Education.,64.4648829431438,1,4,64.4648829431438,64.4648829431438,34,1.0,64.4648829431438
Candidate_011,13.1316,Science Teacher Education/General Science Teacher Education.,64.4648829431438,1,4,64.4648829431438,64.4648829431438,35,1.0,64.4648829431438
Candidate_011,13.1317,Social Science Teacher Education.,64.4648829431438,1,4,64.4648829431438,64.4648829431438,36,1.0,64.4648829431438
Candidate_011,13.1318,Social Studies Teacher Education.,64.4648829431438,1,4,64.4648829431438,64.4648829431438,37,1.0,64.4648829431438
Candidate_011,13.1321,Computer Teacher Education.,64.4648829431438,1,4,64.4648829431438,64.4648829431438,38,1.0,64.4648829431438
Candidate_011,13.1322,Biology Teacher Education.,64.4648829431438,1,4,64.4648829431438,64.4648829431438,39,1.0,64.4648829431438
Candidate_011,13.1323,Chemistry Teacher Education.,64.4648829431438,1,4,64.4648829431438,64.4648829431438,40,1.0,64.4648829431438
Candidate_011,13.1324,Drama and Dance Teacher Education.,64.4648829431438,1,4,64.4648829431438,64.4648829431438,41,1.0,64.4648829431438
Candidate_011,13.1325,French Language Teacher Education.,64.4648829431438,1,4,64.4648829431438,64.4648829431438,42,1.0,64.4648829431438
Candidate_011,13.1326,German Language Teacher Education.,64.4648829431438,1,4,64.4648829431438,64.4648829431438,43,1.0,64.4648829431438
Candidate_011,13.1328,History Teacher Education.,64.4648829431438,1,4,64.4648829431438,64.4648829431438,44,1.0,64.4648829431438
Candidate_011,13.1329,Physics Teacher Education.,64.4648829431438,1,4,64.4648829431438,64.4648829431438,45,1.0,64.4648829431438
Candidate_011,13.133,Spanish Language Teacher Education.,64.4648829431438,1,4,64.4648829431438,64.4648829431438,46,1.0,64.4648829431438
Candidate_011,13.1331,Speech Teacher Education.,64.4648829431438,1,4,64.4648829431438,64.4648829431438,47,1.0,64.4648829431438
Candidate_011,13.1332,Geography Teacher Education.,64.4648829431438,1,4,64.4648829431438,64.4648829431438,48,1.0,64.4648829431438
Candidate_011,13.1333,Latin Teacher Education.,64.4648829431438,1,4,64.4648829431438,64.4648829431438,49,1.0,64.4648829431438
Candidate_011,13.1335,Psychology Teacher Education.,64.4648829431438,1,4,64.4648829431438,64.4648829431438,50,1.0,64.4648829431438
Candidate_011,13.1337,Earth Science Teacher Education.,64.4648829431438,1,4,64.4648829431438,64.4648829431438,51,1.0,64.4648829431438
Candidate_011,13.1338,Environmental Education.,64.4648829431438,1,4,64.4648829431438,64.4648829431438,52,1.0,64.4648829431438
Candidate_011,13.1339,Communication Arts and Literature Teacher Education.,64.4648829431438,1,4,64.4648829431438,64.4648829431438,53,1.0,64.4648829431438
Candidate_011,13.1401,Teaching English as a Second or Foreign Language/ESL Language Instructor.,64.4648829431438,1,4,64.4648829431438,64.4648829431438,54,1.0,64.4648829431438
Candidate_011,13.1402,Teaching French as a Second or Foreign Language.,64.4648829431438,1,4,64.4648829431438,64.4648829431438,55,1.0,64.4648829431438
Candidate_011,13.1499,"Teaching English or French as a Second or Foreign Language, Other.",64.4648829431438,1,4,64.4648829431438,64.4648829431438,56,1.0,64.4648829431438
Candidate_011,16.0101,"Foreign Languages and Literatures, General.",64.4648829431438,1,4,64.4648829431438,64.4648829431438,57,1.0,64.4648829431438
Candidate_011,16.03,"East Asian Languages, Literatures, and Linguistics, General.",64.4648829431438,1,4,64.4648829431438,64.4648829431438,58,1.0,64.4648829431438
Candidate_011,16.0301,Chinese Language and Literature.,64.4648829431438,1,4,64.4648829431438,64.4648829431438,59,1.0,64.4648829431438
Candidate_011,16.0302,Japanese Language and Literature.,64.4648829431438,1,4,64.4648829431438,64.4648829431438,60,1.0,64.4648829431438
Candidate_011,16.0303,Korean Language and Literature.,64.4648829431438,1,4,64.4648829431438,64.4648829431438,61,1.0,64.4648829431438
Candidate_011,16.0399,"East Asian Languages, Literatures, and Linguistics, Other.",64.4648829431438,1,4,64.4648829431438,64.4648829431438,62,1.0,64.4648829431438
Candidate_011,16.0402,Russian Language and Literature.,64.4648829431438,1,4,64.4648829431438,64.4648829431438,63,1.0,64.4648829431438
Candidate_011,16.05,"Germanic Languages, Literatures, and Linguistics, General.",64.4648829431438,1,4,64.4648829431438,64.4648829431438,64,1.0,64.4648829431438
Candidate_011,16.0501,German Language and Literature.,64.4648829431438,1,4,64.4648829431438,64.4648829431438,65,1.0,64.4648829431438
Candidate_011,16.0599,"Germanic Languages, Literatures, and Linguistics, Other.",64.4648829431438,1,4,64.4648829431438,64.4648829431438,66,1.0,64.4648829431438
Candidate_011,16.09,"Romance Languages, Literatures, and Linguistics, General.",64.4648829431438,1,4,64.4648829431438,64.4648829431438,67,1.0,64.4648829431438
Candidate_011,16.0901,French Language and Literature.,64.4648829431438,1,4,64.4648829431438,64.4648829431438,68,1.0,64.4648829431438
Candidate_011,16.0902,Italian Language and Literature.,64.4648829431438,1,4,64.4648829431438,64.4648829431438,69,1.0,64.4648829431438
Candidate_011,16.0905,Spanish Language and Literature.,64.4648829431438,1,4,64.4648829431438,64.4648829431438,70,1.0,64.4648829431438
Candidate_011,16.0999,"Romance Languages, Literatures, and Linguistics, Other.",64.4648829431438,1,4,64.4648829431438,64.4648829431438,71,1.0,64.4648829431438
Candidate_011,16.1001,"American Indian/Native American Languages, Literatures, and Linguistics.",64.4648829431438,1,4,64.4648829431438,64.4648829431438,72,1.0,64.4648829431438
Candidate_011,16.1101,Arabic Language and Literature.,64.4648829431438,1,4,64.4648829431438,64.4648829431438,73,1.0,64.4648829431438
Candidate_011,16.1102,Hebrew Language and Literature.,64.4648829431438,1,4,64.4648829431438,64.4648829431438,74,1.0,64.4648829431438
Candidate_011,16.12,"Classics and Classical Languages, Literatures, and Linguistics, General.",64.4648829431438,1,4,64.4648829431438,64.4648829431438,75,1.0,64.4648829431438
Candidate_011,16.1202,Ancient/Classical Greek Language and Literature.,64.4648829431438,1,4,64.4648829431438,64.4648829431438,76,1.0,64.4648829431438
Candidate_011,16.1203,Latin Language and Literature.,64.4648829431438,1,4,64.4648829431438,64.4648829431438,77,1.0,64.4648829431438
Candidate_011,16.1299,"Classics and Classical Languages, Literatures, and Linguistics, Other.",64.4648829431438,1,4,64.4648829431438,64.4648829431438,78,1.0,64.4648829431438
Candidate_011,16.1409,Hawaiian Language and Literature.,64.4648829431438,1,4,64.4648829431438,64.4648829431438,79,1.0,64.4648829431438
Candidate_011,16.1499,"Southeast Asian and Australasian/Pacific Languages, Literatures, and Linguistics, Other.",64.4648829431438,1,4,64.4648829431438,64.4648829431438,80,1.0,64.4648829431438
Candidate_011,16.1601,American Sign Language (ASL).,64.4648829431438,1,4,64.4648829431438,64.4648829431438,81,1.0,64.4648829431438
Candidate_011,16.1602,Linguistics of ASL and Other Sign Languages.,64.4648829431438,1,4,64.4648829431438,64.4648829431438,82,1.0,64.4648829431438
Candidate_011,16.9999,"Foreign Languages, Literatures, and Linguistics, Other.",64.4648829431438,1,4,64.4648829431438,64.4648829431438,83,1.0,64.4648829431438
Candidate_011,19.0101,"Family and Consumer Sciences/Human Sciences, General.",64.4648829431438,1,4,64.4648829431438,64.4648829431438,84,1.0,64.4648829431438
Candidate_011,23.0101,"English Language and Literature, General.",64.4648829431438,1,4,64.4648829431438,64.4648829431438,85,1.0,64.4648829431438
Candidate_011,26.0101,"Biology/Biological Sciences, General.",64.4648829431438,1,4,64.4648829431438,64.4648829431438,86,1.0,64.4648829431438
Candidate_011,27.0101,"Mathematics, General.",64.4648829431438,1,4,64.4648829431438,64.4648829431438,87,1.0,64.4648829431438
Candidate_011,30.0101,Biological and Physical Sciences.,64.4648829431438,1,4,64.4648829431438,64.4648829431438,88,1.0,64.4648829431438
Candidate_011,30.3601,Cultural Studies and Comparative Literature.,64.4648829431438,1,4,64.4648829431438,64.4648829431438,89,1.0,64.4648829431438
Candidate_011,30.3801,Earth Systems Science.,64.4648829431438,1,4,64.4648829431438,64.4648829431438,90,1.0,64.4648829431438
Candidate_011,30.4101,Environmental Geosciences.,64.4648829431438,1,4,64.4648829431438,64.4648829431438,91,1.0,64.4648829431438
Candidate_011,30.4501,History and Language/Literature.,64.4648829431438,1,4,64.4648829431438,64.4648829431438,92,1.0,64.4648829431438
Candidate_011,40.0101,"Physical Sciences, General.",64.4648829431438,1,4,64.4648829431438,64.4648829431438,93,1.0,64.4648829431438
Candidate_011,40.0501,"Chemistry, General.",64.4648829431438,1,4,64.4648829431438,64.4648829431438,94,1.0,64.4648829431438
Candidate_011,40.0801,"Physics, General.",64.4648829431438,1,4,64.4648829431438,64.4648829431438,95,1.0,64.4648829431438
Candidate_011,45.0101,"Social Sciences, General.",64.4648829431438,1,4,64.4648829431438,64.4648829431438,96,1.0,64.4648829431438
Candidate_011,45.0199,"Social Sciences, Other.",64.4648829431438,1,4,64.4648829431438,64.4648829431438,97,1.0,64.4648829431438
Candidate_011,45.0601,"Economics, General.",64.4648829431438,1,4,64.4648829431438,64.4648829431438,98,1.0,64.4648829431438
Candidate_011,45.1001,"Political Science and Government, General.",64.4648829431438,1,4,64.4648829431438,64.4648829431438,99,1.0,64.4648829431438
Candidate_011,45.1002,American Government and Politics (United States).,64.4648829431438,1,4,64.4648829431438,64.4648829431438,100,1.0,64.4648829431438
Candidate_011,45.1003,Canadian Government and Politics.,64.4648829431438,1,4,64.4648829431438,64.4648829431438,101,1.0,64.4648829431438
Candidate_011,45.1099,"Political Science and Government, Other.",64.4648829431438,1,4,64.4648829431438,64.4648829431438,102,1.0,64.4648829431438
Candidate_011,50.0701,"Art/Art Studies, General.",64.4648829431438,1,4,64.4648829431438,64.4648829431438,103,1.0,64.4648829431438
Candidate_011,50.0901,"Music, General.",64.4648829431438,1,4,64.4648829431438,64.4648829431438,104,1.0,64.4648829431438
Candidate_011,54.0101,"History, General.",64.4648829431438,1,4,64.4648829431438,64.4648829431438,105,1.0,64.4648829431438
Candidate_011,54.0102,American  History (United States).,64.4648829431438,1,4,64.4648829431438,64.4648829431438,106,1.0,64.4648829431438
Candidate_011,11.0102,Artificial Intelligence.,63.46401028277635,1,5,63.46401028277635,63.46401028277635,107,1.0,63.46401028277635
Candidate_011,11.0103,Information Technology.,63.46401028277635,1,5,63.46401028277635,63.46401028277635,108,1.0,63.46401028277635
Candidate_011,11.0104,Informatics.,63.46401028277635,1,5,63.46401028277635,63.46401028277635,109,1.0,63.46401028277635
Candidate_011,11.0201,"Computer Programming/Programmer, General.",63.46401028277635,1,5,63.46401028277635,63.46401028277635,110,1.0,63.46401028277635
Candidate_011,11.0202,"Computer Programming, Specific Applications.",63.46401028277635,1,5,63.46401028277635,63.46401028277635,111,1.0,63.46401028277635
Candidate_011,11.0203,"Computer Programming, Vendor/Product Certification.",63.46401028277635,1,5,63.46401028277635,63.46401028277635,112,1.0,63.46401028277635
Candidate_011,11.0204,Computer Game Programming.,63.46401028277635,1,5,63.46401028277635,63.46401028277635,113,1.0,63.46401028277635
Candidate_011,11.0205,"Computer Programming, Specific Platforms.",63.46401028277635,1,5,63.46401028277635,63.46401028277635,114,1.0,63.46401028277635
Candidate_011,11.0401,Information Science/Studies.,63.46401028277635,1,5,63.46401028277635,63.46401028277635,115,1.0,63.46401028277635
Candidate_011,11.0701,Computer Science.,63.46401028277635,1,5,63.46401028277635,63.46401028277635,116,1.0,63.46401028277635
Candidate_011,11.0804,"Modeling, Virtual Environments and Simulation.",63.46401028277635,1,5,63.46401028277635,63.46401028277635,117,1.0,63.46401028277635
Candidate_011,11.0902,Cloud Computing.,63.46401028277635,1,5,63.46401028277635,63.46401028277635,118,1.0,63.46401028277635
Candidate_011,14.0901,"Computer Engineering, General.",63.46401028277635,1,5,63.46401028277635,63.46401028277635,119,1.0,63.46401028277635
Candidate_011,14.0903,Computer Software Engineering.,63.46401028277635,1,5,63.46401028277635,63.46401028277635,120,1.0,63.46401028277635
Candidate_011,15.1204,Computer Software Technology/Technician.,63.46401028277635,1,5,63.46401028277635,63.46401028277635,121,1.0,63.46401028277635
Candidate_011,30.0801,Mathematics and Computer Science.,63.46401028277635,1,5,63.46401028277635,63.46401028277635,122,1.0,63.46401028277635
Candidate_011,30.1601,Accounting and Computer Science.,63.46401028277635,1,5,63.46401028277635,63.46401028277635,123,1.0,63.46401028277635
Candidate_011,30.3901,Economics and Computer Science.,63.46401028277635,1,5,63.46401028277635,63.46401028277635,124,1.0,63.46401028277635
Candidate_011,30.4801,Linguistics and Computer Science.,63.46401028277635,1,5,63.46401028277635,63.46401028277635,125,1.0,63.46401028277635
Candidate_011,30.7001,"Data Science, General.",63.46401028277635,1,5,63.46401028277635,63.46401028277635,126,1.0,63.46401028277635
Candidate_012,11.0103,Information Technology.,67.80377587618835,2,1,68.66966580976863,74.5841534638072,1,1.1,74.5841534638072
Candidate_012,11.0104,Informatics.,67.80377587618835,2,1,68.66966580976863,74.5841534638072,2,1.1,74.5841534638072
Candidate_012,11.0201,"Computer Programming/Programmer, General.",67.80377587618835,2,1,68.66966580976863,74.5841534638072,3,1.1,74.5841534638072
Candidate_012,11.0202,"Computer Programming, Specific Applications.",67.80377587618835,2,1,68.66966580976863,74.5841534638072,4,1.1,74.5841534638072
Candidate_012,11.0203,"Computer Programming, Vendor/Product Certification.",67.80377587618835,2,1,68.66966580976863,74.5841534638072,5,1.1,74.5841534638072
Candidate_012,11.0204,Computer Game Programming.,67.80377587618835,2,1,68.66966580976863,74.5841534638072,6,1.1,74.5841534638072
Candidate_012,11.0205,"Computer Programming, Specific Platforms.",67.80377587618835,2,1,68.66966580976863,74.5841534638072,7,1.1,74.5841534638072
Candidate_012,11.0701,Computer Science.,67.80377587618835,2,1,68.66966580976863,74.5841534638072,8,1.1,74.5841534638072
Candidate_012,14.0901,"Computer Engineering, General.",67.80377587618835,2,1,68.66966580976863,74.5841534638072,9,1.1,74.5841534638072
Candidate_012,14.0903,Computer Software Engineering.,67.80377587618835,2,1,68.66966580976863,74.5841534638072,10,1.1,74.5841534638072
Candidate_012,15.1204,Computer Software Technology/Technician.,67.80377587618835,2,1,68.66966580976863,74.5841534638072,11,1.1,74.5841534638072
Candidate_012,11.0102,Artificial Intelligence.,68.66966580976863,1,1,68.66966580976863,68.66966580976863,12,1.0,68.66966580976863
Candidate_012,11.0401,Information Science/Studies.,68.66966580976863,1,1,68.66966580976863,68.66966580976863,13,1.0,68.66966580976863
Candidate_012,11.0804,"Modeling, Virtual Environments and Simulation.",68.66966580976863,1,1,68.66966580976863,68.66966580976863,14,1.0,68.66966580976863
Candidate_012,11.0902,Cloud Computing.,68.66966580976863,1,1,68.66966580976863,68.66966580976863,15,1.0,68.66966580976863
Candidate_012,30.0801,Mathematics and Computer Science.,68.66966580976863,1,1,68.66966580976863,68.66966580976863,16,1.0,68.66966580976863
Candidate_012,30.1601,Accounting and Computer Science.,68.66966580976863,1,1,68.66966580976863,68.66966580976863,17,1.0,68.66966580976863
Candidate_012,30.3901,Economics and Computer Science.,68.66966580976863,1,1,68.66966580976863,68.66966580976863,18,1.0,68.66966580976863
Candidate_012,30.4801,Linguistics and Computer Science.,68.66966580976863,1,1,68.66966580976863,68.66966580976863,19,1.0,68.66966580976863
Candidate_012,30.7001,"Data Science, General.",68.66966580976863,1,1,68.66966580976863,68.66966580976863,20,1.0,68.66966580976863
Candidate_012,51.3901,Licensed Practical/Vocational Nurse Training.,67.98487932538528,1,2,67.98487932538528,67.98487932538528,21,1.0,67.98487932538528
Candidate_012,51.3999,"Practical Nursing, Vocational Nursing and Nursing Assistants, Other.",67.98487932538528,1,2,67.98487932538528,67.98487932538528,22,1.0,67.98487932538528
Candidate_012,13.0201,Bilingual and Multilingual Education.,67.61426978818284,1,3,67.61426978818284,67.61426978818284,23,1.0,67.61426978818284
Candidate_012,13.1203,Junior High/Intermediate/Middle School Education and Teaching.,67.61426978818284,1,3,67.61426978818284,67.61426978818284,24,1.0,67.61426978818284
Candidate_012,13.1205,Secondary Education and Teaching.,67.61426978818284,1,3,67.61426978818284,67.61426978818284,25,1.0,67.61426978818284
Candidate_012,13.1206,"Teacher Education, Multiple Levels.",67.61426978818284,1,3,67.61426978818284,67.61426978818284,26,1.0,67.61426978818284
Candidate_012,13.1207,Montessori Teacher Education.,67.61426978818284,1,3,67.61426978818284,67.61426978818284,27,1.0,67.61426978818284
Candidate_012,13.1208,Waldorf/Steiner Teacher Education.,67.61426978818284,1,3,67.61426978818284,67.61426978818284,28,1.0,67.61426978818284
Candidate_012,13.1211,Online Educator/Online Teaching.,67.61426978818284,1,3,67.61426978818284,67.61426978818284,29,1.0,67.61426978818284
Candidate_012,13.1212,International Teaching and Learning.,67.61426978818284,1,3,67.61426978818284,67.61426978818284,30,1.0,67.61426978818284
Candidate_012,13.1213,"Science, Technology, Engineering, and Mathematics (STEM) Educational Methods.",67.61426978818284,1,3,67.61426978818284,67.61426978818284,31,1.0,67.61426978818284
Candidate_012,13.1302,Art Teacher Education.,67.61426978818284,1,3,67.61426978818284,67.61426978818284,32,1.0,67.61426978818284
Candidate_012,13.1304,Driver and Safety Teacher Education.,67.61426978818284,1,3,67.61426978818284,67.61426978818284,33,1.0,67.61426978818284
Candidate_012,13.1305,English/Language Arts Teacher Education.,67.61426978818284,1,3,67.61426978818284,67.61426978818284,34,1.0,67.61426978818284
Candidate_012,13.1306,Foreign Language Teacher  Education.,67.61426978818284,1,3,67.61426978818284,67.61426978818284,35,1.0,67.61426978818284
Candidate_012,13.1307,Health Teacher Education.,67.61426978818284,1,3,67.61426978818284,67.61426978818284,36,1.0,67.61426978818284
Candidate_012,13.1308,Family and Consumer Sciences/Home Economics Teacher Education.,67.61426978818284,1,3,67.61426978818284,67.61426978818284,37,1.0,67.61426978818284
Candidate_012,13.1309,Technology Teacher Education/Industrial Arts Teacher Education.,67.61426978818284,1,3,67.61426978818284,67.61426978818284,38,1.0,67.61426978818284
Candidate_012,13.1311,Mathematics Teacher Education.,67.61426978818284,1,3,67.61426978818284,67.61426978818284,39,1.0,67.61426978818284
Candidate_012,13.1312,Music Teacher Education.,67.61426978818284,1,3,67.61426978818284,67.61426978818284,40,1.0,67.61426978818284
Candidate_012,13.1314,Physical Education Teaching and Coaching.,67.61426978818284,1,3,67.61426978818284,67.61426978818284,41,1.0,67.61426978818284
Candidate_012,13.1315,Reading Teacher Education.,67.61426978818284,1,3,67.61426978818284,67.61426978818284,42,1.0,67.61426978818284
Candidate_012,13.1316,Science Teacher Education/General Science Teacher Education.,67.61426978818284,1,3,67.61426978818284,67.61426978818284,43,1.0,67.61426978818284
Candidate_012,13.1317,Social Science Teacher Education.,67.61426978818284,1,3,67.61426978818284,67.61426978818284,44,1.0,67.61426978818284
Candidate_012,13.1318,Social Studies Teacher Education.,67.61426978818284,1,3,67.61426978818284,67.61426978818284,45,1.0,67.61426978818284
Candidate_012,13.1321,Computer Teacher Education.,67.61426978818284,1,3,67.61426978818284,67.61426978818284,46,1.0,67.61426978818284
Candidate_012,13.1322,Biology Teacher Education.,67.61426978818284,1,3,67.61426978818284,67.61426978818284,47,1.0,67.61426978818284
Candidate_012,13.1323,Chemistry Teacher Education.,67.61426978818284,1,3,67.61426978818284,67.61426978818284,48,1.0,67.61426978818284
Candidate_012,13.1324,Drama and Dance Teacher Education.,67.61426978818284,1,3,67.61426978818284,67.61426978818284,49,1.0,67.61426978818284
Candidate_012,13.1325,French Language Teacher Education.,67.61426978818284,1,3,67.61426978818284,67.61426978818284,50,1.0,67.61426978818284
Candidate_012,13.1326,German Language Teacher Education.,67.61426978818284,1,3,67.61426978818284,67.61426978818284,51,1.0,67.61426978818284
Candidate_012,13.1328,History Teacher Education.,67.61426978818284,1,3,67.61426978818284,67.61426978818284,52,1.0,67.61426978818284
Candidate_012,13.1329,Physics Teacher Education.,67.61426978818284,1,3,67.61426978818284,67.61426978818284,53,1.0,67.61426978818284
Candidate_012,13.133,Spanish Language Teacher Education.,67.61426978818284,1,3,67.61426978818284,67.61426978818284,54,1.0,67.61426978818284
Candidate_012,13.1331,Speech Teacher Education.,67.61426978818284,1,3,67.61426978818284,67.61426978818284,55,1.0,67.61426978818284
Candidate_012,13.1332,Geography Teacher Education.,67.61426978818284,1,3,67.61426978818284,67.61426978818284,56,1.0,67.61426978818284
Candidate_012,13.1333,Latin Teacher Education.,67.61426978818284,1,3,67.61426978818284,67.61426978818284,57,1.0,67.61426978818284
Candidate_012,13.1335,Psychology Teacher Education.,67.61426978818284,1,3,67.61426978818284,67.61426978818284,58,1.0,67.61426978818284
Candidate_012,13.1337,Earth Science Teacher Education.,67.61426978818284,1,3,67.61426978818284,67.61426978818284,59,1.0,67.61426978818284
Candidate_012,13.1338,Environmental Education.,67.61426978818284,1,3,67.61426978818284,67.61426978818284,60,1.0,67.61426978818284
Candidate_012,13.1339,Communication Arts and Literature Teacher Education.,67.61426978818284,1,3,67.61426978818284,67.61426978818284,61,1.0,67.61426978818284
Candidate_012,13.1401,Teaching English as a Second or Foreign Language/ESL Language Instructor.,67.61426978818284,1,3,67.61426978818284,67.61426978818284,62,1.0,67.61426978818284
Candidate_012,13.1402,Teaching French as a Second or Foreign Language.,67.61426978818284,1,3,67.61426978818284,67.61426978818284,63,1.0,67.61426978818284
Candidate_012,13.1499,"Teaching English or French as a Second or Foreign Language, Other.",67.61426978818284,1,3,67.61426978818284,67.61426978818284,64,1.0,67.61426978818284
Candidate_012,16.0101,"Foreign Languages and Literatures, General.",67.61426978818284,1,3,67.61426978818284,67.61426978818284,65,1.0,67.61426978818284
Candidate_012,16.03,"East Asian Languages, Literatures, and Linguistics, General.",67.61426978818284,1,3,67.61426978818284,67.61426978818284,66,1.0,67.61426978818284
Candidate_012,16.0301,Chinese Language and Literature.,67.61426978818284,1,3,67.61426978818284,67.61426978818284,67,1.0,67.61426978818284
Candidate_012,16.0302,Japanese Language and Literature.,67.61426978818284,1,3,67.61426978818284,67.61426978818284,68,1.0,67.61426978818284
Candidate_012,16.0303,Korean Language and Literature.,67.61426978818284,1,3,67.61426978818284,67.61426978818284,69,1.0,67.61426978818284
Candidate_012,16.0399,"East Asian Languages, Literatures, and Linguistics, Other.",67.61426978818284,1,3,67.61426978818284,67.61426978818284,70,1.0,67.61426978818284
Candidate_012,16.0402,Russian Language and Literature.,67.61426978818284,1,3,67.61426978818284,67.61426978818284,71,1.0,67.61426978818284
Candidate_012,16.05,"Germanic Languages, Literatures, and Linguistics, General.",67.61426978818284,1,3,67.61426978818284,67.61426978818284,72,1.0,67.61426978818284
Candidate_012,16.0501,German Language and Literature.,67.61426978818284,1,3,67.61426978818284,67.61426978818284,73,1.0,67.61426978818284
Candidate_012,16.0599,"Germanic Languages, Literatures, and Linguistics, Other.",67.61426978818284,1,3,67.61426978818284,67.61426978818284,74,1.0,67.61426978818284
Candidate_012,16.09,"Romance Languages, Literatures, and Linguistics, General.",67.61426978818284,1,3,67.61426978818284,67.61426978818284,75,1.0,67.61426978818284
Candidate_012,16.0901,French Language and Literature.,67.61426978818284,1,3,67.61426978818284,67.61426978818284,76,1.0,67.61426978818284
Candidate_012,16.0902,Italian Language and Literature.,67.61426978818284,1,3,67.61426978818284,67.61426978818284,77,1.0,67.61426978818284
Candidate_012,16.0905,Spanish Language and Literature.,67.61426978818284,1,3,67.61426978818284,67.61426978818284,78,1.0,67.61426978818284
Candidate_012,16.0999,"Romance Languages, Literatures, and Linguistics, Other.",67.61426978818284,1,3,67.61426978818284,67.61426978818284,79,1.0,67.61426978818284
Candidate_012,16.1001,"American Indian/Native American Languages, Literatures, and Linguistics.",67.61426978818284,1,3,67.61426978818284,67.61426978818284,80,1.0,67.61426978818284
Candidate_012,16.1101,Arabic Language and Literature.,67.61426978818284,1,3,67.61426978818284,67.61426978818284,81,1.0,67.61426978818284
Candidate_012,16.1102,Hebrew Language and Literature.,67.61426978818284,1,3,67.61426978818284,67.61426978818284,82,1.0,67.61426978818284
Candidate_012,16.12,"Classics and Classical Languages, Literatures, and Linguistics, General.",67.61426978818284,1,3,67.61426978818284,67.61426978818284,83,1.0,67.61426978818284
Candidate_012,16.1202,Ancient/Classical Greek Language and Literature.,67.61426978818284,1,3,67.61426978818284,67.61426978818284,84,1.0,67.61426978818284
Candidate_012,16.1203,Latin Language and Literature.,67.61426978818284,1,3,67.61426978818284,67.61426978818284,85,1.0,67.61426978818284
Candidate_012,16.1299,"Classics and Classical Languages, Literatures, and Linguistics, Other.",67.61426978818284,1,3,67.61426978818284,67.61426978818284,86,1.0,67.61426978818284
Candidate_012,16.1409,Hawaiian Language and Literature.,67.61426978818284,1,3,67.61426978818284,67.61426978818284,87,1.0,67.61426978818284
Candidate_012,16.1499,"Southeast Asian and Australasian/Pacific Languages, Literatures, and Linguistics, Other.",67.61426978818284,1,3,67.61426978818284,67.61426978818284,88,1.0,67.61426978818284
Candidate_012,16.1601,American Sign Language (ASL).,67.61426978818284,1,3,67.61426978818284,67.61426978818284,89,1.0,67.61426978818284
Candidate_012,16.1602,Linguistics of ASL and Other Sign Languages.,67.61426978818284,1,3,67.61426978818284,67.61426978818284,90,1.0,67.61426978818284
Candidate_012,16.9999,"Foreign Languages, Literatures, and Linguistics, Other.",67.61426978818284,1,3,67.61426978818284,67.61426978818284,91,1.0,67.61426978818284
Candidate_012,19.0101,"Family and Consumer Sciences/Human Sciences, General.",67.61426978818284,1,3,67.61426978818284,67.61426978818284,92,1.0,67.61426978818284
Candidate_012,23.0101,"English Language and Literature, General.",67.61426978818284,1,3,67.61426978818284,67.61426978818284,93,1.0,67.61426978818284
Candidate_012,26.0101,"Biology/Biological Sciences, General.",67.61426978818284,1,3,67.61426978818284,67.61426978818284,94,1.0,67.61426978818284
Candidate_012,27.0101,"Mathematics, General.",67.61426978818284,1,3,67.61426978818284,67.61426978818284,95,1.0,67.61426978818284
Candidate_012,30.0101,Biological and Physical Sciences.,67.61426978818284,1,3,67.61426978818284,67.61426978818284,96,1.0,67.61426978818284
Candidate_012,30.3601,Cultural Studies and Comparative Literature.,67.61426978818284,1,3,67.61426978818284,67.61426978818284,97,1.0,67.61426978818284
Candidate_012,30.3801,Earth Systems Science.,67.61426978818284,1,3,67.61426978818284,67.61426978818284,98,1.0,67.61426978818284
Candidate_012,30.4101,Environmental Geosciences.,67.61426978818284,1,3,67.61426978818284,67.61426978818284,99,1.0,67.61426978818284
Candidate_012,30.4501,History and Language/Literature.,67.61426978818284,1,3,67.61426978818284,67.61426978818284,100,1.0,67.61426978818284
Candidate_012,40.0101,"Physical Sciences, General.",67.61426978818284,1,3,67.61426978818284,67.61426978818284,101,1.0,67.61426978818284
Candidate_012,40.0501,"Chemistry, General.",67.61426978818284,1,3,67.61426978818284,67.61426978818284,102,1.0,67.61426978818284
Candidate_012,40.0801,"Physics, General.",67.61426978818284,1,3,67.61426978818284,67.61426978818284,103,1.0,67.61426978818284
Candidate_012,45.0101,"Social Sciences, General.",67.61426978818284,1,3,67.61426978818284,67.61426978818284,104,1.0,67.61426978818284
Candidate_012,45.0199,"Social Sciences, Other.",67.61426978818284,1,3,67.61426978818284,67.61426978818284,105,1.0,67.61426978818284
Candidate_012,45.0601,"Economics, General.",67.61426978818284,1,3,67.61426978818284,67.61426978818284,106,1.0,67.61426978818284
Candidate_012,45.1001,"Political Science and Government, General.",67.61426978818284,1,3,67.61426978818284,67.61426978818284,107,1.0,67.61426978818284
Candidate_012,45.1002,American Government and Politics (United States).,67.61426978818284,1,3,67.61426978818284,67.61426978818284,108,1.0,67.61426978818284
Candidate_012,45.1003,Canadian Government and Politics.,67.61426978818284,1,3,67.61426978818284,67.61426978818284,109,1.0,67.61426978818284
Candidate_012,45.1099,"Political Science and Government, Other.",67.61426978818284,1,3,67.61426978818284,67.61426978818284,110,1.0,67.61426978818284
Candidate_012,50.0701,"Art/Art Studies, General.",67.61426978818284,1,3,67.61426978818284,67.61426978818284,111,1.0,67.61426978818284
Candidate_012,50.0901,"Music, General.",67.61426978818284,1,3,67.61426978818284,67.61426978818284,112,1.0,67.61426978818284
Candidate_012,54.0101,"History, General.",67.61426978818284,1,3,67.61426978818284,67.61426978818284,113,1.0,67.61426978818284
Candidate_012,54.0102,American  History (United States).,67.61426978818284,1,3,67.61426978818284,67.61426978818284,114,1.0,67.61426978818284
Candidate_012,12.0504,"Restaurant, Culinary, and Catering Management/Manager.",67.14503816793894,1,4,67.14503816793894,67.14503816793894,115,1.0,67.14503816793894
Candidate_012,12.0509,Culinary Science/Culinology.,67.14503816793894,1,4,67.14503816793894,67.14503816793894,116,1.0,67.14503816793894
Candidate_012,12.051,Wine Steward/Sommelier.,67.14503816793894,1,4,67.14503816793894,67.14503816793894,117,1.0,67.14503816793894
Candidate_012,19.0505,Foodservice Systems Administration/Management.,67.14503816793894,1,4,67.14503816793894,67.14503816793894,118,1.0,67.14503816793894
Candidate_012,52.0901,"Hospitality Administration/Management, General.",67.14503816793894,1,4,67.14503816793894,67.14503816793894,119,1.0,67.14503816793894
Candidate_012,52.0904,Hotel/Motel Administration/Management.,67.14503816793894,1,4,67.14503816793894,67.14503816793894,120,1.0,67.14503816793894
Candidate_012,52.0905,Restaurant/Food Services Management.,67.14503816793894,1,4,67.14503816793894,67.14503816793894,121,1.0,67.14503816793894
Candidate_012,52.0909,"Hotel, Motel, and Restaurant Management.",67.14503816793894,1,4,67.14503816793894,67.14503816793894,122,1.0,67.14503816793894
Candidate_012,52.091,Brewery/Brewpub Operations/Management.,67.14503816793894,1,4,67.14503816793894,67.14503816793894,123,1.0,67.14503816793894
Candidate_012,52.0999,"Hospitality Administration/Management, Other.",67.14503816793894,1,4,67.14503816793894,67.14503816793894,124,1.0,67.14503816793894
Candidate_012,11.0101,"Computer and Information Sciences, General.",66.93788594260806,1,5,66.93788594260806,66.93788594260806,125,1.0,66.93788594260806
Candidate_012,11.0501,Computer Systems Analysis/Analyst.,66.93788594260806,1,5,66.93788594260806,66.93788594260806,126,1.0,66.93788594260806
Candidate_012,11.0901,Computer Systems Networking and Telecommunications.,66.93788594260806,1,5,66.93788594260806,66.93788594260806,127,1.0,66.93788594260806
Candidate_012,11.1001,Network and System Administration/Administrator.,66.93788594260806,1,5,66.93788594260806,66.93788594260806,128,1.0,66.93788594260806
Candidate_012,11.1002,"System, Networking, and LAN/WAN Management/Manager.",66.93788594260806,1,5,66.93788594260806,66.93788594260806,129,1.0,66.93788594260806
Candidate_012,11.1003,Computer and Information Systems Security/Auditing/Information Assurance.,66.93788594260806,1,5,66.93788594260806,66.93788594260806,130,1.0,66.93788594260806
Candidate_012,11.1005,Information Technology Project Management.,66.93788594260806,1,5,66.93788594260806,66.93788594260806,131,1.0,66.93788594260806
Candidate_012,15.1201,Computer Engineering Technology/Technician.,66.93788594260806,1,5,66.93788594260806,66.93788594260806,132,1.0,66.93788594260806
Candidate_012,15.1202,Computer/Computer Systems Technology/Technician.,66.93788594260806,1,5,66.93788594260806,66.93788594260806,133,1.0,66.93788594260806
Candidate_012,43.0403,Cyber/Computer Forensics and Counterterrorism.,66.93788594260806,1,5,66.93788594260806,66.93788594260806,134,1.0,66.93788594260806
Candidate_012,51.0723,Healthcare Information Privacy Assurance and Security.,66.93788594260806,1,5,66.93788594260806,66.93788594260806,135,1.0,66.93788594260806
Candidate_013,1.0106,Agricultural Business Technology/Technician.,51.31794086262091,2,3,51.798561151079134,56.449734948883005,1,1.1,56.449734948883005
Candidate_013,1.8201,"Veterinary Administrative Services, General.",51.31794086262091,2,3,51.798561151079134,56.449734948883005,2,1.1,56.449734948883005
Candidate_013,1.8202,Veterinary Office Management/Administration.,51.31794086262091,2,3,51.798561151079134,56.449734948883005,3,1.1,56.449734948883005
Candidate_013,1.8203,Veterinary Reception/Receptionist.,51.31794086262091,2,3,51.798561151079134,56.449734948883005,4,1.1,56.449734948883005
Candidate_013,1.8204,Veterinary Administrative/Executive Assistant and Veterinary Secretary.,51.31794086262091,2,3,51.798561151079134,56.449734948883005,5,1.1,56.449734948883005
Candidate_013,51.0705,Medical Office Management/Administration.,51.31794086262091,2,3,51.798561151079134,56.449734948883005,6,1.1,56.449734948883005
Candidate_013,51.0711,Medical/Health Management and Clinical Assistant/Specialist.,51.31794086262091,2,3,51.798561151079134,56.449734948883005,7,1.1,56.449734948883005
Candidate_013,51.0712,Medical Reception/Receptionist.,51.31794086262091,2,3,51.798561151079134,56.449734948883005,8,1.1,56.449734948883005
Candidate_013,52.0204,Office Management and Supervision.,51.31794086262091,2,3,51.798561151079134,56.449734948883005,9,1.1,56.449734948883005
Candidate_013,52.0207,Customer Service Management.,51.31794086262091,2,3,51.798561151079134,56.449734948883005,10,1.1,56.449734948883005
Candidate_013,52.0208,E-Commerce/Electronic Commerce.,51.31794086262091,2,3,51.798561151079134,56.449734948883005,11,1.1,56.449734948883005
Candidate_013,52.0401,"Administrative Assistant and Secretarial Science, General.",51.31794086262091,2,3,51.798561151079134,56.449734948883005,12,1.1,56.449734948883005
Candidate_013,52.0402,Executive Assistant/Executive Secretary.,51.31794086262091,2,3,51.798561151079134,56.449734948883005,13,1.1,56.449734948883005
Candidate_013,11.0102,Artificial Intelligence.,52.217223650385606,1,1,52.217223650385606,52.217223650385606,14,1.0,52.217223650385606
Candidate_013,11.0103,Information Technology.,52.217223650385606,1,1,52.217223650385606,52.217223650385606,15,1.0,52.217223650385606
Candidate_013,11.0104,Informatics.,52.217223650385606,1,1,52.217223650385606,52.217223650385606,16,1.0,52.217223650385606
Candidate_013,11.0201,"Computer Programming/Programmer, General.",52.217223650385606,1,1,52.217223650385606,52.217223650385606,17,1.0,52.217223650385606
Candidate_013,11.0202,"Computer Programming, Specific Applications.",52.217223650385606,1,1,52.217223650385606,52.217223650385606,18,1.0,52.217223650385606
Candidate_013,11.0203,"Computer Programming, Vendor/Product Certification.",52.217223650385606,1,1,52.217223650385606,52.217223650385606,19,1.0,52.217223650385606
Candidate_013,11.0204,Computer Game Programming.,52.217223650385606,1,1,52.217223650385606,52.217223650385606,20,1.0,52.217223650385606
Candidate_013,11.0205,"Computer Programming, Specific Platforms.",52.217223650385606,1,1,52.217223650385606,52.217223650385606,21,1.0,52.217223650385606
Candidate_013,11.0401,Information Science/Studies.,52.217223650385606,1,1,52.217223650385606,52.217223650385606,22,1.0,52.217223650385606
Candidate_013,11.0701,Computer Science.,52.217223650385606,1,1,52.217223650385606,52.217223650385606,23,1.0,52.217223650385606
Candidate_013,11.0804,"Modeling, Virtual Environments and Simulation.",52.217223650385606,1,1,52.217223650385606,52.217223650385606,24,1.0,52.217223650385606
Candidate_013,11.0902,Cloud Computing.,52.217223650385606,1,1,52.217223650385606,52.217223650385606,25,1.0,52.217223650385606
Candidate_013,14.0901,"Computer Engineering, General.",52.217223650385606,1,1,52.217223650385606,52.217223650385606,26,1.0,52.217223650385606
Candidate_013,14.0903,Computer Software Engineering.,52.217223650385606,1,1,52.217223650385606,52.217223650385606,27,1.0,52.217223650385606
Candidate_013,15.1204,Computer Software Technology/Technician.,52.217223650385606,1,1,52.217223650385606,52.217223650385606,28,1.0,52.217223650385606
Candidate_013,30.0801,Mathematics and Computer Science.,52.217223650385606,1,1,52.217223650385606,52.217223650385606,29,1.0,52.217223650385606
Candidate_013,30.1601,Accounting and Computer Science.,52.217223650385606,1,1,52.217223650385606,52.217223650385606,30,1.0,52.217223650385606
Candidate_013,30.3901,Economics and Computer Science.,52.217223650385606,1,1,52.217223650385606,52.217223650385606,31,1.0,52.217223650385606
Candidate_013,30.4801,Linguistics and Computer Science.,52.217223650385606,1,1,52.217223650385606,52.217223650385606,32,1.0,52.217223650385606
Candidate_013,30.7001,"Data Science, General.",52.217223650385606,1,1,52.217223650385606,52.217223650385606,33,1.0,52.217223650385606
Candidate_013,52.0302,Accounting Technology/Technician and Bookkeeping.,51.80594900849857,1,2,51.80594900849857,51.80594900849857,34,1.0,51.80594900849857
Candidate_013,13.0201,Bilingual and Multilingual Education.,51.226309921962084,1,4,51.226309921962084,51.226309921962084,35,1.0,51.226309921962084
Candidate_013,13.1203,Junior High/Intermediate/Middle School Education and Teaching.,51.226309921962084,1,4,51.226309921962084,51.226309921962084,36,1.0,51.226309921962084
Candidate_013,13.1205,Secondary Education and Teaching.,51.226309921962084,1,4,51.226309921962084,51.226309921962084,37,1.0,51.226309921962084
Candidate_013,13.1206,"Teacher Education, Multiple Levels.",51.226309921962084,1,4,51.226309921962084,51.226309921962084,38,1.0,51.226309921962084
Candidate_013,13.1207,Montessori Teacher Education.,51.226309921962084,1,4,51.226309921962084,51.226309921962084,39,1.0,51.226309921962084
Candidate_013,13.1208,Waldorf/Steiner Teacher Education.,51.226309921962084,1,4,51.226309921962084,51.226309921962084,40,1.0,51.226309921962084
Candidate_013,13.1211,Online Educator/Online Teaching.,51.226309921962084,1,4,51.226309921962084,51.226309921962084,41,1.0,51.226309921962084
Candidate_013,13.1212,International Teaching and Learning.,51.226309921962084,1,4,51.226309921962084,51.226309921962084,42,1.0,51.226309921962084
Candidate_013,13.1213,"Science, Technology, Engineering, and Mathematics (STEM) Educational Methods.",51.226309921962084,1,4,51.226309921962084,51.226309921962084,43,1.0,51.226309921962084
Candidate_013,13.1302,Art Teacher Education.,51.226309921962084,1,4,51.226309921962084,51.226309921962084,44,1.0,51.226309921962084
Candidate_013,13.1304,Driver and Safety Teacher Education.,51.226309921962084,1,4,51.226309921962084,51.226309921962084,45,1.0,51.226309921962084
Candidate_013,13.1305,English/Language Arts Teacher Education.,51.226309921962084,1,4,51.226309921962084,51.226309921962084,46,1.0,51.226309921962084
Candidate_013,13.1306,Foreign Language Teacher  Education.,51.226309921962084,1,4,51.226309921962084,51.226309921962084,47,1.0,51.226309921962084
Candidate_013,13.1307,Health Teacher Education.,51.226309921962084,1,4,51.226309921962084,51.226309921962084,48,1.0,51.226309921962084
Candidate_013,13.1308,Family and Consumer Sciences/Home Economics Teacher Education.,51.226309921962084,1,4,51.226309921962084,51.226309921962084,49,1.0,51.226309921962084
Candidate_013,13.1309,Technology Teacher Education/Industrial Arts Teacher Education.,51.226309921962084,1,4,51.226309921962084,51.226309921962084,50,1.0,51.226309921962084
Candidate_013,13.1311,Mathematics Teacher Education.,51.226309921962084,1,4,51.226309921962084,51.226309921962084,51,1.0,51.226309921962084
Candidate_013,13.1312,Music Teacher Education.,51.226309921962084,1,4,51.226309921962084,51.226309921962084,52,1.0,51.226309921962084
Candidate_013,13.1314,Physical Education Teaching and Coaching.,51.226309921962084,1,4,51.226309921962084,51.226309921962084,53,1.0,51.226309921962084
Candidate_013,13.1315,Reading Teacher Education.,51.226309921962084,1,4,51.226309921962084,51.226309921962084,54,1.0,51.226309921962084
Candidate_013,13.1316,Science Teacher Education/General Science Teacher Education.,51.226309921962084,1,4,51.226309921962084,51.226309921962084,55,1.0,51.226309921962084
Candidate_013,13.1317,Social Science Teacher Education.,51.226309921962084,1,4,51.226309921962084,51.226309921962084,56,1.0,51.226309921962084
Candidate_013,13.1318,Social Studies Teacher Education.,51.226309921962084,1,4,51.226309921962084,51.226309921962084,57,1.0,51.226309921962084
Candidate_013,13.1321,Computer Teacher Education.,51.226309921962084,1,4,51.226309921962084,51.226309921962084,58,1.0,51.226309921962084
Candidate_013,13.1322,Biology Teacher Education.,51.226309921962084,1,4,51.226309921962084,51.226309921962084,59,1.0,51.226309921962084
Candidate_013,13.1323,Chemistry Teacher Education.,51.226309921962084,1,4,51.226309921962084,51.226309921962084,60,1.0,51.226309921962084
Candidate_013,13.1324,Drama and Dance Teacher Education.,51.226309921962084,1,4,51.226309921962084,51.226309921962084,61,1.0,51.226309921962084
Candidate_013,13.1325,French Language Teacher Education.,51.226309921962084,1,4,51.226309921962084,51.226309921962084,62,1.0,51.226309921962084
Candidate_013,13.1326,German Language Teacher Education.,51.226309921962084,1,4,51.226309921962084,51.226309921962084,63,1.0,51.226309921962084
Candidate_013,13.1328,History Teacher Education.,51.226309921962084,1,4,51.226309921962084,51.226309921962084,64,1.0,51.226309921962084
Candidate_013,13.1329,Physics Teacher Education.,51.226309921962084,1,4,51.226309921962084,51.226309921962084,65,1.0,51.226309921962084
Candidate_013,13.133,Spanish Language Teacher Education.,51.226309921962084,1,4,51.226309921962084,51.226309921962084,66,1.0,51.226309921962084
Candidate_013,13.1331,Speech Teacher Education.,51.226309921962084,1,4,51.226309921962084,51.226309921962084,67,1.0,51.226309921962084
Candidate_013,13.1332,Geography Teacher Education.,51.226309921962084,1,4,51.226309921962084,51.226309921962084,68,1.0,51.226309921962084
Candidate_013,13.1333,Latin Teacher Education.,51.226309921962084,1,4,51.226309921962084,51.226309921962084,69,1.0,51.226309921962084
Candidate_013,13.1335,Psychology Teacher Education.,51.226309921962084,1,4,51.226309921962084,51.226309921962084,70,1.0,51.226309921962084
Candidate_013,13.1337,Earth Science Teacher Education.,51.226309921962084,1,4,51.226309921962084,51.226309921962084,71,1.0,51.226309921962084
Candidate_013,13.1338,Environmental Education.,51.226309921962084,1,4,51.226309921962084,51.226309921962084,72,1.0,51.226309921962084
Candidate_013,13.1339,Communication Arts and Literature Teacher Education.,51.226309921962084,1,4,51.226309921962084,51.226309921962084,73,1.0,51.226309921962084
Candidate_013,13.1401,Teaching English as a Second or Foreign Language/ESL Language Instructor.,51.226309921962084,1,4,51.226309921962084,51.226309921962084,74,1.0,51.226309921962084
Candidate_013,13.1402,Teaching French as a Second or Foreign Language.,51.226309921962084,1,4,51.226309921962084,51.226309921962084,75,1.0,51.226309921962084
Candidate_013,13.1499,"Teaching English or French as a Second or Foreign Language, Other.",51.226309921962084,1,4,51.226309921962084,51.226309921962084,76,1.0,51.226309921962084
Candidate_013,16.0101,"Foreign Languages and Literatures, General.",51.226309921962084,1,4,51.226309921962084,51.226309921962084,77,1.0,51.226309921962084
Candidate_013,16.03,"East Asian Languages, Literatures, and Linguistics, General.",51.226309921962084,1,4,51.226309921962084,51.226309921962084,78,1.0,51.226309921962084
Candidate_013,16.0301,Chinese Language and Literature.,51.226309921962084,1,4,51.226309921962084,51.226309921962084,79,1.0,51.226309921962084
Candidate_013,16.0302,Japanese Language and Literature.,51.226309921962084,1,4,51.226309921962084,51.226309921962084,80,1.0,51.226309921962084
Candidate_013,16.0303,Korean Language and Literature.,51.226309921962084,1,4,51.226309921962084,51.226309921962084,81,1.0,51.226309921962084
Candidate_013,16.0399,"East Asian Languages, Literatures, and Linguistics, Other.",51.226309921962084,1,4,51.226309921962084,51.226309921962084,82,1.0,51.226309921962084
Candidate_013,16.0402,Russian Language and Literature.,51.226309921962084,1,4,51.226309921962084,51.226309921962084,83,1.0,51.226309921962084
Candidate_013,16.05,"Germanic Languages, Literatures, and Linguistics, General.",51.226309921962084,1,4,51.226309921962084,51.226309921962084,84,1.0,51.226309921962084
Candidate_013,16.0501,German Language and Literature.,51.226309921962084,1,4,51.226309921962084,51.226309921962084,85,1.0,51.226309921962084
Candidate_013,16.0599,"Germanic Languages, Literatures, and Linguistics, Other.",51.226309921962084,1,4,51.226309921962084,51.226309921962084,86,1.0,51.226309921962084
Candidate_013,16.09,"Romance Languages, Literatures, and Linguistics, General.",51.226309921962084,1,4,51.226309921962084,51.226309921962084,87,1.0,51.226309921962084
Candidate_013,16.0901,French Language and Literature.,51.226309921962084,1,4,51.226309921962084,51.226309921962084,88,1.0,51.226309921962084
Candidate_013,16.0902,Italian Language and Literature.,51.226309921962084,1,4,51.226309921962084,51.226309921962084,89,1.0,51.226309921962084
Candidate_013,16.0905,Spanish Language and Literature.,51.226309921962084,1,4,51.226309921962084,51.226309921962084,90,1.0,51.226309921962084
Candidate_013,16.0999,"Romance Languages, Literatures, and Linguistics, Other.",51.226309921962084,1,4,51.226309921962084,51.226309921962084,91,1.0,51.226309921962084
Candidate_013,16.1001,"American Indian/Native American Languages, Literatures, and Linguistics.",51.226309921962084,1,4,51.226309921962084,51.226309921962084,92,1.0,51.226309921962084
Candidate_013,16.1101,Arabic Language and Literature.,51.226309921962084,1,4,51.226309921962084,51.226309921962084,93,1.0,51.226309921962084
Candidate_013,16.1102,Hebrew Language and Literature.,51.226309921962084,1,4,51.226309921962084,51.226309921962084,94,1.0,51.226309921962084
Candidate_013,16.12,"Classics and Classical Languages, Literatures, and Linguistics, General.",51.226309921962084,1,4,51.226309921962084,51.226309921962084,95,1.0,51.226309921962084
Candidate_013,16.1202,Ancient/Classical Greek Language and Literature.,51.226309921962084,1,4,51.226309921962084,51.226309921962084,96,1.0,51.226309921962084
Candidate_013,16.1203,Latin Language and Literature.,51.226309921962084,1,4,51.226309921962084,51.226309921962084,97,1.0,51.226309921962084
Candidate_013,16.1299,"Classics and Classical Languages, Literatures, and Linguistics, Other.",51.226309921962084,1,4,51.226309921962084,51.226309921962084,98,1.0,51.226309921962084
Candidate_013,16.1409,Hawaiian Language and Literature.,51.226309921962084,1,4,51.226309921962084,51.226309921962084,99,1.0,51.226309921962084
Candidate_013,16.1499,"Southeast Asian and Australasian/Pacific Languages, Literatures, and Linguistics, Other.",51.226309921962084,1,4,51.226309921962084,51.226309921962084,100,1.0,51.226309921962084
Candidate_013,16.1601,American Sign Language (ASL).,51.226309921962084,1,4,51.226309921962084,51.226309921962084,101,1.0,51.226309921962084
Candidate_013,16.1602,Linguistics of ASL and Other Sign Languages.,51.226309921962084,1,4,51.226309921962084,51.226309921962084,102,1.0,51.226309921962084
Candidate_013,16.9999,"Foreign Languages, Literatures, and Linguistics, Other.",51.226309921962084,1,4,51.226309921962084,51.226309921962084,103,1.0,51.226309921962084
Candidate_013,19.0101,"Family and Consumer Sciences/Human Sciences, General.",51.226309921962084,1,4,51.226309921962084,51.226309921962084,104,1.0,51.226309921962084
Candidate_013,23.0101,"English Language and Literature, General.",51.226309921962084,1,4,51.226309921962084,51.226309921962084,105,1.0,51.226309921962084
Candidate_013,26.0101,"Biology/Biological Sciences, General.",51.226309921962084,1,4,51.226309921962084,51.226309921962084,106,1.0,51.226309921962084
Candidate_013,27.0101,"Mathematics, General.",51.226309921962084,1,4,51.226309921962084,51.226309921962084,107,1.0,51.226309921962084
Candidate_013,30.0101,Biological and Physical Sciences.,51.226309921962084,1,4,51.226309921962084,51.226309921962084,108,1.0,51.226309921962084
Candidate_013,30.3601,Cultural Studies and Comparative Literature.,51.226309921962084,1,4,51.226309921962084,51.226309921962084,109,1.0,51.226309921962084
Candidate_013,30.3801,Earth Systems Science.,51.226309921962084,1,4,51.226309921962084,51.226309921962084,110,1.0,51.226309921962084
Candidate_013,30.4101,Environmental Geosciences.,51.226309921962084,1,4,51.226309921962084,51.226309921962084,111,1.0,51.226309921962084
Candidate_013,30.4501,History and Language/Literature.,51.226309921962084,1,4,51.226309921962084,51.226309921962084,112,1.0,51.226309921962084
Candidate_013,40.0101,"Physical Sciences, General.",51.226309921962084,1,4,51.226309921962084,51.226309921962084,113,1.0,51.226309921962084
Candidate_013,40.0501,"Chemistry, General.",51.226309921962084,1,4,51.226309921962084,51.226309921962084,114,1.0,51.226309921962084
Candidate_013,40.0801,"Physics, General.",51.226309921962084,1,4,51.226309921962084,51.226309921962084,115,1.0,51.226309921962084
Candidate_013,45.0101,"Social Sciences, General.",51.226309921962084,1,4,51.226309921962084,51.226309921962084,116,1.0,51.226309921962084
Candidate_013,45.0199,"Social Sciences, Other.",51.226309921962084,1,4,51.226309921962084,51.226309921962084,117,1.0,51.226309921962084
Candidate_013,45.0601,"Economics, General.",51.226309921962084,1,4,51.226309921962084,51.226309921962084,118,1.0,51.226309921962084
Candidate_013,45.1001,"Political Science and Government, General.",51.226309921962084,1,4,51.226309921962084,51.226309921962084,119,1.0,51.226309921962084
Candidate_013,45.1002,American Government and Politics (United States).,51.226309921962084,1,4,51.226309921962084,51.226309921962084,120,1.0,51.226309921962084
Candidate_013,45.1003,Canadian Government and Politics.,51.226309921962084,1,4,51.226309921962084,51.226309921962084,121,1.0,51.226309921962084
Candidate_013,45.1099,"Political Science and Government, Other.",51.226309921962084,1,4,51.226309921962084,51.226309921962084,122,1.0,51.226309921962084
Candidate_013,50.0701,"Art/Art Studies, General.",51.226309921962084,1,4,51.226309921962084,51.226309921962084,123,1.0,51.226309921962084
Candidate_013,50.0901,"Music, General.",51.226309921962084,1,4,51.226309921962084,51.226309921962084,124,1.0,51.226309921962084
Candidate_013,54.0101,"History, General.",51.226309921962084,1,4,51.226309921962084,51.226309921962084,125,1.0,51.226309921962084
Candidate_013,54.0102,American  History (United States).,51.226309921962084,1,4,51.226309921962084,51.226309921962084,126,1.0,51.226309921962084
Candidate_014,11.0103,Information Technology.,57.89836303840541,2,1,59.029562982005146,63.68819934224595,1,1.1,63.68819934224595
Candidate_014,11.0104,Informatics.,57.89836303840541,2,1,59.029562982005146,63.68819934224595,2,1.1,63.68819934224595
Candidate_014,11.0201,"Computer Programming/Programmer, General.",57.89836303840541,2,1,59.029562982005146,63.68819934224595,3,1.1,63.68819934224595
Candidate_014,11.0202,"Computer Programming, Specific Applications.",57.89836303840541,2,1,59.029562982005146,63.68819934224595,4,1.1,63.68819934224595
Candidate_014,11.0203,"Computer Programming, Vendor/Product Certification.",57.89836303840541,2,1,59.029562982005146,63.68819934224595,5,1.1,63.68819934224595
Candidate_014,11.0204,Computer Game Programming.,57.89836303840541,2,1,59.029562982005146,63.68819934224595,6,1.1,63.68819934224595
Candidate_014,11.0205,"Computer Programming, Specific Platforms.",57.89836303840541,2,1,59.029562982005146,63.68819934224595,7,1.1,63.68819934224595
Candidate_014,11.0701,Computer Science.,57.89836303840541,2,1,59.029562982005146,63.68819934224595,8,1.1,63.68819934224595
Candidate_014,14.0901,"Computer Engineering, General.",57.89836303840541,2,1,59.029562982005146,63.68819934224595,9,1.1,63.68819934224595
Candidate_014,14.0903,Computer Software Engineering.,57.89836303840541,2,1,59.029562982005146,63.68819934224595,10,1.1,63.68819934224595
Candidate_014,15.1204,Computer Software Technology/Technician.,57.89836303840541,2,1,59.029562982005146,63.68819934224595,11,1.1,63.68819934224595
Candidate_014,11.0102,Artificial Intelligence.,59.029562982005146,1,1,59.029562982005146,59.029562982005146,12,1.0,59.029562982005146
Candidate_014,11.0401,Information Science/Studies.,59.029562982005146,1,1,59.029562982005146,59.029562982005146,13,1.0,59.029562982005146
Candidate_014,11.0804,"Modeling, Virtual Environments and Simulation.",59.029562982005146,1,1,59.029562982005146,59.029562982005146,14,1.0,59.029562982005146
Candidate_014,11.0902,Cloud Computing.,59.029562982005146,1,1,59.029562982005146,59.029562982005146,15,1.0,59.029562982005146
Candidate_014,30.0801,Mathematics and Computer Science.,59.029562982005146,1,1,59.029562982005146,59.029562982005146,16,1.0,59.029562982005146
Candidate_014,30.1601,Accounting and Computer Science.,59.029562982005146,1,1,59.029562982005146,59.029562982005146,17,1.0,59.029562982005146
Candidate_014,30.3901,Economics and Computer Science.,59.029562982005146,1,1,59.029562982005146,59.029562982005146,18,1.0,59.029562982005146
Candidate_014,30.4801,Linguistics and Computer Science.,59.029562982005146,1,1,59.029562982005146,59.029562982005146,19,1.0,59.029562982005146
Candidate_014,30.7001,"Data Science, General.",59.029562982005146,1,1,59.029562982005146,59.029562982005146,20,1.0,59.029562982005146
Candidate_014,13.0201,Bilingual and Multilingual Education.,56.800445930880706,1,2,56.800445930880706,56.800445930880706,21,1.0,56.800445930880706
Candidate_014,13.1203,Junior High/Intermediate/Middle School Education and Teaching.,56.800445930880706,1,2,56.800445930880706,56.800445930880706,22,1.0,56.800445930880706
Candidate_014,13.1205,Secondary Education and Teaching.,56.800445930880706,1,2,56.800445930880706,56.800445930880706,23,1.0,56.800445930880706
Candidate_014,13.1206,"Teacher Education, Multiple Levels.",56.800445930880706,1,2,56.800445930880706,56.800445930880706,24,1.0,56.800445930880706
Candidate_014,13.1207,Montessori Teacher Education.,56.800445930880706,1,2,56.800445930880706,56.800445930880706,25,1.0,56.800445930880706
Candidate_014,13.1208,Waldorf/Steiner Teacher Education.,56.800445930880706,1,2,56.800445930880706,56.800445930880706,26,1.0,56.800445930880706
Candidate_014,13.1211,Online Educator/Online Teaching.,56.800445930880706,1,2,56.800445930880706,56.800445930880706,27,1.0,56.800445930880706
Candidate_014,13.1212,International Teaching and Learning.,56.800445930880706,1,2,56.800445930880706,56.800445930880706,28,1.0,56.800445930880706
Candidate_014,13.1213,"Science, Technology, Engineering, and Mathematics (STEM) Educational Methods.",56.800445930880706,1,2,56.800445930880706,56.800445930880706,29,1.0,56.800445930880706
Candidate_014,13.1302,Art Teacher Education.,56.800445930880706,1,2,56.800445930880706,56.800445930880706,30,1.0,56.800445930880706
Candidate_014,13.1304,Driver and Safety Teacher Education.,56.800445930880706,1,2,56.800445930880706,56.800445930880706,31,1.0,56.800445930880706
Candidate_014,13.1305,English/Language Arts Teacher Education.,56.800445930880706,1,2,56.800445930880706,56.800445930880706,32,1.0,56.800445930880706
Candidate_014,13.1306,Foreign Language Teacher  Education.,56.800445930880706,1,2,56.800445930880706,56.800445930880706,33,1.0,56.800445930880706
Candidate_014,13.1307,Health Teacher Education.,56.800445930880706,1,2,56.800445930880706,56.800445930880706,34,1.0,56.800445930880706
Candidate_014,13.1308,Family and Consumer Sciences/Home Economics Teacher Education.,56.800445930880706,1,2,56.800445930880706,56.800445930880706,35,1.0,56.800445930880706
Candidate_014,13.1309,Technology Teacher Education/Industrial Arts Teacher Education.,56.800445930880706,1,2,56.800445930880706,56.800445930880706,36,1.0,56.800445930880706
Candidate_014,13.1311,Mathematics Teacher Education.,56.800445930880706,1,2,56.800445930880706,56.800445930880706,37,1.0,56.800445930880706
Candidate_014,13.1312,Music Teacher Education.,56.800445930880706,1,2,56.800445930880706,56.800445930880706,38,1.0,56.800445930880706
Candidate_014,13.1314,Physical Education Teaching and Coaching.,56.800445930880706,1,2,56.800445930880706,56.800445930880706,39,1.0,56.800445930880706
Candidate_014,13.1315,Reading Teacher Education.,56.800445930880706,1,2,56.800445930880706,56.800445930880706,40,1.0,56.800445930880706
Candidate_014,13.1316,Science Teacher Education/General Science Teacher Education.,56.800445930880706,1,2,56.800445930880706,56.800445930880706,41,1.0,56.800445930880706
Candidate_014,13.1317,Social Science Teacher Education.,56.800445930880706,1,2,56.800445930880706,56.800445930880706,42,1.0,56.800445930880706
Candidate_014,13.1318,Social Studies Teacher Education.,56.800445930880706,1,2,56.800445930880706,56.800445930880706,43,1.0,56.800445930880706
Candidate_014,13.1321,Computer Teacher Education.,56.800445930880706,1,2,56.800445930880706,56.800445930880706,44,1.0,56.800445930880706
Candidate_014,13.1322,Biology Teacher Education.,56.800445930880706,1,2,56.800445930880706,56.800445930880706,45,1.0,56.800445930880706
Candidate_014,13.1323,Chemistry Teacher Education.,56.800445930880706,1,2,56.800445930880706,56.800445930880706,46,1.0,56.800445930880706
Candidate_014,13.1324,Drama and Dance Teacher Education.,56.800445930880706,1,2,56.800445930880706,56.800445930880706,47,1.0,56.800445930880706
Candidate_014,13.1325,French Language Teacher Education.,56.800445930880706,1,2,56.800445930880706,56.800445930880706,48,1.0,56.800445930880706
Candidate_014,13.1326,German Language Teacher Education.,56.800445930880706,1,2,56.800445930880706,56.800445930880706,49,1.0,56.800445930880706
Candidate_014,13.1328,History Teacher Education.,56.800445930880706,1,2,56.800445930880706,56.800445930880706,50,1.0,56.800445930880706
Candidate_014,13.1329,Physics Teacher Education.,56.800445930880706,1,2,56.800445930880706,56.800445930880706,51,1.0,56.800445930880706
Candidate_014,13.133,Spanish Language Teacher Education.,56.800445930880706,1,2,56.800445930880706,56.800445930880706,52,1.0,56.800445930880706
Candidate_014,13.1331,Speech Teacher Education.,56.800445930880706,1,2,56.800445930880706,56.800445930880706,53,1.0,56.800445930880706
Candidate_014,13.1332,Geography Teacher Education.,56.800445930880706,1,2,56.800445930880706,56.800445930880706,54,1.0,56.800445930880706
Candidate_014,13.1333,Latin Teacher Education.,56.800445930880706,1,2,56.800445930880706,56.800445930880706,55,1.0,56.800445930880706
Candidate_014,13.1335,Psychology Teacher Education.,56.800445930880706,1,2,56.800445930880706,56.800445930880706,56,1.0,56.800445930880706
Candidate_014,13.1337,Earth Science Teacher Education.,56.800445930880706,1,2,56.800445930880706,56.800445930880706,57,1.0,56.800445930880706
Candidate_014,13.1338,Environmental Education.,56.800445930880706,1,2,56.800445930880706,56.800445930880706,58,1.0,56.800445930880706
Candidate_014,13.1339,Communication Arts and Literature Teacher Education.,56.800445930880706,1,2,56.800445930880706,56.800445930880706,59,1.0,56.800445930880706
Candidate_014,13.1401,Teaching English as a Second or Foreign Language/ESL Language Instructor.,56.800445930880706,1,2,56.800445930880706,56.800445930880706,60,1.0,56.800445930880706
Candidate_014,13.1402,Teaching French as a Second or Foreign Language.,56.800445930880706,1,2,56.800445930880706,56.800445930880706,61,1.0,56.800445930880706
Candidate_014,13.1499,"Teaching English or French as a Second or Foreign Language, Other.",56.800445930880706,1,2,56.800445930880706,56.800445930880706,62,1.0,56.800445930880706
Candidate_014,16.0101,"Foreign Languages and Literatures, General.",56.800445930880706,1,2,56.800445930880706,56.800445930880706,63,1.0,56.800445930880706
Candidate_014,16.03,"East Asian Languages, Literatures, and Linguistics, General.",56.800445930880706,1,2,56.800445930880706,56.800445930880706,64,1.0,56.800445930880706
Candidate_014,16.0301,Chinese Language and Literature.,56.800445930880706,1,2,56.800445930880706,56.800445930880706,65,1.0,56.800445930880706
Candidate_014,16.0302,Japanese Language and Literature.,56.800445930880706,1,2,56.800445930880706,56.800445930880706,66,1.0,56.800445930880706
Candidate_014,16.0303,Korean Language and Literature.,56.800445930880706,1,2,56.800445930880706,56.800445930880706,67,1.0,56.800445930880706
Candidate_014,16.0399,"East Asian Languages, Literatures, and Linguistics, Other.",56.800445930880706,1,2,56.800445930880706,56.800445930880706,68,1.0,56.800445930880706
Candidate_014,16.0402,Russian Language and Literature.,56.800445930880706,1,2,56.800445930880706,56.800445930880706,69,1.0,56.800445930880706
Candidate_014,16.05,"Germanic Languages, Literatures, and Linguistics, General.",56.800445930880706,1,2,56.800445930880706,56.800445930880706,70,1.0,56.800445930880706
Candidate_014,16.0501,German Language and Literature.,56.800445930880706,1,2,56.800445930880706,56.800445930880706,71,1.0,56.800445930880706
Candidate_014,16.0599,"Germanic Languages, Literatures, and Linguistics, Other.",56.800445930880706,1,2,56.800445930880706,56.800445930880706,72,1.0,56.800445930880706
Candidate_014,16.09,"Romance Languages, Literatures, and Linguistics, General.",56.800445930880706,1,2,56.800445930880706,56.800445930880706,73,1.0,56.800445930880706
Candidate_014,16.0901,French Language and Literature.,56.800445930880706,1,2,56.800445930880706,56.800445930880706,74,1.0,56.800445930880706
Candidate_014,16.0902,Italian Language and Literature.,56.800445930880706,1,2,56.800445930880706,56.800445930880706,75,1.0,56.800445930880706
Candidate_014,16.0905,Spanish Language and Literature.,56.800445930880706,1,2,56.800445930880706,56.800445930880706,76,1.0,56.800445930880706
Candidate_014,16.0999,"Romance Languages, Literatures, and Linguistics, Other.",56.800445930880706,1,2,56.800445930880706,56.800445930880706,77,1.0,56.800445930880706
Candidate_014,16.1001,"American Indian/Native American Languages, Literatures, and Linguistics.",56.800445930880706,1,2,56.800445930880706,56.800445930880706,78,1.0,56.800445930880706
Candidate_014,16.1101,Arabic Language and Literature.,56.800445930880706,1,2,56.800445930880706,56.800445930880706,79,1.0,56.800445930880706
Candidate_014,16.1102,Hebrew Language and Literature.,56.800445930880706,1,2,56.800445930880706,56.800445930880706,80,1.0,56.800445930880706
Candidate_014,16.12,"Classics and Classical Languages, Literatures, and Linguistics, General.",56.800445930880706,1,2,56.800445930880706,56.800445930880706,81,1.0,56.800445930880706
Candidate_014,16.1202,Ancient/Classical Greek Language and Literature.,56.800445930880706,1,2,56.800445930880706,56.800445930880706,82,1.0,56.800445930880706
Candidate_014,16.1203,Latin Language and Literature.,56.800445930880706,1,2,56.800445930880706,56.800445930880706,83,1.0,56.800445930880706
Candidate_014,16.1299,"Classics and Classical Languages, Literatures, and Linguistics, Other.",56.800445930880706,1,2,56.800445930880706,56.800445930880706,84,1.0,56.800445930880706
Candidate_014,16.1409,Hawaiian Language and Literature.,56.800445930880706,1,2,56.800445930880706,56.800445930880706,85,1.0,56.800445930880706
Candidate_014,16.1499,"Southeast Asian and Australasian/Pacific Languages, Literatures, and Linguistics, Other.",56.800445930880706,1,2,56.800445930880706,56.800445930880706,86,1.0,56.800445930880706
Candidate_014,16.1601,American Sign Language (ASL).,56.800445930880706,1,2,56.800445930880706,56.800445930880706,87,1.0,56.800445930880706
Candidate_014,16.1602,Linguistics of ASL and Other Sign Languages.,56.800445930880706,1,2,56.800445930880706,56.800445930880706,88,1.0,56.800445930880706
Candidate_014,16.9999,"Foreign Languages, Literatures, and Linguistics, Other.",56.800445930880706,1,2,56.800445930880706,56.800445930880706,89,1.0,56.800445930880706
Candidate_014,19.0101,"Family and Consumer Sciences/Human Sciences, General.",56.800445930880706,1,2,56.800445930880706,56.800445930880706,90,1.0,56.800445930880706
Candidate_014,23.0101,"English Language and Literature, General.",56.800445930880706,1,2,56.800445930880706,56.800445930880706,91,1.0,56.800445930880706
Candidate_014,26.0101,"Biology/Biological Sciences, General.",56.800445930880706,1,2,56.800445930880706,56.800445930880706,92,1.0,56.800445930880706
Candidate_014,27.0101,"Mathematics, General.",56.800445930880706,1,2,56.800445930880706,56.800445930880706,93,1.0,56.800445930880706
Candidate_014,30.0101,Biological and Physical Sciences.,56.800445930880706,1,2,56.800445930880706,56.800445930880706,94,1.0,56.800445930880706
Candidate_014,30.3601,Cultural Studies and Comparative Literature.,56.800445930880706,1,2,56.800445930880706,56.800445930880706,95,1.0,56.800445930880706
Candidate_014,30.3801,Earth Systems Science.,56.800445930880706,1,2,56.800445930880706,56.800445930880706,96,1.0,56.800445930880706
Candidate_014,30.4101,Environmental Geosciences.,56.800445930880706,1,2,56.800445930880706,56.800445930880706,97,1.0,56.800445930880706
Candidate_014,30.4501,History and Language/Literature.,56.800445930880706,1,2,56.800445930880706,56.800445930880706,98,1.0,56.800445930880706
Candidate_014,40.0101,"Physical Sciences, General.",56.800445930880706,1,2,56.800445930880706,56.800445930880706,99,1.0,56.800445930880706
Candidate_014,40.0501,"Chemistry, General.",56.800445930880706,1,2,56.800445930880706,56.800445930880706,100,1.0,56.800445930880706
Candidate_014,40.0801,"Physics, General.",56.800445930880706,1,2,56.800445930880706,56.800445930880706,101,1.0,56.800445930880706
Candidate_014,45.0101,"Social Sciences, General.",56.800445930880706,1,2,56.800445930880706,56.800445930880706,102,1.0,56.800445930880706
Candidate_014,45.0199,"Social Sciences, Other.",56.800445930880706,1,2,56.800445930880706,56.800445930880706,103,1.0,56.800445930880706
Candidate_014,45.0601,"Economics, General.",56.800445930880706,1,2,56.800445930880706,56.800445930880706,104,1.0,56.800445930880706
Candidate_014,45.1001,"Political Science and Government, General.",56.800445930880706,1,2,56.800445930880706,56.800445930880706,105,1.0,56.800445930880706
Candidate_014,45.1002,American Government and Politics (United States).,56.800445930880706,1,2,56.800445930880706,56.800445930880706,106,1.0,56.800445930880706
Candidate_014,45.1003,Canadian Government and Politics.,56.800445930880706,1,2,56.800445930880706,56.800445930880706,107,1.0,56.800445930880706
Candidate_014,45.1099,"Political Science and Government, Other.",56.800445930880706,1,2,56.800445930880706,56.800445930880706,108,1.0,56.800445930880706
Candidate_014,50.0701,"Art/Art Studies, General.",56.800445930880706,1,2,56.800445930880706,56.800445930880706,109,1.0,56.800445930880706
Candidate_014,50.0901,"Music, General.",56.800445930880706,1,2,56.800445930880706,56.800445930880706,110,1.0,56.800445930880706
Candidate_014,54.0101,"History, General.",56.800445930880706,1,2,56.800445930880706,56.800445930880706,111,1.0,56.800445930880706
Candidate_014,54.0102,American  History (United States).,56.800445930880706,1,2,56.800445930880706,56.800445930880706,112,1.0,56.800445930880706
Candidate_014,11.0101,"Computer and Information Sciences, General.",56.76716309480566,1,3,56.76716309480566,56.76716309480566,113,1.0,56.76716309480566
Candidate_014,11.0501,Computer Systems Analysis/Analyst.,56.76716309480566,1,3,56.76716309480566,56.76716309480566,114,1.0,56.76716309480566
Candidate_014,11.0901,Computer Systems Networking and Telecommunications.,56.76716309480566,1,3,56.76716309480566,56.76716309480566,115,1.0,56.76716309480566
Candidate_014,11.1001,Network and System Administration/Administrator.,56.76716309480566,1,3,56.76716309480566,56.76716309480566,116,1.0,56.76716309480566
Candidate_014,11.1002,"System, Networking, and LAN/WAN Management/Manager.",56.76716309480566,1,3,56.76716309480566,56.76716309480566,117,1.0,56.76716309480566
Candidate_014,11.1003,Computer and Information Systems Security/Auditing/Information Assurance.,56.76716309480566,1,3,56.76716309480566,56.76716309480566,118,1.0,56.76716309480566
Candidate_014,11.1005,Information Technology Project Management.,56.76716309480566,1,3,56.76716309480566,56.76716309480566,119,1.0,56.76716309480566
Candidate_014,15.1201,Computer Engineering Technology/Technician.,56.76716309480566,1,3,56.76716309480566,56.76716309480566,120,1.0,56.76716309480566
Candidate_014,15.1202,Computer/Computer Systems Technology/Technician.,56.76716309480566,1,3,56.76716309480566,56.76716309480566,121,1.0,56.76716309480566
Candidate_014,43.0403,Cyber/Computer Forensics and Counterterrorism.,56.76716309480566,1,3,56.76716309480566,56.76716309480566,122,1.0,56.76716309480566
Candidate_014,51.0723,Healthcare Information Privacy Assurance and Security.,56.76716309480566,1,3,56.76716309480566,56.76716309480566,123,1.0,56.76716309480566
Candidate_014,51.3901,Licensed Practical/Vocational Nurse Training.,56.702529805175914,1,4,56.702529805175914,56.702529805175914,124,1.0,56.702529805175914
Candidate_014,51.3999,"Practical Nursing, Vocational Nursing and Nursing Assistants, Other.",56.702529805175914,1,4,56.702529805175914,56.702529805175914,125,1.0,56.702529805175914
Candidate_014,52.0302,Accounting Technology/Technician and Bookkeeping.,55.77195467422096,1,5,55.77195467422096,55.77195467422096,126,1.0,55.77195467422096
Candidate_015,12.05,"Cooking and Related Culinary Arts, General.",100.00000000000003,1,1,100.00000000000003,100.0,1,1.0,100.0
Candidate_015,12.0503,Culinary Arts/Chef Training.,100.00000000000003,1,1,100.00000000000003,100.0,2,1.0,100.0
Candidate_015,12.0504,"Restaurant, Culinary, and Catering Management/Manager.",100.00000000000003,1,1,100.00000000000003,100.0,3,1.0,100.0
Candidate_015,12.0507,"Food Service, Waiter/Waitress, and Dining Room Management/Manager.",100.00000000000003,1,1,100.00000000000003,100.0,4,1.0,100.0
Candidate_015,19.0505,Foodservice Systems Administration/Management.,100.00000000000003,1,1,100.00000000000003,100.0,5,1.0,100.0
Candidate_015,52.0401,"Administrative Assistant and Secretarial Science, General.",100.00000000000003,1,1,100.00000000000003,100.0,6,1.0,100.0
Candidate_015,52.0402,Executive Assistant/Executive Secretary.,100.00000000000003,1,1,100.00000000000003,100.0,7,1.0,100.0
Candidate_015,49.0205,Truck and Bus Driver/Commercial Vehicle Operator and Instructor.,100.0,1,2,100.0,100.0,8,1.0,100.0
Candidate_015,51.2601,Health Aide.,100.0,1,2,100.0,100.0,9,1.0,100.0
Candidate_015,51.3902,Nursing Assistant/Aide and Patient Care Assistant/Aide.,100.0,1,2,100.0,100.0,10,1.0,100.0
Candidate_015,51.3999,"Practical Nursing, Vocational Nursing and Nursing Assistants, Other.",100.0,1,2,100.0,100.0,11,1.0,100.0
Candidate_015,52.0302,Accounting Technology/Technician and Bookkeeping.,100.0,1,2,100.0,100.0,12,1.0,100.0
Candidate_016,11.0103,Information Technology.,79.55866210920175,2,1,79.9164524421594,87.51452832012193,1,1.1,87.51452832012193
Candidate_016,11.0104,Informatics.,79.55866210920175,2,1,79.9164524421594,87.51452832012193,2,1.1,87.51452832012193
Candidate_016,11.0201,"Computer Programming/Programmer, General.",79.55866210920175,2,1,79.9164524421594,87.51452832012193,3,1.1,87.51452832012193
Candidate_016,11.0202,"Computer Programming, Specific Applications.",79.55866210920175,2,1,79.9164524421594,87.51452832012193,4,1.1,87.51452832012193
Candidate_016,11.0203,"Computer Programming, Vendor/Product Certification.",79.55866210920175,2,1,79.9164524421594,87.51452832012193,5,1.1,87.51452832012193
Candidate_016,11.0204,Computer Game Programming.,79.55866210920175,2,1,79.9164524421594,87.51452832012193,6,1.1,87.51452832012193
Candidate_016,11.0205,"Computer Programming, Specific Platforms.",79.55866210920175,2,1,79.9164524421594,87.51452832012193,7,1.1,87.51452832012193
Candidate_016,11.0701,Computer Science.,79.55866210920175,2,1,79.9164524421594,87.51452832012193,8,1.1,87.51452832012193
Candidate_016,14.0901,"Computer Engineering, General.",79.55866210920175,2,1,79.9164524421594,87.51452832012193,9,1.1,87.51452832012193
Candidate_016,14.0903,Computer Software Engineering.,79.55866210920175,2,1,79.9164524421594,87.51452832012193,10,1.1,87.51452832012193
Candidate_016,15.1204,Computer Software Technology/Technician.,79.55866210920175,2,1,79.9164524421594,87.51452832012193,11,1.1,87.51452832012193
Candidate_016,11.0102,Artificial Intelligence.,79.9164524421594,1,1,79.9164524421594,79.9164524421594,12,1.0,79.9164524421594
Candidate_016,11.0401,Information Science/Studies.,79.9164524421594,1,1,79.9164524421594,79.9164524421594,13,1.0,79.9164524421594
Candidate_016,11.0804,"Modeling, Virtual Environments and Simulation.",79.9164524421594,1,1,79.9164524421594,79.9164524421594,14,1.0,79.9164524421594
Candidate_016,11.0902,Cloud Computing.,79.9164524421594,1,1,79.9164524421594,79.9164524421594,15,1.0,79.9164524421594
Candidate_016,30.0801,Mathematics and Computer Science.,79.9164524421594,1,1,79.9164524421594,79.9164524421594,16,1.0,79.9164524421594
Candidate_016,30.1601,Accounting and Computer Science.,79.9164524421594,1,1,79.9164524421594,79.9164524421594,17,1.0,79.9164524421594
Candidate_016,30.3901,Economics and Computer Science.,79.9164524421594,1,1,79.9164524421594,79.9164524421594,18,1.0,79.9164524421594
Candidate_016,30.4801,Linguistics and Computer Science.,79.9164524421594,1,1,79.9164524421594,79.9164524421594,19,1.0,79.9164524421594
Candidate_016,30.7001,"Data Science, General.",79.9164524421594,1,1,79.9164524421594,79.9164524421594,20,1.0,79.9164524421594
Candidate_016,51.3901,Licensed Practical/Vocational Nurse Training.,79.26722884559464,1,2,79.26722884559464,79.26722884559464,21,1.0,79.26722884559464
Candidate_016,51.3999,"Practical Nursing, Vocational Nursing and Nursing Assistants, Other.",79.26722884559464,1,2,79.26722884559464,79.26722884559464,22,1.0,79.26722884559464
Candidate_016,11.0101,"Computer and Information Sciences, General.",79.20087177624409,1,4,79.20087177624409,79.20087177624409,23,1.0,79.20087177624409
Candidate_016,11.0501,Computer Systems Analysis/Analyst.,79.20087177624409,1,4,79.20087177624409,79.20087177624409,24,1.0,79.20087177624409
Candidate_016,11.0901,Computer Systems Networking and Telecommunications.,79.20087177624409,1,4,79.20087177624409,79.20087177624409,25,1.0,79.20087177624409
Candidate_016,11.1001,Network and System Administration/Administrator.,79.20087177624409,1,4,79.20087177624409,79.20087177624409,26,1.0,79.20087177624409
Candidate_016,11.1002,"System, Networking, and LAN/WAN Management/Manager.",79.20087177624409,1,4,79.20087177624409,79.20087177624409,27,1.0,79.20087177624409
Candidate_016,11.1003,Computer and Information Systems Security/Auditing/Information Assurance.,79.20087177624409,1,4,79.20087177624409,79.20087177624409,28,1.0,79.20087177624409
Candidate_016,11.1005,Information Technology Project Management.,79.20087177624409,1,4,79.20087177624409,79.20087177624409,29,1.0,79.20087177624409
Candidate_016,15.1201,Computer Engineering Technology/Technician.,79.20087177624409,1,4,79.20087177624409,79.20087177624409,30,1.0,79.20087177624409
Candidate_016,15.1202,Computer/Computer Systems Technology/Technician.,79.20087177624409,1,4,79.20087177624409,79.20087177624409,31,1.0,79.20087177624409
Candidate_016,43.0403,Cyber/Computer Forensics and Counterterrorism.,79.20087177624409,1,4,79.20087177624409,79.20087177624409,32,1.0,79.20087177624409
Candidate_016,51.0723,Healthcare Information Privacy Assurance and Security.,79.20087177624409,1,4,79.20087177624409,79.20087177624409,33,1.0,79.20087177624409
Candidate_017,52.0401,"Administrative Assistant and Secretarial Science, General.",85.8527419470077,3,1,86.15126050420167,100.0,1,1.2,100.0
Candidate_017,52.0402,Executive Assistant/Executive Secretary.,85.8527419470077,3,1,86.15126050420167,100.0,2,1.2,100.0
Candidate_017,1.0106,Agricultural Business Technology/Technician.,85.70348266841071,2,3,85.79545454545455,94.2738309352518,3,1.1,94.2738309352518
Candidate_017,1.8201,"Veterinary Administrative Services, General.",85.70348266841071,2,3,85.79545454545455,94.2738309352518,4,1.1,94.2738309352518
Candidate_017,1.8202,Veterinary Office Management/Administration.,85.70348266841071,2,3,85.79545454545455,94.2738309352518,5,1.1,94.2738309352518
Candidate_017,1.8203,Veterinary Reception/Receptionist.,85.70348266841071,2,3,85.79545454545455,94.2738309352518,6,1.1,94.2738309352518
Candidate_017,1.8204,Veterinary Administrative/Executive Assistant and Veterinary Secretary.,85.70348266841071,2,3,85.79545454545455,94.2738309352518,7,1.1,94.2738309352518
Candidate_017,51.0705,Medical Office Management/Administration.,85.70348266841071,2,3,85.79545454545455,94.2738309352518,8,1.1,94.2738309352518
Candidate_017,51.0711,Medical/Health Management and Clinical Assistant/Specialist.,85.70348266841071,2,3,85.79545454545455,94.2738309352518,9,1.1,94.2738309352518
Candidate_017,51.0712,Medical Reception/Receptionist.,85.70348266841071,2,3,85.79545454545455,94.2738309352518,10,1.1,94.2738309352518
Candidate_017,52.0204,Office Management and Supervision.,85.70348266841071,2,3,85.79545454545455,94.2738309352518,11,1.1,94.2738309352518
Candidate_017,52.0207,Customer Service Management.,85.70348266841071,2,3,85.79545454545455,94.2738309352518,12,1.1,94.2738309352518
Candidate_017,52.0208,E-Commerce/Electronic Commerce.,85.70348266841071,2,3,85.79545454545455,94.2738309352518,13,1.1,94.2738309352518
Candidate_018,12.05,"Cooking and Related Culinary Arts, General.",100.00000000000003,1,1,100.00000000000003,100.0,1,1.0,100.0
Candidate_018,12.0503,Culinary Arts/Chef Training.,100.00000000000003,1,1,100.00000000000003,100.0,2,1.0,100.0
Candidate_018,12.0504,"Restaurant, Culinary, and Catering Management/Manager.",100.00000000000003,1,1,100.00000000000003,100.0,3,1.0,100.0
Candidate_018,12.0507,"Food Service, Waiter/Waitress, and Dining Room Management/Manager.",100.00000000000003,1,1,100.00000000000003,100.0,4,1.0,100.0
Candidate_018,19.0505,Foodservice Systems Administration/Management.,100.00000000000003,1,1,100.00000000000003,100.0,5,1.0,100.0
Candidate_018,52.0401,"Administrative Assistant and Secretarial Science, General.",100.00000000000003,1,1,100.00000000000003,100.0,6,1.0,100.0
Candidate_018,52.0402,Executive Assistant/Executive Secretary.,100.00000000000003,1,1,100.00000000000003,100.0,7,1.0,100.0
Candidate_018,49.0205,Truck and Bus Driver/Commercial Vehicle Operator and Instructor.,100.0,1,2,100.0,100.0,8,1.0,100.0
Candidate_018,51.2601,Health Aide.,100.0,1,2,100.0,100.0,9,1.0,100.0
Candidate_018,51.3902,Nursing Assistant/Aide and Patient Care Assistant/Aide.,100.0,1,2,100.0,100.0,10,1.0,100.0
Candidate_018,51.3999,"Practical Nursing, Vocational Nursing and Nursing Assistants, Other.",100.0,1,2,100.0,100.0,11,1.0,100.0
Candidate_018,52.0302,Accounting Technology/Technician and Bookkeeping.,100.0,1,2,100.0,100.0,12,1.0,100.0
Candidate_019,1.0106,Agricultural Business Technology/Technician.,73.39904392275653,2,1,74.10071942446042,80.73894831503219,1,1.1,80.73894831503219
Candidate_019,1.8201,"Veterinary Administrative Services, General.",73.39904392275653,2,1,74.10071942446042,80.73894831503219,2,1.1,80.73894831503219
Candidate_019,1.8202,Veterinary Office Management/Administration.,73.39904392275653,2,1,74.10071942446042,80.73894831503219,3,1.1,80.73894831503219
Candidate_019,1.8203,Veterinary Reception/Receptionist.,73.39904392275653,2,1,74.10071942446042,80.73894831503219,4,1.1,80.73894831503219
Candidate_019,1.8204,Veterinary Administrative/Executive Assistant and Veterinary Secretary.,73.39904392275653,2,1,74.10071942446042,80.73894831503219,5,1.1,80.73894831503219
Candidate_019,51.0705,Medical Office Management/Administration.,73.39904392275653,2,1,74.10071942446042,80.73894831503219,6,1.1,80.73894831503219
Candidate_019,51.0711,Medical/Health Management and Clinical Assistant/Specialist.,73.39904392275653,2,1,74.10071942446042,80.73894831503219,7,1.1,80.73894831503219
Candidate_019,51.0712,Medical Reception/Receptionist.,73.39904392275653,2,1,74.10071942446042,80.73894831503219,8,1.1,80.73894831503219
Candidate_019,52.0204,Office Management and Supervision.,73.39904392275653,2,1,74.10071942446042,80.73894831503219,9,1.1,80.73894831503219
Candidate_019,52.0207,Customer Service Management.,73.39904392275653,2,1,74.10071942446042,80.73894831503219,10,1.1,80.73894831503219
Candidate_019,52.0208,E-Commerce/Electronic Commerce.,73.39904392275653,2,1,74.10071942446042,80.73894831503219,11,1.1,80.73894831503219
Candidate_019,52.0401,"Administrative Assistant and Secretarial Science, General.",73.39904392275653,2,1,74.10071942446042,80.73894831503219,12,1.1,80.73894831503219
Candidate_019,52.0402,Executive Assistant/Executive Secretary.,73.39904392275653,2,1,74.10071942446042,80.73894831503219,13,1.1,80.73894831503219
Candidate_019,52.0302,Accounting Technology/Technician and Bookkeeping.,73.47733711048159,1,2,73.47733711048159,73.47733711048159,14,1.0,73.47733711048159
Candidate_019,49.0205,Truck and Bus Driver/Commercial Vehicle Operator and Instructor.,72.75247524752474,1,3,72.75247524752474,72.75247524752474,15,1.0,72.75247524752474
Candidate_019,11.0102,Artificial Intelligence.,72.30077120822622,1,5,72.30077120822622,72.30077120822622,16,1.0,72.30077120822622
Candidate_019,11.0103,Information Technology.,72.30077120822622,1,5,72.30077120822622,72.30077120822622,17,1.0,72.30077120822622
Candidate_019,11.0104,Informatics.,72.30077120822622,1,5,72.30077120822622,72.30077120822622,18,1.0,72.30077120822622
Candidate_019,11.0201,"Computer Programming/Programmer, General.",72.30077120822622,1,5,72.30077120822622,72.30077120822622,19,1.0,72.30077120822622
Candidate_019,11.0202,"Computer Programming, Specific Applications.",72.30077120822622,1,5,72.30077120822622,72.30077120822622,20,1.0,72.30077120822622
Candidate_019,11.0203,"Computer Programming, Vendor/Product Certification.",72.30077120822622,1,5,72.30077120822622,72.30077120822622,21,1.0,72.30077120822622
Candidate_019,11.0204,Computer Game Programming.,72.30077120822622,1,5,72.30077120822622,72.30077120822622,22,1.0,72.30077120822622
Candidate_019,11.0205,"Computer Programming, Specific Platforms.",72.30077120822622,1,5,72.30077120822622,72.30077120822622,23,1.0,72.30077120822622
Candidate_019,11.0401,Information Science/Studies.,72.30077120822622,1,5,72.30077120822622,72.30077120822622,24,1.0,72.30077120822622
Candidate_019,11.0701,Computer Science.,72.30077120822622,1,5,72.30077120822622,72.30077120822622,25,1.0,72.30077120822622
Candidate_019,11.0804,"Modeling, Virtual Environments and Simulation.",72.30077120822622,1,5,72.30077120822622,72.30077120822622,26,1.0,72.30077120822622
Candidate_019,11.0902,Cloud Computing.,72.30077120822622,1,5,72.30077120822622,72.30077120822622,27,1.0,72.30077120822622
Candidate_019,14.0901,"Computer Engineering, General.",72.30077120822622,1,5,72.30077120822622,72.30077120822622,28,1.0,72.30077120822622
Candidate_019,14.0903,Computer Software Engineering.,72.30077120822622,1,5,72.30077120822622,72.30077120822622,29,1.0,72.30077120822622
Candidate_019,15.1204,Computer Software Technology/Technician.,72.30077120822622,1,5,72.30077120822622,72.30077120822622,30,1.0,72.30077120822622
Candidate_019,30.0801,Mathematics and Computer Science.,72.30077120822622,1,5,72.30077120822622,72.30077120822622,31,1.0,72.30077120822622
Candidate_019,30.1601,Accounting and Computer Science.,72.30077120822622,1,5,72.30077120822622,72.30077120822622,32,1.0,72.30077120822622
Candidate_019,30.3901,Economics and Computer Science.,72.30077120822622,1,5,72.30077120822622,72.30077120822622,33,1.0,72.30077120822622
Candidate_019,30.4801,Linguistics and Computer Science.,72.30077120822622,1,5,72.30077120822622,72.30077120822622,34,1.0,72.30077120822622
Candidate_019,30.7001,"Data Science, General.",72.30077120822622,1,5,72.30077120822622,72.30077120822622,35,1.0,72.30077120822622
Candidate_020,1.0106,Agricultural Business Technology/Technician.,62.32068173212626,2,3,62.58992805755395,68.55274990533889,1,1.1,68.55274990533889
Candidate_020,1.8201,"Veterinary Administrative Services, General.",62.32068173212626,2,3,62.58992805755395,68.55274990533889,2,1.1,68.55274990533889
Candidate_020,1.8202,Veterinary Office Management/Administration.,62.32068173212626,2,3,62.58992805755395,68.55274990533889,3,1.1,68.55274990533889
Candidate_020,1.8203,Veterinary Reception/Receptionist.,62.32068173212626,2,3,62.58992805755395,68.55274990533889,4,1.1,68.55274990533889
Candidate_020,1.8204,Veterinary Administrative/Executive Assistant and Veterinary Secretary.,62.32068173212626,2,3,62.58992805755395,68.55274990533889,5,1.1,68.55274990533889
Candidate_020,51.0705,Medical Office Management/Administration.,62.32068173212626,2,3,62.58992805755395,68.55274990533889,6,1.1,68.55274990533889
Candidate_020,51.0711,Medical/Health Management and Clinical Assistant/Specialist.,62.32068173212626,2,3,62.58992805755395,68.55274990533889,7,1.1,68.55274990533889
Candidate_020,51.0712,Medical Reception/Receptionist.,62.32068173212626,2,3,62.58992805755395,68.55274990533889,8,1.1,68.55274990533889
Candidate_020,52.0204,Office Management and Supervision.,62.32068173212626,2,3,62.58992805755395,68.55274990533889,9,1.1,68.55274990533889
Candidate_020,52.0207,Customer Service Management.,62.32068173212626,2,3,62.58992805755395,68.55274990533889,10,1.1,68.55274990533889
Candidate_020,52.0208,E-Commerce/Electronic Commerce.,62.32068173212626,2,3,62.58992805755395,68.55274990533889,11,1.1,68.55274990533889
Candidate_020,52.0401,"Administrative Assistant and Secretarial Science, General.",62.32068173212626,2,3,62.58992805755395,68.55274990533889,12,1.1,68.55274990533889
Candidate_020,52.0402,Executive Assistant/Executive Secretary.,62.32068173212626,2,3,62.58992805755395,68.55274990533889,13,1.1,68.55274990533889
Candidate_020,52.0302,Accounting Technology/Technician and Bookkeeping.,62.85410764872521,1,1,62.85410764872521,62.85410764872521,14,1.0,62.85410764872521
Candidate_020,11.0102,Artificial Intelligence.,62.660668380462724,1,2,62.660668380462724,62.660668380462724,15,1.0,62.660668380462724
Candidate_020,11.0103,Information Technology.,62.660668380462724,1,2,62.660668380462724,62.660668380462724,16,1.0,62.660668380462724
Candidate_020,11.0104,Informatics.,62.660668380462724,1,2,62.660668380462724,62.660668380462724,17,1.0,62.660668380462724
Candidate_020,11.0201,"Computer Programming/Programmer, General.",62.660668380462724,1,2,62.660668380462724,62.660668380462724,18,1.0,62.660668380462724
Candidate_020,11.0202,"Computer Programming, Specific Applications.",62.660668380462724,1,2,62.660668380462724,62.660668380462724,19,1.0,62.660668380462724
Candidate_020,11.0203,"Computer Programming, Vendor/Product Certification.",62.660668380462724,1,2,62.660668380462724,62.660668380462724,20,1.0,62.660668380462724
Candidate_020,11.0204,Computer Game Programming.,62.660668380462724,1,2,62.660668380462724,62.660668380462724,21,1.0,62.660668380462724
Candidate_020,11.0205,"Computer Programming, Specific Platforms.",62.660668380462724,1,2,62.660668380462724,62.660668380462724,22,1.0,62.660668380462724
Candidate_020,11.0401,Information Science/Studies.,62.660668380462724,1,2,62.660668380462724,62.660668380462724,23,1.0,62.660668380462724
Candidate_020,11.0701,Computer Science.,62.660668380462724,1,2,62.660668380462724,62.660668380462724,24,1.0,62.660668380462724
Candidate_020,11.0804,"Modeling, Virtual Environments and Simulation.",62.660668380462724,1,2,62.660668380462724,62.660668380462724,25,1.0,62.660668380462724
Candidate_020,11.0902,Cloud Computing.,62.660668380462724,1,2,62.660668380462724,62.660668380462724,26,1.0,62.660668380462724
Candidate_020,14.0901,"Computer Engineering, General.",62.660668380462724,1,2,62.660668380462724,62.660668380462724,27,1.0,62.660668380462724
Candidate_020,14.0903,Computer Software Engineering.,62.660668380462724,1,2,62.660668380462724,62.660668380462724,28,1.0,62.660668380462724
Candidate_020,15.1204,Computer Software Technology/Technician.,62.660668380462724,1,2,62.660668380462724,62.660668380462724,29,1.0,62.660668380462724
Candidate_020,30.0801,Mathematics and Computer Science.,62.660668380462724,1,2,62.660668380462724,62.660668380462724,30,1.0,62.660668380462724
Candidate_020,30.1601,Accounting and Computer Science.,62.660668380462724,1,2,62.660668380462724,62.660668380462724,31,1.0,62.660668380462724
Candidate_020,30.3901,Economics and Computer Science.,62.660668380462724,1,2,62.660668380462724,62.660668380462724,32,1.0,62.660668380462724
Candidate_020,30.4801,Linguistics and Computer Science.,62.660668380462724,1,2,62.660668380462724,62.660668380462724,33,1.0,62.660668380462724
Candidate_020,30.7001,"Data Science, General.",62.660668380462724,1,2,62.660668380462724,62.660668380462724,34,1.0,62.660668380462724
Candidate_020,13.0201,Bilingual and Multilingual Education.,61.315496098104795,1,5,61.315496098104795,61.315496098104795,35,1.0,61.315496098104795
Candidate_020,13.1203,Junior High/Intermediate/Middle School Education and Teaching.,61.315496098104795,1,5,61.315496098104795,61.315496098104795,36,1.0,61.315496098104795
Candidate_020,13.1205,Secondary Education and Teaching.,61.315496098104795,1,5,61.315496098104795,61.315496098104795,37,1.0,61.315496098104795
Candidate_020,13.1206,"Teacher Education, Multiple Levels.",61.315496098104795,1,5,61.315496098104795,61.315496098104795,38,1.0,61.315496098104795
Candidate_020,13.1207,Montessori Teacher Education.,61.315496098104795,1,5,61.315496098104795,61.315496098104795,39,1.0,61.315496098104795
Candidate_020,13.1208,Waldorf/Steiner Teacher Education.,61.315496098104795,1,5,61.315496098104795,61.315496098104795,40,1.0,61.315496098104795
Candidate_020,13.1211,Online Educator/Online Teaching.,61.315496098104795,1,5,61.315496098104795,61.315496098104795,41,1.0,61.315496098104795
Candidate_020,13.1212,International Teaching and Learning.,61.315496098104795,1,5,61.315496098104795,61.315496098104795,42,1.0,61.315496098104795
Candidate_020,13.1213,"Science, Technology, Engineering, and Mathematics (STEM) Educational Methods.",61.315496098104795,1,5,61.315496098104795,61.315496098104795,43,1.0,61.315496098104795
Candidate_020,13.1302,Art Teacher Education.,61.315496098104795,1,5,61.315496098104795,61.315496098104795,44,1.0,61.315496098104795
Candidate_020,13.1304,Driver and Safety Teacher Education.,61.315496098104795,1,5,61.315496098104795,61.315496098104795,45,1.0,61.315496098104795
Candidate_020,13.1305,English/Language Arts Teacher Education.,61.315496098104795,1,5,61.315496098104795,61.315496098104795,46,1.0,61.315496098104795
Candidate_020,13.1306,Foreign Language Teacher  Education.,61.315496098104795,1,5,61.315496098104795,61.315496098104795,47,1.0,61.315496098104795
Candidate_020,13.1307,Health Teacher Education.,61.315496098104795,1,5,61.315496098104795,61.315496098104795,48,1.0,61.315496098104795
Candidate_020,13.1308,Family and Consumer Sciences/Home Economics Teacher Education.,61.315496098104795,1,5,61.315496098104795,61.315496098104795,49,1.0,61.315496098104795
Candidate_020,13.1309,Technology Teacher Education/Industrial Arts Teacher Education.,61.315496098104795,1,5,61.315496098104795,61.315496098104795,50,1.0,61.315496098104795
Candidate_020,13.1311,Mathematics Teacher Education.,61.315496098104795,1,5,61.315496098104795,61.315496098104795,51,1.0,61.315496098104795
Candidate_020,13.1312,Music Teacher Education.,61.315496098104795,1,5,61.315496098104795,61.315496098104795,52,1.0,61.315496098104795
Candidate_020,13.1314,Physical Education Teaching and Coaching.,61.315496098104795,1,5,61.315496098104795,61.315496098104795,53,1.0,61.315496098104795
Candidate_020,13.1315,Reading Teacher Education.,61.315496098104795,1,5,61.315496098104795,61.315496098104795,54,1.0,61.315496098104795
Candidate_020,13.1316,Science Teacher Education/General Science Teacher Education.,61.315496098104795,1,5,61.315496098104795,61.315496098104795,55,1.0,61.315496098104795
Candidate_020,13.1317,Social Science Teacher Education.,61.315496098104795,1,5,61.315496098104795,61.315496098104795,56,1.0,61.315496098104795
Candidate_020,13.1318,Social Studies Teacher Education.,61.315496098104795,1,5,61.315496098104795,61.315496098104795,57,1.0,61.315496098104795
Candidate_020,13.1321,Computer Teacher Education.,61.315496098104795,1,5,61.315496098104795,61.315496098104795,58,1.0,61.315496098104795
Candidate_020,13.1322,Biology Teacher Education.,61.315496098104795,1,5,61.315496098104795,61.315496098104795,59,1.0,61.315496098104795
Candidate_020,13.1323,Chemistry Teacher Education.,61.315496098104795,1,5,61.315496098104795,61.315496098104795,60,1.0,61.315496098104795
Candidate_020,13.1324,Drama and Dance Teacher Education.,61.315496098104795,1,5,61.315496098104795,61.315496098104795,61,1.0,61.315496098104795
Candidate_020,13.1325,French Language Teacher Education.,61.315496098104795,1,5,61.315496098104795,61.315496098104795,62,1.0,61.315496098104795
Candidate_020,13.1326,German Language Teacher Education.,61.315496098104795,1,5,61.315496098104795,61.315496098104795,63,1.0,61.315496098104795
Candidate_020,13.1328,History Teacher Education.,61.315496098104795,1,5,61.315496098104795,61.315496098104795,64,1.0,61.315496098104795
Candidate_020,13.1329,Physics Teacher Education.,61.315496098104795,1,5,61.315496098104795,61.315496098104795,65,1.0,61.315496098104795
Candidate_020,13.133,Spanish Language Teacher Education.,61.315496098104795,1,5,61.315496098104795,61.315496098104795,66,1.0,61.315496098104795
Candidate_020,13.1331,Speech Teacher Education.,61.315496098104795,1,5,61.315496098104795,61.315496098104795,67,1.0,61.315496098104795
Candidate_020,13.1332,Geography Teacher Education.,61.315496098104795,1,5,61.315496098104795,61.315496098104795,68,1.0,61.315496098104795
Candidate_020,13.1333,Latin Teacher Education.,61.315496098104795,1,5,61.315496098104795,61.315496098104795,69,1.0,61.315496098104795
Candidate_020,13.1335,Psychology Teacher Education.,61.315496098104795,1,5,61.315496098104795,61.315496098104795,70,1.0,61.315496098104795
Candidate_020,13.1337,Earth Science Teacher Education.,61.315496098104795,1,5,61.315496098104795,61.315496098104795,71,1.0,61.315496098104795
Candidate_020,13.1338,Environmental Education.,61.315496098104795,1,5,61.315496098104795,61.315496098104795,72,1.0,61.315496098104795
Candidate_020,13.1339,Communication Arts and Literature Teacher Education.,61.315496098104795,1,5,61.315496098104795,61.315496098104795,73,1.0,61.315496098104795
Candidate_020,13.1401,Teaching English as a Second or Foreign Language/ESL Language Instructor.,61.315496098104795,1,5,61.315496098104795,61.315496098104795,74,1.0,61.315496098104795
Candidate_020,13.1402,Teaching French as a Second or Foreign Language.,61.315496098104795,1,5,61.315496098104795,61.315496098104795,75,1.0,61.315496098104795
Candidate_020,13.1499,"Teaching English or French as a Second or Foreign Language, Other.",61.315496098104795,1,5,61.315496098104795,61.315496098104795,76,1.0,61.315496098104795
Candidate_020,16.0101,"Foreign Languages and Literatures, General.",61.315496098104795,1,5,61.315496098104795,61.315496098104795,77,1.0,61.315496098104795
Candidate_020,16.03,"East Asian Languages, Literatures, and Linguistics, General.",61.315496098104795,1,5,61.315496098104795,61.315496098104795,78,1.0,61.315496098104795
Candidate_020,16.0301,Chinese Language and Literature.,61.315496098104795,1,5,61.315496098104795,61.315496098104795,79,1.0,61.315496098104795
Candidate_020,16.0302,Japanese Language and Literature.,61.315496098104795,1,5,61.315496098104795,61.315496098104795,80,1.0,61.315496098104795
Candidate_020,16.0303,Korean Language and Literature.,61.315496098104795,1,5,61.315496098104795,61.315496098104795,81,1.0,61.315496098104795
Candidate_020,16.0399,"East Asian Languages, Literatures, and Linguistics, Other.",61.315496098104795,1,5,61.315496098104795,61.315496098104795,82,1.0,61.315496098104795
Candidate_020,16.0402,Russian Language and Literature.,61.315496098104795,1,5,61.315496098104795,61.315496098104795,83,1.0,61.315496098104795
Candidate_020,16.05,"Germanic Languages, Literatures, and Linguistics, General.",61.315496098104795,1,5,61.315496098104795,61.315496098104795,84,1.0,61.315496098104795
Candidate_020,16.0501,German Language and Literature.,61.315496098104795,1,5,61.315496098104795,61.315496098104795,85,1.0,61.315496098104795
Candidate_020,16.0599,"Germanic Languages, Literatures, and Linguistics, Other.",61.315496098104795,1,5,61.315496098104795,61.315496098104795,86,1.0,61.315496098104795
Candidate_020,16.09,"Romance Languages, Literatures, and Linguistics, General.",61.315496098104795,1,5,61.315496098104795,61.315496098104795,87,1.0,61.315496098104795
Candidate_020,16.0901,French Language and Literature.,61.315496098104795,1,5,61.315496098104795,61.315496098104795,88,1.0,61.315496098104795
Candidate_020,16.0902,Italian Language and Literature.,61.315496098104795,1,5,61.315496098104795,61.315496098104795,89,1.0,61.315496098104795
Candidate_020,16.0905,Spanish Language and Literature.,61.315496098104795,1,5,61.315496098104795,61.315496098104795,90,1.0,61.315496098104795
Candidate_020,16.0999,"Romance Languages, Literatures, and Linguistics, Other.",61.315496098104795,1,5,61.315496098104795,61.315496098104795,91,1.0,61.315496098104795
Candidate_020,16.1001,"American Indian/Native American Languages, Literatures, and Linguistics.",61.315496098104795,1,5,61.315496098104795,61.315496098104795,92,1.0,61.315496098104795
Candidate_020,16.1101,Arabic Language and Literature.,61.315496098104795,1,5,61.315496098104795,61.315496098104795,93,1.0,61.315496098104795
Candidate_020,16.1102,Hebrew Language and Literature.,61.315496098104795,1,5,61.315496098104795,61.315496098104795,94,1.0,61.315496098104795
Candidate_020,16.12,"Classics and Classical Languages, Literatures, and Linguistics, General.",61.315496098104795,1,5,61.315496098104795,61.315496098104795,95,1.0,61.315496098104795
Candidate_020,16.1202,Ancient/Classical Greek Language and Literature.,61.315496098104795,1,5,61.315496098104795,61.315496098104795,96,1.0,61.315496098104795
Candidate_020,16.1203,Latin Language and Literature.,61.315496098104795,1,5,61.315496098104795,61.315496098104795,97,1.0,61.315496098104795
Candidate_020,16.1299,"Classics and Classical Languages, Literatures, and Linguistics, Other.",61.315496098104795,1,5,61.315496098104795,61.315496098104795,98,1.0,61.315496098104795
Candidate_020,16.1409,Hawaiian Language and Literature.,61.315496098104795,1,5,61.315496098104795,61.315496098104795,99,1.0,61.315496098104795
Candidate_020,16.1499,"Southeast Asian and Australasian/Pacific Languages, Literatures, and Linguistics, Other.",61.315496098104795,1,5,61.315496098104795,61.315496098104795,100,1.0,61.315496098104795
Candidate_020,16.1601,American Sign Language (ASL).,61.315496098104795,1,5,61.315496098104795,61.315496098104795,101,1.0,61.315496098104795
Candidate_020,16.1602,Linguistics of ASL and Other Sign Languages.,61.315496098104795,1,5,61.315496098104795,61.315496098104795,102,1.0,61.315496098104795
Candidate_020,16.9999,"Foreign Languages, Literatures, and Linguistics, Other.",61.315496098104795,1,5,61.315496098104795,61.315496098104795,103,1.0,61.315496098104795
Candidate_020,19.0101,"Family and Consumer Sciences/Human Sciences, General.",61.315496098104795,1,5,61.315496098104795,61.315496098104795,104,1.0,61.315496098104795
Candidate_020,23.0101,"English Language and Literature, General.",61.315496098104795,1,5,61.315496098104795,61.315496098104795,105,1.0,61.315496098104795
Candidate_020,26.0101,"Biology/Biological Sciences, General.",61.315496098104795,1,5,61.315496098104795,61.315496098104795,106,1.0,61.315496098104795
Candidate_020,27.0101,"Mathematics, General.",61.315496098104795,1,5,61.315496098104795,61.315496098104795,107,1.0,61.315496098104795
Candidate_020,30.0101,Biological and Physical Sciences.,61.315496098104795,1,5,61.315496098104795,61.315496098104795,108,1.0,61.315496098104795
Candidate_020,30.3601,Cultural Studies and Comparative Literature.,61.315496098104795,1,5,61.315496098104795,61.315496098104795,109,1.0,61.315496098104795
Candidate_020,30.3801,Earth Systems Science.,61.315496098104795,1,5,61.315496098104795,61.315496098104795,110,1.0,61.315496098104795
Candidate_020,30.4101,Environmental Geosciences.,61.315496098104795,1,5,61.315496098104795,61.315496098104795,111,1.0,61.315496098104795
Candidate_020,30.4501,History and Language/Literature.,61.315496098104795,1,5,61.315496098104795,61.315496098104795,112,1.0,61.315496098104795
Candidate_020,40.0101,"Physical Sciences, General.",61.315496098104795,1,5,61.315496098104795,61.315496098104795,113,1.0,61.315496098104795
Candidate_020,40.0501,"Chemistry, General.",61.315496098104795,1,5,61.315496098104795,61.315496098104795,114,1.0,61.315496098104795
Candidate_020,40.0801,"Physics, General.",61.315496098104795,1,5,61.315496098104795,61.315496098104795,115,1.0,61.315496098104795
Candidate_020,45.0101,"Social Sciences, General.",61.315496098104795,1,5,61.315496098104795,61.315496098104795,116,1.0,61.315496098104795
Candidate_020,45.0199,"Social Sciences, Other.",61.315496098104795,1,5,61.315496098104795,61.315496098104795,117,1.0,61.315496098104795
Candidate_020,45.0601,"Economics, General.",61.315496098104795,1,5,61.315496098104795,61.315496098104795,118,1.0,61.315496098104795
Candidate_020,45.1001,"Political Science and Government, General.",61.315496098104795,1,5,61.315496098104795,61.315496098104795,119,1.0,61.315496098104795
Candidate_020,45.1002,American Government and Politics (United States).,61.315496098104795,1,5,61.315496098104795,61.315496098104795,120,1.0,61.315496098104795
Candidate_020,45.1003,Canadian Government and Politics.,61.315496098104795,1,5,61.315496098104795,61.315496098104795,121,1.0,61.315496098104795
Candidate_020,45.1099,"Political Science and Government, Other.",61.315496098104795,1,5,61.315496098104795,61.315496098104795,122,1.0,61.315496098104795
Candidate_020,50.0701,"Art/Art Studies, General.",61.315496098104795,1,5,61.315496098104795,61.315496098104795,123,1.0,61.315496098104795
Candidate_020,50.0901,"Music, General.",61.315496098104795,1,5,61.315496098104795,61.315496098104795,124,1.0,61.315496098104795
Candidate_020,54.0101,"History, General.",61.315496098104795,1,5,61.315496098104795,61.315496098104795,125,1.0,61.315496098104795
Candidate_020,54.0102,American  History (United States).,61.315496098104795,1,5,61.315496098104795,61.315496098104795,126,1.0,61.315496098104795
Candidate_021,1.0106,Agricultural Business Technology/Technician.,62.32068173212626,2,3,62.58992805755395,68.55274990533889,1,1.1,68.55274990533889
Candidate_021,1.8201,"Veterinary Administrative Services, General.",62.32068173212626,2,3,62.58992805755395,68.55274990533889,2,1.1,68.55274990533889
Candidate_021,1.8202,Veterinary Office Management/Administration.,62.32068173212626,2,3,62.58992805755395,68.55274990533889,3,1.1,68.55274990533889
Candidate_021,1.8203,Veterinary Reception/Receptionist.,62.32068173212626,2,3,62.58992805755395,68.55274990533889,4,1.1,68.55274990533889
Candidate_021,1.8204,Veterinary Administrative/Executive Assistant and Veterinary Secretary.,62.32068173212626,2,3,62.58992805755395,68.55274990533889,5,1.1,68.55274990533889
Candidate_021,51.0705,Medical Office Management/Administration.,62.32068173212626,2,3,62.58992805755395,68.55274990533889,6,1.1,68.55274990533889
Candidate_021,51.0711,Medical/Health Management and Clinical Assistant/Specialist.,62.32068173212626,2,3,62.58992805755395,68.55274990533889,7,1.1,68.55274990533889
Candidate_021,51.0712,Medical Reception/Receptionist.,62.32068173212626,2,3,62.58992805755395,68.55274990533889,8,1.1,68.55274990533889
Candidate_021,52.0204,Office Management and Supervision.,62.32068173212626,2,3,62.58992805755395,68.55274990533889,9,1.1,68.55274990533889
Candidate_021,52.0207,Customer Service Management.,62.32068173212626,2,3,62.58992805755395,68.55274990533889,10,1.1,68.55274990533889
Candidate_021,52.0208,E-Commerce/Electronic Commerce.,62.32068173212626,2,3,62.58992805755395,68.55274990533889,11,1.1,68.55274990533889
Candidate_021,52.0401,"Administrative Assistant and Secretarial Science, General.",62.32068173212626,2,3,62.58992805755395,68.55274990533889,12,1.1,68.55274990533889
Candidate_021,52.0402,Executive Assistant/Executive Secretary.,62.32068173212626,2,3,62.58992805755395,68.55274990533889,13,1.1,68.55274990533889
Candidate_021,52.0302,Accounting Technology/Technician and Bookkeeping.,62.85410764872521,1,1,62.85410764872521,62.85410764872521,14,1.0,62.85410764872521
Candidate_021,11.0102,Artificial Intelligence.,62.660668380462724,1,2,62.660668380462724,62.660668380462724,15,1.0,62.660668380462724
Candidate_021,11.0103,Information Technology.,62.660668380462724,1,2,62.660668380462724,62.660668380462724,16,1.0,62.660668380462724
Candidate_021,11.0104,Informatics.,62.660668380462724,1,2,62.660668380462724,62.660668380462724,17,1.0,62.660668380462724
Candidate_021,11.0201,"Computer Programming/Programmer, General.",62.660668380462724,1,2,62.660668380462724,62.660668380462724,18,1.0,62.660668380462724
Candidate_021,11.0202,"Computer Programming, Specific Applications.",62.660668380462724,1,2,62.660668380462724,62.660668380462724,19,1.0,62.660668380462724
Candidate_021,11.0203,"Computer Programming, Vendor/Product Certification.",62.660668380462724,1,2,62.660668380462724,62.660668380462724,20,1.0,62.660668380462724
Candidate_021,11.0204,Computer Game Programming.,62.660668380462724,1,2,62.660668380462724,62.660668380462724,21,1.0,62.660668380462724
Candidate_021,11.0205,"Computer Programming, Specific Platforms.",62.660668380462724,1,2,62.660668380462724,62.660668380462724,22,1.0,62.660668380462724
Candidate_021,11.0401,Information Science/Studies.,62.660668380462724,1,2,62.660668380462724,62.660668380462724,23,1.0,62.660668380462724
Candidate_021,11.0701,Computer Science.,62.660668380462724,1,2,62.660668380462724,62.660668380462724,24,1.0,62.660668380462724
Candidate_021,11.0804,"Modeling, Virtual Environments and Simulation.",62.660668380462724,1,2,62.660668380462724,62.660668380462724,25,1.0,62.660668380462724
Candidate_021,11.0902,Cloud Computing.,62.660668380462724,1,2,62.660668380462724,62.660668380462724,26,1.0,62.660668380462724
Candidate_021,14.0901,"Computer Engineering, General.",62.660668380462724,1,2,62.660668380462724,62.660668380462724,27,1.0,62.660668380462724
Candidate_021,14.0903,Computer Software Engineering.,62.660668380462724,1,2,62.660668380462724,62.660668380462724,28,1.0,62.660668380462724
Candidate_021,15.1204,Computer Software Technology/Technician.,62.660668380462724,1,2,62.660668380462724,62.660668380462724,29,1.0,62.660668380462724
Candidate_021,30.0801,Mathematics and Computer Science.,62.660668380462724,1,2,62.660668380462724,62.660668380462724,30,1.0,62.660668380462724
Candidate_021,30.1601,Accounting and Computer Science.,62.660668380462724,1,2,62.660668380462724,62.660668380462724,31,1.0,62.660668380462724
Candidate_021,30.3901,Economics and Computer Science.,62.660668380462724,1,2,62.660668380462724,62.660668380462724,32,1.0,62.660668380462724
Candidate_021,30.4801,Linguistics and Computer Science.,62.660668380462724,1,2,62.660668380462724,62.660668380462724,33,1.0,62.660668380462724
Candidate_021,30.7001,"Data Science, General.",62.660668380462724,1,2,62.660668380462724,62.660668380462724,34,1.0,62.660668380462724
Candidate_021,13.0201,Bilingual and Multilingual Education.,61.315496098104795,1,5,61.315496098104795,61.315496098104795,35,1.0,61.315496098104795
Candidate_021,13.1203,Junior High/Intermediate/Middle School Education and Teaching.,61.315496098104795,1,5,61.315496098104795,61.315496098104795,36,1.0,61.315496098104795
Candidate_021,13.1205,Secondary Education and Teaching.,61.315496098104795,1,5,61.315496098104795,61.315496098104795,37,1.0,61.315496098104795
Candidate_021,13.1206,"Teacher Education, Multiple Levels.",61.315496098104795,1,5,61.315496098104795,61.315496098104795,38,1.0,61.315496098104795
Candidate_021,13.1207,Montessori Teacher Education.,61.315496098104795,1,5,61.315496098104795,61.315496098104795,39,1.0,61.315496098104795
Candidate_021,13.1208,Waldorf/Steiner Teacher Education.,61.315496098104795,1,5,61.315496098104795,61.315496098104795,40,1.0,61.315496098104795
Candidate_021,13.1211,Online Educator/Online Teaching.,61.315496098104795,1,5,61.315496098104795,61.315496098104795,41,1.0,61.315496098104795
Candidate_021,13.1212,International Teaching and Learning.,61.315496098104795,1,5,61.315496098104795,61.315496098104795,42,1.0,61.315496098104795
Candidate_021,13.1213,"Science, Technology, Engineering, and Mathematics (STEM) Educational Methods.",61.315496098104795,1,5,61.315496098104795,61.315496098104795,43,1.0,61.315496098104795
Candidate_021,13.1302,Art Teacher Education.,61.315496098104795,1,5,61.315496098104795,61.315496098104795,44,1.0,61.315496098104795
Candidate_021,13.1304,Driver and Safety Teacher Education.,61.315496098104795,1,5,61.315496098104795,61.315496098104795,45,1.0,61.315496098104795
Candidate_021,13.1305,English/Language Arts Teacher Education.,61.315496098104795,1,5,61.315496098104795,61.315496098104795,46,1.0,61.315496098104795
Candidate_021,13.1306,Foreign Language Teacher  Education.,61.315496098104795,1,5,61.315496098104795,61.315496098104795,47,1.0,61.315496098104795
Candidate_021,13.1307,Health Teacher Education.,61.315496098104795,1,5,61.315496098104795,61.315496098104795,48,1.0,61.315496098104795
Candidate_021,13.1308,Family and Consumer Sciences/Home Economics Teacher Education.,61.315496098104795,1,5,61.315496098104795,61.315496098104795,49,1.0,61.315496098104795
Candidate_021,13.1309,Technology Teacher Education/Industrial Arts Teacher Education.,61.315496098104795,1,5,61.315496098104795,61.315496098104795,50,1.0,61.315496098104795
Candidate_021,13.1311,Mathematics Teacher Education.,61.315496098104795,1,5,61.315496098104795,61.315496098104795,51,1.0,61.315496098104795
Candidate_021,13.1312,Music Teacher Education.,61.315496098104795,1,5,61.315496098104795,61.315496098104795,52,1.0,61.315496098104795
Candidate_021,13.1314,Physical Education Teaching and Coaching.,61.315496098104795,1,5,61.315496098104795,61.315496098104795,53,1.0,61.315496098104795
Candidate_021,13.1315,Reading Teacher Education.,61.315496098104795,1,5,61.315496098104795,61.315496098104795,54,1.0,61.315496098104795
Candidate_021,13.1316,Science Teacher Education/General Science Teacher Education.,61.315496098104795,1,5,61.315496098104795,61.315496098104795,55,1.0,61.315496098104795
Candidate_021,13.1317,Social Science Teacher Education.,61.315496098104795,1,5,61.315496098104795,61.315496098104795,56,1.0,61.315496098104795
Candidate_021,13.1318,Social Studies Teacher Education.,61.315496098104795,1,5,61.315496098104795,61.315496098104795,57,1.0,61.315496098104795
Candidate_021,13.1321,Computer Teacher Education.,61.315496098104795,1,5,61.315496098104795,61.315496098104795,58,1.0,61.315496098104795
Candidate_021,13.1322,Biology Teacher Education.,61.315496098104795,1,5,61.315496098104795,61.315496098104795,59,1.0,61.315496098104795
Candidate_021,13.1323,Chemistry Teacher Education.,61.315496098104795,1,5,61.315496098104795,61.315496098104795,60,1.0,61.315496098104795
Candidate_021,13.1324,Drama and Dance Teacher Education.,61.315496098104795,1,5,61.315496098104795,61.315496098104795,61,1.0,61.315496098104795
Candidate_021,13.1325,French Language Teacher Education.,61.315496098104795,1,5,61.315496098104795,61.315496098104795,62,1.0,61.315496098104795
Candidate_021,13.1326,German Language Teacher Education.,61.315496098104795,1,5,61.315496098104795,61.315496098104795,63,1.0,61.315496098104795
Candidate_021,13.1328,History Teacher Education.,61.315496098104795,1,5,61.315496098104795,61.315496098104795,64,1.0,61.315496098104795
Candidate_021,13.1329,Physics Teacher Education.,61.315496098104795,1,5,61.315496098104795,61.315496098104795,65,1.0,61.315496098104795
Candidate_021,13.133,Spanish Language Teacher Education.,61.315496098104795,1,5,61.315496098104795,61.315496098104795,66,1.0,61.315496098104795
Candidate_021,13.1331,Speech Teacher Education.,61.315496098104795,1,5,61.315496098104795,61.315496098104795,67,1.0,61.315496098104795
Candidate_021,13.1332,Geography Teacher Education.,61.315496098104795,1,5,61.315496098104795,61.315496098104795,68,1.0,61.315496098104795
Candidate_021,13.1333,Latin Teacher Education.,61.315496098104795,1,5,61.315496098104795,61.315496098104795,69,1.0,61.315496098104795
Candidate_021,13.1335,Psychology Teacher Education.,61.315496098104795,1,5,61.315496098104795,61.315496098104795,70,1.0,61.315496098104795
Candidate_021,13.1337,Earth Science Teacher Education.,61.315496098104795,1,5,61.315496098104795,61.315496098104795,71,1.0,61.315496098104795
Candidate_021,13.1338,Environmental Education.,61.315496098104795,1,5,61.315496098104795,61.315496098104795,72,1.0,61.315496098104795
Candidate_021,13.1339,Communication Arts and Literature Teacher Education.,61.315496098104795,1,5,61.315496098104795,61.315496098104795,73,1.0,61.315496098104795
Candidate_021,13.1401,Teaching English as a Second or Foreign Language/ESL Language Instructor.,61.315496098104795,1,5,61.315496098104795,61.315496098104795,74,1.0,61.315496098104795
Candidate_021,13.1402,Teaching French as a Second or Foreign Language.,61.315496098104795,1,5,61.315496098104795,61.315496098104795,75,1.0,61.315496098104795
Candidate_021,13.1499,"Teaching English or French as a Second or Foreign Language, Other.",61.315496098104795,1,5,61.315496098104795,61.315496098104795,76,1.0,61.315496098104795
Candidate_021,16.0101,"Foreign Languages and Literatures, General.",61.315496098104795,1,5,61.315496098104795,61.315496098104795,77,1.0,61.315496098104795
Candidate_021,16.03,"East Asian Languages, Literatures, and Linguistics, General.",61.315496098104795,1,5,61.315496098104795,61.315496098104795,78,1.0,61.315496098104795
Candidate_021,16.0301,Chinese Language and Literature.,61.315496098104795,1,5,61.315496098104795,61.315496098104795,79,1.0,61.315496098104795
Candidate_021,16.0302,Japanese Language and Literature.,61.315496098104795,1,5,61.315496098104795,61.315496098104795,80,1.0,61.315496098104795
Candidate_021,16.0303,Korean Language and Literature.,61.315496098104795,1,5,61.315496098104795,61.315496098104795,81,1.0,61.315496098104795
Candidate_021,16.0399,"East Asian Languages, Literatures, and Linguistics, Other.",61.315496098104795,1,5,61.315496098104795,61.315496098104795,82,1.0,61.315496098104795
Candidate_021,16.0402,Russian Language and Literature.,61.315496098104795,1,5,61.315496098104795,61.315496098104795,83,1.0,61.315496098104795
Candidate_021,16.05,"Germanic Languages, Literatures, and Linguistics, General.",61.315496098104795,1,5,61.315496098104795,61.315496098104795,84,1.0,61.315496098104795
Candidate_021,16.0501,German Language and Literature.,61.315496098104795,1,5,61.315496098104795,61.315496098104795,85,1.0,61.315496098104795
Candidate_021,16.0599,"Germanic Languages, Literatures, and Linguistics, Other.",61.315496098104795,1,5,61.315496098104795,61.315496098104795,86,1.0,61.315496098104795
Candidate_021,16.09,"Romance Languages, Literatures, and Linguistics, General.",61.315496098104795,1,5,61.315496098104795,61.315496098104795,87,1.0,61.315496098104795
Candidate_021,16.0901,French Language and Literature.,61.315496098104795,1,5,61.315496098104795,61.315496098104795,88,1.0,61.315496098104795
Candidate_021,16.0902,Italian Language and Literature.,61.315496098104795,1,5,61.315496098104795,61.315496098104795,89,1.0,61.315496098104795
Candidate_021,16.0905,Spanish Language and Literature.,61.315496098104795,1,5,61.315496098104795,61.315496098104795,90,1.0,61.315496098104795
Candidate_021,16.0999,"Romance Languages, Literatures, and Linguistics, Other.",61.315496098104795,1,5,61.315496098104795,61.315496098104795,91,1.0,61.315496098104795
Candidate_021,16.1001,"American Indian/Native American Languages, Literatures, and Linguistics.",61.315496098104795,1,5,61.315496098104795,61.315496098104795,92,1.0,61.315496098104795
Candidate_021,16.1101,Arabic Language and Literature.,61.315496098104795,1,5,61.315496098104795,61.315496098104795,93,1.0,61.315496098104795
Candidate_021,16.1102,Hebrew Language and Literature.,61.315496098104795,1,5,61.315496098104795,61.315496098104795,94,1.0,61.315496098104795
Candidate_021,16.12,"Classics and Classical Languages, Literatures, and Linguistics, General.",61.315496098104795,1,5,61.315496098104795,61.315496098104795,95,1.0,61.315496098104795
Candidate_021,16.1202,Ancient/Classical Greek Language and Literature.,61.315496098104795,1,5,61.315496098104795,61.315496098104795,96,1.0,61.315496098104795
Candidate_021,16.1203,Latin Language and Literature.,61.315496098104795,1,5,61.315496098104795,61.315496098104795,97,1.0,61.315496098104795
Candidate_021,16.1299,"Classics and Classical Languages, Literatures, and Linguistics, Other.",61.315496098104795,1,5,61.315496098104795,61.315496098104795,98,1.0,61.315496098104795
Candidate_021,16.1409,Hawaiian Language and Literature.,61.315496098104795,1,5,61.315496098104795,61.315496098104795,99,1.0,61.315496098104795
Candidate_021,16.1499,"Southeast Asian and Australasian/Pacific Languages, Literatures, and Linguistics, Other.",61.315496098104795,1,5,61.315496098104795,61.315496098104795,100,1.0,61.315496098104795
Candidate_021,16.1601,American Sign Language (ASL).,61.315496098104795,1,5,61.315496098104795,61.315496098104795,101,1.0,61.315496098104795
Candidate_021,16.1602,Linguistics of ASL and Other Sign Languages.,61.315496098104795,1,5,61.315496098104795,61.315496098104795,102,1.0,61.315496098104795
Candidate_021,16.9999,"Foreign Languages, Literatures, and Linguistics, Other.",61.315496098104795,1,5,61.315496098104795,61.315496098104795,103,1.0,61.315496098104795
Candidate_021,19.0101,"Family and Consumer Sciences/Human Sciences, General.",61.315496098104795,1,5,61.315496098104795,61.315496098104795,104,1.0,61.315496098104795
Candidate_021,23.0101,"English Language and Literature, General.",61.315496098104795,1,5,61.315496098104795,61.315496098104795,105,1.0,61.315496098104795
Candidate_021,26.0101,"Biology/Biological Sciences, General.",61.315496098104795,1,5,61.315496098104795,61.315496098104795,106,1.0,61.315496098104795
Candidate_021,27.0101,"Mathematics, General.",61.315496098104795,1,5,61.315496098104795,61.315496098104795,107,1.0,61.315496098104795
Candidate_021,30.0101,Biological and Physical Sciences.,61.315496098104795,1,5,61.315496098104795,61.315496098104795,108,1.0,61.315496098104795
Candidate_021,30.3601,Cultural Studies and Comparative Literature.,61.315496098104795,1,5,61.315496098104795,61.315496098104795,109,1.0,61.315496098104795
Candidate_021,30.3801,Earth Systems Science.,61.315496098104795,1,5,61.315496098104795,61.315496098104795,110,1.0,61.315496098104795
Candidate_021,30.4101,Environmental Geosciences.,61.315496098104795,1,5,61.315496098104795,61.315496098104795,111,1.0,61.315496098104795
Candidate_021,30.4501,History and Language/Literature.,61.315496098104795,1,5,61.315496098104795,61.315496098104795,112,1.0,61.315496098104795
Candidate_021,40.0101,"Physical Sciences, General.",61.315496098104795,1,5,61.315496098104795,61.315496098104795,113,1.0,61.315496098104795
Candidate_021,40.0501,"Chemistry, General.",61.315496098104795,1,5,61.315496098104795,61.315496098104795,114,1.0,61.315496098104795
Candidate_021,40.0801,"Physics, General.",61.315496098104795,1,5,61.315496098104795,61.315496098104795,115,1.0,61.315496098104795
Candidate_021,45.0101,"Social Sciences, General.",61.315496098104795,1,5,61.315496098104795,61.315496098104795,116,1.0,61.315496098104795
Candidate_021,45.0199,"Social Sciences, Other.",61.315496098104795,1,5,61.315496098104795,61.315496098104795,117,1.0,61.315496098104795
Candidate_021,45.0601,"Economics, General.",61.315496098104795,1,5,61.315496098104795,61.315496098104795,118,1.0,61.315496098104795
Candidate_021,45.1001,"Political Science and Government, General.",61.315496098104795,1,5,61.315496098104795,61.315496098104795,119,1.0,61.315496098104795
Candidate_021,45.1002,American Government and Politics (United States).,61.315496098104795,1,5,61.315496098104795,61.315496098104795,120,1.0,61.315496098104795
Candidate_021,45.1003,Canadian Government and Politics.,61.315496098104795,1,5,61.315496098104795,61.315496098104795,121,1.0,61.315496098104795
Candidate_021,45.1099,"Political Science and Government, Other.",61.315496098104795,1,5,61.315496098104795,61.315496098104795,122,1.0,61.315496098104795
Candidate_021,50.0701,"Art/Art Studies, General.",61.315496098104795,1,5,61.315496098104795,61.315496098104795,123,1.0,61.315496098104795
Candidate_021,50.0901,"Music, General.",61.315496098104795,1,5,61.315496098104795,61.315496098104795,124,1.0,61.315496098104795
Candidate_021,54.0101,"History, General.",61.315496098104795,1,5,61.315496098104795,61.315496098104795,125,1.0,61.315496098104795
Candidate_021,54.0102,American  History (United States).,61.315496098104795,1,5,61.315496098104795,61.315496098104795,126,1.0,61.315496098104795
Candidate_022,52.0401,"Administrative Assistant and Secretarial Science, General.",96.88047881022914,2,1,97.12230215827337,100.0,1,1.1,100.0
Candidate_022,52.0402,Executive Assistant/Executive Secretary.,96.88047881022914,2,1,97.12230215827337,100.0,2,1.1,100.0
Candidate_022,1.0106,Agricultural Business Technology/Technician.,97.12230215827337,1,1,97.12230215827337,97.12230215827337,3,1.0,97.12230215827337
Candidate_022,1.8201,"Veterinary Administrative Services, General.",97.12230215827337,1,1,97.12230215827337,97.12230215827337,4,1.0,97.12230215827337
Candidate_022,1.8202,Veterinary Office Management/Administration.,97.12230215827337,1,1,97.12230215827337,97.12230215827337,5,1.0,97.12230215827337
Candidate_022,1.8203,Veterinary Reception/Receptionist.,97.12230215827337,1,1,97.12230215827337,97.12230215827337,6,1.0,97.12230215827337
Candidate_022,1.8204,Veterinary Administrative/Executive Assistant and Veterinary Secretary.,97.12230215827337,1,1,97.12230215827337,97.12230215827337,7,1.0,97.12230215827337
Candidate_022,51.0705,Medical Office Management/Administration.,97.12230215827337,1,1,97.12230215827337,97.12230215827337,8,1.0,97.12230215827337
Candidate_022,51.0711,Medical/Health Management and Clinical Assistant/Specialist.,97.12230215827337,1,1,97.12230215827337,97.12230215827337,9,1.0,97.12230215827337
Candidate_022,51.0712,Medical Reception/Receptionist.,97.12230215827337,1,1,97.12230215827337,97.12230215827337,10,1.0,97.12230215827337
Candidate_022,52.0204,Office Management and Supervision.,97.12230215827337,1,1,97.12230215827337,97.12230215827337,11,1.0,97.12230215827337
Candidate_022,52.0207,Customer Service Management.,97.12230215827337,1,1,97.12230215827337,97.12230215827337,12,1.0,97.12230215827337
Candidate_022,52.0208,E-Commerce/Electronic Commerce.,97.12230215827337,1,1,97.12230215827337,97.12230215827337,13,1.0,97.12230215827337
Candidate_022,12.05,"Cooking and Related Culinary Arts, General.",96.77419354838712,1,2,96.77419354838712,96.77419354838712,14,1.0,96.77419354838712
Candidate_022,12.0503,Culinary Arts/Chef Training.,96.77419354838712,1,2,96.77419354838712,96.77419354838712,15,1.0,96.77419354838712
Candidate_022,12.0504,"Restaurant, Culinary, and Catering Management/Manager.",96.77419354838712,1,2,96.77419354838712,96.77419354838712,16,1.0,96.77419354838712
Candidate_022,12.0507,"Food Service, Waiter/Waitress, and Dining Room Management/Manager.",96.77419354838712,1,2,96.77419354838712,96.77419354838712,17,1.0,96.77419354838712
Candidate_022,19.0505,Foodservice Systems Administration/Management.,96.77419354838712,1,2,96.77419354838712,96.77419354838712,18,1.0,96.77419354838712
Candidate_023,1.0106,Agricultural Business Technology/Technician.,54.25200509448901,2,1,54.67625899280575,59.677205603937914,1,1.1,59.677205603937914
Candidate_023,1.8201,"Veterinary Administrative Services, General.",54.25200509448901,2,1,54.67625899280575,59.677205603937914,2,1.1,59.677205603937914
Candidate_023,1.8202,Veterinary Office Management/Administration.,54.25200509448901,2,1,54.67625899280575,59.677205603937914,3,1.1,59.677205603937914
Candidate_023,1.8203,Veterinary Reception/Receptionist.,54.25200509448901,2,1,54.67625899280575,59.677205603937914,4,1.1,59.677205603937914
Candidate_023,1.8204,Veterinary Administrative/Executive Assistant and Veterinary Secretary.,54.25200509448901,2,1,54.67625899280575,59.677205603937914,5,1.1,59.677205603937914
Candidate_023,51.0705,Medical Office Management/Administration.,54.25200509448901,2,1,54.67625899280575,59.677205603937914,6,1.1,59.677205603937914
Candidate_023,51.0711,Medical/Health Management and Clinical Assistant/Specialist.,54.25200509448901,2,1,54.67625899280575,59.677205603937914,7,1.1,59.677205603937914
Candidate_023,51.0712,Medical Reception/Receptionist.,54.25200509448901,2,1,54.67625899280575,59.677205603937914,8,1.1,59.677205603937914
Candidate_023,52.0204,Office Management and Supervision.,54.25200509448901,2,1,54.67625899280575,59.677205603937914,9,1.1,59.677205603937914
Candidate_023,52.0207,Customer Service Management.,54.25200509448901,2,1,54.67625899280575,59.677205603937914,10,1.1,59.677205603937914
Candidate_023,52.0208,E-Commerce/Electronic Commerce.,54.25200509448901,2,1,54.67625899280575,59.677205603937914,11,1.1,59.677205603937914
Candidate_023,52.0401,"Administrative Assistant and Secretarial Science, General.",54.25200509448901,2,1,54.67625899280575,59.677205603937914,12,1.1,59.677205603937914
Candidate_023,52.0402,Executive Assistant/Executive Secretary.,54.25200509448901,2,1,54.67625899280575,59.677205603937914,13,1.1,59.677205603937914
Candidate_023,11.0103,Information Technology.,53.344935928741435,2,3,53.82390745501285,58.67942952161558,14,1.1,58.67942952161558
Candidate_023,11.0104,Informatics.,53.344935928741435,2,3,53.82390745501285,58.67942952161558,15,1.1,58.67942952161558
Candidate_023,11.0201,"Computer Programming/Programmer, General.",53.344935928741435,2,3,53.82390745501285,58.67942952161558,16,1.1,58.67942952161558
Candidate_023,11.0202,"Computer Programming, Specific Applications.",53.344935928741435,2,3,53.82390745501285,58.67942952161558,17,1.1,58.67942952161558
Candidate_023,11.0203,"Computer Programming, Vendor/Product Certification.",53.344935928741435,2,3,53.82390745501285,58.67942952161558,18,1.1,58.67942952161558
Candidate_023,11.0204,Computer Game Programming.,53.344935928741435,2,3,53.82390745501285,58.67942952161558,19,1.1,58.67942952161558
Candidate_023,11.0205,"Computer Programming, Specific Platforms.",53.344935928741435,2,3,53.82390745501285,58.67942952161558,20,1.1,58.67942952161558
Candidate_023,11.0701,Computer Science.,53.344935928741435,2,3,53.82390745501285,58.67942952161558,21,1.1,58.67942952161558
Candidate_023,14.0901,"Computer Engineering, General.",53.344935928741435,2,3,53.82390745501285,58.67942952161558,22,1.1,58.67942952161558
Candidate_023,14.0903,Computer Software Engineering.,53.344935928741435,2,3,53.82390745501285,58.67942952161558,23,1.1,58.67942952161558
Candidate_023,15.1204,Computer Software Technology/Technician.,53.344935928741435,2,3,53.82390745501285,58.67942952161558,24,1.1,58.67942952161558
Candidate_023,11.0102,Artificial Intelligence.,53.82390745501285,1,3,53.82390745501285,53.82390745501285,25,1.0,53.82390745501285
Candidate_023,11.0401,Information Science/Studies.,53.82390745501285,1,3,53.82390745501285,53.82390745501285,26,1.0,53.82390745501285
Candidate_023,11.0804,"Modeling, Virtual Environments and Simulation.",53.82390745501285,1,3,53.82390745501285,53.82390745501285,27,1.0,53.82390745501285
Candidate_023,11.0902,Cloud Computing.,53.82390745501285,1,3,53.82390745501285,53.82390745501285,28,1.0,53.82390745501285
Candidate_023,30.0801,Mathematics and Computer Science.,53.82390745501285,1,3,53.82390745501285,53.82390745501285,29,1.0,53.82390745501285
Candidate_023,30.1601,Accounting and Computer Science.,53.82390745501285,1,3,53.82390745501285,53.82390745501285,30,1.0,53.82390745501285
Candidate_023,30.3901,Economics and Computer Science.,53.82390745501285,1,3,53.82390745501285,53.82390745501285,31,1.0,53.82390745501285
Candidate_023,30.4801,Linguistics and Computer Science.,53.82390745501285,1,3,53.82390745501285,53.82390745501285,32,1.0,53.82390745501285
Candidate_023,30.7001,"Data Science, General.",53.82390745501285,1,3,53.82390745501285,53.82390745501285,33,1.0,53.82390745501285
Candidate_023,13.0201,Bilingual and Multilingual Education.,53.65105908584169,1,4,53.65105908584169,53.65105908584169,34,1.0,53.65105908584169
Candidate_023,13.1203,Junior High/Intermediate/Middle School Education and Teaching.,53.65105908584169,1,4,53.65105908584169,53.65105908584169,35,1.0,53.65105908584169
Candidate_023,13.1205,Secondary Education and Teaching.,53.65105908584169,1,4,53.65105908584169,53.65105908584169,36,1.0,53.65105908584169
Candidate_023,13.1206,"Teacher Education, Multiple Levels.",53.65105908584169,1,4,53.65105908584169,53.65105908584169,37,1.0,53.65105908584169
Candidate_023,13.1207,Montessori Teacher Education.,53.65105908584169,1,4,53.65105908584169,53.65105908584169,38,1.0,53.65105908584169
Candidate_023,13.1208,Waldorf/Steiner Teacher Education.,53.65105908584169,1,4,53.65105908584169,53.65105908584169,39,1.0,53.65105908584169
Candidate_023,13.1211,Online Educator/Online Teaching.,53.65105908584169,1,4,53.65105908584169,53.65105908584169,40,1.0,53.65105908584169
Candidate_023,13.1212,International Teaching and Learning.,53.65105908584169,1,4,53.65105908584169,53.65105908584169,41,1.0,53.65105908584169
Candidate_023,13.1213,"Science, Technology, Engineering, and Mathematics (STEM) Educational Methods.",53.65105908584169,1,4,53.65105908584169,53.65105908584169,42,1.0,53.65105908584169
Candidate_023,13.1302,Art Teacher Education.,53.65105908584169,1,4,53.65105908584169,53.65105908584169,43,1.0,53.65105908584169
Candidate_023,13.1304,Driver and Safety Teacher Education.,53.65105908584169,1,4,53.65105908584169,53.65105908584169,44,1.0,53.65105908584169
Candidate_023,13.1305,English/Language Arts Teacher Education.,53.65105908584169,1,4,53.65105908584169,53.65105908584169,45,1.0,53.65105908584169
Candidate_023,13.1306,Foreign Language Teacher  Education.,53.65105908584169,1,4,53.65105908584169,53.65105908584169,46,1.0,53.65105908584169
Candidate_023,13.1307,Health Teacher Education.,53.65105908584169,1,4,53.65105908584169,53.65105908584169,47,1.0,53.65105908584169
Candidate_023,13.1308,Family and Consumer Sciences/Home Economics Teacher Education.,53.65105908584169,1,4,53.65105908584169,53.65105908584169,48,1.0,53.65105908584169
Candidate_023,13.1309,Technology Teacher Education/Industrial Arts Teacher Education.,53.65105908584169,1,4,53.65105908584169,53.65105908584169,49,1.0,53.65105908584169
Candidate_023,13.1311,Mathematics Teacher Education.,53.65105908584169,1,4,53.65105908584169,53.65105908584169,50,1.0,53.65105908584169
Candidate_023,13.1312,Music Teacher Education.,53.65105908584169,1,4,53.65105908584169,53.65105908584169,51,1.0,53.65105908584169
Candidate_023,13.1314,Physical Education Teaching and Coaching.,53.65105908584169,1,4,53.65105908584169,53.65105908584169,52,1.0,53.65105908584169
Candidate_023,13.1315,Reading Teacher Education.,53.65105908584169,1,4,53.65105908584169,53.65105908584169,53,1.0,53.65105908584169
Candidate_023,13.1316,Science Teacher Education/General Science Teacher Education.,53.65105908584169,1,4,53.65105908584169,53.65105908584169,54,1.0,53.65105908584169
Candidate_023,13.1317,Social Science Teacher Education.,53.65105908584169,1,4,53.65105908584169,53.65105908584169,55,1.0,53.65105908584169
Candidate_023,13.1318,Social Studies Teacher Education.,53.65105908584169,1,4,53.65105908584169,53.65105908584169,56,1.0,53.65105908584169
Candidate_023,13.1321,Computer Teacher Education.,53.65105908584169,1,4,53.65105908584169,53.65105908584169,57,1.0,53.65105908584169
Candidate_023,13.1322,Biology Teacher Education.,53.65105908584169,1,4,53.65105908584169,53.65105908584169,58,1.0,53.65105908584169
Candidate_023,13.1323,Chemistry Teacher Education.,53.65105908584169,1,4,53.65105908584169,53.65105908584169,59,1.0,53.65105908584169
Candidate_023,13.1324,Drama and Dance Teacher Education.,53.65105908584169,1,4,53.65105908584169,53.65105908584169,60,1.0,53.65105908584169
Candidate_023,13.1325,French Language Teacher Education.,53.65105908584169,1,4,53.65105908584169,53.65105908584169,61,1.0,53.65105908584169
Candidate_023,13.1326,German Language Teacher Education.,53.65105908584169,1,4,53.65105908584169,53.65105908584169,62,1.0,53.65105908584169
Candidate_023,13.1328,History Teacher Education.,53.65105908584169,1,4,53.65105908584169,53.65105908584169,63,1.0,53.65105908584169
Candidate_023,13.1329,Physics Teacher Education.,53.65105908584169,1,4,53.65105908584169,53.65105908584169,64,1.0,53.65105908584169
Candidate_023,13.133,Spanish Language Teacher Education.,53.65105908584169,1,4,53.65105908584169,53.65105908584169,65,1.0,53.65105908584169
Candidate_023,13.1331,Speech Teacher Education.,53.65105908584169,1,4,53.65105908584169,53.65105908584169,66,1.0,53.65105908584169
Candidate_023,13.1332,Geography Teacher Education.,53.65105908584169,1,4,53.65105908584169,53.65105908584169,67,1.0,53.65105908584169
Candidate_023,13.1333,Latin Teacher Education.,53.65105908584169,1,4,53.65105908584169,53.65105908584169,68,1.0,53.65105908584169
Candidate_023,13.1335,Psychology Teacher Education.,53.65105908584169,1,4,53.65105908584169,53.65105908584169,69,1.0,53.65105908584169
Candidate_023,13.1337,Earth Science Teacher Education.,53.65105908584169,1,4,53.65105908584169,53.65105908584169,70,1.0,53.65105908584169
Candidate_023,13.1338,Environmental Education.,53.65105908584169,1,4,53.65105908584169,53.65105908584169,71,1.0,53.65105908584169
Candidate_023,13.1339,Communication Arts and Literature Teacher Education.,53.65105908584169,1,4,53.65105908584169,53.65105908584169,72,1.0,53.65105908584169
Candidate_023,13.1401,Teaching English as a Second or Foreign Language/ESL Language Instructor.,53.65105908584169,1,4,53.65105908584169,53.65105908584169,73,1.0,53.65105908584169
Candidate_023,13.1402,Teaching French as a Second or Foreign Language.,53.65105908584169,1,4,53.65105908584169,53.65105908584169,74,1.0,53.65105908584169
Candidate_023,13.1499,"Teaching English or French as a Second or Foreign Language, Other.",53.65105908584169,1,4,53.65105908584169,53.65105908584169,75,1.0,53.65105908584169
Candidate_023,16.0101,"Foreign Languages and Literatures, General.",53.65105908584169,1,4,53.65105908584169,53.65105908584169,76,1.0,53.65105908584169
Candidate_023,16.03,"East Asian Languages, Literatures, and Linguistics, General.",53.65105908584169,1,4,53.65105908584169,53.65105908584169,77,1.0,53.65105908584169
Candidate_023,16.0301,Chinese Language and Literature.,53.65105908584169,1,4,53.65105908584169,53.65105908584169,78,1.0,53.65105908584169
Candidate_023,16.0302,Japanese Language and Literature.,53.65105908584169,1,4,53.65105908584169,53.65105908584169,79,1.0,53.65105908584169
Candidate_023,16.0303,Korean Language and Literature.,53.65105908584169,1,4,53.65105908584169,53.65105908584169,80,1.0,53.65105908584169
Candidate_023,16.0399,"East Asian Languages, Literatures, and Linguistics, Other.",53.65105908584169,1,4,53.65105908584169,53.65105908584169,81,1.0,53.65105908584169
Candidate_023,16.0402,Russian Language and Literature.,53.65105908584169,1,4,53.65105908584169,53.65105908584169,82,1.0,53.65105908584169
Candidate_023,16.05,"Germanic Languages, Literatures, and Linguistics, General.",53.65105908584169,1,4,53.65105908584169,53.65105908584169,83,1.0,53.65105908584169
Candidate_023,16.0501,German Language and Literature.,53.65105908584169,1,4,53.65105908584169,53.65105908584169,84,1.0,53.65105908584169
Candidate_023,16.0599,"Germanic Languages, Literatures, and Linguistics, Other.",53.65105908584169,1,4,53.65105908584169,53.65105908584169,85,1.0,53.65105908584169
Candidate_023,16.09,"Romance Languages, Literatures, and Linguistics, General.",53.65105908584169,1,4,53.65105908584169,53.65105908584169,86,1.0,53.65105908584169
Candidate_023,16.0901,French Language and Literature.,53.65105908584169,1,4,53.65105908584169,53.65105908584169,87,1.0,53.65105908584169
Candidate_023,16.0902,Italian Language and Literature.,53.65105908584169,1,4,53.65105908584169,53.65105908584169,88,1.0,53.65105908584169
Candidate_023,16.0905,Spanish Language and Literature.,53.65105908584169,1,4,53.65105908584169,53.65105908584169,89,1.0,53.65105908584169
Candidate_023,16.0999,"Romance Languages, Literatures, and Linguistics, Other.",53.65105908584169,1,4,53.65105908584169,53.65105908584169,90,1.0,53.65105908584169
Candidate_023,16.1001,"American Indian/Native American Languages, Literatures, and Linguistics.",53.65105908584169,1,4,53.65105908584169,53.65105908584169,91,1.0,53.65105908584169
Candidate_023,16.1101,Arabic Language and Literature.,53.65105908584169,1,4,53.65105908584169,53.65105908584169,92,1.0,53.65105908584169
Candidate_023,16.1102,Hebrew Language and Literature.,53.65105908584169,1,4,53.65105908584169,53.65105908584169,93,1.0,53.65105908584169
Candidate_023,16.12,"Classics and Classical Languages, Literatures, and Linguistics, General.",53.65105908584169,1,4,53.65105908584169,53.65105908584169,94,1.0,53.65105908584169
Candidate_023,16.1202,Ancient/Classical Greek Language and Literature.,53.65105908584169,1,4,53.65105908584169,53.65105908584169,95,1.0,53.65105908584169
Candidate_023,16.1203,Latin Language and Literature.,53.65105908584169,1,4,53.65105908584169,53.65105908584169,96,1.0,53.65105908584169
Candidate_023,16.1299,"Classics and Classical Languages, Literatures, and Linguistics, Other.",53.65105908584169,1,4,53.65105908584169,53.65105908584169,97,1.0,53.65105908584169
Candidate_023,16.1409,Hawaiian Language and Literature.,53.65105908584169,1,4,53.65105908584169,53.65105908584169,98,1.0,53.65105908584169
Candidate_023,16.1499,"Southeast Asian and Australasian/Pacific Languages, Literatures, and Linguistics, Other.",53.65105908584169,1,4,53.65105908584169,53.65105908584169,99,1.0,53.65105908584169
Candidate_023,16.1601,American Sign Language (ASL).,53.65105908584169,1,4,53.65105908584169,53.65105908584169,100,1.0,53.65105908584169
Candidate_023,16.1602,Linguistics of ASL and Other Sign Languages.,53.65105908584169,1,4,53.65105908584169,53.65105908584169,101,1.0,53.65105908584169
Candidate_023,16.9999,"Foreign Languages, Literatures, and Linguistics, Other.",53.65105908584169,1,4,53.65105908584169,53.65105908584169,102,1.0,53.65105908584169
Candidate_023,19.0101,"Family and Consumer Sciences/Human Sciences, General.",53.65105908584169,1,4,53.65105908584169,53.65105908584169,103,1.0,53.65105908584169
Candidate_023,23.0101,"English Language and Literature, General.",53.65105908584169,1,4,53.65105908584169,53.65105908584169,104,1.0,53.65105908584169
Candidate_023,26.0101,"Biology/Biological Sciences, General.",53.65105908584169,1,4,53.65105908584169,53.65105908584169,105,1.0,53.65105908584169
Candidate_023,27.0101,"Mathematics, General.",53.65105908584169,1,4,53.65105908584169,53.65105908584169,106,1.0,53.65105908584169
Candidate_023,30.0101,Biological and Physical Sciences.,53.65105908584169,1,4,53.65105908584169,53.65105908584169,107,1.0,53.65105908584169
Candidate_023,30.3601,Cultural Studies and Comparative Literature.,53.65105908584169,1,4,53.65105908584169,53.65105908584169,108,1.0,53.65105908584169
Candidate_023,30.3801,Earth Systems Science.,53.65105908584169,1,4,53.65105908584169,53.65105908584169,109,1.0,53.65105908584169
Candidate_023,30.4101,Environmental Geosciences.,53.65105908584169,1,4,53.65105908584169,53.65105908584169,110,1.0,53.65105908584169
Candidate_023,30.4501,History and Language/Literature.,53.65105908584169,1,4,53.65105908584169,53.65105908584169,111,1.0,53.65105908584169
Candidate_023,40.0101,"Physical Sciences, General.",53.65105908584169,1,4,53.65105908584169,53.65105908584169,112,1.0,53.65105908584169
Candidate_023,40.0501,"Chemistry, General.",53.65105908584169,1,4,53.65105908584169,53.65105908584169,113,1.0,53.65105908584169
Candidate_023,40.0801,"Physics, General.",53.65105908584169,1,4,53.65105908584169,53.65105908584169,114,1.0,53.65105908584169
Candidate_023,45.0101,"Social Sciences, General.",53.65105908584169,1,4,53.65105908584169,53.65105908584169,115,1.0,53.65105908584169
Candidate_023,45.0199,"Social Sciences, Other.",53.65105908584169,1,4,53.65105908584169,53.65105908584169,116,1.0,53.65105908584169
Candidate_023,45.0601,"Economics, General.",53.65105908584169,1,4,53.65105908584169,53.65105908584169,117,1.0,53.65105908584169
Candidate_023,45.1001,"Political Science and Government, General.",53.65105908584169,1,4,53.65105908584169,53.65105908584169,118,1.0,53.65105908584169
Candidate_023,45.1002,American Government and Politics (United States).,53.65105908584169,1,4,53.65105908584169,53.65105908584169,119,1.0,53.65105908584169
Candidate_023,45.1003,Canadian Government and Politics.,53.65105908584169,1,4,53.65105908584169,53.65105908584169,120,1.0,53.65105908584169
Candidate_023,45.1099,"Political Science and Government, Other.",53.65105908584169,1,4,53.65105908584169,53.65105908584169,121,1.0,53.65105908584169
Candidate_023,50.0701,"Art/Art Studies, General.",53.65105908584169,1,4,53.65105908584169,53.65105908584169,122,1.0,53.65105908584169
Candidate_023,50.0901,"Music, General.",53.65105908584169,1,4,53.65105908584169,53.65105908584169,123,1.0,53.65105908584169
Candidate_023,54.0101,"History, General.",53.65105908584169,1,4,53.65105908584169,53.65105908584169,124,1.0,53.65105908584169
Candidate_023,54.0102,American  History (United States).,53.65105908584169,1,4,53.65105908584169,53.65105908584169,125,1.0,53.65105908584169
Candidate_023,11.0101,"Computer and Information Sciences, General.",52.86596440247002,1,5,52.86596440247002,52.86596440247002,126,1.0,52.86596440247002
Candidate_023,11.0501,Computer Systems Analysis/Analyst.,52.86596440247002,1,5,52.86596440247002,52.86596440247002,127,1.0,52.86596440247002
Candidate_023,11.0901,Computer Systems Networking and Telecommunications.,52.86596440247002,1,5,52.86596440247002,52.86596440247002,128,1.0,52.86596440247002
Candidate_023,11.1001,Network and System Administration/Administrator.,52.86596440247002,1,5,52.86596440247002,52.86596440247002,129,1.0,52.86596440247002
Candidate_023,11.1002,"System, Networking, and LAN/WAN Management/Manager.",52.86596440247002,1,5,52.86596440247002,52.86596440247002,130,1.0,52.86596440247002
Candidate_023,11.1003,Computer and Information Systems Security/Auditing/Information Assurance.,52.86596440247002,1,5,52.86596440247002,52.86596440247002,131,1.0,52.86596440247002
Candidate_023,11.1005,Information Technology Project Management.,52.86596440247002,1,5,52.86596440247002,52.86596440247002,132,1.0,52.86596440247002
Candidate_023,15.1201,Computer Engineering Technology/Technician.,52.86596440247002,1,5,52.86596440247002,52.86596440247002,133,1.0,52.86596440247002
Candidate_023,15.1202,Computer/Computer Systems Technology/Technician.,52.86596440247002,1,5,52.86596440247002,52.86596440247002,134,1.0,52.86596440247002
Candidate_023,43.0403,Cyber/Computer Forensics and Counterterrorism.,52.86596440247002,1,5,52.86596440247002,52.86596440247002,135,1.0,52.86596440247002
Candidate_023,51.0723,Healthcare Information Privacy Assurance and Security.,52.86596440247002,1,5,52.86596440247002,52.86596440247002,136,1.0,52.86596440247002
Candidate_024,1.0106,Agricultural Business Technology/Technician.,73.39904392275653,2,1,74.10071942446042,80.73894831503219,1,1.1,80.73894831503219
Candidate_024,1.8201,"Veterinary Administrative Services, General.",73.39904392275653,2,1,74.10071942446042,80.73894831503219,2,1.1,80.73894831503219
Candidate_024,1.8202,Veterinary Office Management/Administration.,73.39904392275653,2,1,74.10071942446042,80.73894831503219,3,1.1,80.73894831503219
Candidate_024,1.8203,Veterinary Reception/Receptionist.,73.39904392275653,2,1,74.10071942446042,80.73894831503219,4,1.1,80.73894831503219
Candidate_024,1.8204,Veterinary Administrative/Executive Assistant and Veterinary Secretary.,73.39904392275653,2,1,74.10071942446042,80.73894831503219,5,1.1,80.73894831503219
Candidate_024,51.0705,Medical Office Management/Administration.,73.39904392275653,2,1,74.10071942446042,80.73894831503219,6,1.1,80.73894831503219
Candidate_024,51.0711,Medical/Health Management and Clinical Assistant/Specialist.,73.39904392275653,2,1,74.10071942446042,80.73894831503219,7,1.1,80.73894831503219
Candidate_024,51.0712,Medical Reception/Receptionist.,73.39904392275653,2,1,74.10071942446042,80.73894831503219,8,1.1,80.73894831503219
Candidate_024,52.0204,Office Management and Supervision.,73.39904392275653,2,1,74.10071942446042,80.73894831503219,9,1.1,80.73894831503219
Candidate_024,52.0207,Customer Service Management.,73.39904392275653,2,1,74.10071942446042,80.73894831503219,10,1.1,80.73894831503219
Candidate_024,52.0208,E-Commerce/Electronic Commerce.,73.39904392275653,2,1,74.10071942446042,80.73894831503219,11,1.1,80.73894831503219
Candidate_024,52.0401,"Administrative Assistant and Secretarial Science, General.",73.39904392275653,2,1,74.10071942446042,80.73894831503219,12,1.1,80.73894831503219
Candidate_024,52.0402,Executive Assistant/Executive Secretary.,73.39904392275653,2,1,74.10071942446042,80.73894831503219,13,1.1,80.73894831503219
Candidate_024,52.0302,Accounting Technology/Technician and Bookkeeping.,73.47733711048159,1,2,73.47733711048159,73.47733711048159,14,1.0,73.47733711048159
Candidate_024,49.0205,Truck and Bus Driver/Commercial Vehicle Operator and Instructor.,72.75247524752474,1,3,72.75247524752474,72.75247524752474,15,1.0,72.75247524752474
Candidate_024,11.0102,Artificial Intelligence.,72.30077120822622,1,5,72.30077120822622,72.30077120822622,16,1.0,72.30077120822622
Candidate_024,11.0103,Information Technology.,72.30077120822622,1,5,72.30077120822622,72.30077120822622,17,1.0,72.30077120822622
Candidate_024,11.0104,Informatics.,72.30077120822622,1,5,72.30077120822622,72.30077120822622,18,1.0,72.30077120822622
Candidate_024,11.0201,"Computer Programming/Programmer, General.",72.30077120822622,1,5,72.30077120822622,72.30077120822622,19,1.0,72.30077120822622
Candidate_024,11.0202,"Computer Programming, Specific Applications.",72.30077120822622,1,5,72.30077120822622,72.30077120822622,20,1.0,72.30077120822622
Candidate_024,11.0203,"Computer Programming, Vendor/Product Certification.",72.30077120822622,1,5,72.30077120822622,72.30077120822622,21,1.0,72.30077120822622
Candidate_024,11.0204,Computer Game Programming.,72.30077120822622,1,5,72.30077120822622,72.30077120822622,22,1.0,72.30077120822622
Candidate_024,11.0205,"Computer Programming, Specific Platforms.",72.30077120822622,1,5,72.30077120822622,72.30077120822622,23,1.0,72.30077120822622
Candidate_024,11.0401,Information Science/Studies.,72.30077120822622,1,5,72.30077120822622,72.30077120822622,24,1.0,72.30077120822622
Candidate_024,11.0701,Computer Science.,72.30077120822622,1,5,72.30077120822622,72.30077120822622,25,1.0,72.30077120822622
Candidate_024,11.0804,"Modeling, Virtual Environments and Simulation.",72.30077120822622,1,5,72.30077120822622,72.30077120822622,26,1.0,72.30077120822622
Candidate_024,11.0902,Cloud Computing.,72.30077120822622,1,5,72.30077120822622,72.30077120822622,27,1.0,72.30077120822622
Candidate_024,14.0901,"Computer Engineering, General.",72.30077120822622,1,5,72.30077120822622,72.30077120822622,28,1.0,72.30077120822622
Candidate_024,14.0903,Computer Software Engineering.,72.30077120822622,1,5,72.30077120822622,72.30077120822622,29,1.0,72.30077120822622
Candidate_024,15.1204,Computer Software Technology/Technician.,72.30077120822622,1,5,72.30077120822622,72.30077120822622,30,1.0,72.30077120822622
Candidate_024,30.0801,Mathematics and Computer Science.,72.30077120822622,1,5,72.30077120822622,72.30077120822622,31,1.0,72.30077120822622
Candidate_024,30.1601,Accounting and Computer Science.,72.30077120822622,1,5,72.30077120822622,72.30077120822622,32,1.0,72.30077120822622
Candidate_024,30.3901,Economics and Computer Science.,72.30077120822622,1,5,72.30077120822622,72.30077120822622,33,1.0,72.30077120822622
Candidate_024,30.4801,Linguistics and Computer Science.,72.30077120822622,1,5,72.30077120822622,72.30077120822622,34,1.0,72.30077120822622
Candidate_024,30.7001,"Data Science, General.",72.30077120822622,1,5,72.30077120822622,72.30077120822622,35,1.0,72.30077120822622
Candidate_025,11.0103,Information Technology.,68.43428809142071,2,1,69.47300771208226,75.2777169005628,1,1.1,75.2777169005628
Candidate_025,11.0104,Informatics.,68.43428809142071,2,1,69.47300771208226,75.2777169005628,2,1.1,75.2777169005628
Candidate_025,11.0201,"Computer Programming/Programmer, General.",68.43428809142071,2,1,69.47300771208226,75.2777169005628,3,1.1,75.2777169005628
Candidate_025,11.0202,"Computer Programming, Specific Applications.",68.43428809142071,2,1,69.47300771208226,75.2777169005628,4,1.1,75.2777169005628
Candidate_025,11.0203,"Computer Programming, Vendor/Product Certification.",68.43428809142071,2,1,69.47300771208226,75.2777169005628,5,1.1,75.2777169005628
Candidate_025,11.0204,Computer Game Programming.,68.43428809142071,2,1,69.47300771208226,75.2777169005628,6,1.1,75.2777169005628
Candidate_025,11.0205,"Computer Programming, Specific Platforms.",68.43428809142071,2,1,69.47300771208226,75.2777169005628,7,1.1,75.2777169005628
Candidate_025,11.0701,Computer Science.,68.43428809142071,2,1,69.47300771208226,75.2777169005628,8,1.1,75.2777169005628
Candidate_025,14.0901,"Computer Engineering, General.",68.43428809142071,2,1,69.47300771208226,75.2777169005628,9,1.1,75.2777169005628
Candidate_025,14.0903,Computer Software Engineering.,68.43428809142071,2,1,69.47300771208226,75.2777169005628,10,1.1,75.2777169005628
Candidate_025,15.1204,Computer Software Technology/Technician.,68.43428809142071,2,1,69.47300771208226,75.2777169005628,11,1.1,75.2777169005628
Candidate_025,11.0102,Artificial Intelligence.,69.47300771208226,1,1,69.47300771208226,69.47300771208226,12,1.0,69.47300771208226
Candidate_025,11.0401,Information Science/Studies.,69.47300771208226,1,1,69.47300771208226,69.47300771208226,13,1.0,69.47300771208226
Candidate_025,11.0804,"Modeling, Virtual Environments and Simulation.",69.47300771208226,1,1,69.47300771208226,69.47300771208226,14,1.0,69.47300771208226
Candidate_025,11.0902,Cloud Computing.,69.47300771208226,1,1,69.47300771208226,69.47300771208226,15,1.0,69.47300771208226
Candidate_025,30.0801,Mathematics and Computer Science.,69.47300771208226,1,1,69.47300771208226,69.47300771208226,16,1.0,69.47300771208226
Candidate_025,30.1601,Accounting and Computer Science.,69.47300771208226,1,1,69.47300771208226,69.47300771208226,17,1.0,69.47300771208226
Candidate_025,30.3901,Economics and Computer Science.,69.47300771208226,1,1,69.47300771208226,69.47300771208226,18,1.0,69.47300771208226
Candidate_025,30.4801,Linguistics and Computer Science.,69.47300771208226,1,1,69.47300771208226,69.47300771208226,19,1.0,69.47300771208226
Candidate_025,30.7001,"Data Science, General.",69.47300771208226,1,1,69.47300771208226,69.47300771208226,20,1.0,69.47300771208226
Candidate_025,11.0101,"Computer and Information Sciences, General.",67.39556847075916,1,2,67.39556847075916,67.39556847075916,21,1.0,67.39556847075916
Candidate_025,11.0501,Computer Systems Analysis/Analyst.,67.39556847075916,1,2,67.39556847075916,67.39556847075916,22,1.0,67.39556847075916
Candidate_025,11.0901,Computer Systems Networking and Telecommunications.,67.39556847075916,1,2,67.39556847075916,67.39556847075916,23,1.0,67.39556847075916
Candidate_025,11.1001,Network and System Administration/Administrator.,67.39556847075916,1,2,67.39556847075916,67.39556847075916,24,1.0,67.39556847075916
Candidate_025,11.1002,"System, Networking, and LAN/WAN Management/Manager.",67.39556847075916,1,2,67.39556847075916,67.39556847075916,25,1.0,67.39556847075916
Candidate_025,11.1003,Computer and Information Systems Security/Auditing/Information Assurance.,67.39556847075916,1,2,67.39556847075916,67.39556847075916,26,1.0,67.39556847075916
Candidate_025,11.1005,Information Technology Project Management.,67.39556847075916,1,2,67.39556847075916,67.39556847075916,27,1.0,67.39556847075916
Candidate_025,15.1201,Computer Engineering Technology/Technician.,67.39556847075916,1,2,67.39556847075916,67.39556847075916,28,1.0,67.39556847075916
Candidate_025,15.1202,Computer/Computer Systems Technology/Technician.,67.39556847075916,1,2,67.39556847075916,67.39556847075916,29,1.0,67.39556847075916
Candidate_025,43.0403,Cyber/Computer Forensics and Counterterrorism.,67.39556847075916,1,2,67.39556847075916,67.39556847075916,30,1.0,67.39556847075916
Candidate_025,51.0723,Healthcare Information Privacy Assurance and Security.,67.39556847075916,1,2,67.39556847075916,67.39556847075916,31,1.0,67.39556847075916
Candidate_025,13.0201,Bilingual and Multilingual Education.,66.88963210702342,1,3,66.88963210702342,66.88963210702342,32,1.0,66.88963210702342
Candidate_025,13.1203,Junior High/Intermediate/Middle School Education and Teaching.,66.88963210702342,1,3,66.88963210702342,66.88963210702342,33,1.0,66.88963210702342
Candidate_025,13.1205,Secondary Education and Teaching.,66.88963210702342,1,3,66.88963210702342,66.88963210702342,34,1.0,66.88963210702342
Candidate_025,13.1206,"Teacher Education, Multiple Levels.",66.88963210702342,1,3,66.88963210702342,66.88963210702342,35,1.0,66.88963210702342
Candidate_025,13.1207,Montessori Teacher Education.,66.88963210702342,1,3,66.88963210702342,66.88963210702342,36,1.0,66.88963210702342
Candidate_025,13.1208,Waldorf/Steiner Teacher Education.,66.88963210702342,1,3,66.88963210702342,66.88963210702342,37,1.0,66.88963210702342
Candidate_025,13.1211,Online Educator/Online Teaching.,66.88963210702342,1,3,66.88963210702342,66.88963210702342,38,1.0,66.88963210702342
Candidate_025,13.1212,International Teaching and Learning.,66.88963210702342,1,3,66.88963210702342,66.88963210702342,39,1.0,66.88963210702342
Candidate_025,13.1213,"Science, Technology, Engineering, and Mathematics (STEM) Educational Methods.",66.88963210702342,1,3,66.88963210702342,66.88963210702342,40,1.0,66.88963210702342
Candidate_025,13.1302,Art Teacher Education.,66.88963210702342,1,3,66.88963210702342,66.88963210702342,41,1.0,66.88963210702342
Candidate_025,13.1304,Driver and Safety Teacher Education.,66.88963210702342,1,3,66.88963210702342,66.88963210702342,42,1.0,66.88963210702342
Candidate_025,13.1305,English/Language Arts Teacher Education.,66.88963210702342,1,3,66.88963210702342,66.88963210702342,43,1.0,66.88963210702342
Candidate_025,13.1306,Foreign Language Teacher  Education.,66.88963210702342,1,3,66.88963210702342,66.88963210702342,44,1.0,66.88963210702342
Candidate_025,13.1307,Health Teacher Education.,66.88963210702342,1,3,66.88963210702342,66.88963210702342,45,1.0,66.88963210702342
Candidate_025,13.1308,Family and Consumer Sciences/Home Economics Teacher Education.,66.88963210702342,1,3,66.88963210702342,66.88963210702342,46,1.0,66.88963210702342
Candidate_025,13.1309,Technology Teacher Education/Industrial Arts Teacher Education.,66.88963210702342,1,3,66.88963210702342,66.88963210702342,47,1.0,66.88963210702342
Candidate_025,13.1311,Mathematics Teacher Education.,66.88963210702342,1,3,66.88963210702342,66.88963210702342,48,1.0,66.88963210702342
Candidate_025,13.1312,Music Teacher Education.,66.88963210702342,1,3,66.88963210702342,66.88963210702342,49,1.0,66.88963210702342
Candidate_025,13.1314,Physical Education Teaching and Coaching.,66.88963210702342,1,3,66.88963210702342,66.88963210702342,50,1.0,66.88963210702342
Candidate_025,13.1315,Reading Teacher Education.,66.88963210702342,1,3,66.88963210702342,66.88963210702342,51,1.0,66.88963210702342
Candidate_025,13.1316,Science Teacher Education/General Science Teacher Education.,66.88963210702342,1,3,66.88963210702342,66.88963210702342,52,1.0,66.88963210702342
Candidate_025,13.1317,Social Science Teacher Education.,66.88963210702342,1,3,66.88963210702342,66.88963210702342,53,1.0,66.88963210702342
Candidate_025,13.1318,Social Studies Teacher Education.,66.88963210702342,1,3,66.88963210702342,66.88963210702342,54,1.0,66.88963210702342
Candidate_025,13.1321,Computer Teacher Education.,66.88963210702342,1,3,66.88963210702342,66.88963210702342,55,1.0,66.88963210702342
Candidate_025,13.1322,Biology Teacher Education.,66.88963210702342,1,3,66.88963210702342,66.88963210702342,56,1.0,66.88963210702342
Candidate_025,13.1323,Chemistry Teacher Education.,66.88963210702342,1,3,66.88963210702342,66.88963210702342,57,1.0,66.88963210702342
Candidate_025,13.1324,Drama and Dance Teacher Education.,66.88963210702342,1,3,66.88963210702342,66.88963210702342,58,1.0,66.88963210702342
Candidate_025,13.1325,French Language Teacher Education.,66.88963210702342,1,3,66.88963210702342,66.88963210702342,59,1.0,66.88963210702342
Candidate_025,13.1326,German Language Teacher Education.,66.88963210702342,1,3,66.88963210702342,66.88963210702342,60,1.0,66.88963210702342
Candidate_025,13.1328,History Teacher Education.,66.88963210702342,1,3,66.88963210702342,66.88963210702342,61,1.0,66.88963210702342
Candidate_025,13.1329,Physics Teacher Education.,66.88963210702342,1,3,66.88963210702342,66.88963210702342,62,1.0,66.88963210702342
Candidate_025,13.133,Spanish Language Teacher Education.,66.88963210702342,1,3,66.88963210702342,66.88963210702342,63,1.0,66.88963210702342
Candidate_025,13.1331,Speech Teacher Education.,66.88963210702342,1,3,66.88963210702342,66.88963210702342,64,1.0,66.88963210702342
Candidate_025,13.1332,Geography Teacher Education.,66.88963210702342,1,3,66.88963210702342,66.88963210702342,65,1.0,66.88963210702342
Candidate_025,13.1333,Latin Teacher Education.,66.88963210702342,1,3,66.88963210702342,66.88963210702342,66,1.0,66.88963210702342
Candidate_025,13.1335,Psychology Teacher Education.,66.88963210702342,1,3,66.88963210702342,66.88963210702342,67,1.0,66.88963210702342
Candidate_025,13.1337,Earth Science Teacher Education.,66.88963210702342,1,3,66.88963210702342,66.88963210702342,68,1.0,66.88963210702342
Candidate_025,13.1338,Environmental Education.,66.88963210702342,1,3,66.88963210702342,66.88963210702342,69,1.0,66.88963210702342
Candidate_025,13.1339,Communication Arts and Literature Teacher Education.,66.88963210702342,1,3,66.88963210702342,66.88963210702342,70,1.0,66.88963210702342
Candidate_025,13.1401,Teaching English as a Second or Foreign Language/ESL Language Instructor.,66.88963210702342,1,3,66.88963210702342,66.88963210702342,71,1.0,66.88963210702342
Candidate_025,13.1402,Teaching French as a Second or Foreign Language.,66.88963210702342,1,3,66.88963210702342,66.88963210702342,72,1.0,66.88963210702342
Candidate_025,13.1499,"Teaching English or French as a Second or Foreign Language, Other.",66.88963210702342,1,3,66.88963210702342,66.88963210702342,73,1.0,66.88963210702342
Candidate_025,16.0101,"Foreign Languages and Literatures, General.",66.88963210702342,1,3,66.88963210702342,66.88963210702342,74,1.0,66.88963210702342
Candidate_025,16.03,"East Asian Languages, Literatures, and Linguistics, General.",66.88963210702342,1,3,66.88963210702342,66.88963210702342,75,1.0,66.88963210702342
Candidate_025,16.0301,Chinese Language and Literature.,66.88963210702342,1,3,66.88963210702342,66.88963210702342,76,1.0,66.88963210702342
Candidate_025,16.0302,Japanese Language and Literature.,66.88963210702342,1,3,66.88963210702342,66.88963210702342,77,1.0,66.88963210702342
Candidate_025,16.0303,Korean Language and Literature.,66.88963210702342,1,3,66.88963210702342,66.88963210702342,78,1.0,66.88963210702342
Candidate_025,16.0399,"East Asian Languages, Literatures, and Linguistics, Other.",66.88963210702342,1,3,66.88963210702342,66.88963210702342,79,1.0,66.88963210702342
Candidate_025,16.0402,Russian Language and Literature.,66.88963210702342,1,3,66.88963210702342,66.88963210702342,80,1.0,66.88963210702342
Candidate_025,16.05,"Germanic Languages, Literatures, and Linguistics, General.",66.88963210702342,1,3,66.88963210702342,66.88963210702342,81,1.0,66.88963210702342
Candidate_025,16.0501,German Language and Literature.,66.88963210702342,1,3,66.88963210702342,66.88963210702342,82,1.0,66.88963210702342
Candidate_025,16.0599,"Germanic Languages, Literatures, and Linguistics, Other.",66.88963210702342,1,3,66.88963210702342,66.88963210702342,83,1.0,66.88963210702342
Candidate_025,16.09,"Romance Languages, Literatures, and Linguistics, General.",66.88963210702342,1,3,66.88963210702342,66.88963210702342,84,1.0,66.88963210702342
Candidate_025,16.0901,French Language and Literature.,66.88963210702342,1,3,66.88963210702342,66.88963210702342,85,1.0,66.88963210702342
Candidate_025,16.0902,Italian Language and Literature.,66.88963210702342,1,3,66.88963210702342,66.88963210702342,86,1.0,66.88963210702342
Candidate_025,16.0905,Spanish Language and Literature.,66.88963210702342,1,3,66.88963210702342,66.88963210702342,87,1.0,66.88963210702342
Candidate_025,16.0999,"Romance Languages, Literatures, and Linguistics, Other.",66.88963210702342,1,3,66.88963210702342,66.88963210702342,88,1.0,66.88963210702342
Candidate_025,16.1001,"American Indian/Native American Languages, Literatures, and Linguistics.",66.88963210702342,1,3,66.88963210702342,66.88963210702342,89,1.0,66.88963210702342
Candidate_025,16.1101,Arabic Language and Literature.,66.88963210702342,1,3,66.88963210702342,66.88963210702342,90,1.0,66.88963210702342
Candidate_025,16.1102,Hebrew Language and Literature.,66.88963210702342,1,3,66.88963210702342,66.88963210702342,91,1.0,66.88963210702342
Candidate_025,16.12,"Classics and Classical Languages, Literatures, and Linguistics, General.",66.88963210702342,1,3,66.88963210702342,66.88963210702342,92,1.0,66.88963210702342
Candidate_025,16.1202,Ancient/Classical Greek Language and Literature.,66.88963210702342,1,3,66.88963210702342,66.88963210702342,93,1.0,66.88963210702342
Candidate_025,16.1203,Latin Language and Literature.,66.88963210702342,1,3,66.88963210702342,66.88963210702342,94,1.0,66.88963210702342
Candidate_025,16.1299,"Classics and Classical Languages, Literatures, and Linguistics, Other.",66.88963210702342,1,3,66.88963210702342,66.88963210702342,95,1.0,66.88963210702342
Candidate_025,16.1409,Hawaiian Language and Literature.,66.88963210702342,1,3,66.88963210702342,66.88963210702342,96,1.0,66.88963210702342
Candidate_025,16.1499,"Southeast Asian and Australasian/Pacific Languages, Literatures, and Linguistics, Other.",66.88963210702342,1,3,66.88963210702342,66.88963210702342,97,1.0,66.88963210702342
Candidate_025,16.1601,American Sign Language (ASL).,66.88963210702342,1,3,66.88963210702342,66.88963210702342,98,1.0,66.88963210702342
Candidate_025,16.1602,Linguistics of ASL and Other Sign Languages.,66.88963210702342,1,3,66.88963210702342,66.88963210702342,99,1.0,66.88963210702342
Candidate_025,16.9999,"Foreign Languages, Literatures, and Linguistics, Other.",66.88963210702342,1,3,66.88963210702342,66.88963210702342,100,1.0,66.88963210702342
Candidate_025,19.0101,"Family and Consumer Sciences/Human Sciences, General.",66.88963210702342,1,3,66.88963210702342,66.88963210702342,101,1.0,66.88963210702342
Candidate_025,23.0101,"English Language and Literature, General.",66.88963210702342,1,3,66.88963210702342,66.88963210702342,102,1.0,66.88963210702342
Candidate_025,26.0101,"Biology/Biological Sciences, General.",66.88963210702342,1,3,66.88963210702342,66.88963210702342,103,1.0,66.88963210702342
Candidate_025,27.0101,"Mathematics, General.",66.88963210702342,1,3,66.88963210702342,66.88963210702342,104,1.0,66.88963210702342
Candidate_025,30.0101,Biological and Physical Sciences.,66.88963210702342,1,3,66.88963210702342,66.88963210702342,105,1.0,66.88963210702342
Candidate_025,30.3601,Cultural Studies and Comparative Literature.,66.88963210702342,1,3,66.88963210702342,66.88963210702342,106,1.0,66.88963210702342
Candidate_025,30.3801,Earth Systems Science.,66.88963210702342,1,3,66.88963210702342,66.88963210702342,107,1.0,66.88963210702342
Candidate_025,30.4101,Environmental Geosciences.,66.88963210702342,1,3,66.88963210702342,66.88963210702342,108,1.0,66.88963210702342
Candidate_025,30.4501,History and Language/Literature.,66.88963210702342,1,3,66.88963210702342,66.88963210702342,109,1.0,66.88963210702342
Candidate_025,40.0101,"Physical Sciences, General.",66.88963210702342,1,3,66.88963210702342,66.88963210702342,110,1.0,66.88963210702342
Candidate_025,40.0501,"Chemistry, General.",66.88963210702342,1,3,66.88963210702342,66.88963210702342,111,1.0,66.88963210702342
Candidate_025,40.0801,"Physics, General.",66.88963210702342,1,3,66.88963210702342,66.88963210702342,112,1.0,66.88963210702342
Candidate_025,45.0101,"Social Sciences, General.",66.88963210702342,1,3,66.88963210702342,66.88963210702342,113,1.0,66.88963210702342
Candidate_025,45.0199,"Social Sciences, Other.",66.88963210702342,1,3,66.88963210702342,66.88963210702342,114,1.0,66.88963210702342
Candidate_025,45.0601,"Economics, General.",66.88963210702342,1,3,66.88963210702342,66.88963210702342,115,1.0,66.88963210702342
Candidate_025,45.1001,"Political Science and Government, General.",66.88963210702342,1,3,66.88963210702342,66.88963210702342,116,1.0,66.88963210702342
Candidate_025,45.1002,American Government and Politics (United States).,66.88963210702342,1,3,66.88963210702342,66.88963210702342,117,1.0,66.88963210702342
Candidate_025,45.1003,Canadian Government and Politics.,66.88963210702342,1,3,66.88963210702342,66.88963210702342,118,1.0,66.88963210702342
Candidate_025,45.1099,"Political Science and Government, Other.",66.88963210702342,1,3,66.88963210702342,66.88963210702342,119,1.0,66.88963210702342
Candidate_025,50.0701,"Art/Art Studies, General.",66.88963210702342,1,3,66.88963210702342,66.88963210702342,120,1.0,66.88963210702342
Candidate_025,50.0901,"Music, General.",66.88963210702342,1,3,66.88963210702342,66.88963210702342,121,1.0,66.88963210702342
Candidate_025,54.0101,"History, General.",66.88963210702342,1,3,66.88963210702342,66.88963210702342,122,1.0,66.88963210702342
Candidate_025,54.0102,American  History (United States).,66.88963210702342,1,3,66.88963210702342,66.88963210702342,123,1.0,66.88963210702342
Candidate_025,52.0302,Accounting Technology/Technician and Bookkeeping.,66.8201133144476,1,4,66.8201133144476,66.8201133144476,124,1.0,66.8201133144476
Candidate_025,51.3901,Licensed Practical/Vocational Nurse Training.,66.1529514393719,1,5,66.1529514393719,66.1529514393719,125,1.0,66.1529514393719
Candidate_025,51.3999,"Practical Nursing, Vocational Nursing and Nursing Assistants, Other.",66.1529514393719,1,5,66.1529514393719,66.1529514393719,126,1.0,66.1529514393719
Candidate_026,11.0103,Information Technology.,67.80377587618835,2,1,68.66966580976863,74.5841534638072,1,1.1,74.5841534638072
Candidate_026,11.0104,Informatics.,67.80377587618835,2,1,68.66966580976863,74.5841534638072,2,1.1,74.5841534638072
Candidate_026,11.0201,"Computer Programming/Programmer, General.",67.80377587618835,2,1,68.66966580976863,74.5841534638072,3,1.1,74.5841534638072
Candidate_026,11.0202,"Computer Programming, Specific Applications.",67.80377587618835,2,1,68.66966580976863,74.5841534638072,4,1.1,74.5841534638072
Candidate_026,11.0203,"Computer Programming, Vendor/Product Certification.",67.80377587618835,2,1,68.66966580976863,74.5841534638072,5,1.1,74.5841534638072
Candidate_026,11.0204,Computer Game Programming.,67.80377587618835,2,1,68.66966580976863,74.5841534638072,6,1.1,74.5841534638072
Candidate_026,11.0205,"Computer Programming, Specific Platforms.",67.80377587618835,2,1,68.66966580976863,74.5841534638072,7,1.1,74.5841534638072
Candidate_026,11.0701,Computer Science.,67.80377587618835,2,1,68.66966580976863,74.5841534638072,8,1.1,74.5841534638072
Candidate_026,14.0901,"Computer Engineering, General.",67.80377587618835,2,1,68.66966580976863,74.5841534638072,9,1.1,74.5841534638072
Candidate_026,14.0903,Computer Software Engineering.,67.80377587618835,2,1,68.66966580976863,74.5841534638072,10,1.1,74.5841534638072
Candidate_026,15.1204,Computer Software Technology/Technician.,67.80377587618835,2,1,68.66966580976863,74.5841534638072,11,1.1,74.5841534638072
Candidate_026,11.0102,Artificial Intelligence.,68.66966580976863,1,1,68.66966580976863,68.66966580976863,12,1.0,68.66966580976863
Candidate_026,11.0401,Information Science/Studies.,68.66966580976863,1,1,68.66966580976863,68.66966580976863,13,1.0,68.66966580976863
Candidate_026,11.0804,"Modeling, Virtual Environments and Simulation.",68.66966580976863,1,1,68.66966580976863,68.66966580976863,14,1.0,68.66966580976863
Candidate_026,11.0902,Cloud Computing.,68.66966580976863,1,1,68.66966580976863,68.66966580976863,15,1.0,68.66966580976863
Candidate_026,30.0801,Mathematics and Computer Science.,68.66966580976863,1,1,68.66966580976863,68.66966580976863,16,1.0,68.66966580976863
Candidate_026,30.1601,Accounting and Computer Science.,68.66966580976863,1,1,68.66966580976863,68.66966580976863,17,1.0,68.66966580976863
Candidate_026,30.3901,Economics and Computer Science.,68.66966580976863,1,1,68.66966580976863,68.66966580976863,18,1.0,68.66966580976863
Candidate_026,30.4801,Linguistics and Computer Science.,68.66966580976863,1,1,68.66966580976863,68.66966580976863,19,1.0,68.66966580976863
Candidate_026,30.7001,"Data Science, General.",68.66966580976863,1,1,68.66966580976863,68.66966580976863,20,1.0,68.66966580976863
Candidate_026,51.3901,Licensed Practical/Vocational Nurse Training.,67.98487932538528,1,2,67.98487932538528,67.98487932538528,21,1.0,67.98487932538528
Candidate_026,51.3999,"Practical Nursing, Vocational Nursing and Nursing Assistants, Other.",67.98487932538528,1,2,67.98487932538528,67.98487932538528,22,1.0,67.98487932538528
Candidate_026,13.0201,Bilingual and Multilingual Education.,67.61426978818284,1,3,67.61426978818284,67.61426978818284,23,1.0,67.61426978818284
Candidate_026,13.1203,Junior High/Intermediate/Middle School Education and Teaching.,67.61426978818284,1,3,67.61426978818284,67.61426978818284,24,1.0,67.61426978818284
Candidate_026,13.1205,Secondary Education and Teaching.,67.61426978818284,1,3,67.61426978818284,67.61426978818284,25,1.0,67.61426978818284
Candidate_026,13.1206,"Teacher Education, Multiple Levels.",67.61426978818284,1,3,67.61426978818284,67.61426978818284,26,1.0,67.61426978818284
Candidate_026,13.1207,Montessori Teacher Education.,67.61426978818284,1,3,67.61426978818284,67.61426978818284,27,1.0,67.61426978818284
Candidate_026,13.1208,Waldorf/Steiner Teacher Education.,67.61426978818284,1,3,67.61426978818284,67.61426978818284,28,1.0,67.61426978818284
Candidate_026,13.1211,Online Educator/Online Teaching.,67.61426978818284,1,3,67.61426978818284,67.61426978818284,29,1.0,67.61426978818284
Candidate_026,13.1212,International Teaching and Learning.,67.61426978818284,1,3,67.61426978818284,67.61426978818284,30,1.0,67.61426978818284
Candidate_026,13.1213,"Science, Technology, Engineering, and Mathematics (STEM) Educational Methods.",67.61426978818284,1,3,67.61426978818284,67.61426978818284,31,1.0,67.61426978818284
Candidate_026,13.1302,Art Teacher Education.,67.61426978818284,1,3,67.61426978818284,67.61426978818284,32,1.0,67.61426978818284
Candidate_026,13.1304,Driver and Safety Teacher Education.,67.61426978818284,1,3,67.61426978818284,67.61426978818284,33,1.0,67.61426978818284
Candidate_026,13.1305,English/Language Arts Teacher Education.,67.61426978818284,1,3,67.61426978818284,67.61426978818284,34,1.0,67.61426978818284
Candidate_026,13.1306,Foreign Language Teacher  Education.,67.61426978818284,1,3,67.61426978818284,67.61426978818284,35,1.0,67.61426978818284
Candidate_026,13.1307,Health Teacher Education.,67.61426978818284,1,3,67.61426978818284,67.61426978818284,36,1.0,67.61426978818284
Candidate_026,13.1308,Family and Consumer Sciences/Home Economics Teacher Education.,67.61426978818284,1,3,67.61426978818284,67.61426978818284,37,1.0,67.61426978818284
Candidate_026,13.1309,Technology Teacher Education/Industrial Arts Teacher Education.,67.61426978818284,1,3,67.61426978818284,67.61426978818284,38,1.0,67.61426978818284
Candidate_026,13.1311,Mathematics Teacher Education.,67.61426978818284,1,3,67.61426978818284,67.61426978818284,39,1.0,67.61426978818284
Candidate_026,13.1312,Music Teacher Education.,67.61426978818284,1,3,67.61426978818284,67.61426978818284,40,1.0,67.61426978818284
Candidate_026,13.1314,Physical Education Teaching and Coaching.,67.61426978818284,1,3,67.61426978818284,67.61426978818284,41,1.0,67.61426978818284
Candidate_026,13.1315,Reading Teacher Education.,67.61426978818284,1,3,67.61426978818284,67.61426978818284,42,1.0,67.61426978818284
Candidate_026,13.1316,Science Teacher Education/General Science Teacher Education.,67.61426978818284,1,3,67.61426978818284,67.61426978818284,43,1.0,67.61426978818284
Candidate_026,13.1317,Social Science Teacher Education.,67.61426978818284,1,3,67.61426978818284,67.61426978818284,44,1.0,67.61426978818284
Candidate_026,13.1318,Social Studies Teacher Education.,67.61426978818284,1,3,67.61426978818284,67.61426978818284,45,1.0,67.61426978818284
Candidate_026,13.1321,Computer Teacher Education.,67.61426978818284,1,3,67.61426978818284,67.61426978818284,46,1.0,67.61426978818284
Candidate_026,13.1322,Biology Teacher Education.,67.61426978818284,1,3,67.61426978818284,67.61426978818284,47,1.0,67.61426978818284
Candidate_026,13.1323,Chemistry Teacher Education.,67.61426978818284,1,3,67.61426978818284,67.61426978818284,48,1.0,67.61426978818284
Candidate_026,13.1324,Drama and Dance Teacher Education.,67.61426978818284,1,3,67.61426978818284,67.61426978818284,49,1.0,67.61426978818284
Candidate_026,13.1325,French Language Teacher Education.,67.61426978818284,1,3,67.61426978818284,67.61426978818284,50,1.0,67.61426978818284
Candidate_026,13.1326,German Language Teacher Education.,67.61426978818284,1,3,67.61426978818284,67.61426978818284,51,1.0,67.61426978818284
Candidate_026,13.1328,History Teacher Education.,67.61426978818284,1,3,67.61426978818284,67.61426978818284,52,1.0,67.61426978818284
Candidate_026,13.1329,Physics Teacher Education.,67.61426978818284,1,3,67.61426978818284,67.61426978818284,53,1.0,67.61426978818284
Candidate_026,13.133,Spanish Language Teacher Education.,67.61426978818284,1,3,67.61426978818284,67.61426978818284,54,1.0,67.61426978818284
Candidate_026,13.1331,Speech Teacher Education.,67.61426978818284,1,3,67.61426978818284,67.61426978818284,55,1.0,67.61426978818284
Candidate_026,13.1332,Geography Teacher Education.,67.61426978818284,1,3,67.61426978818284,67.61426978818284,56,1.0,67.61426978818284
Candidate_026,13.1333,Latin Teacher Education.,67.61426978818284,1,3,67.61426978818284,67.61426978818284,57,1.0,67.61426978818284
Candidate_026,13.1335,Psychology Teacher Education.,67.61426978818284,1,3,67.61426978818284,67.61426978818284,58,1.0,67.61426978818284
Candidate_026,13.1337,Earth Science Teacher Education.,67.61426978818284,1,3,67.61426978818284,67.61426978818284,59,1.0,67.61426978818284
Candidate_026,13.1338,Environmental Education.,67.61426978818284,1,3,67.61426978818284,67.61426978818284,60,1.0,67.61426978818284
Candidate_026,13.1339,Communication Arts and Literature Teacher Education.,67.61426978818284,1,3,67.61426978818284,67.61426978818284,61,1.0,67.61426978818284
Candidate_026,13.1401,Teaching English as a Second or Foreign Language/ESL Language Instructor.,67.61426978818284,1,3,67.61426978818284,67.61426978818284,62,1.0,67.61426978818284
Candidate_026,13.1402,Teaching French as a Second or Foreign Language.,67.61426978818284,1,3,67.61426978818284,67.61426978818284,63,1.0,67.61426978818284
Candidate_026,13.1499,"Teaching English or French as a Second or Foreign Language, Other.",67.61426978818284,1,3,67.61426978818284,67.61426978818284,64,1.0,67.61426978818284
Candidate_026,16.0101,"Foreign Languages and Literatures, General.",67.61426978818284,1,3,67.61426978818284,67.61426978818284,65,1.0,67.61426978818284
Candidate_026,16.03,"East Asian Languages, Literatures, and Linguistics, General.",67.61426978818284,1,3,67.61426978818284,67.61426978818284,66,1.0,67.61426978818284
Candidate_026,16.0301,Chinese Language and Literature.,67.61426978818284,1,3,67.61426978818284,67.61426978818284,67,1.0,67.61426978818284
Candidate_026,16.0302,Japanese Language and Literature.,67.61426978818284,1,3,67.61426978818284,67.61426978818284,68,1.0,67.61426978818284
Candidate_026,16.0303,Korean Language and Literature.,67.61426978818284,1,3,67.61426978818284,67.61426978818284,69,1.0,67.61426978818284
Candidate_026,16.0399,"East Asian Languages, Literatures, and Linguistics, Other.",67.61426978818284,1,3,67.61426978818284,67.61426978818284,70,1.0,67.61426978818284
Candidate_026,16.0402,Russian Language and Literature.,67.61426978818284,1,3,67.61426978818284,67.61426978818284,71,1.0,67.61426978818284
Candidate_026,16.05,"Germanic Languages, Literatures, and Linguistics, General.",67.61426978818284,1,3,67.61426978818284,67.61426978818284,72,1.0,67.61426978818284
Candidate_026,16.0501,German Language and Literature.,67.61426978818284,1,3,67.61426978818284,67.61426978818284,73,1.0,67.61426978818284
Candidate_026,16.0599,"Germanic Languages, Literatures, and Linguistics, Other.",67.61426978818284,1,3,67.61426978818284,67.61426978818284,74,1.0,67.61426978818284
Candidate_026,16.09,"Romance Languages, Literatures, and Linguistics, General.",67.61426978818284,1,3,67.61426978818284,67.61426978818284,75,1.0,67.61426978818284
Candidate_026,16.0901,French Language and Literature.,67.61426978818284,1,3,67.61426978818284,67.61426978818284,76,1.0,67.61426978818284
Candidate_026,16.0902,Italian Language and Literature.,67.61426978818284,1,3,67.61426978818284,67.61426978818284,77,1.0,67.61426978818284
Candidate_026,16.0905,Spanish Language and Literature.,67.61426978818284,1,3,67.61426978818284,67.61426978818284,78,1.0,67.61426978818284
Candidate_026,16.0999,"Romance Languages, Literatures, and Linguistics, Other.",67.61426978818284,1,3,67.61426978818284,67.61426978818284,79,1.0,67.61426978818284
Candidate_026,16.1001,"American Indian/Native American Languages, Literatures, and Linguistics.",67.61426978818284,1,3,67.61426978818284,67.61426978818284,80,1.0,67.61426978818284
Candidate_026,16.1101,Arabic Language and Literature.,67.61426978818284,1,3,67.61426978818284,67.61426978818284,81,1.0,67.61426978818284
Candidate_026,16.1102,Hebrew Language and Literature.,67.61426978818284,1,3,67.61426978818284,67.61426978818284,82,1.0,67.61426978818284
Candidate_026,16.12,"Classics and Classical Languages, Literatures, and Linguistics, General.",67.61426978818284,1,3,67.61426978818284,67.61426978818284,83,1.0,67.61426978818284
Candidate_026,16.1202,Ancient/Classical Greek Language and Literature.,67.61426978818284,1,3,67.61426978818284,67.61426978818284,84,1.0,67.61426978818284
Candidate_026,16.1203,Latin Language and Literature.,67.61426978818284,1,3,67.61426978818284,67.61426978818284,85,1.0,67.61426978818284
Candidate_026,16.1299,"Classics and Classical Languages, Literatures, and Linguistics, Other.",67.61426978818284,1,3,67.61426978818284,67.61426978818284,86,1.0,67.61426978818284
Candidate_026,16.1409,Hawaiian Language and Literature.,67.61426978818284,1,3,67.61426978818284,67.61426978818284,87,1.0,67.61426978818284
Candidate_026,16.1499,"Southeast Asian and Australasian/Pacific Languages, Literatures, and Linguistics, Other.",67.61426978818284,1,3,67.61426978818284,67.61426978818284,88,1.0,67.61426978818284
Candidate_026,16.1601,American Sign Language (ASL).,67.61426978818284,1,3,67.61426978818284,67.61426978818284,89,1.0,67.61426978818284
Candidate_026,16.1602,Linguistics of ASL and Other Sign Languages.,67.61426978818284,1,3,67.61426978818284,67.61426978818284,90,1.0,67.61426978818284
Candidate_026,16.9999,"Foreign Languages, Literatures, and Linguistics, Other.",67.61426978818284,1,3,67.61426978818284,67.61426978818284,91,1.0,67.61426978818284
Candidate_026,19.0101,"Family and Consumer Sciences/Human Sciences, General.",67.61426978818284,1,3,67.61426978818284,67.61426978818284,92,1.0,67.61426978818284
Candidate_026,23.0101,"English Language and Literature, General.",67.61426978818284,1,3,67.61426978818284,67.61426978818284,93,1.0,67.61426978818284
Candidate_026,26.0101,"Biology/Biological Sciences, General.",67.61426978818284,1,3,67.61426978818284,67.61426978818284,94,1.0,67.61426978818284
Candidate_026,27.0101,"Mathematics, General.",67.61426978818284,1,3,67.61426978818284,67.61426978818284,95,1.0,67.61426978818284
Candidate_026,30.0101,Biological and Physical Sciences.,67.61426978818284,1,3,67.61426978818284,67.61426978818284,96,1.0,67.61426978818284
Candidate_026,30.3601,Cultural Studies and Comparative Literature.,67.61426978818284,1,3,67.61426978818284,67.61426978818284,97,1.0,67.61426978818284
Candidate_026,30.3801,Earth Systems Science.,67.61426978818284,1,3,67.61426978818284,67.61426978818284,98,1.0,67.61426978818284
Candidate_026,30.4101,Environmental Geosciences.,67.61426978818284,1,3,67.61426978818284,67.61426978818284,99,1.0,67.61426978818284
Candidate_026,30.4501,History and Language/Literature.,67.61426978818284,1,3,67.61426978818284,67.61426978818284,100,1.0,67.61426978818284
Candidate_026,40.0101,"Physical Sciences, General.",67.61426978818284,1,3,67.61426978818284,67.61426978818284,101,1.0,67.61426978818284
Candidate_026,40.0501,"Chemistry, General.",67.61426978818284,1,3,67.61426978818284,67.61426978818284,102,1.0,67.61426978818284
Candidate_026,40.0801,"Physics, General.",67.61426978818284,1,3,67.61426978818284,67.61426978818284,103,1.0,67.61426978818284
Candidate_026,45.0101,"Social Sciences, General.",67.61426978818284,1,3,67.61426978818284,67.61426978818284,104,1.0,67.61426978818284
Candidate_026,45.0199,"Social Sciences, Other.",67.61426978818284,1,3,67.61426978818284,67.61426978818284,105,1.0,67.61426978818284
Candidate_026,45.0601,"Economics, General.",67.61426978818284,1,3,67.61426978818284,67.61426978818284,106,1.0,67.61426978818284
Candidate_026,45.1001,"Political Science and Government, General.",67.61426978818284,1,3,67.61426978818284,67.61426978818284,107,1.0,67.61426978818284
Candidate_026,45.1002,American Government and Politics (United States).,67.61426978818284,1,3,67.61426978818284,67.61426978818284,108,1.0,67.61426978818284
Candidate_026,45.1003,Canadian Government and Politics.,67.61426978818284,1,3,67.61426978818284,67.61426978818284,109,1.0,67.61426978818284
Candidate_026,45.1099,"Political Science and Government, Other.",67.61426978818284,1,3,67.61426978818284,67.61426978818284,110,1.0,67.61426978818284
Candidate_026,50.0701,"Art/Art Studies, General.",67.61426978818284,1,3,67.61426978818284,67.61426978818284,111,1.0,67.61426978818284
Candidate_026,50.0901,"Music, General.",67.61426978818284,1,3,67.61426978818284,67.61426978818284,112,1.0,67.61426978818284
Candidate_026,54.0101,"History, General.",67.61426978818284,1,3,67.61426978818284,67.61426978818284,113,1.0,67.61426978818284
Candidate_026,54.0102,American  History (United States).,67.61426978818284,1,3,67.61426978818284,67.61426978818284,114,1.0,67.61426978818284
Candidate_026,12.0504,"Restaurant, Culinary, and Catering Management/Manager.",67.14503816793894,1,4,67.14503816793894,67.14503816793894,115,1.0,67.14503816793894
Candidate_026,12.0509,Culinary Science/Culinology.,67.14503816793894,1,4,67.14503816793894,67.14503816793894,116,1.0,67.14503816793894
Candidate_026,12.051,Wine Steward/Sommelier.,67.14503816793894,1,4,67.14503816793894,67.14503816793894,117,1.0,67.14503816793894
Candidate_026,19.0505,Foodservice Systems Administration/Management.,67.14503816793894,1,4,67.14503816793894,67.14503816793894,118,1.0,67.14503816793894
Candidate_026,52.0901,"Hospitality Administration/Management, General.",67.14503816793894,1,4,67.14503816793894,67.14503816793894,119,1.0,67.14503816793894
Candidate_026,52.0904,Hotel/Motel Administration/Management.,67.14503816793894,1,4,67.14503816793894,67.14503816793894,120,1.0,67.14503816793894
Candidate_026,52.0905,Restaurant/Food Services Management.,67.14503816793894,1,4,67.14503816793894,67.14503816793894,121,1.0,67.14503816793894
Candidate_026,52.0909,"Hotel, Motel, and Restaurant Management.",67.14503816793894,1,4,67.14503816793894,67.14503816793894,122,1.0,67.14503816793894
Candidate_026,52.091,Brewery/Brewpub Operations/Management.,67.14503816793894,1,4,67.14503816793894,67.14503816793894,123,1.0,67.14503816793894
Candidate_026,52.0999,"Hospitality Administration/Management, Other.",67.14503816793894,1,4,67.14503816793894,67.14503816793894,124,1.0,67.14503816793894
Candidate_026,11.0101,"Computer and Information Sciences, General.",66.93788594260806,1,5,66.93788594260806,66.93788594260806,125,1.0,66.93788594260806
Candidate_026,11.0501,Computer Systems Analysis/Analyst.,66.93788594260806,1,5,66.93788594260806,66.93788594260806,126,1.0,66.93788594260806
Candidate_026,11.0901,Computer Systems Networking and Telecommunications.,66.93788594260806,1,5,66.93788594260806,66.93788594260806,127,1.0,66.93788594260806
Candidate_026,11.1001,Network and System Administration/Administrator.,66.93788594260806,1,5,66.93788594260806,66.93788594260806,128,1.0,66.93788594260806
Candidate_026,11.1002,"System, Networking, and LAN/WAN Management/Manager.",66.93788594260806,1,5,66.93788594260806,66.93788594260806,129,1.0,66.93788594260806
Candidate_026,11.1003,Computer and Information Systems Security/Auditing/Information Assurance.,66.93788594260806,1,5,66.93788594260806,66.93788594260806,130,1.0,66.93788594260806
Candidate_026,11.1005,Information Technology Project Management.,66.93788594260806,1,5,66.93788594260806,66.93788594260806,131,1.0,66.93788594260806
Candidate_026,15.1201,Computer Engineering Technology/Technician.,66.93788594260806,1,5,66.93788594260806,66.93788594260806,132,1.0,66.93788594260806
Candidate_026,15.1202,Computer/Computer Systems Technology/Technician.,66.93788594260806,1,5,66.93788594260806,66.93788594260806,133,1.0,66.93788594260806
Candidate_026,43.0403,Cyber/Computer Forensics and Counterterrorism.,66.93788594260806,1,5,66.93788594260806,66.93788594260806,134,1.0,66.93788594260806
Candidate_026,51.0723,Healthcare Information Privacy Assurance and Security.,66.93788594260806,1,5,66.93788594260806,66.93788594260806,135,1.0,66.93788594260806
Candidate_027,1.0106,Agricultural Business Technology/Technician.,54.25200509448901,2,1,54.67625899280575,59.677205603937914,1,1.1,59.677205603937914
Candidate_027,1.8201,"Veterinary Administrative Services, General.",54.25200509448901,2,1,54.67625899280575,59.677205603937914,2,1.1,59.677205603937914
Candidate_027,1.8202,Veterinary Office Management/Administration.,54.25200509448901,2,1,54.67625899280575,59.677205603937914,3,1.1,59.677205603937914
Candidate_027,1.8203,Veterinary Reception/Receptionist.,54.25200509448901,2,1,54.67625899280575,59.677205603937914,4,1.1,59.677205603937914
Candidate_027,1.8204,Veterinary Administrative/Executive Assistant and Veterinary Secretary.,54.25200509448901,2,1,54.67625899280575,59.677205603937914,5,1.1,59.677205603937914
Candidate_027,51.0705,Medical Office Management/Administration.,54.25200509448901,2,1,54.67625899280575,59.677205603937914,6,1.1,59.677205603937914
Candidate_027,51.0711,Medical/Health Management and Clinical Assistant/Specialist.,54.25200509448901,2,1,54.67625899280575,59.677205603937914,7,1.1,59.677205603937914
Candidate_027,51.0712,Medical Reception/Receptionist.,54.25200509448901,2,1,54.67625899280575,59.677205603937914,8,1.1,59.677205603937914
Candidate_027,52.0204,Office Management and Supervision.,54.25200509448901,2,1,54.67625899280575,59.677205603937914,9,1.1,59.677205603937914
Candidate_027,52.0207,Customer Service Management.,54.25200509448901,2,1,54.67625899280575,59.677205603937914,10,1.1,59.677205603937914
Candidate_027,52.0208,E-Commerce/Electronic Commerce.,54.25200509448901,2,1,54.67625899280575,59.677205603937914,11,1.1,59.677205603937914
Candidate_027,52.0401,"Administrative Assistant and Secretarial Science, General.",54.25200509448901,2,1,54.67625899280575,59.677205603937914,12,1.1,59.677205603937914
Candidate_027,52.0402,Executive Assistant/Executive Secretary.,54.25200509448901,2,1,54.67625899280575,59.677205603937914,13,1.1,59.677205603937914
Candidate_027,11.0103,Information Technology.,53.344935928741435,2,3,53.82390745501285,58.67942952161558,14,1.1,58.67942952161558
Candidate_027,11.0104,Informatics.,53.344935928741435,2,3,53.82390745501285,58.67942952161558,15,1.1,58.67942952161558
Candidate_027,11.0201,"Computer Programming/Programmer, General.",53.344935928741435,2,3,53.82390745501285,58.67942952161558,16,1.1,58.67942952161558
Candidate_027,11.0202,"Computer Programming, Specific Applications.",53.344935928741435,2,3,53.82390745501285,58.67942952161558,17,1.1,58.67942952161558
Candidate_027,11.0203,"Computer Programming, Vendor/Product Certification.",53.344935928741435,2,3,53.82390745501285,58.67942952161558,18,1.1,58.67942952161558
Candidate_027,11.0204,Computer Game Programming.,53.344935928741435,2,3,53.82390745501285,58.67942952161558,19,1.1,58.67942952161558
Candidate_027,11.0205,"Computer Programming, Specific Platforms.",53.344935928741435,2,3,53.82390745501285,58.67942952161558,20,1.1,58.67942952161558
Candidate_027,11.0701,Computer Science.,53.344935928741435,2,3,53.82390745501285,58.67942952161558,21,1.1,58.67942952161558
Candidate_027,14.0901,"Computer Engineering, General.",53.344935928741435,2,3,53.82390745501285,58.67942952161558,22,1.1,58.67942952161558
Candidate_027,14.0903,Computer Software Engineering.,53.344935928741435,2,3,53.82390745501285,58.67942952161558,23,1.1,58.67942952161558
Candidate_027,15.1204,Computer Software Technology/Technician.,53.344935928741435,2,3,53.82390745501285,58.67942952161558,24,1.1,58.67942952161558
Candidate_027,11.0102,Artificial Intelligence.,53.82390745501285,1,3,53.82390745501285,53.82390745501285,25,1.0,53.82390745501285
Candidate_027,11.0401,Information Science/Studies.,53.82390745501285,1,3,53.82390745501285,53.82390745501285,26,1.0,53.82390745501285
Candidate_027,11.0804,"Modeling, Virtual Environments and Simulation.",53.82390745501285,1,3,53.82390745501285,53.82390745501285,27,1.0,53.82390745501285
Candidate_027,11.0902,Cloud Computing.,53.82390745501285,1,3,53.82390745501285,53.82390745501285,28,1.0,53.82390745501285
Candidate_027,30.0801,Mathematics and Computer Science.,53.82390745501285,1,3,53.82390745501285,53.82390745501285,29,1.0,53.82390745501285
Candidate_027,30.1601,Accounting and Computer Science.,53.82390745501285,1,3,53.82390745501285,53.82390745501285,30,1.0,53.82390745501285
Candidate_027,30.3901,Economics and Computer Science.,53.82390745501285,1,3,53.82390745501285,53.82390745501285,31,1.0,53.82390745501285
Candidate_027,30.4801,Linguistics and Computer Science.,53.82390745501285,1,3,53.82390745501285,53.82390745501285,32,1.0,53.82390745501285
Candidate_027,30.7001,"Data Science, General.",53.82390745501285,1,3,53.82390745501285,53.82390745501285,33,1.0,53.82390745501285
Candidate_027,13.0201,Bilingual and Multilingual Education.,53.65105908584169,1,4,53.65105908584169,53.65105908584169,34,1.0,53.65105908584169
Candidate_027,13.1203,Junior High/Intermediate/Middle School Education and Teaching.,53.65105908584169,1,4,53.65105908584169,53.65105908584169,35,1.0,53.65105908584169
Candidate_027,13.1205,Secondary Education and Teaching.,53.65105908584169,1,4,53.65105908584169,53.65105908584169,36,1.0,53.65105908584169
Candidate_027,13.1206,"Teacher Education, Multiple Levels.",53.65105908584169,1,4,53.65105908584169,53.65105908584169,37,1.0,53.65105908584169
Candidate_027,13.1207,Montessori Teacher Education.,53.65105908584169,1,4,53.65105908584169,53.65105908584169,38,1.0,53.65105908584169
Candidate_027,13.1208,Waldorf/Steiner Teacher Education.,53.65105908584169,1,4,53.65105908584169,53.65105908584169,39,1.0,53.65105908584169
Candidate_027,13.1211,Online Educator/Online Teaching.,53.65105908584169,1,4,53.65105908584169,53.65105908584169,40,1.0,53.65105908584169
Candidate_027,13.1212,International Teaching and Learning.,53.65105908584169,1,4,53.65105908584169,53.65105908584169,41,1.0,53.65105908584169
Candidate_027,13.1213,"Science, Technology, Engineering, and Mathematics (STEM) Educational Methods.",53.65105908584169,1,4,53.65105908584169,53.65105908584169,42,1.0,53.65105908584169
Candidate_027,13.1302,Art Teacher Education.,53.65105908584169,1,4,53.65105908584169,53.65105908584169,43,1.0,53.65105908584169
Candidate_027,13.1304,Driver and Safety Teacher Education.,53.65105908584169,1,4,53.65105908584169,53.65105908584169,44,1.0,53.65105908584169
Candidate_027,13.1305,English/Language Arts Teacher Education.,53.65105908584169,1,4,53.65105908584169,53.65105908584169,45,1.0,53.65105908584169
Candidate_027,13.1306,Foreign Language Teacher  Education.,53.65105908584169,1,4,53.65105908584169,53.65105908584169,46,1.0,53.65105908584169
Candidate_027,13.1307,Health Teacher Education.,53.65105908584169,1,4,53.65105908584169,53.65105908584169,47,1.0,53.65105908584169
Candidate_027,13.1308,Family and Consumer Sciences/Home Economics Teacher Education.,53.65105908584169,1,4,53.65105908584169,53.65105908584169,48,1.0,53.65105908584169
Candidate_027,13.1309,Technology Teacher Education/Industrial Arts Teacher Education.,53.65105908584169,1,4,53.65105908584169,53.65105908584169,49,1.0,53.65105908584169
Candidate_027,13.1311,Mathematics Teacher Education.,53.65105908584169,1,4,53.65105908584169,53.65105908584169,50,1.0,53.65105908584169
Candidate_027,13.1312,Music Teacher Education.,53.65105908584169,1,4,53.65105908584169,53.65105908584169,51,1.0,53.65105908584169
Candidate_027,13.1314,Physical Education Teaching and Coaching.,53.65105908584169,1,4,53.65105908584169,53.65105908584169,52,1.0,53.65105908584169
Candidate_027,13.1315,Reading Teacher Education.,53.65105908584169,1,4,53.65105908584169,53.65105908584169,53,1.0,53.65105908584169
Candidate_027,13.1316,Science Teacher Education/General Science Teacher Education.,53.65105908584169,1,4,53.65105908584169,53.65105908584169,54,1.0,53.65105908584169
Candidate_027,13.1317,Social Science Teacher Education.,53.65105908584169,1,4,53.65105908584169,53.65105908584169,55,1.0,53.65105908584169
Candidate_027,13.1318,Social Studies Teacher Education.,53.65105908584169,1,4,53.65105908584169,53.65105908584169,56,1.0,53.65105908584169
Candidate_027,13.1321,Computer Teacher Education.,53.65105908584169,1,4,53.65105908584169,53.65105908584169,57,1.0,53.65105908584169
Candidate_027,13.1322,Biology Teacher Education.,53.65105908584169,1,4,53.65105908584169,53.65105908584169,58,1.0,53.65105908584169
Candidate_027,13.1323,Chemistry Teacher Education.,53.65105908584169,1,4,53.65105908584169,53.65105908584169,59,1.0,53.65105908584169
Candidate_027,13.1324,Drama and Dance Teacher Education.,53.65105908584169,1,4,53.65105908584169,53.65105908584169,60,1.0,53.65105908584169
Candidate_027,13.1325,French Language Teacher Education.,53.65105908584169,1,4,53.65105908584169,53.65105908584169,61,1.0,53.65105908584169
Candidate_027,13.1326,German Language Teacher Education.,53.65105908584169,1,4,53.65105908584169,53.65105908584169,62,1.0,53.65105908584169
Candidate_027,13.1328,History Teacher Education.,53.65105908584169,1,4,53.65105908584169,53.65105908584169,63,1.0,53.65105908584169
Candidate_027,13.1329,Physics Teacher Education.,53.65105908584169,1,4,53.65105908584169,53.65105908584169,64,1.0,53.65105908584169
Candidate_027,13.133,Spanish Language Teacher Education.,53.65105908584169,1,4,53.65105908584169,53.65105908584169,65,1.0,53.65105908584169
Candidate_027,13.1331,Speech Teacher Education.,53.65105908584169,1,4,53.65105908584169,53.65105908584169,66,1.0,53.65105908584169
Candidate_027,13.1332,Geography Teacher Education.,53.65105908584169,1,4,53.65105908584169,53.65105908584169,67,1.0,53.65105908584169
Candidate_027,13.1333,Latin Teacher Education.,53.65105908584169,1,4,53.65105908584169,53.65105908584169,68,1.0,53.65105908584169
Candidate_027,13.1335,Psychology Teacher Education.,53.65105908584169,1,4,53.65105908584169,53.65105908584169,69,1.0,53.65105908584169
Candidate_027,13.1337,Earth Science Teacher Education.,53.65105908584169,1,4,53.65105908584169,53.65105908584169,70,1.0,53.65105908584169
Candidate_027,13.1338,Environmental Education.,53.65105908584169,1,4,53.65105908584169,53.65105908584169,71,1.0,53.65105908584169
Candidate_027,13.1339,Communication Arts and Literature Teacher Education.,53.65105908584169,1,4,53.65105908584169,53.65105908584169,72,1.0,53.65105908584169
Candidate_027,13.1401,Teaching English as a Second or Foreign Language/ESL Language Instructor.,53.65105908584169,1,4,53.65105908584169,53.65105908584169,73,1.0,53.65105908584169
Candidate_027,13.1402,Teaching French as a Second or Foreign Language.,53.65105908584169,1,4,53.65105908584169,53.65105908584169,74,1.0,53.65105908584169
Candidate_027,13.1499,"Teaching English or French as a Second or Foreign Language, Other.",53.65105908584169,1,4,53.65105908584169,53.65105908584169,75,1.0,53.65105908584169
Candidate_027,16.0101,"Foreign Languages and Literatures, General.",53.65105908584169,1,4,53.65105908584169,53.65105908584169,76,1.0,53.65105908584169
Candidate_027,16.03,"East Asian Languages, Literatures, and Linguistics, General.",53.65105908584169,1,4,53.65105908584169,53.65105908584169,77,1.0,53.65105908584169
Candidate_027,16.0301,Chinese Language and Literature.,53.65105908584169,1,4,53.65105908584169,53.65105908584169,78,1.0,53.65105908584169
Candidate_027,16.0302,Japanese Language and Literature.,53.65105908584169,1,4,53.65105908584169,53.65105908584169,79,1.0,53.65105908584169
Candidate_027,16.0303,Korean Language and Literature.,53.65105908584169,1,4,53.65105908584169,53.65105908584169,80,1.0,53.65105908584169
Candidate_027,16.0399,"East Asian Languages, Literatures, and Linguistics, Other.",53.65105908584169,1,4,53.65105908584169,53.65105908584169,81,1.0,53.65105908584169
Candidate_027,16.0402,Russian Language and Literature.,53.65105908584169,1,4,53.65105908584169,53.65105908584169,82,1.0,53.65105908584169
Candidate_027,16.05,"Germanic Languages, Literatures, and Linguistics, General.",53.65105908584169,1,4,53.65105908584169,53.65105908584169,83,1.0,53.65105908584169
Candidate_027,16.0501,German Language and Literature.,53.65105908584169,1,4,53.65105908584169,53.65105908584169,84,1.0,53.65105908584169
Candidate_027,16.0599,"Germanic Languages, Literatures, and Linguistics, Other.",53.65105908584169,1,4,53.65105908584169,53.65105908584169,85,1.0,53.65105908584169
Candidate_027,16.09,"Romance Languages, Literatures, and Linguistics, General.",53.65105908584169,1,4,53.65105908584169,53.65105908584169,86,1.0,53.65105908584169
Candidate_027,16.0901,French Language and Literature.,53.65105908584169,1,4,53.65105908584169,53.65105908584169,87,1.0,53.65105908584169
Candidate_027,16.0902,Italian Language and Literature.,53.65105908584169,1,4,53.65105908584169,53.65105908584169,88,1.0,53.65105908584169
Candidate_027,16.0905,Spanish Language and Literature.,53.65105908584169,1,4,53.65105908584169,53.65105908584169,89,1.0,53.65105908584169
Candidate_027,16.0999,"Romance Languages, Literatures, and Linguistics, Other.",53.65105908584169,1,4,53.65105908584169,53.65105908584169,90,1.0,53.65105908584169
Candidate_027,16.1001,"American Indian/Native American Languages, Literatures, and Linguistics.",53.65105908584169,1,4,53.65105908584169,53.65105908584169,91,1.0,53.65105908584169
Candidate_027,16.1101,Arabic Language and Literature.,53.65105908584169,1,4,53.65105908584169,53.65105908584169,92,1.0,53.65105908584169
Candidate_027,16.1102,Hebrew Language and Literature.,53.65105908584169,1,4,53.65105908584169,53.65105908584169,93,1.0,53.65105908584169
Candidate_027,16.12,"Classics and Classical Languages, Literatures, and Linguistics, General.",53.65105908584169,1,4,53.65105908584169,53.65105908584169,94,1.0,53.65105908584169
Candidate_027,16.1202,Ancient/Classical Greek Language and Literature.,53.65105908584169,1,4,53.65105908584169,53.65105908584169,95,1.0,53.65105908584169
Candidate_027,16.1203,Latin Language and Literature.,53.65105908584169,1,4,53.65105908584169,53.65105908584169,96,1.0,53.65105908584169
Candidate_027,16.1299,"Classics and Classical Languages, Literatures, and Linguistics, Other.",53.65105908584169,1,4,53.65105908584169,53.65105908584169,97,1.0,53.65105908584169
Candidate_027,16.1409,Hawaiian Language and Literature.,53.65105908584169,1,4,53.65105908584169,53.65105908584169,98,1.0,53.65105908584169
Candidate_027,16.1499,"Southeast Asian and Australasian/Pacific Languages, Literatures, and Linguistics, Other.",53.65105908584169,1,4,53.65105908584169,53.65105908584169,99,1.0,53.65105908584169
Candidate_027,16.1601,American Sign Language (ASL).,53.65105908584169,1,4,53.65105908584169,53.65105908584169,100,1.0,53.65105908584169
Candidate_027,16.1602,Linguistics of ASL and Other Sign Languages.,53.65105908584169,1,4,53.65105908584169,53.65105908584169,101,1.0,53.65105908584169
Candidate_027,16.9999,"Foreign Languages, Literatures, and Linguistics, Other.",53.65105908584169,1,4,53.65105908584169,53.65105908584169,102,1.0,53.65105908584169
Candidate_027,19.0101,"Family and Consumer Sciences/Human Sciences, General.",53.65105908584169,1,4,53.65105908584169,53.65105908584169,103,1.0,53.65105908584169
Candidate_027,23.0101,"English Language and Literature, General.",53.65105908584169,1,4,53.65105908584169,53.65105908584169,104,1.0,53.65105908584169
Candidate_027,26.0101,"Biology/Biological Sciences, General.",53.65105908584169,1,4,53.65105908584169,53.65105908584169,105,1.0,53.65105908584169
Candidate_027,27.0101,"Mathematics, General.",53.65105908584169,1,4,53.65105908584169,53.65105908584169,106,1.0,53.65105908584169
Candidate_027,30.0101,Biological and Physical Sciences.,53.65105908584169,1,4,53.65105908584169,53.65105908584169,107,1.0,53.65105908584169
Candidate_027,30.3601,Cultural Studies and Comparative Literature.,53.65105908584169,1,4,53.65105908584169,53.65105908584169,108,1.0,53.65105908584169
Candidate_027,30.3801,Earth Systems Science.,53.65105908584169,1,4,53.65105908584169,53.65105908584169,109,1.0,53.65105908584169
Candidate_027,30.4101,Environmental Geosciences.,53.65105908584169,1,4,53.65105908584169,53.65105908584169,110,1.0,53.65105908584169
Candidate_027,30.4501,History and Language/Literature.,53.65105908584169,1,4,53.65105908584169,53.65105908584169,111,1.0,53.65105908584169
Candidate_027,40.0101,"Physical Sciences, General.",53.65105908584169,1,4,53.65105908584169,53.65105908584169,112,1.0,53.65105908584169
Candidate_027,40.0501,"Chemistry, General.",53.65105908584169,1,4,53.65105908584169,53.65105908584169,113,1.0,53.65105908584169
Candidate_027,40.0801,"Physics, General.",53.65105908584169,1,4,53.65105908584169,53.65105908584169,114,1.0,53.65105908584169
Candidate_027,45.0101,"Social Sciences, General.",53.65105908584169,1,4,53.65105908584169,53.65105908584169,115,1.0,53.65105908584169
Candidate_027,45.0199,"Social Sciences, Other.",53.65105908584169,1,4,53.65105908584169,53.65105908584169,116,1.0,53.65105908584169
Candidate_027,45.0601,"Economics, General.",53.65105908584169,1,4,53.65105908584169,53.65105908584169,117,1.0,53.65105908584169
Candidate_027,45.1001,"Political Science and Government, General.",53.65105908584169,1,4,53.65105908584169,53.65105908584169,118,1.0,53.65105908584169
Candidate_027,45.1002,American Government and Politics (United States).,53.65105908584169,1,4,53.65105908584169,53.65105908584169,119,1.0,53.65105908584169
Candidate_027,45.1003,Canadian Government and Politics.,53.65105908584169,1,4,53.65105908584169,53.65105908584169,120,1.0,53.65105908584169
Candidate_027,45.1099,"Political Science and Government, Other.",53.65105908584169,1,4,53.65105908584169,53.65105908584169,121,1.0,53.65105908584169
Candidate_027,50.0701,"Art/Art Studies, General.",53.65105908584169,1,4,53.65105908584169,53.65105908584169,122,1.0,53.65105908584169
Candidate_027,50.0901,"Music, General.",53.65105908584169,1,4,53.65105908584169,53.65105908584169,123,1.0,53.65105908584169
Candidate_027,54.0101,"History, General.",53.65105908584169,1,4,53.65105908584169,53.65105908584169,124,1.0,53.65105908584169
Candidate_027,54.0102,American  History (United States).,53.65105908584169,1,4,53.65105908584169,53.65105908584169,125,1.0,53.65105908584169
Candidate_027,11.0101,"Computer and Information Sciences, General.",52.86596440247002,1,5,52.86596440247002,52.86596440247002,126,1.0,52.86596440247002
Candidate_027,11.0501,Computer Systems Analysis/Analyst.,52.86596440247002,1,5,52.86596440247002,52.86596440247002,127,1.0,52.86596440247002
Candidate_027,11.0901,Computer Systems Networking and Telecommunications.,52.86596440247002,1,5,52.86596440247002,52.86596440247002,128,1.0,52.86596440247002
Candidate_027,11.1001,Network and System Administration/Administrator.,52.86596440247002,1,5,52.86596440247002,52.86596440247002,129,1.0,52.86596440247002
Candidate_027,11.1002,"System, Networking, and LAN/WAN Management/Manager.",52.86596440247002,1,5,52.86596440247002,52.86596440247002,130,1.0,52.86596440247002
Candidate_027,11.1003,Computer and Information Systems Security/Auditing/Information Assurance.,52.86596440247002,1,5,52.86596440247002,52.86596440247002,131,1.0,52.86596440247002
Candidate_027,11.1005,Information Technology Project Management.,52.86596440247002,1,5,52.86596440247002,52.86596440247002,132,1.0,52.86596440247002
Candidate_027,15.1201,Computer Engineering Technology/Technician.,52.86596440247002,1,5,52.86596440247002,52.86596440247002,133,1.0,52.86596440247002
Candidate_027,15.1202,Computer/Computer Systems Technology/Technician.,52.86596440247002,1,5,52.86596440247002,52.86596440247002,134,1.0,52.86596440247002
Candidate_027,43.0403,Cyber/Computer Forensics and Counterterrorism.,52.86596440247002,1,5,52.86596440247002,52.86596440247002,135,1.0,52.86596440247002
Candidate_027,51.0723,Healthcare Information Privacy Assurance and Security.,52.86596440247002,1,5,52.86596440247002,52.86596440247002,136,1.0,52.86596440247002
Candidate_028,1.0106,Agricultural Business Technology/Technician.,54.25200509448901,2,1,54.67625899280575,59.677205603937914,1,1.1,59.677205603937914
Candidate_028,1.8201,"Veterinary Administrative Services, General.",54.25200509448901,2,1,54.67625899280575,59.677205603937914,2,1.1,59.677205603937914
Candidate_028,1.8202,Veterinary Office Management/Administration.,54.25200509448901,2,1,54.67625899280575,59.677205603937914,3,1.1,59.677205603937914
Candidate_028,1.8203,Veterinary Reception/Receptionist.,54.25200509448901,2,1,54.67625899280575,59.677205603937914,4,1.1,59.677205603937914
Candidate_028,1.8204,Veterinary Administrative/Executive Assistant and Veterinary Secretary.,54.25200509448901,2,1,54.67625899280575,59.677205603937914,5,1.1,59.677205603937914
Candidate_028,51.0705,Medical Office Management/Administration.,54.25200509448901,2,1,54.67625899280575,59.677205603937914,6,1.1,59.677205603937914
Candidate_028,51.0711,Medical/Health Management and Clinical Assistant/Specialist.,54.25200509448901,2,1,54.67625899280575,59.677205603937914,7,1.1,59.677205603937914
Candidate_028,51.0712,Medical Reception/Receptionist.,54.25200509448901,2,1,54.67625899280575,59.677205603937914,8,1.1,59.677205603937914
Candidate_028,52.0204,Office Management and Supervision.,54.25200509448901,2,1,54.67625899280575,59.677205603937914,9,1.1,59.677205603937914
Candidate_028,52.0207,Customer Service Management.,54.25200509448901,2,1,54.67625899280575,59.677205603937914,10,1.1,59.677205603937914
Candidate_028,52.0208,E-Commerce/Electronic Commerce.,54.25200509448901,2,1,54.67625899280575,59.677205603937914,11,1.1,59.677205603937914
Candidate_028,52.0401,"Administrative Assistant and Secretarial Science, General.",54.25200509448901,2,1,54.67625899280575,59.677205603937914,12,1.1,59.677205603937914
Candidate_028,52.0402,Executive Assistant/Executive Secretary.,54.25200509448901,2,1,54.67625899280575,59.677205603937914,13,1.1,59.677205603937914
Candidate_028,11.0103,Information Technology.,53.344935928741435,2,3,53.82390745501285,58.67942952161558,14,1.1,58.67942952161558
Candidate_028,11.0104,Informatics.,53.344935928741435,2,3,53.82390745501285,58.67942952161558,15,1.1,58.67942952161558
Candidate_028,11.0201,"Computer Programming/Programmer, General.",53.344935928741435,2,3,53.82390745501285,58.67942952161558,16,1.1,58.67942952161558
Candidate_028,11.0202,"Computer Programming, Specific Applications.",53.344935928741435,2,3,53.82390745501285,58.67942952161558,17,1.1,58.67942952161558
Candidate_028,11.0203,"Computer Programming, Vendor/Product Certification.",53.344935928741435,2,3,53.82390745501285,58.67942952161558,18,1.1,58.67942952161558
Candidate_028,11.0204,Computer Game Programming.,53.344935928741435,2,3,53.82390745501285,58.67942952161558,19,1.1,58.67942952161558
Candidate_028,11.0205,"Computer Programming, Specific Platforms.",53.344935928741435,2,3,53.82390745501285,58.67942952161558,20,1.1,58.67942952161558
Candidate_028,11.0701,Computer Science.,53.344935928741435,2,3,53.82390745501285,58.67942952161558,21,1.1,58.67942952161558
Candidate_028,14.0901,"Computer Engineering, General.",53.344935928741435,2,3,53.82390745501285,58.67942952161558,22,1.1,58.67942952161558
Candidate_028,14.0903,Computer Software Engineering.,53.344935928741435,2,3,53.82390745501285,58.67942952161558,23,1.1,58.67942952161558
Candidate_028,15.1204,Computer Software Technology/Technician.,53.344935928741435,2,3,53.82390745501285,58.67942952161558,24,1.1,58.67942952161558
Candidate_028,11.0102,Artificial Intelligence.,53.82390745501285,1,3,53.82390745501285,53.82390745501285,25,1.0,53.82390745501285
Candidate_028,11.0401,Information Science/Studies.,53.82390745501285,1,3,53.82390745501285,53.82390745501285,26,1.0,53.82390745501285
Candidate_028,11.0804,"Modeling, Virtual Environments and Simulation.",53.82390745501285,1,3,53.82390745501285,53.82390745501285,27,1.0,53.82390745501285
Candidate_028,11.0902,Cloud Computing.,53.82390745501285,1,3,53.82390745501285,53.82390745501285,28,1.0,53.82390745501285
Candidate_028,30.0801,Mathematics and Computer Science.,53.82390745501285,1,3,53.82390745501285,53.82390745501285,29,1.0,53.82390745501285
Candidate_028,30.1601,Accounting and Computer Science.,53.82390745501285,1,3,53.82390745501285,53.82390745501285,30,1.0,53.82390745501285
Candidate_028,30.3901,Economics and Computer Science.,53.82390745501285,1,3,53.82390745501285,53.82390745501285,31,1.0,53.82390745501285
Candidate_028,30.4801,Linguistics and Computer Science.,53.82390745501285,1,3,53.82390745501285,53.82390745501285,32,1.0,53.82390745501285
Candidate_028,30.7001,"Data Science, General.",53.82390745501285,1,3,53.82390745501285,53.82390745501285,33,1.0,53.82390745501285
Candidate_028,13.0201,Bilingual and Multilingual Education.,53.65105908584169,1,4,53.65105908584169,53.65105908584169,34,1.0,53.65105908584169
Candidate_028,13.1203,Junior High/Intermediate/Middle School Education and Teaching.,53.65105908584169,1,4,53.65105908584169,53.65105908584169,35,1.0,53.65105908584169
Candidate_028,13.1205,Secondary Education and Teaching.,53.65105908584169,1,4,53.65105908584169,53.65105908584169,36,1.0,53.65105908584169
Candidate_028,13.1206,"Teacher Education, Multiple Levels.",53.65105908584169,1,4,53.65105908584169,53.65105908584169,37,1.0,53.65105908584169
Candidate_028,13.1207,Montessori Teacher Education.,53.65105908584169,1,4,53.65105908584169,53.65105908584169,38,1.0,53.65105908584169
Candidate_028,13.1208,Waldorf/Steiner Teacher Education.,53.65105908584169,1,4,53.65105908584169,53.65105908584169,39,1.0,53.65105908584169
Candidate_028,13.1211,Online Educator/Online Teaching.,53.65105908584169,1,4,53.65105908584169,53.65105908584169,40,1.0,53.65105908584169
Candidate_028,13.1212,International Teaching and Learning.,53.65105908584169,1,4,53.65105908584169,53.65105908584169,41,1.0,53.65105908584169
Candidate_028,13.1213,"Science, Technology, Engineering, and Mathematics (STEM) Educational Methods.",53.65105908584169,1,4,53.65105908584169,53.65105908584169,42,1.0,53.65105908584169
Candidate_028,13.1302,Art Teacher Education.,53.65105908584169,1,4,53.65105908584169,53.65105908584169,43,1.0,53.65105908584169
Candidate_028,13.1304,Driver and Safety Teacher Education.,53.65105908584169,1,4,53.65105908584169,53.65105908584169,44,1.0,53.65105908584169
Candidate_028,13.1305,English/Language Arts Teacher Education.,53.65105908584169,1,4,53.65105908584169,53.65105908584169,45,1.0,53.65105908584169
Candidate_028,13.1306,Foreign Language Teacher  Education.,53.65105908584169,1,4,53.65105908584169,53.65105908584169,46,1.0,53.65105908584169
Candidate_028,13.1307,Health Teacher Education.,53.65105908584169,1,4,53.65105908584169,53.65105908584169,47,1.0,53.65105908584169
Candidate_028,13.1308,Family and Consumer Sciences/Home Economics Teacher Education.,53.65105908584169,1,4,53.65105908584169,53.65105908584169,48,1.0,53.65105908584169
Candidate_028,13.1309,Technology Teacher Education/Industrial Arts Teacher Education.,53.65105908584169,1,4,53.65105908584169,53.65105908584169,49,1.0,53.65105908584169
Candidate_028,13.1311,Mathematics Teacher Education.,53.65105908584169,1,4,53.65105908584169,53.65105908584169,50,1.0,53.65105908584169
Candidate_028,13.1312,Music Teacher Education.,53.65105908584169,1,4,53.65105908584169,53.65105908584169,51,1.0,53.65105908584169
Candidate_028,13.1314,Physical Education Teaching and Coaching.,53.65105908584169,1,4,53.65105908584169,53.65105908584169,52,1.0,53.65105908584169
Candidate_028,13.1315,Reading Teacher Education.,53.65105908584169,1,4,53.65105908584169,53.65105908584169,53,1.0,53.65105908584169
Candidate_028,13.1316,Science Teacher Education/General Science Teacher Education.,53.65105908584169,1,4,53.65105908584169,53.65105908584169,54,1.0,53.65105908584169
Candidate_028,13.1317,Social Science Teacher Education.,53.65105908584169,1,4,53.65105908584169,53.65105908584169,55,1.0,53.65105908584169
Candidate_028,13.1318,Social Studies Teacher Education.,53.65105908584169,1,4,53.65105908584169,53.65105908584169,56,1.0,53.65105908584169
Candidate_028,13.1321,Computer Teacher Education.,53.65105908584169,1,4,53.65105908584169,53.65105908584169,57,1.0,53.65105908584169
Candidate_028,13.1322,Biology Teacher Education.,53.65105908584169,1,4,53.65105908584169,53.65105908584169,58,1.0,53.65105908584169
Candidate_028,13.1323,Chemistry Teacher Education.,53.65105908584169,1,4,53.65105908584169,53.65105908584169,59,1.0,53.65105908584169
Candidate_028,13.1324,Drama and Dance Teacher Education.,53.65105908584169,1,4,53.65105908584169,53.65105908584169,60,1.0,53.65105908584169
Candidate_028,13.1325,French Language Teacher Education.,53.65105908584169,1,4,53.65105908584169,53.65105908584169,61,1.0,53.65105908584169
Candidate_028,13.1326,German Language Teacher Education.,53.65105908584169,1,4,53.65105908584169,53.65105908584169,62,1.0,53.65105908584169
Candidate_028,13.1328,History Teacher Education.,53.65105908584169,1,4,53.65105908584169,53.65105908584169,63,1.0,53.65105908584169
Candidate_028,13.1329,Physics Teacher Education.,53.65105908584169,1,4,53.65105908584169,53.65105908584169,64,1.0,53.65105908584169
Candidate_028,13.133,Spanish Language Teacher Education.,53.65105908584169,1,4,53.65105908584169,53.65105908584169,65,1.0,53.65105908584169
Candidate_028,13.1331,Speech Teacher Education.,53.65105908584169,1,4,53.65105908584169,53.65105908584169,66,1.0,53.65105908584169
Candidate_028,13.1332,Geography Teacher Education.,53.65105908584169,1,4,53.65105908584169,53.65105908584169,67,1.0,53.65105908584169
Candidate_028,13.1333,Latin Teacher Education.,53.65105908584169,1,4,53.65105908584169,53.65105908584169,68,1.0,53.65105908584169
Candidate_028,13.1335,Psychology Teacher Education.,53.65105908584169,1,4,53.65105908584169,53.65105908584169,69,1.0,53.65105908584169
Candidate_028,13.1337,Earth Science Teacher Education.,53.65105908584169,1,4,53.65105908584169,53.65105908584169,70,1.0,53.65105908584169
Candidate_028,13.1338,Environmental Education.,53.65105908584169,1,4,53.65105908584169,53.65105908584169,71,1.0,53.65105908584169
Candidate_028,13.1339,Communication Arts and Literature Teacher Education.,53.65105908584169,1,4,53.65105908584169,53.65105908584169,72,1.0,53.65105908584169
Candidate_028,13.1401,Teaching English as a Second or Foreign Language/ESL Language Instructor.,53.65105908584169,1,4,53.65105908584169,53.65105908584169,73,1.0,53.65105908584169
Candidate_028,13.1402,Teaching French as a Second or Foreign Language.,53.65105908584169,1,4,53.65105908584169,53.65105908584169,74,1.0,53.65105908584169
Candidate_028,13.1499,"Teaching English or French as a Second or Foreign Language, Other.",53.65105908584169,1,4,53.65105908584169,53.65105908584169,75,1.0,53.65105908584169
Candidate_028,16.0101,"Foreign Languages and Literatures, General.",53.65105908584169,1,4,53.65105908584169,53.65105908584169,76,1.0,53.65105908584169
Candidate_028,16.03,"East Asian Languages, Literatures, and Linguistics, General.",53.65105908584169,1,4,53.65105908584169,53.65105908584169,77,1.0,53.65105908584169
Candidate_028,16.0301,Chinese Language and Literature.,53.65105908584169,1,4,53.65105908584169,53.65105908584169,78,1.0,53.65105908584169
Candidate_028,16.0302,Japanese Language and Literature.,53.65105908584169,1,4,53.65105908584169,53.65105908584169,79,1.0,53.65105908584169
Candidate_028,16.0303,Korean Language and Literature.,53.65105908584169,1,4,53.65105908584169,53.65105908584169,80,1.0,53.65105908584169
Candidate_028,16.0399,"East Asian Languages, Literatures, and Linguistics, Other.",53.65105908584169,1,4,53.65105908584169,53.65105908584169,81,1.0,53.65105908584169
Candidate_028,16.0402,Russian Language and Literature.,53.65105908584169,1,4,53.65105908584169,53.65105908584169,82,1.0,53.65105908584169
Candidate_028,16.05,"Germanic Languages, Literatures, and Linguistics, General.",53.65105908584169,1,4,53.65105908584169,53.65105908584169,83,1.0,53.65105908584169
Candidate_028,16.0501,German Language and Literature.,53.65105908584169,1,4,53.65105908584169,53.65105908584169,84,1.0,53.65105908584169
Candidate_028,16.0599,"Germanic Languages, Literatures, and Linguistics, Other.",53.65105908584169,1,4,53.65105908584169,53.65105908584169,85,1.0,53.65105908584169
Candidate_028,16.09,"Romance Languages, Literatures, and Linguistics, General.",53.65105908584169,1,4,53.65105908584169,53.65105908584169,86,1.0,53.65105908584169
Candidate_028,16.0901,French Language and Literature.,53.65105908584169,1,4,53.65105908584169,53.65105908584169,87,1.0,53.65105908584169
Candidate_028,16.0902,Italian Language and Literature.,53.65105908584169,1,4,53.65105908584169,53.65105908584169,88,1.0,53.65105908584169
Candidate_028,16.0905,Spanish Language and Literature.,53.65105908584169,1,4,53.65105908584169,53.65105908584169,89,1.0,53.65105908584169
Candidate_028,16.0999,"Romance Languages, Literatures, and Linguistics, Other.",53.65105908584169,1,4,53.65105908584169,53.65105908584169,90,1.0,53.65105908584169
Candidate_028,16.1001,"American Indian/Native American Languages, Literatures, and Linguistics.",53.65105908584169,1,4,53.65105908584169,53.65105908584169,91,1.0,53.65105908584169
Candidate_028,16.1101,Arabic Language and Literature.,53.65105908584169,1,4,53.65105908584169,53.65105908584169,92,1.0,53.65105908584169
Candidate_028,16.1102,Hebrew Language and Literature.,53.65105908584169,1,4,53.65105908584169,53.65105908584169,93,1.0,53.65105908584169
Candidate_028,16.12,"Classics and Classical Languages, Literatures, and Linguistics, General.",53.65105908584169,1,4,53.65105908584169,53.65105908584169,94,1.0,53.65105908584169
Candidate_028,16.1202,Ancient/Classical Greek Language and Literature.,53.65105908584169,1,4,53.65105908584169,53.65105908584169,95,1.0,53.65105908584169
Candidate_028,16.1203,Latin Language and Literature.,53.65105908584169,1,4,53.65105908584169,53.65105908584169,96,1.0,53.65105908584169
Candidate_028,16.1299,"Classics and Classical Languages, Literatures, and Linguistics, Other.",53.65105908584169,1,4,53.65105908584169,53.65105908584169,97,1.0,53.65105908584169
Candidate_028,16.1409,Hawaiian Language and Literature.,53.65105908584169,1,4,53.65105908584169,53.65105908584169,98,1.0,53.65105908584169
Candidate_028,16.1499,"Southeast Asian and Australasian/Pacific Languages, Literatures, and Linguistics, Other.",53.65105908584169,1,4,53.65105908584169,53.65105908584169,99,1.0,53.65105908584169
Candidate_028,16.1601,American Sign Language (ASL).,53.65105908584169,1,4,53.65105908584169,53.65105908584169,100,1.0,53.65105908584169
Candidate_028,16.1602,Linguistics of ASL and Other Sign Languages.,53.65105908584169,1,4,53.65105908584169,53.65105908584169,101,1.0,53.65105908584169
Candidate_028,16.9999,"Foreign Languages, Literatures, and Linguistics, Other.",53.65105908584169,1,4,53.65105908584169,53.65105908584169,102,1.0,53.65105908584169
Candidate_028,19.0101,"Family and Consumer Sciences/Human Sciences, General.",53.65105908584169,1,4,53.65105908584169,53.65105908584169,103,1.0,53.65105908584169
Candidate_028,23.0101,"English Language and Literature, General.",53.65105908584169,1,4,53.65105908584169,53.65105908584169,104,1.0,53.65105908584169
Candidate_028,26.0101,"Biology/Biological Sciences, General.",53.65105908584169,1,4,53.65105908584169,53.65105908584169,105,1.0,53.65105908584169
Candidate_028,27.0101,"Mathematics, General.",53.65105908584169,1,4,53.65105908584169,53.65105908584169,106,1.0,53.65105908584169
Candidate_028,30.0101,Biological and Physical Sciences.,53.65105908584169,1,4,53.65105908584169,53.65105908584169,107,1.0,53.65105908584169
Candidate_028,30.3601,Cultural Studies and Comparative Literature.,53.65105908584169,1,4,53.65105908584169,53.65105908584169,108,1.0,53.65105908584169
Candidate_028,30.3801,Earth Systems Science.,53.65105908584169,1,4,53.65105908584169,53.65105908584169,109,1.0,53.65105908584169
Candidate_028,30.4101,Environmental Geosciences.,53.65105908584169,1,4,53.65105908584169,53.65105908584169,110,1.0,53.65105908584169
Candidate_028,30.4501,History and Language/Literature.,53.65105908584169,1,4,53.65105908584169,53.65105908584169,111,1.0,53.65105908584169
Candidate_028,40.0101,"Physical Sciences, General.",53.65105908584169,1,4,53.65105908584169,53.65105908584169,112,1.0,53.65105908584169
Candidate_028,40.0501,"Chemistry, General.",53.65105908584169,1,4,53.65105908584169,53.65105908584169,113,1.0,53.65105908584169
Candidate_028,40.0801,"Physics, General.",53.65105908584169,1,4,53.65105908584169,53.65105908584169,114,1.0,53.65105908584169
Candidate_028,45.0101,"Social Sciences, General.",53.65105908584169,1,4,53.65105908584169,53.65105908584169,115,1.0,53.65105908584169
Candidate_028,45.0199,"Social Sciences, Other.",53.65105908584169,1,4,53.65105908584169,53.65105908584169,116,1.0,53.65105908584169
Candidate_028,45.0601,"Economics, General.",53.65105908584169,1,4,53.65105908584169,53.65105908584169,117,1.0,53.65105908584169
Candidate_028,45.1001,"Political Science and Government, General.",53.65105908584169,1,4,53.65105908584169,53.65105908584169,118,1.0,53.65105908584169
Candidate_028,45.1002,American Government and Politics (United States).,53.65105908584169,1,4,53.65105908584169,53.65105908584169,119,1.0,53.65105908584169
Candidate_028,45.1003,Canadian Government and Politics.,53.65105908584169,1,4,53.65105908584169,53.65105908584169,120,1.0,53.65105908584169
Candidate_028,45.1099,"Political Science and Government, Other.",53.65105908584169,1,4,53.65105908584169,53.65105908584169,121,1.0,53.65105908584169
Candidate_028,50.0701,"Art/Art Studies, General.",53.65105908584169,1,4,53.65105908584169,53.65105908584169,122,1.0,53.65105908584169
Candidate_028,50.0901,"Music, General.",53.65105908584169,1,4,53.65105908584169,53.65105908584169,123,1.0,53.65105908584169
Candidate_028,54.0101,"History, General.",53.65105908584169,1,4,53.65105908584169,53.65105908584169,124,1.0,53.65105908584169
Candidate_028,54.0102,American  History (United States).,53.65105908584169,1,4,53.65105908584169,53.65105908584169,125,1.0,53.65105908584169
Candidate_028,11.0101,"Computer and Information Sciences, General.",52.86596440247002,1,5,52.86596440247002,52.86596440247002,126,1.0,52.86596440247002
Candidate_028,11.0501,Computer Systems Analysis/Analyst.,52.86596440247002,1,5,52.86596440247002,52.86596440247002,127,1.0,52.86596440247002
Candidate_028,11.0901,Computer Systems Networking and Telecommunications.,52.86596440247002,1,5,52.86596440247002,52.86596440247002,128,1.0,52.86596440247002
Candidate_028,11.1001,Network and System Administration/Administrator.,52.86596440247002,1,5,52.86596440247002,52.86596440247002,129,1.0,52.86596440247002
Candidate_028,11.1002,"System, Networking, and LAN/WAN Management/Manager.",52.86596440247002,1,5,52.86596440247002,52.86596440247002,130,1.0,52.86596440247002
Candidate_028,11.1003,Computer and Information Systems Security/Auditing/Information Assurance.,52.86596440247002,1,5,52.86596440247002,52.86596440247002,131,1.0,52.86596440247002
Candidate_028,11.1005,Information Technology Project Management.,52.86596440247002,1,5,52.86596440247002,52.86596440247002,132,1.0,52.86596440247002
Candidate_028,15.1201,Computer Engineering Technology/Technician.,52.86596440247002,1,5,52.86596440247002,52.86596440247002,133,1.0,52.86596440247002
Candidate_028,15.1202,Computer/Computer Systems Technology/Technician.,52.86596440247002,1,5,52.86596440247002,52.86596440247002,134,1.0,52.86596440247002
Candidate_028,43.0403,Cyber/Computer Forensics and Counterterrorism.,52.86596440247002,1,5,52.86596440247002,52.86596440247002,135,1.0,52.86596440247002
Candidate_028,51.0723,Healthcare Information Privacy Assurance and Security.,52.86596440247002,1,5,52.86596440247002,52.86596440247002,136,1.0,52.86596440247002
Candidate_029,12.05,"Cooking and Related Culinary Arts, General.",100.00000000000003,1,1,100.00000000000003,100.0,1,1.0,100.0
Candidate_029,12.0503,Culinary Arts/Chef Training.,100.00000000000003,1,1,100.00000000000003,100.0,2,1.0,100.0
Candidate_029,12.0504,"Restaurant, Culinary, and Catering Management/Manager.",100.00000000000003,1,1,100.00000000000003,100.0,3,1.0,100.0
Candidate_029,12.0507,"Food Service, Waiter/Waitress, and Dining Room Management/Manager.",100.00000000000003,1,1,100.00000000000003,100.0,4,1.0,100.0
Candidate_029,19.0505,Foodservice Systems Administration/Management.,100.00000000000003,1,1,100.00000000000003,100.0,5,1.0,100.0
Candidate_029,52.0401,"Administrative Assistant and Secretarial Science, General.",100.00000000000003,1,1,100.00000000000003,100.0,6,1.0,100.0
Candidate_029,52.0402,Executive Assistant/Executive Secretary.,100.00000000000003,1,1,100.00000000000003,100.0,7,1.0,100.0
Candidate_029,49.0205,Truck and Bus Driver/Commercial Vehicle Operator and Instructor.,100.0,1,2,100.0,100.0,8,1.0,100.0
Candidate_029,51.2601,Health Aide.,100.0,1,2,100.0,100.0,9,1.0,100.0
Candidate_029,51.3902,Nursing Assistant/Aide and Patient Care Assistant/Aide.,100.0,1,2,100.0,100.0,10,1.0,100.0
Candidate_029,51.3999,"Practical Nursing, Vocational Nursing and Nursing Assistants, Other.",100.0,1,2,100.0,100.0,11,1.0,100.0
Candidate_029,52.0302,Accounting Technology/Technician and Bookkeeping.,100.0,1,2,100.0,100.0,12,1.0,100.0
Candidate_030,1.0106,Agricultural Business Technology/Technician.,54.25200509448901,2,1,54.67625899280575,59.677205603937914,1,1.1,59.677205603937914
Candidate_030,1.8201,"Veterinary Administrative Services, General.",54.25200509448901,2,1,54.67625899280575,59.677205603937914,2,1.1,59.677205603937914
Candidate_030,1.8202,Veterinary Office Management/Administration.,54.25200509448901,2,1,54.67625899280575,59.677205603937914,3,1.1,59.677205603937914
Candidate_030,1.8203,Veterinary Reception/Receptionist.,54.25200509448901,2,1,54.67625899280575,59.677205603937914,4,1.1,59.677205603937914
Candidate_030,1.8204,Veterinary Administrative/Executive Assistant and Veterinary Secretary.,54.25200509448901,2,1,54.67625899280575,59.677205603937914,5,1.1,59.677205603937914
Candidate_030,51.0705,Medical Office Management/Administration.,54.25200509448901,2,1,54.67625899280575,59.677205603937914,6,1.1,59.677205603937914
Candidate_030,51.0711,Medical/Health Management and Clinical Assistant/Specialist.,54.25200509448901,2,1,54.67625899280575,59.677205603937914,7,1.1,59.677205603937914
Candidate_030,51.0712,Medical Reception/Receptionist.,54.25200509448901,2,1,54.67625899280575,59.677205603937914,8,1.1,59.677205603937914
Candidate_030,52.0204,Office Management and Supervision.,54.25200509448901,2,1,54.67625899280575,59.677205603937914,9,1.1,59.677205603937914
Candidate_030,52.0207,Customer Service Management.,54.25200509448901,2,1,54.67625899280575,59.677205603937914,10,1.1,59.677205603937914
Candidate_030,52.0208,E-Commerce/Electronic Commerce.,54.25200509448901,2,1,54.67625899280575,59.677205603937914,11,1.1,59.677205603937914
Candidate_030,52.0401,"Administrative Assistant and Secretarial Science, General.",54.25200509448901,2,1,54.67625899280575,59.677205603937914,12,1.1,59.677205603937914
Candidate_030,52.0402,Executive Assistant/Executive Secretary.,54.25200509448901,2,1,54.67625899280575,59.677205603937914,13,1.1,59.677205603937914
Candidate_030,11.0103,Information Technology.,53.344935928741435,2,3,53.82390745501285,58.67942952161558,14,1.1,58.67942952161558
Candidate_030,11.0104,Informatics.,53.344935928741435,2,3,53.82390745501285,58.67942952161558,15,1.1,58.67942952161558
Candidate_030,11.0201,"Computer Programming/Programmer, General.",53.344935928741435,2,3,53.82390745501285,58.67942952161558,16,1.1,58.67942952161558
Candidate_030,11.0202,"Computer Programming, Specific Applications.",53.344935928741435,2,3,53.82390745501285,58.67942952161558,17,1.1,58.67942952161558
Candidate_030,11.0203,"Computer Programming, Vendor/Product Certification.",53.344935928741435,2,3,53.82390745501285,58.67942952161558,18,1.1,58.67942952161558
Candidate_030,11.0204,Computer Game Programming.,53.344935928741435,2,3,53.82390745501285,58.67942952161558,19,1.1,58.67942952161558
Candidate_030,11.0205,"Computer Programming, Specific Platforms.",53.344935928741435,2,3,53.82390745501285,58.67942952161558,20,1.1,58.67942952161558
Candidate_030,11.0701,Computer Science.,53.344935928741435,2,3,53.82390745501285,58.67942952161558,21,1.1,58.67942952161558
Candidate_030,14.0901,"Computer Engineering, General.",53.344935928741435,2,3,53.82390745501285,58.67942952161558,22,1.1,58.67942952161558
Candidate_030,14.0903,Computer Software Engineering.,53.344935928741435,2,3,53.82390745501285,58.67942952161558,23,1.1,58.67942952161558
Candidate_030,15.1204,Computer Software Technology/Technician.,53.344935928741435,2,3,53.82390745501285,58.67942952161558,24,1.1,58.67942952161558
Candidate_030,11.0102,Artificial Intelligence.,53.82390745501285,1,3,53.82390745501285,53.82390745501285,25,1.0,53.82390745501285
Candidate_030,11.0401,Information Science/Studies.,53.82390745501285,1,3,53.82390745501285,53.82390745501285,26,1.0,53.82390745501285
Candidate_030,11.0804,"Modeling, Virtual Environments and Simulation.",53.82390745501285,1,3,53.82390745501285,53.82390745501285,27,1.0,53.82390745501285
Candidate_030,11.0902,Cloud Computing.,53.82390745501285,1,3,53.82390745501285,53.82390745501285,28,1.0,53.82390745501285
Candidate_030,30.0801,Mathematics and Computer Science.,53.82390745501285,1,3,53.82390745501285,53.82390745501285,29,1.0,53.82390745501285
Candidate_030,30.1601,Accounting and Computer Science.,53.82390745501285,1,3,53.82390745501285,53.82390745501285,30,1.0,53.82390745501285
Candidate_030,30.3901,Economics and Computer Science.,53.82390745501285,1,3,53.82390745501285,53.82390745501285,31,1.0,53.82390745501285
Candidate_030,30.4801,Linguistics and Computer Science.,53.82390745501285,1,3,53.82390745501285,53.82390745501285,32,1.0,53.82390745501285
Candidate_030,30.7001,"Data Science, General.",53.82390745501285,1,3,53.82390745501285,53.82390745501285,33,1.0,53.82390745501285
Candidate_030,13.0201,Bilingual and Multilingual Education.,53.65105908584169,1,4,53.65105908584169,53.65105908584169,34,1.0,53.65105908584169
Candidate_030,13.1203,Junior High/Intermediate/Middle School Education and Teaching.,53.65105908584169,1,4,53.65105908584169,53.65105908584169,35,1.0,53.65105908584169
Candidate_030,13.1205,Secondary Education and Teaching.,53.65105908584169,1,4,53.65105908584169,53.65105908584169,36,1.0,53.65105908584169
Candidate_030,13.1206,"Teacher Education, Multiple Levels.",53.65105908584169,1,4,53.65105908584169,53.65105908584169,37,1.0,53.65105908584169
Candidate_030,13.1207,Montessori Teacher Education.,53.65105908584169,1,4,53.65105908584169,53.65105908584169,38,1.0,53.65105908584169
Candidate_030,13.1208,Waldorf/Steiner Teacher Education.,53.65105908584169,1,4,53.65105908584169,53.65105908584169,39,1.0,53.65105908584169
Candidate_030,13.1211,Online Educator/Online Teaching.,53.65105908584169,1,4,53.65105908584169,53.65105908584169,40,1.0,53.65105908584169
Candidate_030,13.1212,International Teaching and Learning.,53.65105908584169,1,4,53.65105908584169,53.65105908584169,41,1.0,53.65105908584169
Candidate_030,13.1213,"Science, Technology, Engineering, and Mathematics (STEM) Educational Methods.",53.65105908584169,1,4,53.65105908584169,53.65105908584169,42,1.0,53.65105908584169
Candidate_030,13.1302,Art Teacher Education.,53.65105908584169,1,4,53.65105908584169,53.65105908584169,43,1.0,53.65105908584169
Candidate_030,13.1304,Driver and Safety Teacher Education.,53.65105908584169,1,4,53.65105908584169,53.65105908584169,44,1.0,53.65105908584169
Candidate_030,13.1305,English/Language Arts Teacher Education.,53.65105908584169,1,4,53.65105908584169,53.65105908584169,45,1.0,53.65105908584169
Candidate_030,13.1306,Foreign Language Teacher  Education.,53.65105908584169,1,4,53.65105908584169,53.65105908584169,46,1.0,53.65105908584169
Candidate_030,13.1307,Health Teacher Education.,53.65105908584169,1,4,53.65105908584169,53.65105908584169,47,1.0,53.65105908584169
Candidate_030,13.1308,Family and Consumer Sciences/Home Economics Teacher Education.,53.65105908584169,1,4,53.65105908584169,53.65105908584169,48,1.0,53.65105908584169
Candidate_030,13.1309,Technology Teacher Education/Industrial Arts Teacher Education.,53.65105908584169,1,4,53.65105908584169,53.65105908584169,49,1.0,53.65105908584169
Candidate_030,13.1311,Mathematics Teacher Education.,53.65105908584169,1,4,53.65105908584169,53.65105908584169,50,1.0,53.65105908584169
Candidate_030,13.1312,Music Teacher Education.,53.65105908584169,1,4,53.65105908584169,53.65105908584169,51,1.0,53.65105908584169
Candidate_030,13.1314,Physical Education Teaching and Coaching.,53.65105908584169,1,4,53.65105908584169,53.65105908584169,52,1.0,53.65105908584169
Candidate_030,13.1315,Reading Teacher Education.,53.65105908584169,1,4,53.65105908584169,53.65105908584169,53,1.0,53.65105908584169
Candidate_030,13.1316,Science Teacher Education/General Science Teacher Education.,53.65105908584169,1,4,53.65105908584169,53.65105908584169,54,1.0,53.65105908584169
Candidate_030,13.1317,Social Science Teacher Education.,53.65105908584169,1,4,53.65105908584169,53.65105908584169,55,1.0,53.65105908584169
Candidate_030,13.1318,Social Studies Teacher Education.,53.65105908584169,1,4,53.65105908584169,53.65105908584169,56,1.0,53.65105908584169
Candidate_030,13.1321,Computer Teacher Education.,53.65105908584169,1,4,53.65105908584169,53.65105908584169,57,1.0,53.65105908584169
Candidate_030,13.1322,Biology Teacher Education.,53.65105908584169,1,4,53.65105908584169,53.65105908584169,58,1.0,53.65105908584169
Candidate_030,13.1323,Chemistry Teacher Education.,53.65105908584169,1,4,53.65105908584169,53.65105908584169,59,1.0,53.65105908584169
Candidate_030,13.1324,Drama and Dance Teacher Education.,53.65105908584169,1,4,53.65105908584169,53.65105908584169,60,1.0,53.65105908584169
Candidate_030,13.1325,French Language Teacher Education.,53.65105908584169,1,4,53.65105908584169,53.65105908584169,61,1.0,53.65105908584169
Candidate_030,13.1326,German Language Teacher Education.,53.65105908584169,1,4,53.65105908584169,53.65105908584169,62,1.0,53.65105908584169
Candidate_030,13.1328,History Teacher Education.,53.65105908584169,1,4,53.65105908584169,53.65105908584169,63,1.0,53.65105908584169
Candidate_030,13.1329,Physics Teacher Education.,53.65105908584169,1,4,53.65105908584169,53.65105908584169,64,1.0,53.65105908584169
Candidate_030,13.133,Spanish Language Teacher Education.,53.65105908584169,1,4,53.65105908584169,53.65105908584169,65,1.0,53.65105908584169
Candidate_030,13.1331,Speech Teacher Education.,53.65105908584169,1,4,53.65105908584169,53.65105908584169,66,1.0,53.65105908584169
Candidate_030,13.1332,Geography Teacher Education.,53.65105908584169,1,4,53.65105908584169,53.65105908584169,67,1.0,53.65105908584169
Candidate_030,13.1333,Latin Teacher Education.,53.65105908584169,1,4,53.65105908584169,53.65105908584169,68,1.0,53.65105908584169
Candidate_030,13.1335,Psychology Teacher Education.,53.65105908584169,1,4,53.65105908584169,53.65105908584169,69,1.0,53.65105908584169
Candidate_030,13.1337,Earth Science Teacher Education.,53.65105908584169,1,4,53.65105908584169,53.65105908584169,70,1.0,53.65105908584169
Candidate_030,13.1338,Environmental Education.,53.65105908584169,1,4,53.65105908584169,53.65105908584169,71,1.0,53.65105908584169
Candidate_030,13.1339,Communication Arts and Literature Teacher Education.,53.65105908584169,1,4,53.65105908584169,53.65105908584169,72,1.0,53.65105908584169
Candidate_030,13.1401,Teaching English as a Second or Foreign Language/ESL Language Instructor.,53.65105908584169,1,4,53.65105908584169,53.65105908584169,73,1.0,53.65105908584169
Candidate_030,13.1402,Teaching French as a Second or Foreign Language.,53.65105908584169,1,4,53.65105908584169,53.65105908584169,74,1.0,53.65105908584169
Candidate_030,13.1499,"Teaching English or French as a Second or Foreign Language, Other.",53.65105908584169,1,4,53.65105908584169,53.65105908584169,75,1.0,53.65105908584169
Candidate_030,16.0101,"Foreign Languages and Literatures, General.",53.65105908584169,1,4,53.65105908584169,53.65105908584169,76,1.0,53.65105908584169
Candidate_030,16.03,"East Asian Languages, Literatures, and Linguistics, General.",53.65105908584169,1,4,53.65105908584169,53.65105908584169,77,1.0,53.65105908584169
Candidate_030,16.0301,Chinese Language and Literature.,53.65105908584169,1,4,53.65105908584169,53.65105908584169,78,1.0,53.65105908584169
Candidate_030,16.0302,Japanese Language and Literature.,53.65105908584169,1,4,53.65105908584169,53.65105908584169,79,1.0,53.65105908584169
Candidate_030,16.0303,Korean Language and Literature.,53.65105908584169,1,4,53.65105908584169,53.65105908584169,80,1.0,53.65105908584169
Candidate_030,16.0399,"East Asian Languages, Literatures, and Linguistics, Other.",53.65105908584169,1,4,53.65105908584169,53.65105908584169,81,1.0,53.65105908584169
Candidate_030,16.0402,Russian Language and Literature.,53.65105908584169,1,4,53.65105908584169,53.65105908584169,82,1.0,53.65105908584169
Candidate_030,16.05,"Germanic Languages, Literatures, and Linguistics, General.",53.65105908584169,1,4,53.65105908584169,53.65105908584169,83,1.0,53.65105908584169
Candidate_030,16.0501,German Language and Literature.,53.65105908584169,1,4,53.65105908584169,53.65105908584169,84,1.0,53.65105908584169
Candidate_030,16.0599,"Germanic Languages, Literatures, and Linguistics, Other.",53.65105908584169,1,4,53.65105908584169,53.65105908584169,85,1.0,53.65105908584169
Candidate_030,16.09,"Romance Languages, Literatures, and Linguistics, General.",53.65105908584169,1,4,53.65105908584169,53.65105908584169,86,1.0,53.65105908584169
Candidate_030,16.0901,French Language and Literature.,53.65105908584169,1,4,53.65105908584169,53.65105908584169,87,1.0,53.65105908584169
Candidate_030,16.0902,Italian Language and Literature.,53.65105908584169,1,4,53.65105908584169,53.65105908584169,88,1.0,53.65105908584169
Candidate_030,16.0905,Spanish Language and Literature.,53.65105908584169,1,4,53.65105908584169,53.65105908584169,89,1.0,53.65105908584169
Candidate_030,16.0999,"Romance Languages, Literatures, and Linguistics, Other.",53.65105908584169,1,4,53.65105908584169,53.65105908584169,90,1.0,53.65105908584169
Candidate_030,16.1001,"American Indian/Native American Languages, Literatures, and Linguistics.",53.65105908584169,1,4,53.65105908584169,53.65105908584169,91,1.0,53.65105908584169
Candidate_030,16.1101,Arabic Language and Literature.,53.65105908584169,1,4,53.65105908584169,53.65105908584169,92,1.0,53.65105908584169
Candidate_030,16.1102,Hebrew Language and Literature.,53.65105908584169,1,4,53.65105908584169,53.65105908584169,93,1.0,53.65105908584169
Candidate_030,16.12,"Classics and Classical Languages, Literatures, and Linguistics, General.",53.65105908584169,1,4,53.65105908584169,53.65105908584169,94,1.0,53.65105908584169
Candidate_030,16.1202,Ancient/Classical Greek Language and Literature.,53.65105908584169,1,4,53.65105908584169,53.65105908584169,95,1.0,53.65105908584169
Candidate_030,16.1203,Latin Language and Literature.,53.65105908584169,1,4,53.65105908584169,53.65105908584169,96,1.0,53.65105908584169
Candidate_030,16.1299,"Classics and Classical Languages, Literatures, and Linguistics, Other.",53.65105908584169,1,4,53.65105908584169,53.65105908584169,97,1.0,53.65105908584169
Candidate_030,16.1409,Hawaiian Language and Literature.,53.65105908584169,1,4,53.65105908584169,53.65105908584169,98,1.0,53.65105908584169
Candidate_030,16.1499,"Southeast Asian and Australasian/Pacific Languages, Literatures, and Linguistics, Other.",53.65105908584169,1,4,53.65105908584169,53.65105908584169,99,1.0,53.65105908584169
Candidate_030,16.1601,American Sign Language (ASL).,53.65105908584169,1,4,53.65105908584169,53.65105908584169,100,1.0,53.65105908584169
Candidate_030,16.1602,Linguistics of ASL and Other Sign Languages.,53.65105908584169,1,4,53.65105908584169,53.65105908584169,101,1.0,53.65105908584169
Candidate_030,16.9999,"Foreign Languages, Literatures, and Linguistics, Other.",53.65105908584169,1,4,53.65105908584169,53.65105908584169,102,1.0,53.65105908584169
Candidate_030,19.0101,"Family and Consumer Sciences/Human Sciences, General.",53.65105908584169,1,4,53.65105908584169,53.65105908584169,103,1.0,53.65105908584169
Candidate_030,23.0101,"English Language and Literature, General.",53.65105908584169,1,4,53.65105908584169,53.65105908584169,104,1.0,53.65105908584169
Candidate_030,26.0101,"Biology/Biological Sciences, General.",53.65105908584169,1,4,53.65105908584169,53.65105908584169,105,1.0,53.65105908584169
Candidate_030,27.0101,"Mathematics, General.",53.65105908584169,1,4,53.65105908584169,53.65105908584169,106,1.0,53.65105908584169
Candidate_030,30.0101,Biological and Physical Sciences.,53.65105908584169,1,4,53.65105908584169,53.65105908584169,107,1.0,53.65105908584169
Candidate_030,30.3601,Cultural Studies and Comparative Literature.,53.65105908584169,1,4,53.65105908584169,53.65105908584169,108,1.0,53.65105908584169
Candidate_030,30.3801,Earth Systems Science.,53.65105908584169,1,4,53.65105908584169,53.65105908584169,109,1.0,53.65105908584169
Candidate_030,30.4101,Environmental Geosciences.,53.65105908584169,1,4,53.65105908584169,53.65105908584169,110,1.0,53.65105908584169
Candidate_030,30.4501,History and Language/Literature.,53.65105908584169,1,4,53.65105908584169,53.65105908584169,111,1.0,53.65105908584169
Candidate_030,40.0101,"Physical Sciences, General.",53.65105908584169,1,4,53.65105908584169,53.65105908584169,112,1.0,53.65105908584169
Candidate_030,40.0501,"Chemistry, General.",53.65105908584169,1,4,53.65105908584169,53.65105908584169,113,1.0,53.65105908584169
Candidate_030,40.0801,"Physics, General.",53.65105908584169,1,4,53.65105908584169,53.65105908584169,114,1.0,53.65105908584169
Candidate_030,45.0101,"Social Sciences, General.",53.65105908584169,1,4,53.65105908584169,53.65105908584169,115,1.0,53.65105908584169
Candidate_030,45.0199,"Social Sciences, Other.",53.65105908584169,1,4,53.65105908584169,53.65105908584169,116,1.0,53.65105908584169
Candidate_030,45.0601,"Economics, General.",53.65105908584169,1,4,53.65105908584169,53.65105908584169,117,1.0,53.65105908584169
Candidate_030,45.1001,"Political Science and Government, General.",53.65105908584169,1,4,53.65105908584169,53.65105908584169,118,1.0,53.65105908584169
Candidate_030,45.1002,American Government and Politics (United States).,53.65105908584169,1,4,53.65105908584169,53.65105908584169,119,1.0,53.65105908584169
Candidate_030,45.1003,Canadian Government and Politics.,53.65105908584169,1,4,53.65105908584169,53.65105908584169,120,1.0,53.65105908584169
Candidate_030,45.1099,"Political Science and Government, Other.",53.65105908584169,1,4,53.65105908584169,53.65105908584169,121,1.0,53.65105908584169
Candidate_030,50.0701,"Art/Art Studies, General.",53.65105908584169,1,4,53.65105908584169,53.65105908584169,122,1.0,53.65105908584169
Candidate_030,50.0901,"Music, General.",53.65105908584169,1,4,53.65105908584169,53.65105908584169,123,1.0,53.65105908584169
Candidate_030,54.0101,"History, General.",53.65105908584169,1,4,53.65105908584169,53.65105908584169,124,1.0,53.65105908584169
Candidate_030,54.0102,American  History (United States).,53.65105908584169,1,4,53.65105908584169,53.65105908584169,125,1.0,53.65105908584169
Candidate_030,11.0101,"Computer and Information Sciences, General.",52.86596440247002,1,5,52.86596440247002,52.86596440247002,126,1.0,52.86596440247002
Candidate_030,11.0501,Computer Systems Analysis/Analyst.,52.86596440247002,1,5,52.86596440247002,52.86596440247002,127,1.0,52.86596440247002
Candidate_030,11.0901,Computer Systems Networking and Telecommunications.,52.86596440247002,1,5,52.86596440247002,52.86596440247002,128,1.0,52.86596440247002
Candidate_030,11.1001,Network and System Administration/Administrator.,52.86596440247002,1,5,52.86596440247002,52.86596440247002,129,1.0,52.86596440247002
Candidate_030,11.1002,"System, Networking, and LAN/WAN Management/Manager.",52.86596440247002,1,5,52.86596440247002,52.86596440247002,130,1.0,52.86596440247002
Candidate_030,11.1003,Computer and Information Systems Security/Auditing/Information Assurance.,52.86596440247002,1,5,52.86596440247002,52.86596440247002,131,1.0,52.86596440247002
Candidate_030,11.1005,Information Technology Project Management.,52.86596440247002,1,5,52.86596440247002,52.86596440247002,132,1.0,52.86596440247002
Candidate_030,15.1201,Computer Engineering Technology/Technician.,52.86596440247002,1,5,52.86596440247002,52.86596440247002,133,1.0,52.86596440247002
Candidate_030,15.1202,Computer/Computer Systems Technology/Technician.,52.86596440247002,1,5,52.86596440247002,52.86596440247002,134,1.0,52.86596440247002
Candidate_030,43.0403,Cyber/Computer Forensics and Counterterrorism.,52.86596440247002,1,5,52.86596440247002,52.86596440247002,135,1.0,52.86596440247002
Candidate_030,51.0723,Healthcare Information Privacy Assurance and Security.,52.86596440247002,1,5,52.86596440247002,52.86596440247002,136,1.0,52.86596440247002
Candidate_031,52.0401,"Administrative Assistant and Secretarial Science, General.",85.8527419470077,3,1,86.15126050420167,100.0,1,1.2,100.0
Candidate_031,52.0402,Executive Assistant/Executive Secretary.,85.8527419470077,3,1,86.15126050420167,100.0,2,1.2,100.0
Candidate_031,1.0106,Agricultural Business Technology/Technician.,85.70348266841071,2,3,85.79545454545455,94.2738309352518,3,1.1,94.2738309352518
Candidate_031,1.8201,"Veterinary Administrative Services, General.",85.70348266841071,2,3,85.79545454545455,94.2738309352518,4,1.1,94.2738309352518
Candidate_031,1.8202,Veterinary Office Management/Administration.,85.70348266841071,2,3,85.79545454545455,94.2738309352518,5,1.1,94.2738309352518
Candidate_031,1.8203,Veterinary Reception/Receptionist.,85.70348266841071,2,3,85.79545454545455,94.2738309352518,6,1.1,94.2738309352518
Candidate_031,1.8204,Veterinary Administrative/Executive Assistant and Veterinary Secretary.,85.70348266841071,2,3,85.79545454545455,94.2738309352518,7,1.1,94.2738309352518
Candidate_031,51.0705,Medical Office Management/Administration.,85.70348266841071,2,3,85.79545454545455,94.2738309352518,8,1.1,94.2738309352518
Candidate_031,51.0711,Medical/Health Management and Clinical Assistant/Specialist.,85.70348266841071,2,3,85.79545454545455,94.2738309352518,9,1.1,94.2738309352518
Candidate_031,51.0712,Medical Reception/Receptionist.,85.70348266841071,2,3,85.79545454545455,94.2738309352518,10,1.1,94.2738309352518
Candidate_031,52.0204,Office Management and Supervision.,85.70348266841071,2,3,85.79545454545455,94.2738309352518,11,1.1,94.2738309352518
Candidate_031,52.0207,Customer Service Management.,85.70348266841071,2,3,85.79545454545455,94.2738309352518,12,1.1,94.2738309352518
Candidate_031,52.0208,E-Commerce/Electronic Commerce.,85.70348266841071,2,3,85.79545454545455,94.2738309352518,13,1.1,94.2738309352518
Candidate_032,12.05,"Cooking and Related Culinary Arts, General.",100.00000000000003,1,1,100.00000000000003,100.0,1,1.0,100.0
Candidate_032,12.0503,Culinary Arts/Chef Training.,100.00000000000003,1,1,100.00000000000003,100.0,2,1.0,100.0
Candidate_032,12.0504,"Restaurant, Culinary, and Catering Management/Manager.",100.00000000000003,1,1,100.00000000000003,100.0,3,1.0,100.0
Candidate_032,12.0507,"Food Service, Waiter/Waitress, and Dining Room Management/Manager.",100.00000000000003,1,1,100.00000000000003,100.0,4,1.0,100.0
Candidate_032,19.0505,Foodservice Systems Administration/Management.,100.00000000000003,1,1,100.00000000000003,100.0,5,1.0,100.0
Candidate_032,52.0401,"Administrative Assistant and Secretarial Science, General.",100.00000000000003,1,1,100.00000000000003,100.0,6,1.0,100.0
Candidate_032,52.0402,Executive Assistant/Executive Secretary.,100.00000000000003,1,1,100.00000000000003,100.0,7,1.0,100.0
Candidate_032,49.0205,Truck and Bus Driver/Commercial Vehicle Operator and Instructor.,100.0,1,2,100.0,100.0,8,1.0,100.0
Candidate_032,51.2601,Health Aide.,100.0,1,2,100.0,100.0,9,1.0,100.0
Candidate_032,51.3902,Nursing Assistant/Aide and Patient Care Assistant/Aide.,100.0,1,2,100.0,100.0,10,1.0,100.0
Candidate_032,51.3999,"Practical Nursing, Vocational Nursing and Nursing Assistants, Other.",100.0,1,2,100.0,100.0,11,1.0,100.0
Candidate_032,52.0302,Accounting Technology/Technician and Bookkeeping.,100.0,1,2,100.0,100.0,12,1.0,100.0
Candidate_033,52.0401,"Administrative Assistant and Secretarial Science, General.",89.1141009431207,3,1,89.91596638655463,100.0,1,1.2,100.0
Candidate_033,52.0402,Executive Assistant/Executive Secretary.,89.1141009431207,3,1,89.91596638655463,100.0,2,1.2,100.0
Candidate_033,1.0106,Agricultural Business Technology/Technician.,88.71316822140375,2,2,89.20863309352518,97.58448504354413,3,1.1,97.58448504354413
Candidate_033,1.8201,"Veterinary Administrative Services, General.",88.71316822140375,2,2,89.20863309352518,97.58448504354413,4,1.1,97.58448504354413
Candidate_033,1.8202,Veterinary Office Management/Administration.,88.71316822140375,2,2,89.20863309352518,97.58448504354413,5,1.1,97.58448504354413
Candidate_033,1.8203,Veterinary Reception/Receptionist.,88.71316822140375,2,2,89.20863309352518,97.58448504354413,6,1.1,97.58448504354413
Candidate_033,1.8204,Veterinary Administrative/Executive Assistant and Veterinary Secretary.,88.71316822140375,2,2,89.20863309352518,97.58448504354413,7,1.1,97.58448504354413
Candidate_033,51.0705,Medical Office Management/Administration.,88.71316822140375,2,2,89.20863309352518,97.58448504354413,8,1.1,97.58448504354413
Candidate_033,51.0711,Medical/Health Management and Clinical Assistant/Specialist.,88.71316822140375,2,2,89.20863309352518,97.58448504354413,9,1.1,97.58448504354413
Candidate_033,51.0712,Medical Reception/Receptionist.,88.71316822140375,2,2,89.20863309352518,97.58448504354413,10,1.1,97.58448504354413
Candidate_033,52.0204,Office Management and Supervision.,88.71316822140375,2,2,89.20863309352518,97.58448504354413,11,1.1,97.58448504354413
Candidate_033,52.0207,Customer Service Management.,88.71316822140375,2,2,89.20863309352518,97.58448504354413,12,1.1,97.58448504354413
Candidate_033,52.0208,E-Commerce/Electronic Commerce.,88.71316822140375,2,2,89.20863309352518,97.58448504354413,13,1.1,97.58448504354413
Candidate_033,49.0205,Truck and Bus Driver/Commercial Vehicle Operator and Instructor.,88.11881188118811,1,4,88.11881188118811,88.11881188118811,14,1.0,88.11881188118811
Candidate_034,52.0401,"Administrative Assistant and Secretarial Science, General.",96.88047881022914,2,1,97.12230215827337,100.0,1,1.1,100.0
Candidate_034,52.0402,Executive Assistant/Executive Secretary.,96.88047881022914,2,1,97.12230215827337,100.0,2,1.1,100.0
Candidate_034,1.0106,Agricultural Business Technology/Technician.,97.12230215827337,1,1,97.12230215827337,97.12230215827337,3,1.0,97.12230215827337
Candidate_034,1.8201,"Veterinary Administrative Services, General.",97.12230215827337,1,1,97.12230215827337,97.12230215827337,4,1.0,97.12230215827337
Candidate_034,1.8202,Veterinary Office Management/Administration.,97.12230215827337,1,1,97.12230215827337,97.12230215827337,5,1.0,97.12230215827337
Candidate_034,1.8203,Veterinary Reception/Receptionist.,97.12230215827337,1,1,97.12230215827337,97.12230215827337,6,1.0,97.12230215827337
Candidate_034,1.8204,Veterinary Administrative/Executive Assistant and Veterinary Secretary.,97.12230215827337,1,1,97.12230215827337,97.12230215827337,7,1.0,97.12230215827337
Candidate_034,51.0705,Medical Office Management/Administration.,97.12230215827337,1,1,97.12230215827337,97.12230215827337,8,1.0,97.12230215827337
Candidate_034,51.0711,Medical/Health Management and Clinical Assistant/Specialist.,97.12230215827337,1,1,97.12230215827337,97.12230215827337,9,1.0,97.12230215827337
Candidate_034,51.0712,Medical Reception/Receptionist.,97.12230215827337,1,1,97.12230215827337,97.12230215827337,10,1.0,97.12230215827337
Candidate_034,52.0204,Office Management and Supervision.,97.12230215827337,1,1,97.12230215827337,97.12230215827337,11,1.0,97.12230215827337
Candidate_034,52.0207,Customer Service Management.,97.12230215827337,1,1,97.12230215827337,97.12230215827337,12,1.0,97.12230215827337
Candidate_034,52.0208,E-Commerce/Electronic Commerce.,97.12230215827337,1,1,97.12230215827337,97.12230215827337,13,1.0,97.12230215827337
Candidate_034,12.05,"Cooking and Related Culinary Arts, General.",96.77419354838712,1,2,96.77419354838712,96.77419354838712,14,1.0,96.77419354838712
Candidate_034,12.0503,Culinary Arts/Chef Training.,96.77419354838712,1,2,96.77419354838712,96.77419354838712,15,1.0,96.77419354838712
Candidate_034,12.0504,"Restaurant, Culinary, and Catering Management/Manager.",96.77419354838712,1,2,96.77419354838712,96.77419354838712,16,1.0,96.77419354838712
Candidate_034,12.0507,"Food Service, Waiter/Waitress, and Dining Room Management/Manager.",96.77419354838712,1,2,96.77419354838712,96.77419354838712,17,1.0,96.77419354838712
Candidate_034,19.0505,Foodservice Systems Administration/Management.,96.77419354838712,1,2,96.77419354838712,96.77419354838712,18,1.0,96.77419354838712
Candidate_035,11.0103,Information Technology.,90.09458716221704,2,1,90.35989717223649,99.10404587843875,1,1.1,99.10404587843875
Candidate_035,11.0104,Informatics.,90.09458716221704,2,1,90.35989717223649,99.10404587843875,2,1.1,99.10404587843875
Candidate_035,11.0201,"Computer Programming/Programmer, General.",90.09458716221704,2,1,90.35989717223649,99.10404587843875,3,1.1,99.10404587843875
Candidate_035,11.0202,"Computer Programming, Specific Applications.",90.09458716221704,2,1,90.35989717223649,99.10404587843875,4,1.1,99.10404587843875
Candidate_035,11.0203,"Computer Programming, Vendor/Product Certification.",90.09458716221704,2,1,90.35989717223649,99.10404587843875,5,1.1,99.10404587843875
Candidate_035,11.0204,Computer Game Programming.,90.09458716221704,2,1,90.35989717223649,99.10404587843875,6,1.1,99.10404587843875
Candidate_035,11.0205,"Computer Programming, Specific Platforms.",90.09458716221704,2,1,90.35989717223649,99.10404587843875,7,1.1,99.10404587843875
Candidate_035,11.0701,Computer Science.,90.09458716221704,2,1,90.35989717223649,99.10404587843875,8,1.1,99.10404587843875
Candidate_035,14.0901,"Computer Engineering, General.",90.09458716221704,2,1,90.35989717223649,99.10404587843875,9,1.1,99.10404587843875
Candidate_035,14.0903,Computer Software Engineering.,90.09458716221704,2,1,90.35989717223649,99.10404587843875,10,1.1,99.10404587843875
Candidate_035,15.1204,Computer Software Technology/Technician.,90.09458716221704,2,1,90.35989717223649,99.10404587843875,11,1.1,99.10404587843875
Candidate_035,11.0102,Artificial Intelligence.,90.35989717223649,1,1,90.35989717223649,90.35989717223649,12,1.0,90.35989717223649
Candidate_035,11.0401,Information Science/Studies.,90.35989717223649,1,1,90.35989717223649,90.35989717223649,13,1.0,90.35989717223649
Candidate_035,11.0804,"Modeling, Virtual Environments and Simulation.",90.35989717223649,1,1,90.35989717223649,90.35989717223649,14,1.0,90.35989717223649
Candidate_035,11.0902,Cloud Computing.,90.35989717223649,1,1,90.35989717223649,90.35989717223649,15,1.0,90.35989717223649
Candidate_035,30.0801,Mathematics and Computer Science.,90.35989717223649,1,1,90.35989717223649,90.35989717223649,16,1.0,90.35989717223649
Candidate_035,30.1601,Accounting and Computer Science.,90.35989717223649,1,1,90.35989717223649,90.35989717223649,17,1.0,90.35989717223649
Candidate_035,30.3901,Economics and Computer Science.,90.35989717223649,1,1,90.35989717223649,90.35989717223649,18,1.0,90.35989717223649
Candidate_035,30.4801,Linguistics and Computer Science.,90.35989717223649,1,1,90.35989717223649,90.35989717223649,19,1.0,90.35989717223649
Candidate_035,30.7001,"Data Science, General.",90.35989717223649,1,1,90.35989717223649,90.35989717223649,20,1.0,90.35989717223649
Candidate_035,11.0101,"Computer and Information Sciences, General.",89.82927715219759,1,2,89.82927715219759,89.82927715219759,21,1.0,89.82927715219759
Candidate_035,11.0501,Computer Systems Analysis/Analyst.,89.82927715219759,1,2,89.82927715219759,89.82927715219759,22,1.0,89.82927715219759
Candidate_035,11.0901,Computer Systems Networking and Telecommunications.,89.82927715219759,1,2,89.82927715219759,89.82927715219759,23,1.0,89.82927715219759
Candidate_035,11.1001,Network and System Administration/Administrator.,89.82927715219759,1,2,89.82927715219759,89.82927715219759,24,1.0,89.82927715219759
Candidate_035,11.1002,"System, Networking, and LAN/WAN Management/Manager.",89.82927715219759,1,2,89.82927715219759,89.82927715219759,25,1.0,89.82927715219759
Candidate_035,11.1003,Computer and Information Systems Security/Auditing/Information Assurance.,89.82927715219759,1,2,89.82927715219759,89.82927715219759,26,1.0,89.82927715219759
Candidate_035,11.1005,Information Technology Project Management.,89.82927715219759,1,2,89.82927715219759,89.82927715219759,27,1.0,89.82927715219759
Candidate_035,15.1201,Computer Engineering Technology/Technician.,89.82927715219759,1,2,89.82927715219759,89.82927715219759,28,1.0,89.82927715219759
Candidate_035,15.1202,Computer/Computer Systems Technology/Technician.,89.82927715219759,1,2,89.82927715219759,89.82927715219759,29,1.0,89.82927715219759
Candidate_035,43.0403,Cyber/Computer Forensics and Counterterrorism.,89.82927715219759,1,2,89.82927715219759,89.82927715219759,30,1.0,89.82927715219759
Candidate_035,51.0723,Healthcare Information Privacy Assurance and Security.,89.82927715219759,1,2,89.82927715219759,89.82927715219759,31,1.0,89.82927715219759
Candidate_035,52.0401,"Administrative Assistant and Secretarial Science, General.",89.5126050420168,1,4,89.5126050420168,89.5126050420168,32,1.0,89.5126050420168
Candidate_035,52.0402,Executive Assistant/Executive Secretary.,89.5126050420168,1,4,89.5126050420168,89.5126050420168,33,1.0,89.5126050420168
Candidate_036,52.0401,"Administrative Assistant and Secretarial Science, General.",89.1141009431207,3,1,89.91596638655463,100.0,1,1.2,100.0
Candidate_036,52.0402,Executive Assistant/Executive Secretary.,89.1141009431207,3,1,89.91596638655463,100.0,2,1.2,100.0
Candidate_036,1.0106,Agricultural Business Technology/Technician.,88.71316822140375,2,2,89.20863309352518,97.58448504354413,3,1.1,97.58448504354413
Candidate_036,1.8201,"Veterinary Administrative Services, General.",88.71316822140375,2,2,89.20863309352518,97.58448504354413,4,1.1,97.58448504354413
Candidate_036,1.8202,Veterinary Office Management/Administration.,88.71316822140375,2,2,89.20863309352518,97.58448504354413,5,1.1,97.58448504354413
Candidate_036,1.8203,Veterinary Reception/Receptionist.,88.71316822140375,2,2,89.20863309352518,97.58448504354413,6,1.1,97.58448504354413
Candidate_036,1.8204,Veterinary Administrative/Executive Assistant and Veterinary Secretary.,88.71316822140375,2,2,89.20863309352518,97.58448504354413,7,1.1,97.58448504354413
Candidate_036,51.0705,Medical Office Management/Administration.,88.71316822140375,2,2,89.20863309352518,97.58448504354413,8,1.1,97.58448504354413
Candidate_036,51.0711,Medical/Health Management and Clinical Assistant/Specialist.,88.71316822140375,2,2,89.20863309352518,97.58448504354413,9,1.1,97.58448504354413
Candidate_036,51.0712,Medical Reception/Receptionist.,88.71316822140375,2,2,89.20863309352518,97.58448504354413,10,1.1,97.58448504354413
Candidate_036,52.0204,Office Management and Supervision.,88.71316822140375,2,2,89.20863309352518,97.58448504354413,11,1.1,97.58448504354413
Candidate_036,52.0207,Customer Service Management.,88.71316822140375,2,2,89.20863309352518,97.58448504354413,12,1.1,97.58448504354413
Candidate_036,52.0208,E-Commerce/Electronic Commerce.,88.71316822140375,2,2,89.20863309352518,97.58448504354413,13,1.1,97.58448504354413
Candidate_036,49.0205,Truck and Bus Driver/Commercial Vehicle Operator and Instructor.,88.11881188118811,1,4,88.11881188118811,88.11881188118811,14,1.0,88.11881188118811
Candidate_037,11.0103,Information Technology.,78.33970092920366,2,1,79.11311053984575,86.17367102212403,1,1.1,86.17367102212403
Candidate_037,11.0104,Informatics.,78.33970092920366,2,1,79.11311053984575,86.17367102212403,2,1.1,86.17367102212403
Candidate_037,11.0201,"Computer Programming/Programmer, General.",78.33970092920366,2,1,79.11311053984575,86.17367102212403,3,1.1,86.17367102212403
Candidate_037,11.0202,"Computer Programming, Specific Applications.",78.33970092920366,2,1,79.11311053984575,86.17367102212403,4,1.1,86.17367102212403
Candidate_037,11.0203,"Computer Programming, Vendor/Product Certification.",78.33970092920366,2,1,79.11311053984575,86.17367102212403,5,1.1,86.17367102212403
Candidate_037,11.0204,Computer Game Programming.,78.33970092920366,2,1,79.11311053984575,86.17367102212403,6,1.1,86.17367102212403
Candidate_037,11.0205,"Computer Programming, Specific Platforms.",78.33970092920366,2,1,79.11311053984575,86.17367102212403,7,1.1,86.17367102212403
Candidate_037,11.0701,Computer Science.,78.33970092920366,2,1,79.11311053984575,86.17367102212403,8,1.1,86.17367102212403
Candidate_037,14.0901,"Computer Engineering, General.",78.33970092920366,2,1,79.11311053984575,86.17367102212403,9,1.1,86.17367102212403
Candidate_037,14.0903,Computer Software Engineering.,78.33970092920366,2,1,79.11311053984575,86.17367102212403,10,1.1,86.17367102212403
Candidate_037,15.1204,Computer Software Technology/Technician.,78.33970092920366,2,1,79.11311053984575,86.17367102212403,11,1.1,86.17367102212403
Candidate_037,11.0102,Artificial Intelligence.,79.11311053984575,1,1,79.11311053984575,79.11311053984575,12,1.0,79.11311053984575
Candidate_037,11.0401,Information Science/Studies.,79.11311053984575,1,1,79.11311053984575,79.11311053984575,13,1.0,79.11311053984575
Candidate_037,11.0804,"Modeling, Virtual Environments and Simulation.",79.11311053984575,1,1,79.11311053984575,79.11311053984575,14,1.0,79.11311053984575
Candidate_037,11.0902,Cloud Computing.,79.11311053984575,1,1,79.11311053984575,79.11311053984575,15,1.0,79.11311053984575
Candidate_037,30.0801,Mathematics and Computer Science.,79.11311053984575,1,1,79.11311053984575,79.11311053984575,16,1.0,79.11311053984575
Candidate_037,30.1601,Accounting and Computer Science.,79.11311053984575,1,1,79.11311053984575,79.11311053984575,17,1.0,79.11311053984575
Candidate_037,30.3901,Economics and Computer Science.,79.11311053984575,1,1,79.11311053984575,79.11311053984575,18,1.0,79.11311053984575
Candidate_037,30.4801,Linguistics and Computer Science.,79.11311053984575,1,1,79.11311053984575,79.11311053984575,19,1.0,79.11311053984575
Candidate_037,30.7001,"Data Science, General.",79.11311053984575,1,1,79.11311053984575,79.11311053984575,20,1.0,79.11311053984575
Candidate_037,13.0201,Bilingual and Multilingual Education.,77.70345596432553,1,2,77.70345596432553,77.70345596432553,21,1.0,77.70345596432553
Candidate_037,13.1203,Junior High/Intermediate/Middle School Education and Teaching.,77.70345596432553,1,2,77.70345596432553,77.70345596432553,22,1.0,77.70345596432553
Candidate_037,13.1205,Secondary Education and Teaching.,77.70345596432553,1,2,77.70345596432553,77.70345596432553,23,1.0,77.70345596432553
Candidate_037,13.1206,"Teacher Education, Multiple Levels.",77.70345596432553,1,2,77.70345596432553,77.70345596432553,24,1.0,77.70345596432553
Candidate_037,13.1207,Montessori Teacher Education.,77.70345596432553,1,2,77.70345596432553,77.70345596432553,25,1.0,77.70345596432553
Candidate_037,13.1208,Waldorf/Steiner Teacher Education.,77.70345596432553,1,2,77.70345596432553,77.70345596432553,26,1.0,77.70345596432553
Candidate_037,13.1211,Online Educator/Online Teaching.,77.70345596432553,1,2,77.70345596432553,77.70345596432553,27,1.0,77.70345596432553
Candidate_037,13.1212,International Teaching and Learning.,77.70345596432553,1,2,77.70345596432553,77.70345596432553,28,1.0,77.70345596432553
Candidate_037,13.1213,"Science, Technology, Engineering, and Mathematics (STEM) Educational Methods.",77.70345596432553,1,2,77.70345596432553,77.70345596432553,29,1.0,77.70345596432553
Candidate_037,13.1302,Art Teacher Education.,77.70345596432553,1,2,77.70345596432553,77.70345596432553,30,1.0,77.70345596432553
Candidate_037,13.1304,Driver and Safety Teacher Education.,77.70345596432553,1,2,77.70345596432553,77.70345596432553,31,1.0,77.70345596432553
Candidate_037,13.1305,English/Language Arts Teacher Education.,77.70345596432553,1,2,77.70345596432553,77.70345596432553,32,1.0,77.70345596432553
Candidate_037,13.1306,Foreign Language Teacher  Education.,77.70345596432553,1,2,77.70345596432553,77.70345596432553,33,1.0,77.70345596432553
Candidate_037,13.1307,Health Teacher Education.,77.70345596432553,1,2,77.70345596432553,77.70345596432553,34,1.0,77.70345596432553
Candidate_037,13.1308,Family and Consumer Sciences/Home Economics Teacher Education.,77.70345596432553,1,2,77.70345596432553,77.70345596432553,35,1.0,77.70345596432553
Candidate_037,13.1309,Technology Teacher Education/Industrial Arts Teacher Education.,77.70345596432553,1,2,77.70345596432553,77.70345596432553,36,1.0,77.70345596432553
Candidate_037,13.1311,Mathematics Teacher Education.,77.70345596432553,1,2,77.70345596432553,77.70345596432553,37,1.0,77.70345596432553
Candidate_037,13.1312,Music Teacher Education.,77.70345596432553,1,2,77.70345596432553,77.70345596432553,38,1.0,77.70345596432553
Candidate_037,13.1314,Physical Education Teaching and Coaching.,77.70345596432553,1,2,77.70345596432553,77.70345596432553,39,1.0,77.70345596432553
Candidate_037,13.1315,Reading Teacher Education.,77.70345596432553,1,2,77.70345596432553,77.70345596432553,40,1.0,77.70345596432553
Candidate_037,13.1316,Science Teacher Education/General Science Teacher Education.,77.70345596432553,1,2,77.70345596432553,77.70345596432553,41,1.0,77.70345596432553
Candidate_037,13.1317,Social Science Teacher Education.,77.70345596432553,1,2,77.70345596432553,77.70345596432553,42,1.0,77.70345596432553
Candidate_037,13.1318,Social Studies Teacher Education.,77.70345596432553,1,2,77.70345596432553,77.70345596432553,43,1.0,77.70345596432553
Candidate_037,13.1321,Computer Teacher Education.,77.70345596432553,1,2,77.70345596432553,77.70345596432553,44,1.0,77.70345596432553
Candidate_037,13.1322,Biology Teacher Education.,77.70345596432553,1,2,77.70345596432553,77.70345596432553,45,1.0,77.70345596432553
Candidate_037,13.1323,Chemistry Teacher Education.,77.70345596432553,1,2,77.70345596432553,77.70345596432553,46,1.0,77.70345596432553
Candidate_037,13.1324,Drama and Dance Teacher Education.,77.70345596432553,1,2,77.70345596432553,77.70345596432553,47,1.0,77.70345596432553
Candidate_037,13.1325,French Language Teacher Education.,77.70345596432553,1,2,77.70345596432553,77.70345596432553,48,1.0,77.70345596432553
Candidate_037,13.1326,German Language Teacher Education.,77.70345596432553,1,2,77.70345596432553,77.70345596432553,49,1.0,77.70345596432553
Candidate_037,13.1328,History Teacher Education.,77.70345596432553,1,2,77.70345596432553,77.70345596432553,50,1.0,77.70345596432553
Candidate_037,13.1329,Physics Teacher Education.,77.70345596432553,1,2,77.70345596432553,77.70345596432553,51,1.0,77.70345596432553
Candidate_037,13.133,Spanish Language Teacher Education.,77.70345596432553,1,2,77.70345596432553,77.70345596432553,52,1.0,77.70345596432553
Candidate_037,13.1331,Speech Teacher Education.,77.70345596432553,1,2,77.70345596432553,77.70345596432553,53,1.0,77.70345596432553
Candidate_037,13.1332,Geography Teacher Education.,77.70345596432553,1,2,77.70345596432553,77.70345596432553,54,1.0,77.70345596432553
Candidate_037,13.1333,Latin Teacher Education.,77.70345596432553,1,2,77.70345596432553,77.70345596432553,55,1.0,77.70345596432553
Candidate_037,13.1335,Psychology Teacher Education.,77.70345596432553,1,2,77.70345596432553,77.70345596432553,56,1.0,77.70345596432553
Candidate_037,13.1337,Earth Science Teacher Education.,77.70345596432553,1,2,77.70345596432553,77.70345596432553,57,1.0,77.70345596432553
Candidate_037,13.1338,Environmental Education.,77.70345596432553,1,2,77.70345596432553,77.70345596432553,58,1.0,77.70345596432553
Candidate_037,13.1339,Communication Arts and Literature Teacher Education.,77.70345596432553,1,2,77.70345596432553,77.70345596432553,59,1.0,77.70345596432553
Candidate_037,13.1401,Teaching English as a Second or Foreign Language/ESL Language Instructor.,77.70345596432553,1,2,77.70345596432553,77.70345596432553,60,1.0,77.70345596432553
Candidate_037,13.1402,Teaching French as a Second or Foreign Language.,77.70345596432553,1,2,77.70345596432553,77.70345596432553,61,1.0,77.70345596432553
Candidate_037,13.1499,"Teaching English or French as a Second or Foreign Language, Other.",77.70345596432553,1,2,77.70345596432553,77.70345596432553,62,1.0,77.70345596432553
Candidate_037,16.0101,"Foreign Languages and Literatures, General.",77.70345596432553,1,2,77.70345596432553,77.70345596432553,63,1.0,77.70345596432553
Candidate_037,16.03,"East Asian Languages, Literatures, and Linguistics, General.",77.70345596432553,1,2,77.70345596432553,77.70345596432553,64,1.0,77.70345596432553
Candidate_037,16.0301,Chinese Language and Literature.,77.70345596432553,1,2,77.70345596432553,77.70345596432553,65,1.0,77.70345596432553
Candidate_037,16.0302,Japanese Language and Literature.,77.70345596432553,1,2,77.70345596432553,77.70345596432553,66,1.0,77.70345596432553
Candidate_037,16.0303,Korean Language and Literature.,77.70345596432553,1,2,77.70345596432553,77.70345596432553,67,1.0,77.70345596432553
Candidate_037,16.0399,"East Asian Languages, Literatures, and Linguistics, Other.",77.70345596432553,1,2,77.70345596432553,77.70345596432553,68,1.0,77.70345596432553
Candidate_037,16.0402,Russian Language and Literature.,77.70345596432553,1,2,77.70345596432553,77.70345596432553,69,1.0,77.70345596432553
Candidate_037,16.05,"Germanic Languages, Literatures, and Linguistics, General.",77.70345596432553,1,2,77.70345596432553,77.70345596432553,70,1.0,77.70345596432553
Candidate_037,16.0501,German Language and Literature.,77.70345596432553,1,2,77.70345596432553,77.70345596432553,71,1.0,77.70345596432553
Candidate_037,16.0599,"Germanic Languages, Literatures, and Linguistics, Other.",77.70345596432553,1,2,77.70345596432553,77.70345596432553,72,1.0,77.70345596432553
Candidate_037,16.09,"Romance Languages, Literatures, and Linguistics, General.",77.70345596432553,1,2,77.70345596432553,77.70345596432553,73,1.0,77.70345596432553
Candidate_037,16.0901,French Language and Literature.,77.70345596432553,1,2,77.70345596432553,77.70345596432553,74,1.0,77.70345596432553
Candidate_037,16.0902,Italian Language and Literature.,77.70345596432553,1,2,77.70345596432553,77.70345596432553,75,1.0,77.70345596432553
Candidate_037,16.0905,Spanish Language and Literature.,77.70345596432553,1,2,77.70345596432553,77.70345596432553,76,1.0,77.70345596432553
Candidate_037,16.0999,"Romance Languages, Literatures, and Linguistics, Other.",77.70345596432553,1,2,77.70345596432553,77.70345596432553,77,1.0,77.70345596432553
Candidate_037,16.1001,"American Indian/Native American Languages, Literatures, and Linguistics.",77.70345596432553,1,2,77.70345596432553,77.70345596432553,78,1.0,77.70345596432553
Candidate_037,16.1101,Arabic Language and Literature.,77.70345596432553,1,2,77.70345596432553,77.70345596432553,79,1.0,77.70345596432553
Candidate_037,16.1102,Hebrew Language and Literature.,77.70345596432553,1,2,77.70345596432553,77.70345596432553,80,1.0,77.70345596432553
Candidate_037,16.12,"Classics and Classical Languages, Literatures, and Linguistics, General.",77.70345596432553,1,2,77.70345596432553,77.70345596432553,81,1.0,77.70345596432553
Candidate_037,16.1202,Ancient/Classical Greek Language and Literature.,77.70345596432553,1,2,77.70345596432553,77.70345596432553,82,1.0,77.70345596432553
Candidate_037,16.1203,Latin Language and Literature.,77.70345596432553,1,2,77.70345596432553,77.70345596432553,83,1.0,77.70345596432553
Candidate_037,16.1299,"Classics and Classical Languages, Literatures, and Linguistics, Other.",77.70345596432553,1,2,77.70345596432553,77.70345596432553,84,1.0,77.70345596432553
Candidate_037,16.1409,Hawaiian Language and Literature.,77.70345596432553,1,2,77.70345596432553,77.70345596432553,85,1.0,77.70345596432553
Candidate_037,16.1499,"Southeast Asian and Australasian/Pacific Languages, Literatures, and Linguistics, Other.",77.70345596432553,1,2,77.70345596432553,77.70345596432553,86,1.0,77.70345596432553
Candidate_037,16.1601,American Sign Language (ASL).,77.70345596432553,1,2,77.70345596432553,77.70345596432553,87,1.0,77.70345596432553
Candidate_037,16.1602,Linguistics of ASL and Other Sign Languages.,77.70345596432553,1,2,77.70345596432553,77.70345596432553,88,1.0,77.70345596432553
Candidate_037,16.9999,"Foreign Languages, Literatures, and Linguistics, Other.",77.70345596432553,1,2,77.70345596432553,77.70345596432553,89,1.0,77.70345596432553
Candidate_037,19.0101,"Family and Consumer Sciences/Human Sciences, General.",77.70345596432553,1,2,77.70345596432553,77.70345596432553,90,1.0,77.70345596432553
Candidate_037,23.0101,"English Language and Literature, General.",77.70345596432553,1,2,77.70345596432553,77.70345596432553,91,1.0,77.70345596432553
Candidate_037,26.0101,"Biology/Biological Sciences, General.",77.70345596432553,1,2,77.70345596432553,77.70345596432553,92,1.0,77.70345596432553
Candidate_037,27.0101,"Mathematics, General.",77.70345596432553,1,2,77.70345596432553,77.70345596432553,93,1.0,77.70345596432553
Candidate_037,30.0101,Biological and Physical Sciences.,77.70345596432553,1,2,77.70345596432553,77.70345596432553,94,1.0,77.70345596432553
Candidate_037,30.3601,Cultural Studies and Comparative Literature.,77.70345596432553,1,2,77.70345596432553,77.70345596432553,95,1.0,77.70345596432553
Candidate_037,30.3801,Earth Systems Science.,77.70345596432553,1,2,77.70345596432553,77.70345596432553,96,1.0,77.70345596432553
Candidate_037,30.4101,Environmental Geosciences.,77.70345596432553,1,2,77.70345596432553,77.70345596432553,97,1.0,77.70345596432553
Candidate_037,30.4501,History and Language/Literature.,77.70345596432553,1,2,77.70345596432553,77.70345596432553,98,1.0,77.70345596432553
Candidate_037,40.0101,"Physical Sciences, General.",77.70345596432553,1,2,77.70345596432553,77.70345596432553,99,1.0,77.70345596432553
Candidate_037,40.0501,"Chemistry, General.",77.70345596432553,1,2,77.70345596432553,77.70345596432553,100,1.0,77.70345596432553
Candidate_037,40.0801,"Physics, General.",77.70345596432553,1,2,77.70345596432553,77.70345596432553,101,1.0,77.70345596432553
Candidate_037,45.0101,"Social Sciences, General.",77.70345596432553,1,2,77.70345596432553,77.70345596432553,102,1.0,77.70345596432553
Candidate_037,45.0199,"Social Sciences, Other.",77.70345596432553,1,2,77.70345596432553,77.70345596432553,103,1.0,77.70345596432553
Candidate_037,45.0601,"Economics, General.",77.70345596432553,1,2,77.70345596432553,77.70345596432553,104,1.0,77.70345596432553
Candidate_037,45.1001,"Political Science and Government, General.",77.70345596432553,1,2,77.70345596432553,77.70345596432553,105,1.0,77.70345596432553
Candidate_037,45.1002,American Government and Politics (United States).,77.70345596432553,1,2,77.70345596432553,77.70345596432553,106,1.0,77.70345596432553
Candidate_037,45.1003,Canadian Government and Politics.,77.70345596432553,1,2,77.70345596432553,77.70345596432553,107,1.0,77.70345596432553
Candidate_037,45.1099,"Political Science and Government, Other.",77.70345596432553,1,2,77.70345596432553,77.70345596432553,108,1.0,77.70345596432553
Candidate_037,50.0701,"Art/Art Studies, General.",77.70345596432553,1,2,77.70345596432553,77.70345596432553,109,1.0,77.70345596432553
Candidate_037,50.0901,"Music, General.",77.70345596432553,1,2,77.70345596432553,77.70345596432553,110,1.0,77.70345596432553
Candidate_037,54.0101,"History, General.",77.70345596432553,1,2,77.70345596432553,77.70345596432553,111,1.0,77.70345596432553
Candidate_037,54.0102,American  History (United States).,77.70345596432553,1,2,77.70345596432553,77.70345596432553,112,1.0,77.70345596432553
Candidate_037,11.0101,"Computer and Information Sciences, General.",77.56629131856157,1,3,77.56629131856157,77.56629131856157,113,1.0,77.56629131856157
Candidate_037,11.0501,Computer Systems Analysis/Analyst.,77.56629131856157,1,3,77.56629131856157,77.56629131856157,114,1.0,77.56629131856157
Candidate_037,11.0901,Computer Systems Networking and Telecommunications.,77.56629131856157,1,3,77.56629131856157,77.56629131856157,115,1.0,77.56629131856157
Candidate_037,11.1001,Network and System Administration/Administrator.,77.56629131856157,1,3,77.56629131856157,77.56629131856157,116,1.0,77.56629131856157
Candidate_037,11.1002,"System, Networking, and LAN/WAN Management/Manager.",77.56629131856157,1,3,77.56629131856157,77.56629131856157,117,1.0,77.56629131856157
Candidate_037,11.1003,Computer and Information Systems Security/Auditing/Information Assurance.,77.56629131856157,1,3,77.56629131856157,77.56629131856157,118,1.0,77.56629131856157
Candidate_037,11.1005,Information Technology Project Management.,77.56629131856157,1,3,77.56629131856157,77.56629131856157,119,1.0,77.56629131856157
Candidate_037,15.1201,Computer Engineering Technology/Technician.,77.56629131856157,1,3,77.56629131856157,77.56629131856157,120,1.0,77.56629131856157
Candidate_037,15.1202,Computer/Computer Systems Technology/Technician.,77.56629131856157,1,3,77.56629131856157,77.56629131856157,121,1.0,77.56629131856157
Candidate_037,43.0403,Cyber/Computer Forensics and Counterterrorism.,77.56629131856157,1,3,77.56629131856157,77.56629131856157,122,1.0,77.56629131856157
Candidate_037,51.0723,Healthcare Information Privacy Assurance and Security.,77.56629131856157,1,3,77.56629131856157,77.56629131856157,123,1.0,77.56629131856157
Candidate_037,52.0302,Accounting Technology/Technician and Bookkeeping.,77.44334277620398,1,4,77.44334277620398,77.44334277620398,124,1.0,77.44334277620398
Candidate_037,51.3901,Licensed Practical/Vocational Nurse Training.,77.43530095958127,1,5,77.43530095958127,77.43530095958127,125,1.0,77.43530095958127
Candidate_037,51.3999,"Practical Nursing, Vocational Nursing and Nursing Assistants, Other.",77.43530095958127,1,5,77.43530095958127,77.43530095958127,126,1.0,77.43530095958127
Candidate_038,11.0103,Information Technology.,68.43428809142071,2,1,69.47300771208226,75.2777169005628,1,1.1,75.2777169005628
Candidate_038,11.0104,Informatics.,68.43428809142071,2,1,69.47300771208226,75.2777169005628,2,1.1,75.2777169005628
Candidate_038,11.0201,"Computer Programming/Programmer, General.",68.43428809142071,2,1,69.47300771208226,75.2777169005628,3,1.1,75.2777169005628
Candidate_038,11.0202,"Computer Programming, Specific Applications.",68.43428809142071,2,1,69.47300771208226,75.2777169005628,4,1.1,75.2777169005628
Candidate_038,11.0203,"Computer Programming, Vendor/Product Certification.",68.43428809142071,2,1,69.47300771208226,75.2777169005628,5,1.1,75.2777169005628
Candidate_038,11.0204,Computer Game Programming.,68.43428809142071,2,1,69.47300771208226,75.2777169005628,6,1.1,75.2777169005628
Candidate_038,11.0205,"Computer Programming, Specific Platforms.",68.43428809142071,2,1,69.47300771208226,75.2777169005628,7,1.1,75.2777169005628
Candidate_038,11.0701,Computer Science.,68.43428809142071,2,1,69.47300771208226,75.2777169005628,8,1.1,75.2777169005628
Candidate_038,14.0901,"Computer Engineering, General.",68.43428809142071,2,1,69.47300771208226,75.2777169005628,9,1.1,75.2777169005628
Candidate_038,14.0903,Computer Software Engineering.,68.43428809142071,2,1,69.47300771208226,75.2777169005628,10,1.1,75.2777169005628
Candidate_038,15.1204,Computer Software Technology/Technician.,68.43428809142071,2,1,69.47300771208226,75.2777169005628,11,1.1,75.2777169005628
Candidate_038,11.0102,Artificial Intelligence.,69.47300771208226,1,1,69.47300771208226,69.47300771208226,12,1.0,69.47300771208226
Candidate_038,11.0401,Information Science/Studies.,69.47300771208226,1,1,69.47300771208226,69.47300771208226,13,1.0,69.47300771208226
Candidate_038,11.0804,"Modeling, Virtual Environments and Simulation.",69.47300771208226,1,1,69.47300771208226,69.47300771208226,14,1.0,69.47300771208226
Candidate_038,11.0902,Cloud Computing.,69.47300771208226,1,1,69.47300771208226,69.47300771208226,15,1.0,69.47300771208226
Candidate_038,30.0801,Mathematics and Computer Science.,69.47300771208226,1,1,69.47300771208226,69.47300771208226,16,1.0,69.47300771208226
Candidate_038,30.1601,Accounting and Computer Science.,69.47300771208226,1,1,69.47300771208226,69.47300771208226,17,1.0,69.47300771208226
Candidate_038,30.3901,Economics and Computer Science.,69.47300771208226,1,1,69.47300771208226,69.47300771208226,18,1.0,69.47300771208226
Candidate_038,30.4801,Linguistics and Computer Science.,69.47300771208226,1,1,69.47300771208226,69.47300771208226,19,1.0,69.47300771208226
Candidate_038,30.7001,"Data Science, General.",69.47300771208226,1,1,69.47300771208226,69.47300771208226,20,1.0,69.47300771208226
Candidate_038,11.0101,"Computer and Information Sciences, General.",67.39556847075916,1,2,67.39556847075916,67.39556847075916,21,1.0,67.39556847075916
Candidate_038,11.0501,Computer Systems Analysis/Analyst.,67.39556847075916,1,2,67.39556847075916,67.39556847075916,22,1.0,67.39556847075916
Candidate_038,11.0901,Computer Systems Networking and Telecommunications.,67.39556847075916,1,2,67.39556847075916,67.39556847075916,23,1.0,67.39556847075916
Candidate_038,11.1001,Network and System Administration/Administrator.,67.39556847075916,1,2,67.39556847075916,67.39556847075916,24,1.0,67.39556847075916
Candidate_038,11.1002,"System, Networking, and LAN/WAN Management/Manager.",67.39556847075916,1,2,67.39556847075916,67.39556847075916,25,1.0,67.39556847075916
Candidate_038,11.1003,Computer and Information Systems Security/Auditing/Information Assurance.,67.39556847075916,1,2,67.39556847075916,67.39556847075916,26,1.0,67.39556847075916
Candidate_038,11.1005,Information Technology Project Management.,67.39556847075916,1,2,67.39556847075916,67.39556847075916,27,1.0,67.39556847075916
Candidate_038,15.1201,Computer Engineering Technology/Technician.,67.39556847075916,1,2,67.39556847075916,67.39556847075916,28,1.0,67.39556847075916
Candidate_038,15.1202,Computer/Computer Systems Technology/Technician.,67.39556847075916,1,2,67.39556847075916,67.39556847075916,29,1.0,67.39556847075916
Candidate_038,43.0403,Cyber/Computer Forensics and Counterterrorism.,67.39556847075916,1,2,67.39556847075916,67.39556847075916,30,1.0,67.39556847075916
Candidate_038,51.0723,Healthcare Information Privacy Assurance and Security.,67.39556847075916,1,2,67.39556847075916,67.39556847075916,31,1.0,67.39556847075916
Candidate_038,13.0201,Bilingual and Multilingual Education.,66.88963210702342,1,3,66.88963210702342,66.88963210702342,32,1.0,66.88963210702342
Candidate_038,13.1203,Junior High/Intermediate/Middle School Education and Teaching.,66.88963210702342,1,3,66.88963210702342,66.88963210702342,33,1.0,66.88963210702342
Candidate_038,13.1205,Secondary Education and Teaching.,66.88963210702342,1,3,66.88963210702342,66.88963210702342,34,1.0,66.88963210702342
Candidate_038,13.1206,"Teacher Education, Multiple Levels.",66.88963210702342,1,3,66.88963210702342,66.88963210702342,35,1.0,66.88963210702342
Candidate_038,13.1207,Montessori Teacher Education.,66.88963210702342,1,3,66.88963210702342,66.88963210702342,36,1.0,66.88963210702342
Candidate_038,13.1208,Waldorf/Steiner Teacher Education.,66.88963210702342,1,3,66.88963210702342,66.88963210702342,37,1.0,66.88963210702342
Candidate_038,13.1211,Online Educator/Online Teaching.,66.88963210702342,1,3,66.88963210702342,66.88963210702342,38,1.0,66.88963210702342
Candidate_038,13.1212,International Teaching and Learning.,66.88963210702342,1,3,66.88963210702342,66.88963210702342,39,1.0,66.88963210702342
Candidate_038,13.1213,"Science, Technology, Engineering, and Mathematics (STEM) Educational Methods.",66.88963210702342,1,3,66.88963210702342,66.88963210702342,40,1.0,66.88963210702342
Candidate_038,13.1302,Art Teacher Education.,66.88963210702342,1,3,66.88963210702342,66.88963210702342,41,1.0,66.88963210702342
Candidate_038,13.1304,Driver and Safety Teacher Education.,66.88963210702342,1,3,66.88963210702342,66.88963210702342,42,1.0,66.88963210702342
Candidate_038,13.1305,English/Language Arts Teacher Education.,66.88963210702342,1,3,66.88963210702342,66.88963210702342,43,1.0,66.88963210702342
Candidate_038,13.1306,Foreign Language Teacher  Education.,66.88963210702342,1,3,66.88963210702342,66.88963210702342,44,1.0,66.88963210702342
Candidate_038,13.1307,Health Teacher Education.,66.88963210702342,1,3,66.88963210702342,66.88963210702342,45,1.0,66.88963210702342
Candidate_038,13.1308,Family and Consumer Sciences/Home Economics Teacher Education.,66.88963210702342,1,3,66.88963210702342,66.88963210702342,46,1.0,66.88963210702342
Candidate_038,13.1309,Technology Teacher Education/Industrial Arts Teacher Education.,66.88963210702342,1,3,66.88963210702342,66.88963210702342,47,1.0,66.88963210702342
Candidate_038,13.1311,Mathematics Teacher Education.,66.88963210702342,1,3,66.88963210702342,66.88963210702342,48,1.0,66.88963210702342
Candidate_038,13.1312,Music Teacher Education.,66.88963210702342,1,3,66.88963210702342,66.88963210702342,49,1.0,66.88963210702342
Candidate_038,13.1314,Physical Education Teaching and Coaching.,66.88963210702342,1,3,66.88963210702342,66.88963210702342,50,1.0,66.88963210702342
Candidate_038,13.1315,Reading Teacher Education.,66.88963210702342,1,3,66.88963210702342,66.88963210702342,51,1.0,66.88963210702342
Candidate_038,13.1316,Science Teacher Education/General Science Teacher Education.,66.88963210702342,1,3,66.88963210702342,66.88963210702342,52,1.0,66.88963210702342
Candidate_038,13.1317,Social Science Teacher Education.,66.88963210702342,1,3,66.88963210702342,66.88963210702342,53,1.0,66.88963210702342
Candidate_038,13.1318,Social Studies Teacher Education.,66.88963210702342,1,3,66.88963210702342,66.88963210702342,54,1.0,66.88963210702342
Candidate_038,13.1321,Computer Teacher Education.,66.88963210702342,1,3,66.88963210702342,66.88963210702342,55,1.0,66.88963210702342
Candidate_038,13.1322,Biology Teacher Education.,66.88963210702342,1,3,66.88963210702342,66.88963210702342,56,1.0,66.88963210702342
Candidate_038,13.1323,Chemistry Teacher Education.,66.88963210702342,1,3,66.88963210702342,66.88963210702342,57,1.0,66.88963210702342
Candidate_038,13.1324,Drama and Dance Teacher Education.,66.88963210702342,1,3,66.88963210702342,66.88963210702342,58,1.0,66.88963210702342
Candidate_038,13.1325,French Language Teacher Education.,66.88963210702342,1,3,66.88963210702342,66.88963210702342,59,1.0,66.88963210702342
Candidate_038,13.1326,German Language Teacher Education.,66.88963210702342,1,3,66.88963210702342,66.88963210702342,60,1.0,66.88963210702342
Candidate_038,13.1328,History Teacher Education.,66.88963210702342,1,3,66.88963210702342,66.88963210702342,61,1.0,66.88963210702342
Candidate_038,13.1329,Physics Teacher Education.,66.88963210702342,1,3,66.88963210702342,66.88963210702342,62,1.0,66.88963210702342
Candidate_038,13.133,Spanish Language Teacher Education.,66.88963210702342,1,3,66.88963210702342,66.88963210702342,63,1.0,66.88963210702342
Candidate_038,13.1331,Speech Teacher Education.,66.88963210702342,1,3,66.88963210702342,66.88963210702342,64,1.0,66.88963210702342
Candidate_038,13.1332,Geography Teacher Education.,66.88963210702342,1,3,66.88963210702342,66.88963210702342,65,1.0,66.88963210702342
Candidate_038,13.1333,Latin Teacher Education.,66.88963210702342,1,3,66.88963210702342,66.88963210702342,66,1.0,66.88963210702342
Candidate_038,13.1335,Psychology Teacher Education.,66.88963210702342,1,3,66.88963210702342,66.88963210702342,67,1.0,66.88963210702342
Candidate_038,13.1337,Earth Science Teacher Education.,66.88963210702342,1,3,66.88963210702342,66.88963210702342,68,1.0,66.88963210702342
Candidate_038,13.1338,Environmental Education.,66.88963210702342,1,3,66.88963210702342,66.88963210702342,69,1.0,66.88963210702342
Candidate_038,13.1339,Communication Arts and Literature Teacher Education.,66.88963210702342,1,3,66.88963210702342,66.88963210702342,70,1.0,66.88963210702342
Candidate_038,13.1401,Teaching English as a Second or Foreign Language/ESL Language Instructor.,66.88963210702342,1,3,66.88963210702342,66.88963210702342,71,1.0,66.88963210702342
Candidate_038,13.1402,Teaching French as a Second or Foreign Language.,66.88963210702342,1,3,66.88963210702342,66.88963210702342,72,1.0,66.88963210702342
Candidate_038,13.1499,"Teaching English or French as a Second or Foreign Language, Other.",66.88963210702342,1,3,66.88963210702342,66.88963210702342,73,1.0,66.88963210702342
Candidate_038,16.0101,"Foreign Languages and Literatures, General.",66.88963210702342,1,3,66.88963210702342,66.88963210702342,74,1.0,66.88963210702342
Candidate_038,16.03,"East Asian Languages, Literatures, and Linguistics, General.",66.88963210702342,1,3,66.88963210702342,66.88963210702342,75,1.0,66.88963210702342
Candidate_038,16.0301,Chinese Language and Literature.,66.88963210702342,1,3,66.88963210702342,66.88963210702342,76,1.0,66.88963210702342
Candidate_038,16.0302,Japanese Language and Literature.,66.88963210702342,1,3,66.88963210702342,66.88963210702342,77,1.0,66.88963210702342
Candidate_038,16.0303,Korean Language and Literature.,66.88963210702342,1,3,66.88963210702342,66.88963210702342,78,1.0,66.88963210702342
Candidate_038,16.0399,"East Asian Languages, Literatures, and Linguistics, Other.",66.88963210702342,1,3,66.88963210702342,66.88963210702342,79,1.0,66.88963210702342
Candidate_038,16.0402,Russian Language and Literature.,66.88963210702342,1,3,66.88963210702342,66.88963210702342,80,1.0,66.88963210702342
Candidate_038,16.05,"Germanic Languages, Literatures, and Linguistics, General.",66.88963210702342,1,3,66.88963210702342,66.88963210702342,81,1.0,66.88963210702342
Candidate_038,16.0501,German Language and Literature.,66.88963210702342,1,3,66.88963210702342,66.88963210702342,82,1.0,66.88963210702342
Candidate_038,16.0599,"Germanic Languages, Literatures, and Linguistics, Other.",66.88963210702342,1,3,66.88963210702342,66.88963210702342,83,1.0,66.88963210702342
Candidate_038,16.09,"Romance Languages, Literatures, and Linguistics, General.",66.88963210702342,1,3,66.88963210702342,66.88963210702342,84,1.0,66.88963210702342
Candidate_038,16.0901,French Language and Literature.,66.88963210702342,1,3,66.88963210702342,66.88963210702342,85,1.0,66.88963210702342
Candidate_038,16.0902,Italian Language and Literature.,66.88963210702342,1,3,66.88963210702342,66.88963210702342,86,1.0,66.88963210702342
Candidate_038,16.0905,Spanish Language and Literature.,66.88963210702342,1,3,66.88963210702342,66.88963210702342,87,1.0,66.88963210702342
Candidate_038,16.0999,"Romance Languages, Literatures, and Linguistics, Other.",66.88963210702342,1,3,66.88963210702342,66.88963210702342,88,1.0,66.88963210702342
Candidate_038,16.1001,"American Indian/Native American Languages, Literatures, and Linguistics.",66.88963210702342,1,3,66.88963210702342,66.88963210702342,89,1.0,66.88963210702342
Candidate_038,16.1101,Arabic Language and Literature.,66.88963210702342,1,3,66.88963210702342,66.88963210702342,90,1.0,66.88963210702342
Candidate_038,16.1102,Hebrew Language and Literature.,66.88963210702342,1,3,66.88963210702342,66.88963210702342,91,1.0,66.88963210702342
Candidate_038,16.12,"Classics and Classical Languages, Literatures, and Linguistics, General.",66.88963210702342,1,3,66.88963210702342,66.88963210702342,92,1.0,66.88963210702342
Candidate_038,16.1202,Ancient/Classical Greek Language and Literature.,66.88963210702342,1,3,66.88963210702342,66.88963210702342,93,1.0,66.88963210702342
Candidate_038,16.1203,Latin Language and Literature.,66.88963210702342,1,3,66.88963210702342,66.88963210702342,94,1.0,66.88963210702342
Candidate_038,16.1299,"Classics and Classical Languages, Literatures, and Linguistics, Other.",66.88963210702342,1,3,66.88963210702342,66.88963210702342,95,1.0,66.88963210702342
Candidate_038,16.1409,Hawaiian Language and Literature.,66.88963210702342,1,3,66.88963210702342,66.88963210702342,96,1.0,66.88963210702342
Candidate_038,16.1499,"Southeast Asian and Australasian/Pacific Languages, Literatures, and Linguistics, Other.",66.88963210702342,1,3,66.88963210702342,66.88963210702342,97,1.0,66.88963210702342
Candidate_038,16.1601,American Sign Language (ASL).,66.88963210702342,1,3,66.88963210702342,66.88963210702342,98,1.0,66.88963210702342
Candidate_038,16.1602,Linguistics of ASL and Other Sign Languages.,66.88963210702342,1,3,66.88963210702342,66.88963210702342,99,1.0,66.88963210702342
Candidate_038,16.9999,"Foreign Languages, Literatures, and Linguistics, Other.",66.88963210702342,1,3,66.88963210702342,66.88963210702342,100,1.0,66.88963210702342
Candidate_038,19.0101,"Family and Consumer Sciences/Human Sciences, General.",66.88963210702342,1,3,66.88963210702342,66.88963210702342,101,1.0,66.88963210702342
Candidate_038,23.0101,"English Language and Literature, General.",66.88963210702342,1,3,66.88963210702342,66.88963210702342,102,1.0,66.88963210702342
Candidate_038,26.0101,"Biology/Biological Sciences, General.",66.88963210702342,1,3,66.88963210702342,66.88963210702342,103,1.0,66.88963210702342
Candidate_038,27.0101,"Mathematics, General.",66.88963210702342,1,3,66.88963210702342,66.88963210702342,104,1.0,66.88963210702342
Candidate_038,30.0101,Biological and Physical Sciences.,66.88963210702342,1,3,66.88963210702342,66.88963210702342,105,1.0,66.88963210702342
Candidate_038,30.3601,Cultural Studies and Comparative Literature.,66.88963210702342,1,3,66.88963210702342,66.88963210702342,106,1.0,66.88963210702342
Candidate_038,30.3801,Earth Systems Science.,66.88963210702342,1,3,66.88963210702342,66.88963210702342,107,1.0,66.88963210702342
Candidate_038,30.4101,Environmental Geosciences.,66.88963210702342,1,3,66.88963210702342,66.88963210702342,108,1.0,66.88963210702342
Candidate_038,30.4501,History and Language/Literature.,66.88963210702342,1,3,66.88963210702342,66.88963210702342,109,1.0,66.88963210702342
Candidate_038,40.0101,"Physical Sciences, General.",66.88963210702342,1,3,66.88963210702342,66.88963210702342,110,1.0,66.88963210702342
Candidate_038,40.0501,"Chemistry, General.",66.88963210702342,1,3,66.88963210702342,66.88963210702342,111,1.0,66.88963210702342
Candidate_038,40.0801,"Physics, General.",66.88963210702342,1,3,66.88963210702342,66.88963210702342,112,1.0,66.88963210702342
Candidate_038,45.0101,"Social Sciences, General.",66.88963210702342,1,3,66.88963210702342,66.88963210702342,113,1.0,66.88963210702342
Candidate_038,45.0199,"Social Sciences, Other.",66.88963210702342,1,3,66.88963210702342,66.88963210702342,114,1.0,66.88963210702342
Candidate_038,45.0601,"Economics, General.",66.88963210702342,1,3,66.88963210702342,66.88963210702342,115,1.0,66.88963210702342
Candidate_038,45.1001,"Political Science and Government, General.",66.88963210702342,1,3,66.88963210702342,66.88963210702342,116,1.0,66.88963210702342
Candidate_038,45.1002,American Government and Politics (United States).,66.88963210702342,1,3,66.88963210702342,66.88963210702342,117,1.0,66.88963210702342
Candidate_038,45.1003,Canadian Government and Politics.,66.88963210702342,1,3,66.88963210702342,66.88963210702342,118,1.0,66.88963210702342
Candidate_038,45.1099,"Political Science and Government, Other.",66.88963210702342,1,3,66.88963210702342,66.88963210702342,119,1.0,66.88963210702342
Candidate_038,50.0701,"Art/Art Studies, General.",66.88963210702342,1,3,66.88963210702342,66.88963210702342,120,1.0,66.88963210702342
Candidate_038,50.0901,"Music, General.",66.88963210702342,1,3,66.88963210702342,66.88963210702342,121,1.0,66.88963210702342
Candidate_038,54.0101,"History, General.",66.88963210702342,1,3,66.88963210702342,66.88963210702342,122,1.0,66.88963210702342
Candidate_038,54.0102,American  History (United States).,66.88963210702342,1,3,66.88963210702342,66.88963210702342,123,1.0,66.88963210702342
Candidate_038,52.0302,Accounting Technology/Technician and Bookkeeping.,66.8201133144476,1,4,66.8201133144476,66.8201133144476,124,1.0,66.8201133144476
Candidate_038,51.3901,Licensed Practical/Vocational Nurse Training.,66.1529514393719,1,5,66.1529514393719,66.1529514393719,125,1.0,66.1529514393719
Candidate_038,51.3999,"Practical Nursing, Vocational Nursing and Nursing Assistants, Other.",66.1529514393719,1,5,66.1529514393719,66.1529514393719,126,1.0,66.1529514393719
Candidate_039,12.05,"Cooking and Related Culinary Arts, General.",100.00000000000003,1,1,100.00000000000003,100.0,1,1.0,100.0
Candidate_039,12.0503,Culinary Arts/Chef Training.,100.00000000000003,1,1,100.00000000000003,100.0,2,1.0,100.0
Candidate_039,12.0504,"Restaurant, Culinary, and Catering Management/Manager.",100.00000000000003,1,1,100.00000000000003,100.0,3,1.0,100.0
Candidate_039,12.0507,"Food Service, Waiter/Waitress, and Dining Room Management/Manager.",100.00000000000003,1,1,100.00000000000003,100.0,4,1.0,100.0
Candidate_039,19.0505,Foodservice Systems Administration/Management.,100.00000000000003,1,1,100.00000000000003,100.0,5,1.0,100.0
Candidate_039,52.0401,"Administrative Assistant and Secretarial Science, General.",100.00000000000003,1,1,100.00000000000003,100.0,6,1.0,100.0
Candidate_039,52.0402,Executive Assistant/Executive Secretary.,100.00000000000003,1,1,100.00000000000003,100.0,7,1.0,100.0
Candidate_039,49.0205,Truck and Bus Driver/Commercial Vehicle Operator and Instructor.,100.0,1,2,100.0,100.0,8,1.0,100.0
Candidate_039,51.2601,Health Aide.,100.0,1,2,100.0,100.0,9,1.0,100.0
Candidate_039,51.3902,Nursing Assistant/Aide and Patient Care Assistant/Aide.,100.0,1,2,100.0,100.0,10,1.0,100.0
Candidate_039,51.3999,"Practical Nursing, Vocational Nursing and Nursing Assistants, Other.",100.0,1,2,100.0,100.0,11,1.0,100.0
Candidate_039,52.0302,Accounting Technology/Technician and Bookkeeping.,100.0,1,2,100.0,100.0,12,1.0,100.0
Candidate_040,11.0103,Information Technology.,57.89836303840541,2,1,59.029562982005146,63.68819934224595,1,1.1,63.68819934224595
Candidate_040,11.0104,Informatics.,57.89836303840541,2,1,59.029562982005146,63.68819934224595,2,1.1,63.68819934224595
Candidate_040,11.0201,"Computer Programming/Programmer, General.",57.89836303840541,2,1,59.029562982005146,63.68819934224595,3,1.1,63.68819934224595
Candidate_040,11.0202,"Computer Programming, Specific Applications.",57.89836303840541,2,1,59.029562982005146,63.68819934224595,4,1.1,63.68819934224595
Candidate_040,11.0203,"Computer Programming, Vendor/Product Certification.",57.89836303840541,2,1,59.029562982005146,63.68819934224595,5,1.1,63.68819934224595
Candidate_040,11.0204,Computer Game Programming.,57.89836303840541,2,1,59.029562982005146,63.68819934224595,6,1.1,63.68819934224595
Candidate_040,11.0205,"Computer Programming, Specific Platforms.",57.89836303840541,2,1,59.029562982005146,63.68819934224595,7,1.1,63.68819934224595
Candidate_040,11.0701,Computer Science.,57.89836303840541,2,1,59.029562982005146,63.68819934224595,8,1.1,63.68819934224595
Candidate_040,14.0901,"Computer Engineering, General.",57.89836303840541,2,1,59.029562982005146,63.68819934224595,9,1.1,63.68819934224595
Candidate_040,14.0903,Computer Software Engineering.,57.89836303840541,2,1,59.029562982005146,63.68819934224595,10,1.1,63.68819934224595
Candidate_040,15.1204,Computer Software Technology/Technician.,57.89836303840541,2,1,59.029562982005146,63.68819934224595,11,1.1,63.68819934224595
Candidate_040,11.0102,Artificial Intelligence.,59.029562982005146,1,1,59.029562982005146,59.029562982005146,12,1.0,59.029562982005146
Candidate_040,11.0401,Information Science/Studies.,59.029562982005146,1,1,59.029562982005146,59.029562982005146,13,1.0,59.029562982005146
Candidate_040,11.0804,"Modeling, Virtual Environments and Simulation.",59.029562982005146,1,1,59.029562982005146,59.029562982005146,14,1.0,59.029562982005146
Candidate_040,11.0902,Cloud Computing.,59.029562982005146,1,1,59.029562982005146,59.029562982005146,15,1.0,59.029562982005146
Candidate_040,30.0801,Mathematics and Computer Science.,59.029562982005146,1,1,59.029562982005146,59.029562982005146,16,1.0,59.029562982005146
Candidate_040,30.1601,Accounting and Computer Science.,59.029562982005146,1,1,59.029562982005146,59.029562982005146,17,1.0,59.029562982005146
Candidate_040,30.3901,Economics and Computer Science.,59.029562982005146,1,1,59.029562982005146,59.029562982005146,18,1.0,59.029562982005146
Candidate_040,30.4801,Linguistics and Computer Science.,59.029562982005146,1,1,59.029562982005146,59.029562982005146,19,1.0,59.029562982005146
Candidate_040,30.7001,"Data Science, General.",59.029562982005146,1,1,59.029562982005146,59.029562982005146,20,1.0,59.029562982005146
Candidate_040,13.0201,Bilingual and Multilingual Education.,56.800445930880706,1,2,56.800445930880706,56.800445930880706,21,1.0,56.800445930880706
Candidate_040,13.1203,Junior High/Intermediate/Middle School Education and Teaching.,56.800445930880706,1,2,56.800445930880706,56.800445930880706,22,1.0,56.800445930880706
Candidate_040,13.1205,Secondary Education and Teaching.,56.800445930880706,1,2,56.800445930880706,56.800445930880706,23,1.0,56.800445930880706
Candidate_040,13.1206,"Teacher Education, Multiple Levels.",56.800445930880706,1,2,56.800445930880706,56.800445930880706,24,1.0,56.800445930880706
Candidate_040,13.1207,Montessori Teacher Education.,56.800445930880706,1,2,56.800445930880706,56.800445930880706,25,1.0,56.800445930880706
Candidate_040,13.1208,Waldorf/Steiner Teacher Education.,56.800445930880706,1,2,56.800445930880706,56.800445930880706,26,1.0,56.800445930880706
Candidate_040,13.1211,Online Educator/Online Teaching.,56.800445930880706,1,2,56.800445930880706,56.800445930880706,27,1.0,56.800445930880706
Candidate_040,13.1212,International Teaching and Learning.,56.800445930880706,1,2,56.800445930880706,56.800445930880706,28,1.0,56.800445930880706
Candidate_040,13.1213,"Science, Technology, Engineering, and Mathematics (STEM) Educational Methods.",56.800445930880706,1,2,56.800445930880706,56.800445930880706,29,1.0,56.800445930880706
Candidate_040,13.1302,Art Teacher Education.,56.800445930880706,1,2,56.800445930880706,56.800445930880706,30,1.0,56.800445930880706
Candidate_040,13.1304,Driver and Safety Teacher Education.,56.800445930880706,1,2,56.800445930880706,56.800445930880706,31,1.0,56.800445930880706
Candidate_040,13.1305,English/Language Arts Teacher Education.,56.800445930880706,1,2,56.800445930880706,56.800445930880706,32,1.0,56.800445930880706
Candidate_040,13.1306,Foreign Language Teacher  Education.,56.800445930880706,1,2,56.800445930880706,56.800445930880706,33,1.0,56.800445930880706
Candidate_040,13.1307,Health Teacher Education.,56.800445930880706,1,2,56.800445930880706,56.800445930880706,34,1.0,56.800445930880706
Candidate_040,13.1308,Family and Consumer Sciences/Home Economics Teacher Education.,56.800445930880706,1,2,56.800445930880706,56.800445930880706,35,1.0,56.800445930880706
Candidate_040,13.1309,Technology Teacher Education/Industrial Arts Teacher Education.,56.800445930880706,1,2,56.800445930880706,56.800445930880706,36,1.0,56.800445930880706
Candidate_040,13.1311,Mathematics Teacher Education.,56.800445930880706,1,2,56.800445930880706,56.800445930880706,37,1.0,56.800445930880706
Candidate_040,13.1312,Music Teacher Education.,56.800445930880706,1,2,56.800445930880706,56.800445930880706,38,1.0,56.800445930880706
Candidate_040,13.1314,Physical Education Teaching and Coaching.,56.800445930880706,1,2,56.800445930880706,56.800445930880706,39,1.0,56.800445930880706
Candidate_040,13.1315,Reading Teacher Education.,56.800445930880706,1,2,56.800445930880706,56.800445930880706,40,1.0,56.800445930880706
Candidate_040,13.1316,Science Teacher Education/General Science Teacher Education.,56.800445930880706,1,2,56.800445930880706,56.800445930880706,41,1.0,56.800445930880706
Candidate_040,13.1317,Social Science Teacher Education.,56.800445930880706,1,2,56.800445930880706,56.800445930880706,42,1.0,56.800445930880706
Candidate_040,13.1318,Social Studies Teacher Education.,56.800445930880706,1,2,56.800445930880706,56.800445930880706,43,1.0,56.800445930880706
Candidate_040,13.1321,Computer Teacher Education.,56.800445930880706,1,2,56.800445930880706,56.800445930880706,44,1.0,56.800445930880706
Candidate_040,13.1322,Biology Teacher Education.,56.800445930880706,1,2,56.800445930880706,56.800445930880706,45,1.0,56.800445930880706
Candidate_040,13.1323,Chemistry Teacher Education.,56.800445930880706,1,2,56.800445930880706,56.800445930880706,46,1.0,56.800445930880706
Candidate_040,13.1324,Drama and Dance Teacher Education.,56.800445930880706,1,2,56.800445930880706,56.800445930880706,47,1.0,56.800445930880706
Candidate_040,13.1325,French Language Teacher Education.,56.800445930880706,1,2,56.800445930880706,56.800445930880706,48,1.0,56.800445930880706
Candidate_040,13.1326,German Language Teacher Education.,56.800445930880706,1,2,56.800445930880706,56.800445930880706,49,1.0,56.800445930880706
Candidate_040,13.1328,History Teacher Education.,56.800445930880706,1,2,56.800445930880706,56.800445930880706,50,1.0,56.800445930880706
Candidate_040,13.1329,Physics Teacher Education.,56.800445930880706,1,2,56.800445930880706,56.800445930880706,51,1.0,56.800445930880706
Candidate_040,13.133,Spanish Language Teacher Education.,56.800445930880706,1,2,56.800445930880706,56.800445930880706,52,1.0,56.800445930880706
Candidate_040,13.1331,Speech Teacher Education.,56.800445930880706,1,2,56.800445930880706,56.800445930880706,53,1.0,56.800445930880706
Candidate_040,13.1332,Geography Teacher Education.,56.800445930880706,1,2,56.800445930880706,56.800445930880706,54,1.0,56.800445930880706
Candidate_040,13.1333,Latin Teacher Education.,56.800445930880706,1,2,56.800445930880706,56.800445930880706,55,1.0,56.800445930880706
Candidate_040,13.1335,Psychology Teacher Education.,56.800445930880706,1,2,56.800445930880706,56.800445930880706,56,1.0,56.800445930880706
Candidate_040,13.1337,Earth Science Teacher Education.,56.800445930880706,1,2,56.800445930880706,56.800445930880706,57,1.0,56.800445930880706
Candidate_040,13.1338,Environmental Education.,56.800445930880706,1,2,56.800445930880706,56.800445930880706,58,1.0,56.800445930880706
Candidate_040,13.1339,Communication Arts and Literature Teacher Education.,56.800445930880706,1,2,56.800445930880706,56.800445930880706,59,1.0,56.800445930880706
Candidate_040,13.1401,Teaching English as a Second or Foreign Language/ESL Language Instructor.,56.800445930880706,1,2,56.800445930880706,56.800445930880706,60,1.0,56.800445930880706
Candidate_040,13.1402,Teaching French as a Second or Foreign Language.,56.800445930880706,1,2,56.800445930880706,56.800445930880706,61,1.0,56.800445930880706
Candidate_040,13.1499,"Teaching English or French as a Second or Foreign Language, Other.",56.800445930880706,1,2,56.800445930880706,56.800445930880706,62,1.0,56.800445930880706
Candidate_040,16.0101,"Foreign Languages and Literatures, General.",56.800445930880706,1,2,56.800445930880706,56.800445930880706,63,1.0,56.800445930880706
Candidate_040,16.03,"East Asian Languages, Literatures, and Linguistics, General.",56.800445930880706,1,2,56.800445930880706,56.800445930880706,64,1.0,56.800445930880706
Candidate_040,16.0301,Chinese Language and Literature.,56.800445930880706,1,2,56.800445930880706,56.800445930880706,65,1.0,56.800445930880706
Candidate_040,16.0302,Japanese Language and Literature.,56.800445930880706,1,2,56.800445930880706,56.800445930880706,66,1.0,56.800445930880706
Candidate_040,16.0303,Korean Language and Literature.,56.800445930880706,1,2,56.800445930880706,56.800445930880706,67,1.0,56.800445930880706
Candidate_040,16.0399,"East Asian Languages, Literatures, and Linguistics, Other.",56.800445930880706,1,2,56.800445930880706,56.800445930880706,68,1.0,56.800445930880706
Candidate_040,16.0402,Russian Language and Literature.,56.800445930880706,1,2,56.800445930880706,56.800445930880706,69,1.0,56.800445930880706
Candidate_040,16.05,"Germanic Languages, Literatures, and Linguistics, General.",56.800445930880706,1,2,56.800445930880706,56.800445930880706,70,1.0,56.800445930880706
Candidate_040,16.0501,German Language and Literature.,56.800445930880706,1,2,56.800445930880706,56.800445930880706,71,1.0,56.800445930880706
Candidate_040,16.0599,"Germanic Languages, Literatures, and Linguistics, Other.",56.800445930880706,1,2,56.800445930880706,56.800445930880706,72,1.0,56.800445930880706
Candidate_040,16.09,"Romance Languages, Literatures, and Linguistics, General.",56.800445930880706,1,2,56.800445930880706,56.800445930880706,73,1.0,56.800445930880706
Candidate_040,16.0901,French Language and Literature.,56.800445930880706,1,2,56.800445930880706,56.800445930880706,74,1.0,56.800445930880706
Candidate_040,16.0902,Italian Language and Literature.,56.800445930880706,1,2,56.800445930880706,56.800445930880706,75,1.0,56.800445930880706
Candidate_040,16.0905,Spanish Language and Literature.,56.800445930880706,1,2,56.800445930880706,56.800445930880706,76,1.0,56.800445930880706
Candidate_040,16.0999,"Romance Languages, Literatures, and Linguistics, Other.",56.800445930880706,1,2,56.800445930880706,56.800445930880706,77,1.0,56.800445930880706
Candidate_040,16.1001,"American Indian/Native American Languages, Literatures, and Linguistics.",56.800445930880706,1,2,56.800445930880706,56.800445930880706,78,1.0,56.800445930880706
Candidate_040,16.1101,Arabic Language and Literature.,56.800445930880706,1,2,56.800445930880706,56.800445930880706,79,1.0,56.800445930880706
Candidate_040,16.1102,Hebrew Language and Literature.,56.800445930880706,1,2,56.800445930880706,56.800445930880706,80,1.0,56.800445930880706
Candidate_040,16.12,"Classics and Classical Languages, Literatures, and Linguistics, General.",56.800445930880706,1,2,56.800445930880706,56.800445930880706,81,1.0,56.800445930880706
Candidate_040,16.1202,Ancient/Classical Greek Language and Literature.,56.800445930880706,1,2,56.800445930880706,56.800445930880706,82,1.0,56.800445930880706
Candidate_040,16.1203,Latin Language and Literature.,56.800445930880706,1,2,56.800445930880706,56.800445930880706,83,1.0,56.800445930880706
Candidate_040,16.1299,"Classics and Classical Languages, Literatures, and Linguistics, Other.",56.800445930880706,1,2,56.800445930880706,56.800445930880706,84,1.0,56.800445930880706
Candidate_040,16.1409,Hawaiian Language and Literature.,56.800445930880706,1,2,56.800445930880706,56.800445930880706,85,1.0,56.800445930880706
Candidate_040,16.1499,"Southeast Asian and Australasian/Pacific Languages, Literatures, and Linguistics, Other.",56.800445930880706,1,2,56.800445930880706,56.800445930880706,86,1.0,56.800445930880706
Candidate_040,16.1601,American Sign Language (ASL).,56.800445930880706,1,2,56.800445930880706,56.800445930880706,87,1.0,56.800445930880706
Candidate_040,16.1602,Linguistics of ASL and Other Sign Languages.,56.800445930880706,1,2,56.800445930880706,56.800445930880706,88,1.0,56.800445930880706
Candidate_040,16.9999,"Foreign Languages, Literatures, and Linguistics, Other.",56.800445930880706,1,2,56.800445930880706,56.800445930880706,89,1.0,56.800445930880706
Candidate_040,19.0101,"Family and Consumer Sciences/Human Sciences, General.",56.800445930880706,1,2,56.800445930880706,56.800445930880706,90,1.0,56.800445930880706
Candidate_040,23.0101,"English Language and Literature, General.",56.800445930880706,1,2,56.800445930880706,56.800445930880706,91,1.0,56.800445930880706
Candidate_040,26.0101,"Biology/Biological Sciences, General.",56.800445930880706,1,2,56.800445930880706,56.800445930880706,92,1.0,56.800445930880706
Candidate_040,27.0101,"Mathematics, General.",56.800445930880706,1,2,56.800445930880706,56.800445930880706,93,1.0,56.800445930880706
Candidate_040,30.0101,Biological and Physical Sciences.,56.800445930880706,1,2,56.800445930880706,56.800445930880706,94,1.0,56.800445930880706
Candidate_040,30.3601,Cultural Studies and Comparative Literature.,56.800445930880706,1,2,56.800445930880706,56.800445930880706,95,1.0,56.800445930880706
Candidate_040,30.3801,Earth Systems Science.,56.800445930880706,1,2,56.800445930880706,56.800445930880706,96,1.0,56.800445930880706
Candidate_040,30.4101,Environmental Geosciences.,56.800445930880706,1,2,56.800445930880706,56.800445930880706,97,1.0,56.800445930880706
Candidate_040,30.4501,History and Language/Literature.,56.800445930880706,1,2,56.800445930880706,56.800445930880706,98,1.0,56.800445930880706
Candidate_040,40.0101,"Physical Sciences, General.",56.800445930880706,1,2,56.800445930880706,56.800445930880706,99,1.0,56.800445930880706
Candidate_040,40.0501,"Chemistry, General.",56.800445930880706,1,2,56.800445930880706,56.800445930880706,100,1.0,56.800445930880706
Candidate_040,40.0801,"Physics, General.",56.800445930880706,1,2,56.800445930880706,56.800445930880706,101,1.0,56.800445930880706
Candidate_040,45.0101,"Social Sciences, General.",56.800445930880706,1,2,56.800445930880706,56.800445930880706,102,1.0,56.800445930880706
Candidate_040,45.0199,"Social Sciences, Other.",56.800445930880706,1,2,56.800445930880706,56.800445930880706,103,1.0,56.800445930880706
Candidate_040,45.0601,"Economics, General.",56.800445930880706,1,2,56.800445930880706,56.800445930880706,104,1.0,56.800445930880706
Candidate_040,45.1001,"Political Science and Government, General.",56.800445930880706,1,2,56.800445930880706,56.800445930880706,105,1.0,56.800445930880706
Candidate_040,45.1002,American Government and Politics (United States).,56.800445930880706,1,2,56.800445930880706,56.800445930880706,106,1.0,56.800445930880706
Candidate_040,45.1003,Canadian Government and Politics.,56.800445930880706,1,2,56.800445930880706,56.800445930880706,107,1.0,56.800445930880706
Candidate_040,45.1099,"Political Science and Government, Other.",56.800445930880706,1,2,56.800445930880706,56.800445930880706,108,1.0,56.800445930880706
Candidate_040,50.0701,"Art/Art Studies, General.",56.800445930880706,1,2,56.800445930880706,56.800445930880706,109,1.0,56.800445930880706
Candidate_040,50.0901,"Music, General.",56.800445930880706,1,2,56.800445930880706,56.800445930880706,110,1.0,56.800445930880706
Candidate_040,54.0101,"History, General.",56.800445930880706,1,2,56.800445930880706,56.800445930880706,111,1.0,56.800445930880706
Candidate_040,54.0102,American  History (United States).,56.800445930880706,1,2,56.800445930880706,56.800445930880706,112,1.0,56.800445930880706
Candidate_040,11.0101,"Computer and Information Sciences, General.",56.76716309480566,1,3,56.76716309480566,56.76716309480566,113,1.0,56.76716309480566
Candidate_040,11.0501,Computer Systems Analysis/Analyst.,56.76716309480566,1,3,56.76716309480566,56.76716309480566,114,1.0,56.76716309480566
Candidate_040,11.0901,Computer Systems Networking and Telecommunications.,56.76716309480566,1,3,56.76716309480566,56.76716309480566,115,1.0,56.76716309480566
Candidate_040,11.1001,Network and System Administration/Administrator.,56.76716309480566,1,3,56.76716309480566,56.76716309480566,116,1.0,56.76716309480566
Candidate_040,11.1002,"System, Networking, and LAN/WAN Management/Manager.",56.76716309480566,1,3,56.76716309480566,56.76716309480566,117,1.0,56.76716309480566
Candidate_040,11.1003,Computer and Information Systems Security/Auditing/Information Assurance.,56.76716309480566,1,3,56.76716309480566,56.76716309480566,118,1.0,56.76716309480566
Candidate_040,11.1005,Information Technology Project Management.,56.76716309480566,1,3,56.76716309480566,56.76716309480566,119,1.0,56.76716309480566
Candidate_040,15.1201,Computer Engineering Technology/Technician.,56.76716309480566,1,3,56.76716309480566,56.76716309480566,120,1.0,56.76716309480566
Candidate_040,15.1202,Computer/Computer Systems Technology/Technician.,56.76716309480566,1,3,56.76716309480566,56.76716309480566,121,1.0,56.76716309480566
Candidate_040,43.0403,Cyber/Computer Forensics and Counterterrorism.,56.76716309480566,1,3,56.76716309480566,56.76716309480566,122,1.0,56.76716309480566
Candidate_040,51.0723,Healthcare Information Privacy Assurance and Security.,56.76716309480566,1,3,56.76716309480566,56.76716309480566,123,1.0,56.76716309480566
Candidate_040,51.3901,Licensed Practical/Vocational Nurse Training.,56.702529805175914,1,4,56.702529805175914,56.702529805175914,124,1.0,56.702529805175914
Candidate_040,51.3999,"Practical Nursing, Vocational Nursing and Nursing Assistants, Other.",56.702529805175914,1,4,56.702529805175914,56.702529805175914,125,1.0,56.702529805175914
Candidate_040,52.0302,Accounting Technology/Technician and Bookkeeping.,55.77195467422096,1,5,55.77195467422096,55.77195467422096,126,1.0,55.77195467422096
Candidate_041,1.0106,Agricultural Business Technology/Technician.,73.39904392275653,2,1,74.10071942446042,80.73894831503219,1,1.1,80.73894831503219
Candidate_041,1.8201,"Veterinary Administrative Services, General.",73.39904392275653,2,1,74.10071942446042,80.73894831503219,2,1.1,80.73894831503219
Candidate_041,1.8202,Veterinary Office Management/Administration.,73.39904392275653,2,1,74.10071942446042,80.73894831503219,3,1.1,80.73894831503219
Candidate_041,1.8203,Veterinary Reception/Receptionist.,73.39904392275653,2,1,74.10071942446042,80.73894831503219,4,1.1,80.73894831503219
Candidate_041,1.8204,Veterinary Administrative/Executive Assistant and Veterinary Secretary.,73.39904392275653,2,1,74.10071942446042,80.73894831503219,5,1.1,80.73894831503219
Candidate_041,51.0705,Medical Office Management/Administration.,73.39904392275653,2,1,74.10071942446042,80.73894831503219,6,1.1,80.73894831503219
Candidate_041,51.0711,Medical/Health Management and Clinical Assistant/Specialist.,73.39904392275653,2,1,74.10071942446042,80.73894831503219,7,1.1,80.73894831503219
Candidate_041,51.0712,Medical Reception/Receptionist.,73.39904392275653,2,1,74.10071942446042,80.73894831503219,8,1.1,80.73894831503219
Candidate_041,52.0204,Office Management and Supervision.,73.39904392275653,2,1,74.10071942446042,80.73894831503219,9,1.1,80.73894831503219
Candidate_041,52.0207,Customer Service Management.,73.39904392275653,2,1,74.10071942446042,80.73894831503219,10,1.1,80.73894831503219
Candidate_041,52.0208,E-Commerce/Electronic Commerce.,73.39904392275653,2,1,74.10071942446042,80.73894831503219,11,1.1,80.73894831503219
Candidate_041,52.0401,"Administrative Assistant and Secretarial Science, General.",73.39904392275653,2,1,74.10071942446042,80.73894831503219,12,1.1,80.73894831503219
Candidate_041,52.0402,Executive Assistant/Executive Secretary.,73.39904392275653,2,1,74.10071942446042,80.73894831503219,13,1.1,80.73894831503219
Candidate_041,52.0302,Accounting Technology/Technician and Bookkeeping.,73.47733711048159,1,2,73.47733711048159,73.47733711048159,14,1.0,73.47733711048159
Candidate_041,49.0205,Truck and Bus Driver/Commercial Vehicle Operator and Instructor.,72.75247524752474,1,3,72.75247524752474,72.75247524752474,15,1.0,72.75247524752474
Candidate_041,11.0102,Artificial Intelligence.,72.30077120822622,1,5,72.30077120822622,72.30077120822622,16,1.0,72.30077120822622
Candidate_041,11.0103,Information Technology.,72.30077120822622,1,5,72.30077120822622,72.30077120822622,17,1.0,72.30077120822622
Candidate_041,11.0104,Informatics.,72.30077120822622,1,5,72.30077120822622,72.30077120822622,18,1.0,72.30077120822622
Candidate_041,11.0201,"Computer Programming/Programmer, General.",72.30077120822622,1,5,72.30077120822622,72.30077120822622,19,1.0,72.30077120822622
Candidate_041,11.0202,"Computer Programming, Specific Applications.",72.30077120822622,1,5,72.30077120822622,72.30077120822622,20,1.0,72.30077120822622
Candidate_041,11.0203,"Computer Programming, Vendor/Product Certification.",72.30077120822622,1,5,72.30077120822622,72.30077120822622,21,1.0,72.30077120822622
Candidate_041,11.0204,Computer Game Programming.,72.30077120822622,1,5,72.30077120822622,72.30077120822622,22,1.0,72.30077120822622
Candidate_041,11.0205,"Computer Programming, Specific Platforms.",72.30077120822622,1,5,72.30077120822622,72.30077120822622,23,1.0,72.30077120822622
Candidate_041,11.0401,Information Science/Studies.,72.30077120822622,1,5,72.30077120822622,72.30077120822622,24,1.0,72.30077120822622
Candidate_041,11.0701,Computer Science.,72.30077120822622,1,5,72.30077120822622,72.30077120822622,25,1.0,72.30077120822622
Candidate_041,11.0804,"Modeling, Virtual Environments and Simulation.",72.30077120822622,1,5,72.30077120822622,72.30077120822622,26,1.0,72.30077120822622
Candidate_041,11.0902,Cloud Computing.,72.30077120822622,1,5,72.30077120822622,72.30077120822622,27,1.0,72.30077120822622
Candidate_041,14.0901,"Computer Engineering, General.",72.30077120822622,1,5,72.30077120822622,72.30077120822622,28,1.0,72.30077120822622
Candidate_041,14.0903,Computer Software Engineering.,72.30077120822622,1,5,72.30077120822622,72.30077120822622,29,1.0,72.30077120822622
Candidate_041,15.1204,Computer Software Technology/Technician.,72.30077120822622,1,5,72.30077120822622,72.30077120822622,30,1.0,72.30077120822622
Candidate_041,30.0801,Mathematics and Computer Science.,72.30077120822622,1,5,72.30077120822622,72.30077120822622,31,1.0,72.30077120822622
Candidate_041,30.1601,Accounting and Computer Science.,72.30077120822622,1,5,72.30077120822622,72.30077120822622,32,1.0,72.30077120822622
Candidate_041,30.3901,Economics and Computer Science.,72.30077120822622,1,5,72.30077120822622,72.30077120822622,33,1.0,72.30077120822622
Candidate_041,30.4801,Linguistics and Computer Science.,72.30077120822622,1,5,72.30077120822622,72.30077120822622,34,1.0,72.30077120822622
Candidate_041,30.7001,"Data Science, General.",72.30077120822622,1,5,72.30077120822622,72.30077120822622,35,1.0,72.30077120822622
Candidate_042,11.0103,Information Technology.,57.89836303840541,2,1,59.029562982005146,63.68819934224595,1,1.1,63.68819934224595
Candidate_042,11.0104,Informatics.,57.89836303840541,2,1,59.029562982005146,63.68819934224595,2,1.1,63.68819934224595
Candidate_042,11.0201,"Computer Programming/Programmer, General.",57.89836303840541,2,1,59.029562982005146,63.68819934224595,3,1.1,63.68819934224595
Candidate_042,11.0202,"Computer Programming, Specific Applications.",57.89836303840541,2,1,59.029562982005146,63.68819934224595,4,1.1,63.68819934224595
Candidate_042,11.0203,"Computer Programming, Vendor/Product Certification.",57.89836303840541,2,1,59.029562982005146,63.68819934224595,5,1.1,63.68819934224595
Candidate_042,11.0204,Computer Game Programming.,57.89836303840541,2,1,59.029562982005146,63.68819934224595,6,1.1,63.68819934224595
Candidate_042,11.0205,"Computer Programming, Specific Platforms.",57.89836303840541,2,1,59.029562982005146,63.68819934224595,7,1.1,63.68819934224595
Candidate_042,11.0701,Computer Science.,57.89836303840541,2,1,59.029562982005146,63.68819934224595,8,1.1,63.68819934224595
Candidate_042,14.0901,"Computer Engineering, General.",57.89836303840541,2,1,59.029562982005146,63.68819934224595,9,1.1,63.68819934224595
Candidate_042,14.0903,Computer Software Engineering.,57.89836303840541,2,1,59.029562982005146,63.68819934224595,10,1.1,63.68819934224595
Candidate_042,15.1204,Computer Software Technology/Technician.,57.89836303840541,2,1,59.029562982005146,63.68819934224595,11,1.1,63.68819934224595
Candidate_042,11.0102,Artificial Intelligence.,59.029562982005146,1,1,59.029562982005146,59.029562982005146,12,1.0,59.029562982005146
Candidate_042,11.0401,Information Science/Studies.,59.029562982005146,1,1,59.029562982005146,59.029562982005146,13,1.0,59.029562982005146
Candidate_042,11.0804,"Modeling, Virtual Environments and Simulation.",59.029562982005146,1,1,59.029562982005146,59.029562982005146,14,1.0,59.029562982005146
Candidate_042,11.0902,Cloud Computing.,59.029562982005146,1,1,59.029562982005146,59.029562982005146,15,1.0,59.029562982005146
Candidate_042,30.0801,Mathematics and Computer Science.,59.029562982005146,1,1,59.029562982005146,59.029562982005146,16,1.0,59.029562982005146
Candidate_042,30.1601,Accounting and Computer Science.,59.029562982005146,1,1,59.029562982005146,59.029562982005146,17,1.0,59.029562982005146
Candidate_042,30.3901,Economics and Computer Science.,59.029562982005146,1,1,59.029562982005146,59.029562982005146,18,1.0,59.029562982005146
Candidate_042,30.4801,Linguistics and Computer Science.,59.029562982005146,1,1,59.029562982005146,59.029562982005146,19,1.0,59.029562982005146
Candidate_042,30.7001,"Data Science, General.",59.029562982005146,1,1,59.029562982005146,59.029562982005146,20,1.0,59.029562982005146
Candidate_042,13.0201,Bilingual and Multilingual Education.,56.800445930880706,1,2,56.800445930880706,56.800445930880706,21,1.0,56.800445930880706
Candidate_042,13.1203,Junior High/Intermediate/Middle School Education and Teaching.,56.800445930880706,1,2,56.800445930880706,56.800445930880706,22,1.0,56.800445930880706
Candidate_042,13.1205,Secondary Education and Teaching.,56.800445930880706,1,2,56.800445930880706,56.800445930880706,23,1.0,56.800445930880706
Candidate_042,13.1206,"Teacher Education, Multiple Levels.",56.800445930880706,1,2,56.800445930880706,56.800445930880706,24,1.0,56.800445930880706
Candidate_042,13.1207,Montessori Teacher Education.,56.800445930880706,1,2,56.800445930880706,56.800445930880706,25,1.0,56.800445930880706
Candidate_042,13.1208,Waldorf/Steiner Teacher Education.,56.800445930880706,1,2,56.800445930880706,56.800445930880706,26,1.0,56.800445930880706
Candidate_042,13.1211,Online Educator/Online Teaching.,56.800445930880706,1,2,56.800445930880706,56.800445930880706,27,1.0,56.800445930880706
Candidate_042,13.1212,International Teaching and Learning.,56.800445930880706,1,2,56.800445930880706,56.800445930880706,28,1.0,56.800445930880706
Candidate_042,13.1213,"Science, Technology, Engineering, and Mathematics (STEM) Educational Methods.",56.800445930880706,1,2,56.800445930880706,56.800445930880706,29,1.0,56.800445930880706
Candidate_042,13.1302,Art Teacher Education.,56.800445930880706,1,2,56.800445930880706,56.800445930880706,30,1.0,56.800445930880706
Candidate_042,13.1304,Driver and Safety Teacher Education.,56.800445930880706,1,2,56.800445930880706,56.800445930880706,31,1.0,56.800445930880706
Candidate_042,13.1305,English/Language Arts Teacher Education.,56.800445930880706,1,2,56.800445930880706,56.800445930880706,32,1.0,56.800445930880706
Candidate_042,13.1306,Foreign Language Teacher  Education.,56.800445930880706,1,2,56.800445930880706,56.800445930880706,33,1.0,56.800445930880706
Candidate_042,13.1307,Health Teacher Education.,56.800445930880706,1,2,56.800445930880706,56.800445930880706,34,1.0,56.800445930880706
Candidate_042,13.1308,Family and Consumer Sciences/Home Economics Teacher Education.,56.800445930880706,1,2,56.800445930880706,56.800445930880706,35,1.0,56.800445930880706
Candidate_042,13.1309,Technology Teacher Education/Industrial Arts Teacher Education.,56.800445930880706,1,2,56.800445930880706,56.800445930880706,36,1.0,56.800445930880706
Candidate_042,13.1311,Mathematics Teacher Education.,56.800445930880706,1,2,56.800445930880706,56.800445930880706,37,1.0,56.800445930880706
Candidate_042,13.1312,Music Teacher Education.,56.800445930880706,1,2,56.800445930880706,56.800445930880706,38,1.0,56.800445930880706
Candidate_042,13.1314,Physical Education Teaching and Coaching.,56.800445930880706,1,2,56.800445930880706,56.800445930880706,39,1.0,56.800445930880706
Candidate_042,13.1315,Reading Teacher Education.,56.800445930880706,1,2,56.800445930880706,56.800445930880706,40,1.0,56.800445930880706
Candidate_042,13.1316,Science Teacher Education/General Science Teacher Education.,56.800445930880706,1,2,56.800445930880706,56.800445930880706,41,1.0,56.800445930880706
Candidate_042,13.1317,Social Science Teacher Education.,56.800445930880706,1,2,56.800445930880706,56.800445930880706,42,1.0,56.800445930880706
Candidate_042,13.1318,Social Studies Teacher Education.,56.800445930880706,1,2,56.800445930880706,56.800445930880706,43,1.0,56.800445930880706
Candidate_042,13.1321,Computer Teacher Education.,56.800445930880706,1,2,56.800445930880706,56.800445930880706,44,1.0,56.800445930880706
Candidate_042,13.1322,Biology Teacher Education.,56.800445930880706,1,2,56.800445930880706,56.800445930880706,45,1.0,56.800445930880706
Candidate_042,13.1323,Chemistry Teacher Education.,56.800445930880706,1,2,56.800445930880706,56.800445930880706,46,1.0,56.800445930880706
Candidate_042,13.1324,Drama and Dance Teacher Education.,56.800445930880706,1,2,56.800445930880706,56.800445930880706,47,1.0,56.800445930880706
Candidate_042,13.1325,French Language Teacher Education.,56.800445930880706,1,2,56.800445930880706,56.800445930880706,48,1.0,56.800445930880706
Candidate_042,13.1326,German Language Teacher Education.,56.800445930880706,1,2,56.800445930880706,56.800445930880706,49,1.0,56.800445930880706
Candidate_042,13.1328,History Teacher Education.,56.800445930880706,1,2,56.800445930880706,56.800445930880706,50,1.0,56.800445930880706
Candidate_042,13.1329,Physics Teacher Education.,56.800445930880706,1,2,56.800445930880706,56.800445930880706,51,1.0,56.800445930880706
Candidate_042,13.133,Spanish Language Teacher Education.,56.800445930880706,1,2,56.800445930880706,56.800445930880706,52,1.0,56.800445930880706
Candidate_042,13.1331,Speech Teacher Education.,56.800445930880706,1,2,56.800445930880706,56.800445930880706,53,1.0,56.800445930880706
Candidate_042,13.1332,Geography Teacher Education.,56.800445930880706,1,2,56.800445930880706,56.800445930880706,54,1.0,56.800445930880706
Candidate_042,13.1333,Latin Teacher Education.,56.800445930880706,1,2,56.800445930880706,56.800445930880706,55,1.0,56.800445930880706
Candidate_042,13.1335,Psychology Teacher Education.,56.800445930880706,1,2,56.800445930880706,56.800445930880706,56,1.0,56.800445930880706
Candidate_042,13.1337,Earth Science Teacher Education.,56.800445930880706,1,2,56.800445930880706,56.800445930880706,57,1.0,56.800445930880706
Candidate_042,13.1338,Environmental Education.,56.800445930880706,1,2,56.800445930880706,56.800445930880706,58,1.0,56.800445930880706
Candidate_042,13.1339,Communication Arts and Literature Teacher Education.,56.800445930880706,1,2,56.800445930880706,56.800445930880706,59,1.0,56.800445930880706
Candidate_042,13.1401,Teaching English as a Second or Foreign Language/ESL Language Instructor.,56.800445930880706,1,2,56.800445930880706,56.800445930880706,60,1.0,56.800445930880706
Candidate_042,13.1402,Teaching French as a Second or Foreign Language.,56.800445930880706,1,2,56.800445930880706,56.800445930880706,61,1.0,56.800445930880706
Candidate_042,13.1499,"Teaching English or French as a Second or Foreign Language, Other.",56.800445930880706,1,2,56.800445930880706,56.800445930880706,62,1.0,56.800445930880706
Candidate_042,16.0101,"Foreign Languages and Literatures, General.",56.800445930880706,1,2,56.800445930880706,56.800445930880706,63,1.0,56.800445930880706
Candidate_042,16.03,"East Asian Languages, Literatures, and Linguistics, General.",56.800445930880706,1,2,56.800445930880706,56.800445930880706,64,1.0,56.800445930880706
Candidate_042,16.0301,Chinese Language and Literature.,56.800445930880706,1,2,56.800445930880706,56.800445930880706,65,1.0,56.800445930880706
Candidate_042,16.0302,Japanese Language and Literature.,56.800445930880706,1,2,56.800445930880706,56.800445930880706,66,1.0,56.800445930880706
Candidate_042,16.0303,Korean Language and Literature.,56.800445930880706,1,2,56.800445930880706,56.800445930880706,67,1.0,56.800445930880706
Candidate_042,16.0399,"East Asian Languages, Literatures, and Linguistics, Other.",56.800445930880706,1,2,56.800445930880706,56.800445930880706,68,1.0,56.800445930880706
Candidate_042,16.0402,Russian Language and Literature.,56.800445930880706,1,2,56.800445930880706,56.800445930880706,69,1.0,56.800445930880706
Candidate_042,16.05,"Germanic Languages, Literatures, and Linguistics, General.",56.800445930880706,1,2,56.800445930880706,56.800445930880706,70,1.0,56.800445930880706
Candidate_042,16.0501,German Language and Literature.,56.800445930880706,1,2,56.800445930880706,56.800445930880706,71,1.0,56.800445930880706
Candidate_042,16.0599,"Germanic Languages, Literatures, and Linguistics, Other.",56.800445930880706,1,2,56.800445930880706,56.800445930880706,72,1.0,56.800445930880706
Candidate_042,16.09,"Romance Languages, Literatures, and Linguistics, General.",56.800445930880706,1,2,56.800445930880706,56.800445930880706,73,1.0,56.800445930880706
Candidate_042,16.0901,French Language and Literature.,56.800445930880706,1,2,56.800445930880706,56.800445930880706,74,1.0,56.800445930880706
Candidate_042,16.0902,Italian Language and Literature.,56.800445930880706,1,2,56.800445930880706,56.800445930880706,75,1.0,56.800445930880706
Candidate_042,16.0905,Spanish Language and Literature.,56.800445930880706,1,2,56.800445930880706,56.800445930880706,76,1.0,56.800445930880706
Candidate_042,16.0999,"Romance Languages, Literatures, and Linguistics, Other.",56.800445930880706,1,2,56.800445930880706,56.800445930880706,77,1.0,56.800445930880706
Candidate_042,16.1001,"American Indian/Native American Languages, Literatures, and Linguistics.",56.800445930880706,1,2,56.800445930880706,56.800445930880706,78,1.0,56.800445930880706
Candidate_042,16.1101,Arabic Language and Literature.,56.800445930880706,1,2,56.800445930880706,56.800445930880706,79,1.0,56.800445930880706
Candidate_042,16.1102,Hebrew Language and Literature.,56.800445930880706,1,2,56.800445930880706,56.800445930880706,80,1.0,56.800445930880706
Candidate_042,16.12,"Classics and Classical Languages, Literatures, and Linguistics, General.",56.800445930880706,1,2,56.800445930880706,56.800445930880706,81,1.0,56.800445930880706
Candidate_042,16.1202,Ancient/Classical Greek Language and Literature.,56.800445930880706,1,2,56.800445930880706,56.800445930880706,82,1.0,56.800445930880706
Candidate_042,16.1203,Latin Language and Literature.,56.800445930880706,1,2,56.800445930880706,56.800445930880706,83,1.0,56.800445930880706
Candidate_042,16.1299,"Classics and Classical Languages, Literatures, and Linguistics, Other.",56.800445930880706,1,2,56.800445930880706,56.800445930880706,84,1.0,56.800445930880706
Candidate_042,16.1409,Hawaiian Language and Literature.,56.800445930880706,1,2,56.800445930880706,56.800445930880706,85,1.0,56.800445930880706
Candidate_042,16.1499,"Southeast Asian and Australasian/Pacific Languages, Literatures, and Linguistics, Other.",56.800445930880706,1,2,56.800445930880706,56.800445930880706,86,1.0,56.800445930880706
Candidate_042,16.1601,American Sign Language (ASL).,56.800445930880706,1,2,56.800445930880706,56.800445930880706,87,1.0,56.800445930880706
Candidate_042,16.1602,Linguistics of ASL and Other Sign Languages.,56.800445930880706,1,2,56.800445930880706,56.800445930880706,88,1.0,56.800445930880706
Candidate_042,16.9999,"Foreign Languages, Literatures, and Linguistics, Other.",56.800445930880706,1,2,56.800445930880706,56.800445930880706,89,1.0,56.800445930880706
Candidate_042,19.0101,"Family and Consumer Sciences/Human Sciences, General.",56.800445930880706,1,2,56.800445930880706,56.800445930880706,90,1.0,56.800445930880706
Candidate_042,23.0101,"English Language and Literature, General.",56.800445930880706,1,2,56.800445930880706,56.800445930880706,91,1.0,56.800445930880706
Candidate_042,26.0101,"Biology/Biological Sciences, General.",56.800445930880706,1,2,56.800445930880706,56.800445930880706,92,1.0,56.800445930880706
Candidate_042,27.0101,"Mathematics, General.",56.800445930880706,1,2,56.800445930880706,56.800445930880706,93,1.0,56.800445930880706
Candidate_042,30.0101,Biological and Physical Sciences.,56.800445930880706,1,2,56.800445930880706,56.800445930880706,94,1.0,56.800445930880706
Candidate_042,30.3601,Cultural Studies and Comparative Literature.,56.800445930880706,1,2,56.800445930880706,56.800445930880706,95,1.0,56.800445930880706
Candidate_042,30.3801,Earth Systems Science.,56.800445930880706,1,2,56.800445930880706,56.800445930880706,96,1.0,56.800445930880706
Candidate_042,30.4101,Environmental Geosciences.,56.800445930880706,1,2,56.800445930880706,56.800445930880706,97,1.0,56.800445930880706
Candidate_042,30.4501,History and Language/Literature.,56.800445930880706,1,2,56.800445930880706,56.800445930880706,98,1.0,56.800445930880706
Candidate_042,40.0101,"Physical Sciences, General.",56.800445930880706,1,2,56.800445930880706,56.800445930880706,99,1.0,56.800445930880706
Candidate_042,40.0501,"Chemistry, General.",56.800445930880706,1,2,56.800445930880706,56.800445930880706,100,1.0,56.800445930880706
Candidate_042,40.0801,"Physics, General.",56.800445930880706,1,2,56.800445930880706,56.800445930880706,101,1.0,56.800445930880706
Candidate_042,45.0101,"Social Sciences, General.",56.800445930880706,1,2,56.800445930880706,56.800445930880706,102,1.0,56.800445930880706
Candidate_042,45.0199,"Social Sciences, Other.",56.800445930880706,1,2,56.800445930880706,56.800445930880706,103,1.0,56.800445930880706
Candidate_042,45.0601,"Economics, General.",56.800445930880706,1,2,56.800445930880706,56.800445930880706,104,1.0,56.800445930880706
Candidate_042,45.1001,"Political Science and Government, General.",56.800445930880706,1,2,56.800445930880706,56.800445930880706,105,1.0,56.800445930880706
Candidate_042,45.1002,American Government and Politics (United States).,56.800445930880706,1,2,56.800445930880706,56.800445930880706,106,1.0,56.800445930880706
Candidate_042,45.1003,Canadian Government and Politics.,56.800445930880706,1,2,56.800445930880706,56.800445930880706,107,1.0,56.800445930880706
Candidate_042,45.1099,"Political Science and Government, Other.",56.800445930880706,1,2,56.800445930880706,56.800445930880706,108,1.0,56.800445930880706
Candidate_042,50.0701,"Art/Art Studies, General.",56.800445930880706,1,2,56.800445930880706,56.800445930880706,109,1.0,56.800445930880706
Candidate_042,50.0901,"Music, General.",56.800445930880706,1,2,56.800445930880706,56.800445930880706,110,1.0,56.800445930880706
Candidate_042,54.0101,"History, General.",56.800445930880706,1,2,56.800445930880706,56.800445930880706,111,1.0,56.800445930880706
Candidate_042,54.0102,American  History (United States).,56.800445930880706,1,2,56.800445930880706,56.800445930880706,112,1.0,56.800445930880706
Candidate_042,11.0101,"Computer and Information Sciences, General.",56.76716309480566,1,3,56.76716309480566,56.76716309480566,113,1.0,56.76716309480566
Candidate_042,11.0501,Computer Systems Analysis/Analyst.,56.76716309480566,1,3,56.76716309480566,56.76716309480566,114,1.0,56.76716309480566
Candidate_042,11.0901,Computer Systems Networking and Telecommunications.,56.76716309480566,1,3,56.76716309480566,56.76716309480566,115,1.0,56.76716309480566
Candidate_042,11.1001,Network and System Administration/Administrator.,56.76716309480566,1,3,56.76716309480566,56.76716309480566,116,1.0,56.76716309480566
Candidate_042,11.1002,"System, Networking, and LAN/WAN Management/Manager.",56.76716309480566,1,3,56.76716309480566,56.76716309480566,117,1.0,56.76716309480566
Candidate_042,11.1003,Computer and Information Systems Security/Auditing/Information Assurance.,56.76716309480566,1,3,56.76716309480566,56.76716309480566,118,1.0,56.76716309480566
Candidate_042,11.1005,Information Technology Project Management.,56.76716309480566,1,3,56.76716309480566,56.76716309480566,119,1.0,56.76716309480566
Candidate_042,15.1201,Computer Engineering Technology/Technician.,56.76716309480566,1,3,56.76716309480566,56.76716309480566,120,1.0,56.76716309480566
Candidate_042,15.1202,Computer/Computer Systems Technology/Technician.,56.76716309480566,1,3,56.76716309480566,56.76716309480566,121,1.0,56.76716309480566
Candidate_042,43.0403,Cyber/Computer Forensics and Counterterrorism.,56.76716309480566,1,3,56.76716309480566,56.76716309480566,122,1.0,56.76716309480566
Candidate_042,51.0723,Healthcare Information Privacy Assurance and Security.,56.76716309480566,1,3,56.76716309480566,56.76716309480566,123,1.0,56.76716309480566
Candidate_042,51.3901,Licensed Practical/Vocational Nurse Training.,56.702529805175914,1,4,56.702529805175914,56.702529805175914,124,1.0,56.702529805175914
Candidate_042,51.3999,"Practical Nursing, Vocational Nursing and Nursing Assistants, Other.",56.702529805175914,1,4,56.702529805175914,56.702529805175914,125,1.0,56.702529805175914
Candidate_042,52.0302,Accounting Technology/Technician and Bookkeeping.,55.77195467422096,1,5,55.77195467422096,55.77195467422096,126,1.0,55.77195467422096
Candidate_043,11.0103,Information Technology.,79.55866210920175,2,1,79.9164524421594,87.51452832012193,1,1.1,87.51452832012193
Candidate_043,11.0104,Informatics.,79.55866210920175,2,1,79.9164524421594,87.51452832012193,2,1.1,87.51452832012193
Candidate_043,11.0201,"Computer Programming/Programmer, General.",79.55866210920175,2,1,79.9164524421594,87.51452832012193,3,1.1,87.51452832012193
Candidate_043,11.0202,"Computer Programming, Specific Applications.",79.55866210920175,2,1,79.9164524421594,87.51452832012193,4,1.1,87.51452832012193
Candidate_043,11.0203,"Computer Programming, Vendor/Product Certification.",79.55866210920175,2,1,79.9164524421594,87.51452832012193,5,1.1,87.51452832012193
Candidate_043,11.0204,Computer Game Programming.,79.55866210920175,2,1,79.9164524421594,87.51452832012193,6,1.1,87.51452832012193
Candidate_043,11.0205,"Computer Programming, Specific Platforms.",79.55866210920175,2,1,79.9164524421594,87.51452832012193,7,1.1,87.51452832012193
Candidate_043,11.0701,Computer Science.,79.55866210920175,2,1,79.9164524421594,87.51452832012193,8,1.1,87.51452832012193
Candidate_043,14.0901,"Computer Engineering, General.",79.55866210920175,2,1,79.9164524421594,87.51452832012193,9,1.1,87.51452832012193
Candidate_043,14.0903,Computer Software Engineering.,79.55866210920175,2,1,79.9164524421594,87.51452832012193,10,1.1,87.51452832012193
Candidate_043,15.1204,Computer Software Technology/Technician.,79.55866210920175,2,1,79.9164524421594,87.51452832012193,11,1.1,87.51452832012193
Candidate_043,11.0102,Artificial Intelligence.,79.9164524421594,1,1,79.9164524421594,79.9164524421594,12,1.0,79.9164524421594
Candidate_043,11.0401,Information Science/Studies.,79.9164524421594,1,1,79.9164524421594,79.9164524421594,13,1.0,79.9164524421594
Candidate_043,11.0804,"Modeling, Virtual Environments and Simulation.",79.9164524421594,1,1,79.9164524421594,79.9164524421594,14,1.0,79.9164524421594
Candidate_043,11.0902,Cloud Computing.,79.9164524421594,1,1,79.9164524421594,79.9164524421594,15,1.0,79.9164524421594
Candidate_043,30.0801,Mathematics and Computer Science.,79.9164524421594,1,1,79.9164524421594,79.9164524421594,16,1.0,79.9164524421594
Candidate_043,30.1601,Accounting and Computer Science.,79.9164524421594,1,1,79.9164524421594,79.9164524421594,17,1.0,79.9164524421594
Candidate_043,30.3901,Economics and Computer Science.,79.9164524421594,1,1,79.9164524421594,79.9164524421594,18,1.0,79.9164524421594
Candidate_043,30.4801,Linguistics and Computer Science.,79.9164524421594,1,1,79.9164524421594,79.9164524421594,19,1.0,79.9164524421594
Candidate_043,30.7001,"Data Science, General.",79.9164524421594,1,1,79.9164524421594,79.9164524421594,20,1.0,79.9164524421594
Candidate_043,51.3901,Licensed Practical/Vocational Nurse Training.,79.26722884559464,1,2,79.26722884559464,79.26722884559464,21,1.0,79.26722884559464
Candidate_043,51.3999,"Practical Nursing, Vocational Nursing and Nursing Assistants, Other.",79.26722884559464,1,2,79.26722884559464,79.26722884559464,22,1.0,79.26722884559464
Candidate_043,11.0101,"Computer and Information Sciences, General.",79.20087177624409,1,4,79.20087177624409,79.20087177624409,23,1.0,79.20087177624409
Candidate_043,11.0501,Computer Systems Analysis/Analyst.,79.20087177624409,1,4,79.20087177624409,79.20087177624409,24,1.0,79.20087177624409
Candidate_043,11.0901,Computer Systems Networking and Telecommunications.,79.20087177624409,1,4,79.20087177624409,79.20087177624409,25,1.0,79.20087177624409
Candidate_043,11.1001,Network and System Administration/Administrator.,79.20087177624409,1,4,79.20087177624409,79.20087177624409,26,1.0,79.20087177624409
Candidate_043,11.1002,"System, Networking, and LAN/WAN Management/Manager.",79.20087177624409,1,4,79.20087177624409,79.20087177624409,27,1.0,79.20087177624409
Candidate_043,11.1003,Computer and Information Systems Security/Auditing/Information Assurance.,79.20087177624409,1,4,79.20087177624409,79.20087177624409,28,1.0,79.20087177624409
Candidate_043,11.1005,Information Technology Project Management.,79.20087177624409,1,4,79.20087177624409,79.20087177624409,29,1.0,79.20087177624409
Candidate_043,15.1201,Computer Engineering Technology/Technician.,79.20087177624409,1,4,79.20087177624409,79.20087177624409,30,1.0,79.20087177624409
Candidate_043,15.1202,Computer/Computer Systems Technology/Technician.,79.20087177624409,1,4,79.20087177624409,79.20087177624409,31,1.0,79.20087177624409
Candidate_043,43.0403,Cyber/Computer Forensics and Counterterrorism.,79.20087177624409,1,4,79.20087177624409,79.20087177624409,32,1.0,79.20087177624409
Candidate_043,51.0723,Healthcare Information Privacy Assurance and Security.,79.20087177624409,1,4,79.20087177624409,79.20087177624409,33,1.0,79.20087177624409
Candidate_044,11.0103,Information Technology.,78.33970092920366,2,1,79.11311053984575,86.17367102212403,1,1.1,86.17367102212403
Candidate_044,11.0104,Informatics.,78.33970092920366,2,1,79.11311053984575,86.17367102212403,2,1.1,86.17367102212403
Candidate_044,11.0201,"Computer Programming/Programmer, General.",78.33970092920366,2,1,79.11311053984575,86.17367102212403,3,1.1,86.17367102212403
Candidate_044,11.0202,"Computer Programming, Specific Applications.",78.33970092920366,2,1,79.11311053984575,86.17367102212403,4,1.1,86.17367102212403
Candidate_044,11.0203,"Computer Programming, Vendor/Product Certification.",78.33970092920366,2,1,79.11311053984575,86.17367102212403,5,1.1,86.17367102212403
Candidate_044,11.0204,Computer Game Programming.,78.33970092920366,2,1,79.11311053984575,86.17367102212403,6,1.1,86.17367102212403
Candidate_044,11.0205,"Computer Programming, Specific Platforms.",78.33970092920366,2,1,79.11311053984575,86.17367102212403,7,1.1,86.17367102212403
Candidate_044,11.0701,Computer Science.,78.33970092920366,2,1,79.11311053984575,86.17367102212403,8,1.1,86.17367102212403
Candidate_044,14.0901,"Computer Engineering, General.",78.33970092920366,2,1,79.11311053984575,86.17367102212403,9,1.1,86.17367102212403
Candidate_044,14.0903,Computer Software Engineering.,78.33970092920366,2,1,79.11311053984575,86.17367102212403,10,1.1,86.17367102212403
Candidate_044,15.1204,Computer Software Technology/Technician.,78.33970092920366,2,1,79.11311053984575,86.17367102212403,11,1.1,86.17367102212403
Candidate_044,11.0102,Artificial Intelligence.,79.11311053984575,1,1,79.11311053984575,79.11311053984575,12,1.0,79.11311053984575
Candidate_044,11.0401,Information Science/Studies.,79.11311053984575,1,1,79.11311053984575,79.11311053984575,13,1.0,79.11311053984575
Candidate_044,11.0804,"Modeling, Virtual Environments and Simulation.",79.11311053984575,1,1,79.11311053984575,79.11311053984575,14,1.0,79.11311053984575
Candidate_044,11.0902,Cloud Computing.,79.11311053984575,1,1,79.11311053984575,79.11311053984575,15,1.0,79.11311053984575
Candidate_044,30.0801,Mathematics and Computer Science.,79.11311053984575,1,1,79.11311053984575,79.11311053984575,16,1.0,79.11311053984575
Candidate_044,30.1601,Accounting and Computer Science.,79.11311053984575,1,1,79.11311053984575,79.11311053984575,17,1.0,79.11311053984575
Candidate_044,30.3901,Economics and Computer Science.,79.11311053984575,1,1,79.11311053984575,79.11311053984575,18,1.0,79.11311053984575
Candidate_044,30.4801,Linguistics and Computer Science.,79.11311053984575,1,1,79.11311053984575,79.11311053984575,19,1.0,79.11311053984575
Candidate_044,30.7001,"Data Science, General.",79.11311053984575,1,1,79.11311053984575,79.11311053984575,20,1.0,79.11311053984575
Candidate_044,13.0201,Bilingual and Multilingual Education.,77.70345596432553,1,2,77.70345596432553,77.70345596432553,21,1.0,77.70345596432553
Candidate_044,13.1203,Junior High/Intermediate/Middle School Education and Teaching.,77.70345596432553,1,2,77.70345596432553,77.70345596432553,22,1.0,77.70345596432553
Candidate_044,13.1205,Secondary Education and Teaching.,77.70345596432553,1,2,77.70345596432553,77.70345596432553,23,1.0,77.70345596432553
Candidate_044,13.1206,"Teacher Education, Multiple Levels.",77.70345596432553,1,2,77.70345596432553,77.70345596432553,24,1.0,77.70345596432553
Candidate_044,13.1207,Montessori Teacher Education.,77.70345596432553,1,2,77.70345596432553,77.70345596432553,25,1.0,77.70345596432553
Candidate_044,13.1208,Waldorf/Steiner Teacher Education.,77.70345596432553,1,2,77.70345596432553,77.70345596432553,26,1.0,77.70345596432553
Candidate_044,13.1211,Online Educator/Online Teaching.,77.70345596432553,1,2,77.70345596432553,77.70345596432553,27,1.0,77.70345596432553
Candidate_044,13.1212,International Teaching and Learning.,77.70345596432553,1,2,77.70345596432553,77.70345596432553,28,1.0,77.70345596432553
Candidate_044,13.1213,"Science, Technology, Engineering, and Mathematics (STEM) Educational Methods.",77.70345596432553,1,2,77.70345596432553,77.70345596432553,29,1.0,77.70345596432553
Candidate_044,13.1302,Art Teacher Education.,77.70345596432553,1,2,77.70345596432553,77.70345596432553,30,1.0,77.70345596432553
Candidate_044,13.1304,Driver and Safety Teacher Education.,77.70345596432553,1,2,77.70345596432553,77.70345596432553,31,1.0,77.70345596432553
Candidate_044,13.1305,English/Language Arts Teacher Education.,77.70345596432553,1,2,77.70345596432553,77.70345596432553,32,1.0,77.70345596432553
Candidate_044,13.1306,Foreign Language Teacher  Education.,77.70345596432553,1,2,77.70345596432553,77.70345596432553,33,1.0,77.70345596432553
Candidate_044,13.1307,Health Teacher Education.,77.70345596432553,1,2,77.70345596432553,77.70345596432553,34,1.0,77.70345596432553
Candidate_044,13.1308,Family and Consumer Sciences/Home Economics Teacher Education.,77.70345596432553,1,2,77.70345596432553,77.70345596432553,35,1.0,77.70345596432553
Candidate_044,13.1309,Technology Teacher Education/Industrial Arts Teacher Education.,77.70345596432553,1,2,77.70345596432553,77.70345596432553,36,1.0,77.70345596432553
Candidate_044,13.1311,Mathematics Teacher Education.,77.70345596432553,1,2,77.70345596432553,77.70345596432553,37,1.0,77.70345596432553
Candidate_044,13.1312,Music Teacher Education.,77.70345596432553,1,2,77.70345596432553,77.70345596432553,38,1.0,77.70345596432553
Candidate_044,13.1314,Physical Education Teaching and Coaching.,77.70345596432553,1,2,77.70345596432553,77.70345596432553,39,1.0,77.70345596432553
Candidate_044,13.1315,Reading Teacher Education.,77.70345596432553,1,2,77.70345596432553,77.70345596432553,40,1.0,77.70345596432553
Candidate_044,13.1316,Science Teacher Education/General Science Teacher Education.,77.70345596432553,1,2,77.70345596432553,77.70345596432553,41,1.0,77.70345596432553
Candidate_044,13.1317,Social Science Teacher Education.,77.70345596432553,1,2,77.70345596432553,77.70345596432553,42,1.0,77.70345596432553
Candidate_044,13.1318,Social Studies Teacher Education.,77.70345596432553,1,2,77.70345596432553,77.70345596432553,43,1.0,77.70345596432553
Candidate_044,13.1321,Computer Teacher Education.,77.70345596432553,1,2,77.70345596432553,77.70345596432553,44,1.0,77.70345596432553
Candidate_044,13.1322,Biology Teacher Education.,77.70345596432553,1,2,77.70345596432553,77.70345596432553,45,1.0,77.70345596432553
Candidate_044,13.1323,Chemistry Teacher Education.,77.70345596432553,1,2,77.70345596432553,77.70345596432553,46,1.0,77.70345596432553
Candidate_044,13.1324,Drama and Dance Teacher Education.,77.70345596432553,1,2,77.70345596432553,77.70345596432553,47,1.0,77.70345596432553
Candidate_044,13.1325,French Language Teacher Education.,77.70345596432553,1,2,77.70345596432553,77.70345596432553,48,1.0,77.70345596432553
Candidate_044,13.1326,German Language Teacher Education.,77.70345596432553,1,2,77.70345596432553,77.70345596432553,49,1.0,77.70345596432553
Candidate_044,13.1328,History Teacher Education.,77.70345596432553,1,2,77.70345596432553,77.70345596432553,50,1.0,77.70345596432553
Candidate_044,13.1329,Physics Teacher Education.,77.70345596432553,1,2,77.70345596432553,77.70345596432553,51,1.0,77.70345596432553
Candidate_044,13.133,Spanish Language Teacher Education.,77.70345596432553,1,2,77.70345596432553,77.70345596432553,52,1.0,77.70345596432553
Candidate_044,13.1331,Speech Teacher Education.,77.70345596432553,1,2,77.70345596432553,77.70345596432553,53,1.0,77.70345596432553
Candidate_044,13.1332,Geography Teacher Education.,77.70345596432553,1,2,77.70345596432553,77.70345596432553,54,1.0,77.70345596432553
Candidate_044,13.1333,Latin Teacher Education.,77.70345596432553,1,2,77.70345596432553,77.70345596432553,55,1.0,77.70345596432553
Candidate_044,13.1335,Psychology Teacher Education.,77.70345596432553,1,2,77.70345596432553,77.70345596432553,56,1.0,77.70345596432553
Candidate_044,13.1337,Earth Science Teacher Education.,77.70345596432553,1,2,77.70345596432553,77.70345596432553,57,1.0,77.70345596432553
Candidate_044,13.1338,Environmental Education.,77.70345596432553,1,2,77.70345596432553,77.70345596432553,58,1.0,77.70345596432553
Candidate_044,13.1339,Communication Arts and Literature Teacher Education.,77.70345596432553,1,2,77.70345596432553,77.70345596432553,59,1.0,77.70345596432553
Candidate_044,13.1401,Teaching English as a Second or Foreign Language/ESL Language Instructor.,77.70345596432553,1,2,77.70345596432553,77.70345596432553,60,1.0,77.70345596432553
Candidate_044,13.1402,Teaching French as a Second or Foreign Language.,77.70345596432553,1,2,77.70345596432553,77.70345596432553,61,1.0,77.70345596432553
Candidate_044,13.1499,"Teaching English or French as a Second or Foreign Language, Other.",77.70345596432553,1,2,77.70345596432553,77.70345596432553,62,1.0,77.70345596432553
Candidate_044,16.0101,"Foreign Languages and Literatures, General.",77.70345596432553,1,2,77.70345596432553,77.70345596432553,63,1.0,77.70345596432553
Candidate_044,16.03,"East Asian Languages, Literatures, and Linguistics, General.",77.70345596432553,1,2,77.70345596432553,77.70345596432553,64,1.0,77.70345596432553
Candidate_044,16.0301,Chinese Language and Literature.,77.70345596432553,1,2,77.70345596432553,77.70345596432553,65,1.0,77.70345596432553
Candidate_044,16.0302,Japanese Language and Literature.,77.70345596432553,1,2,77.70345596432553,77.70345596432553,66,1.0,77.70345596432553
Candidate_044,16.0303,Korean Language and Literature.,77.70345596432553,1,2,77.70345596432553,77.70345596432553,67,1.0,77.70345596432553
Candidate_044,16.0399,"East Asian Languages, Literatures, and Linguistics, Other.",77.70345596432553,1,2,77.70345596432553,77.70345596432553,68,1.0,77.70345596432553
Candidate_044,16.0402,Russian Language and Literature.,77.70345596432553,1,2,77.70345596432553,77.70345596432553,69,1.0,77.70345596432553
Candidate_044,16.05,"Germanic Languages, Literatures, and Linguistics, General.",77.70345596432553,1,2,77.70345596432553,77.70345596432553,70,1.0,77.70345596432553
Candidate_044,16.0501,German Language and Literature.,77.70345596432553,1,2,77.70345596432553,77.70345596432553,71,1.0,77.70345596432553
Candidate_044,16.0599,"Germanic Languages, Literatures, and Linguistics, Other.",77.70345596432553,1,2,77.70345596432553,77.70345596432553,72,1.0,77.70345596432553
Candidate_044,16.09,"Romance Languages, Literatures, and Linguistics, General.",77.70345596432553,1,2,77.70345596432553,77.70345596432553,73,1.0,77.70345596432553
Candidate_044,16.0901,French Language and Literature.,77.70345596432553,1,2,77.70345596432553,77.70345596432553,74,1.0,77.70345596432553
Candidate_044,16.0902,Italian Language and Literature.,77.70345596432553,1,2,77.70345596432553,77.70345596432553,75,1.0,77.70345596432553
Candidate_044,16.0905,Spanish Language and Literature.,77.70345596432553,1,2,77.70345596432553,77.70345596432553,76,1.0,77.70345596432553
Candidate_044,16.0999,"Romance Languages, Literatures, and Linguistics, Other.",77.70345596432553,1,2,77.70345596432553,77.70345596432553,77,1.0,77.70345596432553
Candidate_044,16.1001,"American Indian/Native American Languages, Literatures, and Linguistics.",77.70345596432553,1,2,77.70345596432553,77.70345596432553,78,1.0,77.70345596432553
Candidate_044,16.1101,Arabic Language and Literature.,77.70345596432553,1,2,77.70345596432553,77.70345596432553,79,1.0,77.70345596432553
Candidate_044,16.1102,Hebrew Language and Literature.,77.70345596432553,1,2,77.70345596432553,77.70345596432553,80,1.0,77.70345596432553
Candidate_044,16.12,"Classics and Classical Languages, Literatures, and Linguistics, General.",77.70345596432553,1,2,77.70345596432553,77.70345596432553,81,1.0,77.70345596432553
Candidate_044,16.1202,Ancient/Classical Greek Language and Literature.,77.70345596432553,1,2,77.70345596432553,77.70345596432553,82,1.0,77.70345596432553
Candidate_044,16.1203,Latin Language and Literature.,77.70345596432553,1,2,77.70345596432553,77.70345596432553,83,1.0,77.70345596432553
Candidate_044,16.1299,"Classics and Classical Languages, Literatures, and Linguistics, Other.",77.70345596432553,1,2,77.70345596432553,77.70345596432553,84,1.0,77.70345596432553
Candidate_044,16.1409,Hawaiian Language and Literature.,77.70345596432553,1,2,77.70345596432553,77.70345596432553,85,1.0,77.70345596432553
Candidate_044,16.1499,"Southeast Asian and Australasian/Pacific Languages, Literatures, and Linguistics, Other.",77.70345596432553,1,2,77.70345596432553,77.70345596432553,86,1.0,77.70345596432553
Candidate_044,16.1601,American Sign Language (ASL).,77.70345596432553,1,2,77.70345596432553,77.70345596432553,87,1.0,77.70345596432553
Candidate_044,16.1602,Linguistics of ASL and Other Sign Languages.,77.70345596432553,1,2,77.70345596432553,77.70345596432553,88,1.0,77.70345596432553
Candidate_044,16.9999,"Foreign Languages, Literatures, and Linguistics, Other.",77.70345596432553,1,2,77.70345596432553,77.70345596432553,89,1.0,77.70345596432553
Candidate_044,19.0101,"Family and Consumer Sciences/Human Sciences, General.",77.70345596432553,1,2,77.70345596432553,77.70345596432553,90,1.0,77.70345596432553
Candidate_044,23.0101,"English Language and Literature, General.",77.70345596432553,1,2,77.70345596432553,77.70345596432553,91,1.0,77.70345596432553
Candidate_044,26.0101,"Biology/Biological Sciences, General.",77.70345596432553,1,2,77.70345596432553,77.70345596432553,92,1.0,77.70345596432553
Candidate_044,27.0101,"Mathematics, General.",77.70345596432553,1,2,77.70345596432553,77.70345596432553,93,1.0,77.70345596432553
Candidate_044,30.0101,Biological and Physical Sciences.,77.70345596432553,1,2,77.70345596432553,77.70345596432553,94,1.0,77.70345596432553
Candidate_044,30.3601,Cultural Studies and Comparative Literature.,77.70345596432553,1,2,77.70345596432553,77.70345596432553,95,1.0,77.70345596432553
Candidate_044,30.3801,Earth Systems Science.,77.70345596432553,1,2,77.70345596432553,77.70345596432553,96,1.0,77.70345596432553
Candidate_044,30.4101,Environmental Geosciences.,77.70345596432553,1,2,77.70345596432553,77.70345596432553,97,1.0,77.70345596432553
Candidate_044,30.4501,History and Language/Literature.,77.70345596432553,1,2,77.70345596432553,77.70345596432553,98,1.0,77.70345596432553
Candidate_044,40.0101,"Physical Sciences, General.",77.70345596432553,1,2,77.70345596432553,77.70345596432553,99,1.0,77.70345596432553
Candidate_044,40.0501,"Chemistry, General.",77.70345596432553,1,2,77.70345596432553,77.70345596432553,100,1.0,77.70345596432553
Candidate_044,40.0801,"Physics, General.",77.70345596432553,1,2,77.70345596432553,77.70345596432553,101,1.0,77.70345596432553
Candidate_044,45.0101,"Social Sciences, General.",77.70345596432553,1,2,77.70345596432553,77.70345596432553,102,1.0,77.70345596432553
Candidate_044,45.0199,"Social Sciences, Other.",77.70345596432553,1,2,77.70345596432553,77.70345596432553,103,1.0,77.70345596432553
Candidate_044,45.0601,"Economics, General.",77.70345596432553,1,2,77.70345596432553,77.70345596432553,104,1.0,77.70345596432553
Candidate_044,45.1001,"Political Science and Government, General.",77.70345596432553,1,2,77.70345596432553,77.70345596432553,105,1.0,77.70345596432553
Candidate_044,45.1002,American Government and Politics (United States).,77.70345596432553,1,2,77.70345596432553,77.70345596432553,106,1.0,77.70345596432553
Candidate_044,45.1003,Canadian Government and Politics.,77.70345596432553,1,2,77.70345596432553,77.70345596432553,107,1.0,77.70345596432553
Candidate_044,45.1099,"Political Science and Government, Other.",77.70345596432553,1,2,77.70345596432553,77.70345596432553,108,1.0,77.70345596432553
Candidate_044,50.0701,"Art/Art Studies, General.",77.70345596432553,1,2,77.70345596432553,77.70345596432553,109,1.0,77.70345596432553
Candidate_044,50.0901,"Music, General.",77.70345596432553,1,2,77.70345596432553,77.70345596432553,110,1.0,77.70345596432553
Candidate_044,54.0101,"History, General.",77.70345596432553,1,2,77.70345596432553,77.70345596432553,111,1.0,77.70345596432553
Candidate_044,54.0102,American  History (United States).,77.70345596432553,1,2,77.70345596432553,77.70345596432553,112,1.0,77.70345596432553
Candidate_044,11.0101,"Computer and Information Sciences, General.",77.56629131856157,1,3,77.56629131856157,77.56629131856157,113,1.0,77.56629131856157
Candidate_044,11.0501,Computer Systems Analysis/Analyst.,77.56629131856157,1,3,77.56629131856157,77.56629131856157,114,1.0,77.56629131856157
Candidate_044,11.0901,Computer Systems Networking and Telecommunications.,77.56629131856157,1,3,77.56629131856157,77.56629131856157,115,1.0,77.56629131856157
Candidate_044,11.1001,Network and System Administration/Administrator.,77.56629131856157,1,3,77.56629131856157,77.56629131856157,116,1.0,77.56629131856157
Candidate_044,11.1002,"System, Networking, and LAN/WAN Management/Manager.",77.56629131856157,1,3,77.56629131856157,77.56629131856157,117,1.0,77.56629131856157
Candidate_044,11.1003,Computer and Information Systems Security/Auditing/Information Assurance.,77.56629131856157,1,3,77.56629131856157,77.56629131856157,118,1.0,77.56629131856157
Candidate_044,11.1005,Information Technology Project Management.,77.56629131856157,1,3,77.56629131856157,77.56629131856157,119,1.0,77.56629131856157
Candidate_044,15.1201,Computer Engineering Technology/Technician.,77.56629131856157,1,3,77.56629131856157,77.56629131856157,120,1.0,77.56629131856157
Candidate_044,15.1202,Computer/Computer Systems Technology/Technician.,77.56629131856157,1,3,77.56629131856157,77.56629131856157,121,1.0,77.56629131856157
Candidate_044,43.0403,Cyber/Computer Forensics and Counterterrorism.,77.56629131856157,1,3,77.56629131856157,77.56629131856157,122,1.0,77.56629131856157
Candidate_044,51.0723,Healthcare Information Privacy Assurance and Security.,77.56629131856157,1,3,77.56629131856157,77.56629131856157,123,1.0,77.56629131856157
Candidate_044,52.0302,Accounting Technology/Technician and Bookkeeping.,77.44334277620398,1,4,77.44334277620398,77.44334277620398,124,1.0,77.44334277620398
Candidate_044,51.3901,Licensed Practical/Vocational Nurse Training.,77.43530095958127,1,5,77.43530095958127,77.43530095958127,125,1.0,77.43530095958127
Candidate_044,51.3999,"Practical Nursing, Vocational Nursing and Nursing Assistants, Other.",77.43530095958127,1,5,77.43530095958127,77.43530095958127,126,1.0,77.43530095958127
Candidate_045,49.0205,Truck and Bus Driver/Commercial Vehicle Operator and Instructor.,78.92228569668787,2,2,79.62674961119752,86.81451426635665,1,1.1,86.81451426635665
Candidate_045,52.0401,"Administrative Assistant and Secretarial Science, General.",79.83193277310924,1,1,79.83193277310924,79.83193277310924,2,1.0,79.83193277310924
Candidate_045,52.0402,Executive Assistant/Executive Secretary.,79.83193277310924,1,1,79.83193277310924,79.83193277310924,3,1.0,79.83193277310924
Candidate_045,52.0302,Accounting Technology/Technician and Bookkeeping.,79.21388101983003,1,3,79.21388101983003,79.21388101983003,4,1.0,79.21388101983003
Candidate_046,1.0106,Agricultural Business Technology/Technician.,62.32068173212626,2,3,62.58992805755395,68.55274990533889,1,1.1,68.55274990533889
Candidate_046,1.8201,"Veterinary Administrative Services, General.",62.32068173212626,2,3,62.58992805755395,68.55274990533889,2,1.1,68.55274990533889
Candidate_046,1.8202,Veterinary Office Management/Administration.,62.32068173212626,2,3,62.58992805755395,68.55274990533889,3,1.1,68.55274990533889
Candidate_046,1.8203,Veterinary Reception/Receptionist.,62.32068173212626,2,3,62.58992805755395,68.55274990533889,4,1.1,68.55274990533889
Candidate_046,1.8204,Veterinary Administrative/Executive Assistant and Veterinary Secretary.,62.32068173212626,2,3,62.58992805755395,68.55274990533889,5,1.1,68.55274990533889
Candidate_046,51.0705,Medical Office Management/Administration.,62.32068173212626,2,3,62.58992805755395,68.55274990533889,6,1.1,68.55274990533889
Candidate_046,51.0711,Medical/Health Management and Clinical Assistant/Specialist.,62.32068173212626,2,3,62.58992805755395,68.55274990533889,7,1.1,68.55274990533889
Candidate_046,51.0712,Medical Reception/Receptionist.,62.32068173212626,2,3,62.58992805755395,68.55274990533889,8,1.1,68.55274990533889
Candidate_046,52.0204,Office Management and Supervision.,62.32068173212626,2,3,62.58992805755395,68.55274990533889,9,1.1,68.55274990533889
Candidate_046,52.0207,Customer Service Management.,62.32068173212626,2,3,62.58992805755395,68.55274990533889,10,1.1,68.55274990533889
Candidate_046,52.0208,E-Commerce/Electronic Commerce.,62.32068173212626,2,3,62.58992805755395,68.55274990533889,11,1.1,68.55274990533889
Candidate_046,52.0401,"Administrative Assistant and Secretarial Science, General.",62.32068173212626,2,3,62.58992805755395,68.55274990533889,12,1.1,68.55274990533889
Candidate_046,52.0402,Executive Assistant/Executive Secretary.,62.32068173212626,2,3,62.58992805755395,68.55274990533889,13,1.1,68.55274990533889
Candidate_046,52.0302,Accounting Technology/Technician and Bookkeeping.,62.85410764872521,1,1,62.85410764872521,62.85410764872521,14,1.0,62.85410764872521
Candidate_046,11.0102,Artificial Intelligence.,62.660668380462724,1,2,62.660668380462724,62.660668380462724,15,1.0,62.660668380462724
Candidate_046,11.0103,Information Technology.,62.660668380462724,1,2,62.660668380462724,62.660668380462724,16,1.0,62.660668380462724
Candidate_046,11.0104,Informatics.,62.660668380462724,1,2,62.660668380462724,62.660668380462724,17,1.0,62.660668380462724
Candidate_046,11.0201,"Computer Programming/Programmer, General.",62.660668380462724,1,2,62.660668380462724,62.660668380462724,18,1.0,62.660668380462724
Candidate_046,11.0202,"Computer Programming, Specific Applications.",62.660668380462724,1,2,62.660668380462724,62.660668380462724,19,1.0,62.660668380462724
Candidate_046,11.0203,"Computer Programming, Vendor/Product Certification.",62.660668380462724,1,2,62.660668380462724,62.660668380462724,20,1.0,62.660668380462724
Candidate_046,11.0204,Computer Game Programming.,62.660668380462724,1,2,62.660668380462724,62.660668380462724,21,1.0,62.660668380462724
Candidate_046,11.0205,"Computer Programming, Specific Platforms.",62.660668380462724,1,2,62.660668380462724,62.660668380462724,22,1.0,62.660668380462724
Candidate_046,11.0401,Information Science/Studies.,62.660668380462724,1,2,62.660668380462724,62.660668380462724,23,1.0,62.660668380462724
Candidate_046,11.0701,Computer Science.,62.660668380462724,1,2,62.660668380462724,62.660668380462724,24,1.0,62.660668380462724
Candidate_046,11.0804,"Modeling, Virtual Environments and Simulation.",62.660668380462724,1,2,62.660668380462724,62.660668380462724,25,1.0,62.660668380462724
Candidate_046,11.0902,Cloud Computing.,62.660668380462724,1,2,62.660668380462724,62.660668380462724,26,1.0,62.660668380462724
Candidate_046,14.0901,"Computer Engineering, General.",62.660668380462724,1,2,62.660668380462724,62.660668380462724,27,1.0,62.660668380462724
Candidate_046,14.0903,Computer Software Engineering.,62.660668380462724,1,2,62.660668380462724,62.660668380462724,28,1.0,62.660668380462724
Candidate_046,15.1204,Computer Software Technology/Technician.,62.660668380462724,1,2,62.660668380462724,62.660668380462724,29,1.0,62.660668380462724
Candidate_046,30.0801,Mathematics and Computer Science.,62.660668380462724,1,2,62.660668380462724,62.660668380462724,30,1.0,62.660668380462724
Candidate_046,30.1601,Accounting and Computer Science.,62.660668380462724,1,2,62.660668380462724,62.660668380462724,31,1.0,62.660668380462724
Candidate_046,30.3901,Economics and Computer Science.,62.660668380462724,1,2,62.660668380462724,62.660668380462724,32,1.0,62.660668380462724
Candidate_046,30.4801,Linguistics and Computer Science.,62.660668380462724,1,2,62.660668380462724,62.660668380462724,33,1.0,62.660668380462724
Candidate_046,30.7001,"Data Science, General.",62.660668380462724,1,2,62.660668380462724,62.660668380462724,34,1.0,62.660668380462724
Candidate_046,13.0201,Bilingual and Multilingual Education.,61.315496098104795,1,5,61.315496098104795,61.315496098104795,35,1.0,61.315496098104795
Candidate_046,13.1203,Junior High/Intermediate/Middle School Education and Teaching.,61.315496098104795,1,5,61.315496098104795,61.315496098104795,36,1.0,61.315496098104795
Candidate_046,13.1205,Secondary Education and Teaching.,61.315496098104795,1,5,61.315496098104795,61.315496098104795,37,1.0,61.315496098104795
Candidate_046,13.1206,"Teacher Education, Multiple Levels.",61.315496098104795,1,5,61.315496098104795,61.315496098104795,38,1.0,61.315496098104795
Candidate_046,13.1207,Montessori Teacher Education.,61.315496098104795,1,5,61.315496098104795,61.315496098104795,39,1.0,61.315496098104795
Candidate_046,13.1208,Waldorf/Steiner Teacher Education.,61.315496098104795,1,5,61.315496098104795,61.315496098104795,40,1.0,61.315496098104795
Candidate_046,13.1211,Online Educator/Online Teaching.,61.315496098104795,1,5,61.315496098104795,61.315496098104795,41,1.0,61.315496098104795
Candidate_046,13.1212,International Teaching and Learning.,61.315496098104795,1,5,61.315496098104795,61.315496098104795,42,1.0,61.315496098104795
Candidate_046,13.1213,"Science, Technology, Engineering, and Mathematics (STEM) Educational Methods.",61.315496098104795,1,5,61.315496098104795,61.315496098104795,43,1.0,61.315496098104795
Candidate_046,13.1302,Art Teacher Education.,61.315496098104795,1,5,61.315496098104795,61.315496098104795,44,1.0,61.315496098104795
Candidate_046,13.1304,Driver and Safety Teacher Education.,61.315496098104795,1,5,61.315496098104795,61.315496098104795,45,1.0,61.315496098104795
Candidate_046,13.1305,English/Language Arts Teacher Education.,61.315496098104795,1,5,61.315496098104795,61.315496098104795,46,1.0,61.315496098104795
Candidate_046,13.1306,Foreign Language Teacher  Education.,61.315496098104795,1,5,61.315496098104795,61.315496098104795,47,1.0,61.315496098104795
Candidate_046,13.1307,Health Teacher Education.,61.315496098104795,1,5,61.315496098104795,61.315496098104795,48,1.0,61.315496098104795
Candidate_046,13.1308,Family and Consumer Sciences/Home Economics Teacher Education.,61.315496098104795,1,5,61.315496098104795,61.315496098104795,49,1.0,61.315496098104795
Candidate_046,13.1309,Technology Teacher Education/Industrial Arts Teacher Education.,61.315496098104795,1,5,61.315496098104795,61.315496098104795,50,1.0,61.315496098104795
Candidate_046,13.1311,Mathematics Teacher Education.,61.315496098104795,1,5,61.315496098104795,61.315496098104795,51,1.0,61.315496098104795
Candidate_046,13.1312,Music Teacher Education.,61.315496098104795,1,5,61.315496098104795,61.315496098104795,52,1.0,61.315496098104795
Candidate_046,13.1314,Physical Education Teaching and Coaching.,61.315496098104795,1,5,61.315496098104795,61.315496098104795,53,1.0,61.315496098104795
Candidate_046,13.1315,Reading Teacher Education.,61.315496098104795,1,5,61.315496098104795,61.315496098104795,54,1.0,61.315496098104795
Candidate_046,13.1316,Science Teacher Education/General Science Teacher Education.,61.315496098104795,1,5,61.315496098104795,61.315496098104795,55,1.0,61.315496098104795
Candidate_046,13.1317,Social Science Teacher Education.,61.315496098104795,1,5,61.315496098104795,61.315496098104795,56,1.0,61.315496098104795
Candidate_046,13.1318,Social Studies Teacher Education.,61.315496098104795,1,5,61.315496098104795,61.315496098104795,57,1.0,61.315496098104795
Candidate_046,13.1321,Computer Teacher Education.,61.315496098104795,1,5,61.315496098104795,61.315496098104795,58,1.0,61.315496098104795
Candidate_046,13.1322,Biology Teacher Education.,61.315496098104795,1,5,61.315496098104795,61.315496098104795,59,1.0,61.315496098104795
Candidate_046,13.1323,Chemistry Teacher Education.,61.315496098104795,1,5,61.315496098104795,61.315496098104795,60,1.0,61.315496098104795
Candidate_046,13.1324,Drama and Dance Teacher Education.,61.315496098104795,1,5,61.315496098104795,61.315496098104795,61,1.0,61.315496098104795
Candidate_046,13.1325,French Language Teacher Education.,61.315496098104795,1,5,61.315496098104795,61.315496098104795,62,1.0,61.315496098104795
Candidate_046,13.1326,German Language Teacher Education.,61.315496098104795,1,5,61.315496098104795,61.315496098104795,63,1.0,61.315496098104795
Candidate_046,13.1328,History Teacher Education.,61.315496098104795,1,5,61.315496098104795,61.315496098104795,64,1.0,61.315496098104795
Candidate_046,13.1329,Physics Teacher Education.,61.315496098104795,1,5,61.315496098104795,61.315496098104795,65,1.0,61.315496098104795
Candidate_046,13.133,Spanish Language Teacher Education.,61.315496098104795,1,5,61.315496098104795,61.315496098104795,66,1.0,61.315496098104795
Candidate_046,13.1331,Speech Teacher Education.,61.315496098104795,1,5,61.315496098104795,61.315496098104795,67,1.0,61.315496098104795
Candidate_046,13.1332,Geography Teacher Education.,61.315496098104795,1,5,61.315496098104795,61.315496098104795,68,1.0,61.315496098104795
Candidate_046,13.1333,Latin Teacher Education.,61.315496098104795,1,5,61.315496098104795,61.315496098104795,69,1.0,61.315496098104795
Candidate_046,13.1335,Psychology Teacher Education.,61.315496098104795,1,5,61.315496098104795,61.315496098104795,70,1.0,61.315496098104795
Candidate_046,13.1337,Earth Science Teacher Education.,61.315496098104795,1,5,61.315496098104795,61.315496098104795,71,1.0,61.315496098104795
Candidate_046,13.1338,Environmental Education.,61.315496098104795,1,5,61.315496098104795,61.315496098104795,72,1.0,61.315496098104795
Candidate_046,13.1339,Communication Arts and Literature Teacher Education.,61.315496098104795,1,5,61.315496098104795,61.315496098104795,73,1.0,61.315496098104795
Candidate_046,13.1401,Teaching English as a Second or Foreign Language/ESL Language Instructor.,61.315496098104795,1,5,61.315496098104795,61.315496098104795,74,1.0,61.315496098104795
Candidate_046,13.1402,Teaching French as a Second or Foreign Language.,61.315496098104795,1,5,61.315496098104795,61.315496098104795,75,1.0,61.315496098104795
Candidate_046,13.1499,"Teaching English or French as a Second or Foreign Language, Other.",61.315496098104795,1,5,61.315496098104795,61.315496098104795,76,1.0,61.315496098104795
Candidate_046,16.0101,"Foreign Languages and Literatures, General.",61.315496098104795,1,5,61.315496098104795,61.315496098104795,77,1.0,61.315496098104795
Candidate_046,16.03,"East Asian Languages, Literatures, and Linguistics, General.",61.315496098104795,1,5,61.315496098104795,61.315496098104795,78,1.0,61.315496098104795
Candidate_046,16.0301,Chinese Language and Literature.,61.315496098104795,1,5,61.315496098104795,61.315496098104795,79,1.0,61.315496098104795
Candidate_046,16.0302,Japanese Language and Literature.,61.315496098104795,1,5,61.315496098104795,61.315496098104795,80,1.0,61.315496098104795
Candidate_046,16.0303,Korean Language and Literature.,61.315496098104795,1,5,61.315496098104795,61.315496098104795,81,1.0,61.315496098104795
Candidate_046,16.0399,"East Asian Languages, Literatures, and Linguistics, Other.",61.315496098104795,1,5,61.315496098104795,61.315496098104795,82,1.0,61.315496098104795
Candidate_046,16.0402,Russian Language and Literature.,61.315496098104795,1,5,61.315496098104795,61.315496098104795,83,1.0,61.315496098104795
Candidate_046,16.05,"Germanic Languages, Literatures, and Linguistics, General.",61.315496098104795,1,5,61.315496098104795,61.315496098104795,84,1.0,61.315496098104795
Candidate_046,16.0501,German Language and Literature.,61.315496098104795,1,5,61.315496098104795,61.315496098104795,85,1.0,61.315496098104795
Candidate_046,16.0599,"Germanic Languages, Literatures, and Linguistics, Other.",61.315496098104795,1,5,61.315496098104795,61.315496098104795,86,1.0,61.315496098104795
Candidate_046,16.09,"Romance Languages, Literatures, and Linguistics, General.",61.315496098104795,1,5,61.315496098104795,61.315496098104795,87,1.0,61.315496098104795
Candidate_046,16.0901,French Language and Literature.,61.315496098104795,1,5,61.315496098104795,61.315496098104795,88,1.0,61.315496098104795
Candidate_046,16.0902,Italian Language and Literature.,61.315496098104795,1,5,61.315496098104795,61.315496098104795,89,1.0,61.315496098104795
Candidate_046,16.0905,Spanish Language and Literature.,61.315496098104795,1,5,61.315496098104795,61.315496098104795,90,1.0,61.315496098104795
Candidate_046,16.0999,"Romance Languages, Literatures, and Linguistics, Other.",61.315496098104795,1,5,61.315496098104795,61.315496098104795,91,1.0,61.315496098104795
Candidate_046,16.1001,"American Indian/Native American Languages, Literatures, and Linguistics.",61.315496098104795,1,5,61.315496098104795,61.315496098104795,92,1.0,61.315496098104795
Candidate_046,16.1101,Arabic Language and Literature.,61.315496098104795,1,5,61.315496098104795,61.315496098104795,93,1.0,61.315496098104795
Candidate_046,16.1102,Hebrew Language and Literature.,61.315496098104795,1,5,61.315496098104795,61.315496098104795,94,1.0,61.315496098104795
Candidate_046,16.12,"Classics and Classical Languages, Literatures, and Linguistics, General.",61.315496098104795,1,5,61.315496098104795,61.315496098104795,95,1.0,61.315496098104795
Candidate_046,16.1202,Ancient/Classical Greek Language and Literature.,61.315496098104795,1,5,61.315496098104795,61.315496098104795,96,1.0,61.315496098104795
Candidate_046,16.1203,Latin Language and Literature.,61.315496098104795,1,5,61.315496098104795,61.315496098104795,97,1.0,61.315496098104795
Candidate_046,16.1299,"Classics and Classical Languages, Literatures, and Linguistics, Other.",61.315496098104795,1,5,61.315496098104795,61.315496098104795,98,1.0,61.315496098104795
Candidate_046,16.1409,Hawaiian Language and Literature.,61.315496098104795,1,5,61.315496098104795,61.315496098104795,99,1.0,61.315496098104795
Candidate_046,16.1499,"Southeast Asian and Australasian/Pacific Languages, Literatures, and Linguistics, Other.",61.315496098104795,1,5,61.315496098104795,61.315496098104795,100,1.0,61.315496098104795
Candidate_046,16.1601,American Sign Language (ASL).,61.315496098104795,1,5,61.315496098104795,61.315496098104795,101,1.0,61.315496098104795
Candidate_046,16.1602,Linguistics of ASL and Other Sign Languages.,61.315496098104795,1,5,61.315496098104795,61.315496098104795,102,1.0,61.315496098104795
Candidate_046,16.9999,"Foreign Languages, Literatures, and Linguistics, Other.",61.315496098104795,1,5,61.315496098104795,61.315496098104795,103,1.0,61.315496098104795
Candidate_046,19.0101,"Family and Consumer Sciences/Human Sciences, General.",61.315496098104795,1,5,61.315496098104795,61.315496098104795,104,1.0,61.315496098104795
Candidate_046,23.0101,"English Language and Literature, General.",61.315496098104795,1,5,61.315496098104795,61.315496098104795,105,1.0,61.315496098104795
Candidate_046,26.0101,"Biology/Biological Sciences, General.",61.315496098104795,1,5,61.315496098104795,61.315496098104795,106,1.0,61.315496098104795
Candidate_046,27.0101,"Mathematics, General.",61.315496098104795,1,5,61.315496098104795,61.315496098104795,107,1.0,61.315496098104795
Candidate_046,30.0101,Biological and Physical Sciences.,61.315496098104795,1,5,61.315496098104795,61.315496098104795,108,1.0,61.315496098104795
Candidate_046,30.3601,Cultural Studies and Comparative Literature.,61.315496098104795,1,5,61.315496098104795,61.315496098104795,109,1.0,61.315496098104795
Candidate_046,30.3801,Earth Systems Science.,61.315496098104795,1,5,61.315496098104795,61.315496098104795,110,1.0,61.315496098104795
Candidate_046,30.4101,Environmental Geosciences.,61.315496098104795,1,5,61.315496098104795,61.315496098104795,111,1.0,61.315496098104795
Candidate_046,30.4501,History and Language/Literature.,61.315496098104795,1,5,61.315496098104795,61.315496098104795,112,1.0,61.315496098104795
Candidate_046,40.0101,"Physical Sciences, General.",61.315496098104795,1,5,61.315496098104795,61.315496098104795,113,1.0,61.315496098104795
Candidate_046,40.0501,"Chemistry, General.",61.315496098104795,1,5,61.315496098104795,61.315496098104795,114,1.0,61.315496098104795
Candidate_046,40.0801,"Physics, General.",61.315496098104795,1,5,61.315496098104795,61.315496098104795,115,1.0,61.315496098104795
Candidate_046,45.0101,"Social Sciences, General.",61.315496098104795,1,5,61.315496098104795,61.315496098104795,116,1.0,61.315496098104795
Candidate_046,45.0199,"Social Sciences, Other.",61.315496098104795,1,5,61.315496098104795,61.315496098104795,117,1.0,61.315496098104795
Candidate_046,45.0601,"Economics, General.",61.315496098104795,1,5,61.315496098104795,61.315496098104795,118,1.0,61.315496098104795
Candidate_046,45.1001,"Political Science and Government, General.",61.315496098104795,1,5,61.315496098104795,61.315496098104795,119,1.0,61.315496098104795
Candidate_046,45.1002,American Government and Politics (United States).,61.315496098104795,1,5,61.315496098104795,61.315496098104795,120,1.0,61.315496098104795
Candidate_046,45.1003,Canadian Government and Politics.,61.315496098104795,1,5,61.315496098104795,61.315496098104795,121,1.0,61.315496098104795
Candidate_046,45.1099,"Political Science and Government, Other.",61.315496098104795,1,5,61.315496098104795,61.315496098104795,122,1.0,61.315496098104795
Candidate_046,50.0701,"Art/Art Studies, General.",61.315496098104795,1,5,61.315496098104795,61.315496098104795,123,1.0,61.315496098104795
Candidate_046,50.0901,"Music, General.",61.315496098104795,1,5,61.315496098104795,61.315496098104795,124,1.0,61.315496098104795
Candidate_046,54.0101,"History, General.",61.315496098104795,1,5,61.315496098104795,61.315496098104795,125,1.0,61.315496098104795
Candidate_046,54.0102,American  History (United States).,61.315496098104795,1,5,61.315496098104795,61.315496098104795,126,1.0,61.315496098104795
Candidate_047,52.0401,"Administrative Assistant and Secretarial Science, General.",96.88047881022914,2,1,97.12230215827337,100.0,1,1.1,100.0
Candidate_047,52.0402,Executive Assistant/Executive Secretary.,96.88047881022914,2,1,97.12230215827337,100.0,2,1.1,100.0
Candidate_047,1.0106,Agricultural Business Technology/Technician.,97.12230215827337,1,1,97.12230215827337,97.12230215827337,3,1.0,97.12230215827337
Candidate_047,1.8201,"Veterinary Administrative Services, General.",97.12230215827337,1,1,97.12230215827337,97.12230215827337,4,1.0,97.12230215827337
Candidate_047,1.8202,Veterinary Office Management/Administration.,97.12230215827337,1,1,97.12230215827337,97.12230215827337,5,1.0,97.12230215827337
Candidate_047,1.8203,Veterinary Reception/Receptionist.,97.12230215827337,1,1,97.12230215827337,97.12230215827337,6,1.0,97.12230215827337
Candidate_047,1.8204,Veterinary Administrative/Executive Assistant and Veterinary Secretary.,97.12230215827337,1,1,97.12230215827337,97.12230215827337,7,1.0,97.12230215827337
Candidate_047,51.0705,Medical Office Management/Administration.,97.12230215827337,1,1,97.12230215827337,97.12230215827337,8,1.0,97.12230215827337
Candidate_047,51.0711,Medical/Health Management and Clinical Assistant/Specialist.,97.12230215827337,1,1,97.12230215827337,97.12230215827337,9,1.0,97.12230215827337
Candidate_047,51.0712,Medical Reception/Receptionist.,97.12230215827337,1,1,97.12230215827337,97.12230215827337,10,1.0,97.12230215827337
Candidate_047,52.0204,Office Management and Supervision.,97.12230215827337,1,1,97.12230215827337,97.12230215827337,11,1.0,97.12230215827337
Candidate_047,52.0207,Customer Service Management.,97.12230215827337,1,1,97.12230215827337,97.12230215827337,12,1.0,97.12230215827337
Candidate_047,52.0208,E-Commerce/Electronic Commerce.,97.12230215827337,1,1,97.12230215827337,97.12230215827337,13,1.0,97.12230215827337
Candidate_047,12.05,"Cooking and Related Culinary Arts, General.",96.77419354838712,1,2,96.77419354838712,96.77419354838712,14,1.0,96.77419354838712
Candidate_047,12.0503,Culinary Arts/Chef Training.,96.77419354838712,1,2,96.77419354838712,96.77419354838712,15,1.0,96.77419354838712
Candidate_047,12.0504,"Restaurant, Culinary, and Catering Management/Manager.",96.77419354838712,1,2,96.77419354838712,96.77419354838712,16,1.0,96.77419354838712
Candidate_047,12.0507,"Food Service, Waiter/Waitress, and Dining Room Management/Manager.",96.77419354838712,1,2,96.77419354838712,96.77419354838712,17,1.0,96.77419354838712
Candidate_047,19.0505,Foodservice Systems Administration/Management.,96.77419354838712,1,2,96.77419354838712,96.77419354838712,18,1.0,96.77419354838712
Candidate_048,1.0106,Agricultural Business Technology/Technician.,62.32068173212626,2,3,62.58992805755395,68.55274990533889,1,1.1,68.55274990533889
Candidate_048,1.8201,"Veterinary Administrative Services, General.",62.32068173212626,2,3,62.58992805755395,68.55274990533889,2,1.1,68.55274990533889
Candidate_048,1.8202,Veterinary Office Management/Administration.,62.32068173212626,2,3,62.58992805755395,68.55274990533889,3,1.1,68.55274990533889
Candidate_048,1.8203,Veterinary Reception/Receptionist.,62.32068173212626,2,3,62.58992805755395,68.55274990533889,4,1.1,68.55274990533889
Candidate_048,1.8204,Veterinary Administrative/Executive Assistant and Veterinary Secretary.,62.32068173212626,2,3,62.58992805755395,68.55274990533889,5,1.1,68.55274990533889
Candidate_048,51.0705,Medical Office Management/Administration.,62.32068173212626,2,3,62.58992805755395,68.55274990533889,6,1.1,68.55274990533889
Candidate_048,51.0711,Medical/Health Management and Clinical Assistant/Specialist.,62.32068173212626,2,3,62.58992805755395,68.55274990533889,7,1.1,68.55274990533889
Candidate_048,51.0712,Medical Reception/Receptionist.,62.32068173212626,2,3,62.58992805755395,68.55274990533889,8,1.1,68.55274990533889
Candidate_048,52.0204,Office Management and Supervision.,62.32068173212626,2,3,62.58992805755395,68.55274990533889,9,1.1,68.55274990533889
Candidate_048,52.0207,Customer Service Management.,62.32068173212626,2,3,62.58992805755395,68.55274990533889,10,1.1,68.55274990533889
Candidate_048,52.0208,E-Commerce/Electronic Commerce.,62.32068173212626,2,3,62.58992805755395,68.55274990533889,11,1.1,68.55274990533889
Candidate_048,52.0401,"Administrative Assistant and Secretarial Science, General.",62.32068173212626,2,3,62.58992805755395,68.55274990533889,12,1.1,68.55274990533889
Candidate_048,52.0402,Executive Assistant/Executive Secretary.,62.32068173212626,2,3,62.58992805755395,68.55274990533889,13,1.1,68.55274990533889
Candidate_048,52.0302,Accounting Technology/Technician and Bookkeeping.,62.85410764872521,1,1,62.85410764872521,62.85410764872521,14,1.0,62.85410764872521
Candidate_048,11.0102,Artificial Intelligence.,62.660668380462724,1,2,62.660668380462724,62.660668380462724,15,1.0,62.660668380462724
Candidate_048,11.0103,Information Technology.,62.660668380462724,1,2,62.660668380462724,62.660668380462724,16,1.0,62.660668380462724
Candidate_048,11.0104,Informatics.,62.660668380462724,1,2,62.660668380462724,62.660668380462724,17,1.0,62.660668380462724
Candidate_048,11.0201,"Computer Programming/Programmer, General.",62.660668380462724,1,2,62.660668380462724,62.660668380462724,18,1.0,62.660668380462724
Candidate_048,11.0202,"Computer Programming, Specific Applications.",62.660668380462724,1,2,62.660668380462724,62.660668380462724,19,1.0,62.660668380462724
Candidate_048,11.0203,"Computer Programming, Vendor/Product Certification.",62.660668380462724,1,2,62.660668380462724,62.660668380462724,20,1.0,62.660668380462724
Candidate_048,11.0204,Computer Game Programming.,62.660668380462724,1,2,62.660668380462724,62.660668380462724,21,1.0,62.660668380462724
Candidate_048,11.0205,"Computer Programming, Specific Platforms.",62.660668380462724,1,2,62.660668380462724,62.660668380462724,22,1.0,62.660668380462724
Candidate_048,11.0401,Information Science/Studies.,62.660668380462724,1,2,62.660668380462724,62.660668380462724,23,1.0,62.660668380462724
Candidate_048,11.0701,Computer Science.,62.660668380462724,1,2,62.660668380462724,62.660668380462724,24,1.0,62.660668380462724
Candidate_048,11.0804,"Modeling, Virtual Environments and Simulation.",62.660668380462724,1,2,62.660668380462724,62.660668380462724,25,1.0,62.660668380462724
Candidate_048,11.0902,Cloud Computing.,62.660668380462724,1,2,62.660668380462724,62.660668380462724,26,1.0,62.660668380462724
Candidate_048,14.0901,"Computer Engineering, General.",62.660668380462724,1,2,62.660668380462724,62.660668380462724,27,1.0,62.660668380462724
Candidate_048,14.0903,Computer Software Engineering.,62.660668380462724,1,2,62.660668380462724,62.660668380462724,28,1.0,62.660668380462724
Candidate_048,15.1204,Computer Software Technology/Technician.,62.660668380462724,1,2,62.660668380462724,62.660668380462724,29,1.0,62.660668380462724
Candidate_048,30.0801,Mathematics and Computer Science.,62.660668380462724,1,2,62.660668380462724,62.660668380462724,30,1.0,62.660668380462724
Candidate_048,30.1601,Accounting and Computer Science.,62.660668380462724,1,2,62.660668380462724,62.660668380462724,31,1.0,62.660668380462724
Candidate_048,30.3901,Economics and Computer Science.,62.660668380462724,1,2,62.660668380462724,62.660668380462724,32,1.0,62.660668380462724
Candidate_048,30.4801,Linguistics and Computer Science.,62.660668380462724,1,2,62.660668380462724,62.660668380462724,33,1.0,62.660668380462724
Candidate_048,30.7001,"Data Science, General.",62.660668380462724,1,2,62.660668380462724,62.660668380462724,34,1.0,62.660668380462724
Candidate_048,13.0201,Bilingual and Multilingual Education.,61.315496098104795,1,5,61.315496098104795,61.315496098104795,35,1.0,61.315496098104795
Candidate_048,13.1203,Junior High/Intermediate/Middle School Education and Teaching.,61.315496098104795,1,5,61.315496098104795,61.315496098104795,36,1.0,61.315496098104795
Candidate_048,13.1205,Secondary Education and Teaching.,61.315496098104795,1,5,61.315496098104795,61.315496098104795,37,1.0,61.315496098104795
Candidate_048,13.1206,"Teacher Education, Multiple Levels.",61.315496098104795,1,5,61.315496098104795,61.315496098104795,38,1.0,61.315496098104795
Candidate_048,13.1207,Montessori Teacher Education.,61.315496098104795,1,5,61.315496098104795,61.315496098104795,39,1.0,61.315496098104795
Candidate_048,13.1208,Waldorf/Steiner Teacher Education.,61.315496098104795,1,5,61.315496098104795,61.315496098104795,40,1.0,61.315496098104795
Candidate_048,13.1211,Online Educator/Online Teaching.,61.315496098104795,1,5,61.315496098104795,61.315496098104795,41,1.0,61.315496098104795
Candidate_048,13.1212,International Teaching and Learning.,61.315496098104795,1,5,61.315496098104795,61.315496098104795,42,1.0,61.315496098104795
Candidate_048,13.1213,"Science, Technology, Engineering, and Mathematics (STEM) Educational Methods.",61.315496098104795,1,5,61.315496098104795,61.315496098104795,43,1.0,61.315496098104795
Candidate_048,13.1302,Art Teacher Education.,61.315496098104795,1,5,61.315496098104795,61.315496098104795,44,1.0,61.315496098104795
Candidate_048,13.1304,Driver and Safety Teacher Education.,61.315496098104795,1,5,61.315496098104795,61.315496098104795,45,1.0,61.315496098104795
Candidate_048,13.1305,English/Language Arts Teacher Education.,61.315496098104795,1,5,61.315496098104795,61.315496098104795,46,1.0,61.315496098104795
Candidate_048,13.1306,Foreign Language Teacher  Education.,61.315496098104795,1,5,61.315496098104795,61.315496098104795,47,1.0,61.315496098104795
Candidate_048,13.1307,Health Teacher Education.,61.315496098104795,1,5,61.315496098104795,61.315496098104795,48,1.0,61.315496098104795
Candidate_048,13.1308,Family and Consumer Sciences/Home Economics Teacher Education.,61.315496098104795,1,5,61.315496098104795,61.315496098104795,49,1.0,61.315496098104795
Candidate_048,13.1309,Technology Teacher Education/Industrial Arts Teacher Education.,61.315496098104795,1,5,61.315496098104795,61.315496098104795,50,1.0,61.315496098104795
Candidate_048,13.1311,Mathematics Teacher Education.,61.315496098104795,1,5,61.315496098104795,61.315496098104795,51,1.0,61.315496098104795
Candidate_048,13.1312,Music Teacher Education.,61.315496098104795,1,5,61.315496098104795,61.315496098104795,52,1.0,61.315496098104795
Candidate_048,13.1314,Physical Education Teaching and Coaching.,61.315496098104795,1,5,61.315496098104795,61.315496098104795,53,1.0,61.315496098104795
Candidate_048,13.1315,Reading Teacher Education.,61.315496098104795,1,5,61.315496098104795,61.315496098104795,54,1.0,61.315496098104795
Candidate_048,13.1316,Science Teacher Education/General Science Teacher Education.,61.315496098104795,1,5,61.315496098104795,61.315496098104795,55,1.0,61.315496098104795
Candidate_048,13.1317,Social Science Teacher Education.,61.315496098104795,1,5,61.315496098104795,61.315496098104795,56,1.0,61.315496098104795
Candidate_048,13.1318,Social Studies Teacher Education.,61.315496098104795,1,5,61.315496098104795,61.315496098104795,57,1.0,61.315496098104795
Candidate_048,13.1321,Computer Teacher Education.,61.315496098104795,1,5,61.315496098104795,61.315496098104795,58,1.0,61.315496098104795
Candidate_048,13.1322,Biology Teacher Education.,61.315496098104795,1,5,61.315496098104795,61.315496098104795,59,1.0,61.315496098104795
Candidate_048,13.1323,Chemistry Teacher Education.,61.315496098104795,1,5,61.315496098104795,61.315496098104795,60,1.0,61.315496098104795
Candidate_048,13.1324,Drama and Dance Teacher Education.,61.315496098104795,1,5,61.315496098104795,61.315496098104795,61,1.0,61.315496098104795
Candidate_048,13.1325,French Language Teacher Education.,61.315496098104795,1,5,61.315496098104795,61.315496098104795,62,1.0,61.315496098104795
Candidate_048,13.1326,German Language Teacher Education.,61.315496098104795,1,5,61.315496098104795,61.315496098104795,63,1.0,61.315496098104795
Candidate_048,13.1328,History Teacher Education.,61.315496098104795,1,5,61.315496098104795,61.315496098104795,64,1.0,61.315496098104795
Candidate_048,13.1329,Physics Teacher Education.,61.315496098104795,1,5,61.315496098104795,61.315496098104795,65,1.0,61.315496098104795
Candidate_048,13.133,Spanish Language Teacher Education.,61.315496098104795,1,5,61.315496098104795,61.315496098104795,66,1.0,61.315496098104795
Candidate_048,13.1331,Speech Teacher Education.,61.315496098104795,1,5,61.315496098104795,61.315496098104795,67,1.0,61.315496098104795
Candidate_048,13.1332,Geography Teacher Education.,61.315496098104795,1,5,61.315496098104795,61.315496098104795,68,1.0,61.315496098104795
Candidate_048,13.1333,Latin Teacher Education.,61.315496098104795,1,5,61.315496098104795,61.315496098104795,69,1.0,61.315496098104795
Candidate_048,13.1335,Psychology Teacher Education.,61.315496098104795,1,5,61.315496098104795,61.315496098104795,70,1.0,61.315496098104795
Candidate_048,13.1337,Earth Science Teacher Education.,61.315496098104795,1,5,61.315496098104795,61.315496098104795,71,1.0,61.315496098104795
Candidate_048,13.1338,Environmental Education.,61.315496098104795,1,5,61.315496098104795,61.315496098104795,72,1.0,61.315496098104795
Candidate_048,13.1339,Communication Arts and Literature Teacher Education.,61.315496098104795,1,5,61.315496098104795,61.315496098104795,73,1.0,61.315496098104795
Candidate_048,13.1401,Teaching English as a Second or Foreign Language/ESL Language Instructor.,61.315496098104795,1,5,61.315496098104795,61.315496098104795,74,1.0,61.315496098104795
Candidate_048,13.1402,Teaching French as a Second or Foreign Language.,61.315496098104795,1,5,61.315496098104795,61.315496098104795,75,1.0,61.315496098104795
Candidate_048,13.1499,"Teaching English or French as a Second or Foreign Language, Other.",61.315496098104795,1,5,61.315496098104795,61.315496098104795,76,1.0,61.315496098104795
Candidate_048,16.0101,"Foreign Languages and Literatures, General.",61.315496098104795,1,5,61.315496098104795,61.315496098104795,77,1.0,61.315496098104795
Candidate_048,16.03,"East Asian Languages, Literatures, and Linguistics, General.",61.315496098104795,1,5,61.315496098104795,61.315496098104795,78,1.0,61.315496098104795
Candidate_048,16.0301,Chinese Language and Literature.,61.315496098104795,1,5,61.315496098104795,61.315496098104795,79,1.0,61.315496098104795
Candidate_048,16.0302,Japanese Language and Literature.,61.315496098104795,1,5,61.315496098104795,61.315496098104795,80,1.0,61.315496098104795
Candidate_048,16.0303,Korean Language and Literature.,61.315496098104795,1,5,61.315496098104795,61.315496098104795,81,1.0,61.315496098104795
Candidate_048,16.0399,"East Asian Languages, Literatures, and Linguistics, Other.",61.315496098104795,1,5,61.315496098104795,61.315496098104795,82,1.0,61.315496098104795
Candidate_048,16.0402,Russian Language and Literature.,61.315496098104795,1,5,61.315496098104795,61.315496098104795,83,1.0,61.315496098104795
Candidate_048,16.05,"Germanic Languages, Literatures, and Linguistics, General.",61.315496098104795,1,5,61.315496098104795,61.315496098104795,84,1.0,61.315496098104795
Candidate_048,16.0501,German Language and Literature.,61.315496098104795,1,5,61.315496098104795,61.315496098104795,85,1.0,61.315496098104795
Candidate_048,16.0599,"Germanic Languages, Literatures, and Linguistics, Other.",61.315496098104795,1,5,61.315496098104795,61.315496098104795,86,1.0,61.315496098104795
Candidate_048,16.09,"Romance Languages, Literatures, and Linguistics, General.",61.315496098104795,1,5,61.315496098104795,61.315496098104795,87,1.0,61.315496098104795
Candidate_048,16.0901,French Language and Literature.,61.315496098104795,1,5,61.315496098104795,61.315496098104795,88,1.0,61.315496098104795
Candidate_048,16.0902,Italian Language and Literature.,61.315496098104795,1,5,61.315496098104795,61.315496098104795,89,1.0,61.315496098104795
Candidate_048,16.0905,Spanish Language and Literature.,61.315496098104795,1,5,61.315496098104795,61.315496098104795,90,1.0,61.315496098104795
Candidate_048,16.0999,"Romance Languages, Literatures, and Linguistics, Other.",61.315496098104795,1,5,61.315496098104795,61.315496098104795,91,1.0,61.315496098104795
Candidate_048,16.1001,"American Indian/Native American Languages, Literatures, and Linguistics.",61.315496098104795,1,5,61.315496098104795,61.315496098104795,92,1.0,61.315496098104795
Candidate_048,16.1101,Arabic Language and Literature.,61.315496098104795,1,5,61.315496098104795,61.315496098104795,93,1.0,61.315496098104795
Candidate_048,16.1102,Hebrew Language and Literature.,61.315496098104795,1,5,61.315496098104795,61.315496098104795,94,1.0,61.315496098104795
Candidate_048,16.12,"Classics and Classical Languages, Literatures, and Linguistics, General.",61.315496098104795,1,5,61.315496098104795,61.315496098104795,95,1.0,61.315496098104795
Candidate_048,16.1202,Ancient/Classical Greek Language and Literature.,61.315496098104795,1,5,61.315496098104795,61.315496098104795,96,1.0,61.315496098104795
Candidate_048,16.1203,Latin Language and Literature.,61.315496098104795,1,5,61.315496098104795,61.315496098104795,97,1.0,61.315496098104795
Candidate_048,16.1299,"Classics and Classical Languages, Literatures, and Linguistics, Other.",61.315496098104795,1,5,61.315496098104795,61.315496098104795,98,1.0,61.315496098104795
Candidate_048,16.1409,Hawaiian Language and Literature.,61.315496098104795,1,5,61.315496098104795,61.315496098104795,99,1.0,61.315496098104795
Candidate_048,16.1499,"Southeast Asian and Australasian/Pacific Languages, Literatures, and Linguistics, Other.",61.315496098104795,1,5,61.315496098104795,61.315496098104795,100,1.0,61.315496098104795
Candidate_048,16.1601,American Sign Language (ASL).,61.315496098104795,1,5,61.315496098104795,61.315496098104795,101,1.0,61.315496098104795
Candidate_048,16.1602,Linguistics of ASL and Other Sign Languages.,61.315496098104795,1,5,61.315496098104795,61.315496098104795,102,1.0,61.315496098104795
Candidate_048,16.9999,"Foreign Languages, Literatures, and Linguistics, Other.",61.315496098104795,1,5,61.315496098104795,61.315496098104795,103,1.0,61.315496098104795
Candidate_048,19.0101,"Family and Consumer Sciences/Human Sciences, General.",61.315496098104795,1,5,61.315496098104795,61.315496098104795,104,1.0,61.315496098104795
Candidate_048,23.0101,"English Language and Literature, General.",61.315496098104795,1,5,61.315496098104795,61.315496098104795,105,1.0,61.315496098104795
Candidate_048,26.0101,"Biology/Biological Sciences, General.",61.315496098104795,1,5,61.315496098104795,61.315496098104795,106,1.0,61.315496098104795
Candidate_048,27.0101,"Mathematics, General.",61.315496098104795,1,5,61.315496098104795,61.315496098104795,107,1.0,61.315496098104795
Candidate_048,30.0101,Biological and Physical Sciences.,61.315496098104795,1,5,61.315496098104795,61.315496098104795,108,1.0,61.315496098104795
Candidate_048,30.3601,Cultural Studies and Comparative Literature.,61.315496098104795,1,5,61.315496098104795,61.315496098104795,109,1.0,61.315496098104795
Candidate_048,30.3801,Earth Systems Science.,61.315496098104795,1,5,61.315496098104795,61.315496098104795,110,1.0,61.315496098104795
Candidate_048,30.4101,Environmental Geosciences.,61.315496098104795,1,5,61.315496098104795,61.315496098104795,111,1.0,61.315496098104795
Candidate_048,30.4501,History and Language/Literature.,61.315496098104795,1,5,61.315496098104795,61.315496098104795,112,1.0,61.315496098104795
Candidate_048,40.0101,"Physical Sciences, General.",61.315496098104795,1,5,61.315496098104795,61.315496098104795,113,1.0,61.315496098104795
Candidate_048,40.0501,"Chemistry, General.",61.315496098104795,1,5,61.315496098104795,61.315496098104795,114,1.0,61.315496098104795
Candidate_048,40.0801,"Physics, General.",61.315496098104795,1,5,61.315496098104795,61.315496098104795,115,1.0,61.315496098104795
Candidate_048,45.0101,"Social Sciences, General.",61.315496098104795,1,5,61.315496098104795,61.315496098104795,116,1.0,61.315496098104795
Candidate_048,45.0199,"Social Sciences, Other.",61.315496098104795,1,5,61.315496098104795,61.315496098104795,117,1.0,61.315496098104795
Candidate_048,45.0601,"Economics, General.",61.315496098104795,1,5,61.315496098104795,61.315496098104795,118,1.0,61.315496098104795
Candidate_048,45.1001,"Political Science and Government, General.",61.315496098104795,1,5,61.315496098104795,61.315496098104795,119,1.0,61.315496098104795
Candidate_048,45.1002,American Government and Politics (United States).,61.315496098104795,1,5,61.315496098104795,61.315496098104795,120,1.0,61.315496098104795
Candidate_048,45.1003,Canadian Government and Politics.,61.315496098104795,1,5,61.315496098104795,61.315496098104795,121,1.0,61.315496098104795
Candidate_048,45.1099,"Political Science and Government, Other.",61.315496098104795,1,5,61.315496098104795,61.315496098104795,122,1.0,61.315496098104795
Candidate_048,50.0701,"Art/Art Studies, General.",61.315496098104795,1,5,61.315496098104795,61.315496098104795,123,1.0,61.315496098104795
Candidate_048,50.0901,"Music, General.",61.315496098104795,1,5,61.315496098104795,61.315496098104795,124,1.0,61.315496098104795
Candidate_048,54.0101,"History, General.",61.315496098104795,1,5,61.315496098104795,61.315496098104795,125,1.0,61.315496098104795
Candidate_048,54.0102,American  History (United States).,61.315496098104795,1,5,61.315496098104795,61.315496098104795,126,1.0,61.315496098104795
Candidate_049,49.0205,Truck and Bus Driver/Commercial Vehicle Operator and Instructor.,55.885461096653984,2,1,56.91089108910891,61.474007206319385,1,1.1,61.474007206319385
Candidate_049,52.0401,"Administrative Assistant and Secretarial Science, General.",55.83447191826371,2,2,55.89915966386555,61.41791911009008,2,1.1,61.41791911009008
Candidate_049,52.0402,Executive Assistant/Executive Secretary.,55.83447191826371,2,2,55.89915966386555,61.41791911009008,3,1.1,61.41791911009008
Candidate_049,1.0106,Agricultural Business Technology/Technician.,55.76978417266187,1,3,55.76978417266187,55.76978417266187,4,1.0,55.76978417266187
Candidate_049,1.8201,"Veterinary Administrative Services, General.",55.76978417266187,1,3,55.76978417266187,55.76978417266187,5,1.0,55.76978417266187
Candidate_049,1.8202,Veterinary Office Management/Administration.,55.76978417266187,1,3,55.76978417266187,55.76978417266187,6,1.0,55.76978417266187
Candidate_049,1.8203,Veterinary Reception/Receptionist.,55.76978417266187,1,3,55.76978417266187,55.76978417266187,7,1.0,55.76978417266187
Candidate_049,1.8204,Veterinary Administrative/Executive Assistant and Veterinary Secretary.,55.76978417266187,1,3,55.76978417266187,55.76978417266187,8,1.0,55.76978417266187
Candidate_049,51.0705,Medical Office Management/Administration.,55.76978417266187,1,3,55.76978417266187,55.76978417266187,9,1.0,55.76978417266187
Candidate_049,51.0711,Medical/Health Management and Clinical Assistant/Specialist.,55.76978417266187,1,3,55.76978417266187,55.76978417266187,10,1.0,55.76978417266187
Candidate_049,51.0712,Medical Reception/Receptionist.,55.76978417266187,1,3,55.76978417266187,55.76978417266187,11,1.0,55.76978417266187
Candidate_049,52.0204,Office Management and Supervision.,55.76978417266187,1,3,55.76978417266187,55.76978417266187,12,1.0,55.76978417266187
Candidate_049,52.0207,Customer Service Management.,55.76978417266187,1,3,55.76978417266187,55.76978417266187,13,1.0,55.76978417266187
Candidate_049,52.0208,E-Commerce/Electronic Commerce.,55.76978417266187,1,3,55.76978417266187,55.76978417266187,14,1.0,55.76978417266187
Candidate_049,11.0102,Artificial Intelligence.,55.044987146529564,1,4,55.044987146529564,55.044987146529564,15,1.0,55.044987146529564
Candidate_049,11.0103,Information Technology.,55.044987146529564,1,4,55.044987146529564,55.044987146529564,16,1.0,55.044987146529564
Candidate_049,11.0104,Informatics.,55.044987146529564,1,4,55.044987146529564,55.044987146529564,17,1.0,55.044987146529564
Candidate_049,11.0201,"Computer Programming/Programmer, General.",55.044987146529564,1,4,55.044987146529564,55.044987146529564,18,1.0,55.044987146529564
Candidate_049,11.0202,"Computer Programming, Specific Applications.",55.044987146529564,1,4,55.044987146529564,55.044987146529564,19,1.0,55.044987146529564
Candidate_049,11.0203,"Computer Programming, Vendor/Product Certification.",55.044987146529564,1,4,55.044987146529564,55.044987146529564,20,1.0,55.044987146529564
Candidate_049,11.0204,Computer Game Programming.,55.044987146529564,1,4,55.044987146529564,55.044987146529564,21,1.0,55.044987146529564
Candidate_049,11.0205,"Computer Programming, Specific Platforms.",55.044987146529564,1,4,55.044987146529564,55.044987146529564,22,1.0,55.044987146529564
Candidate_049,11.0401,Information Science/Studies.,55.044987146529564,1,4,55.044987146529564,55.044987146529564,23,1.0,55.044987146529564
Candidate_049,11.0701,Computer Science.,55.044987146529564,1,4,55.044987146529564,55.044987146529564,24,1.0,55.044987146529564
Candidate_049,11.0804,"Modeling, Virtual Environments and Simulation.",55.044987146529564,1,4,55.044987146529564,55.044987146529564,25,1.0,55.044987146529564
Candidate_049,11.0902,Cloud Computing.,55.044987146529564,1,4,55.044987146529564,55.044987146529564,26,1.0,55.044987146529564
Candidate_049,14.0901,"Computer Engineering, General.",55.044987146529564,1,4,55.044987146529564,55.044987146529564,27,1.0,55.044987146529564
Candidate_049,14.0903,Computer Software Engineering.,55.044987146529564,1,4,55.044987146529564,55.044987146529564,28,1.0,55.044987146529564
Candidate_049,15.1204,Computer Software Technology/Technician.,55.044987146529564,1,4,55.044987146529564,55.044987146529564,29,1.0,55.044987146529564
Candidate_049,30.0801,Mathematics and Computer Science.,55.044987146529564,1,4,55.044987146529564,55.044987146529564,30,1.0,55.044987146529564
Candidate_049,30.1601,Accounting and Computer Science.,55.044987146529564,1,4,55.044987146529564,55.044987146529564,31,1.0,55.044987146529564
Candidate_049,30.3901,Economics and Computer Science.,55.044987146529564,1,4,55.044987146529564,55.044987146529564,32,1.0,55.044987146529564
Candidate_049,30.4801,Linguistics and Computer Science.,55.044987146529564,1,4,55.044987146529564,55.044987146529564,33,1.0,55.044987146529564
Candidate_049,30.7001,"Data Science, General.",55.044987146529564,1,4,55.044987146529564,55.044987146529564,34,1.0,55.044987146529564
Candidate_050,52.0401,"Administrative Assistant and Secretarial Science, General.",89.1141009431207,3,1,89.91596638655463,100.0,1,1.2,100.0
Candidate_050,52.0402,Executive Assistant/Executive Secretary.,89.1141009431207,3,1,89.91596638655463,100.0,2,1.2,100.0
Candidate_050,1.0106,Agricultural Business Technology/Technician.,88.71316822140375,2,2,89.20863309352518,97.58448504354413,3,1.1,97.58448504354413
Candidate_050,1.8201,"Veterinary Administrative Services, General.",88.71316822140375,2,2,89.20863309352518,97.58448504354413,4,1.1,97.58448504354413
Candidate_050,1.8202,Veterinary Office Management/Administration.,88.71316822140375,2,2,89.20863309352518,97.58448504354413,5,1.1,97.58448504354413
Candidate_050,1.8203,Veterinary Reception/Receptionist.,88.71316822140375,2,2,89.20863309352518,97.58448504354413,6,1.1,97.58448504354413
Candidate_050,1.8204,Veterinary Administrative/Executive Assistant and Veterinary Secretary.,88.71316822140375,2,2,89.20863309352518,97.58448504354413,7,1.1,97.58448504354413
Candidate_050,51.0705,Medical Office Management/Administration.,88.71316822140375,2,2,89.20863309352518,97.58448504354413,8,1.1,97.58448504354413
Candidate_050,51.0711,Medical/Health Management and Clinical Assistant/Specialist.,88.71316822140375,2,2,89.20863309352518,97.58448504354413,9,1.1,97.58448504354413
Candidate_050,51.0712,Medical Reception/Receptionist.,88.71316822140375,2,2,89.20863309352518,97.58448504354413,10,1.1,97.58448504354413
Candidate_050,52.0204,Office Management and Supervision.,88.71316822140375,2,2,89.20863309352518,97.58448504354413,11,1.1,97.58448504354413
Candidate_050,52.0207,Customer Service Management.,88.71316822140375,2,2,89.20863309352518,97.58448504354413,12,1.1,97.58448504354413
Candidate_050,52.0208,E-Commerce/Electronic Commerce.,88.71316822140375,2,2,89.20863309352518,97.58448504354413,13,1.1,97.58448504354413
Candidate_050,49.0205,Truck and Bus Driver/Commercial Vehicle Operator and Instructor.,88.11881188118811,1,4,88.11881188118811,88.11881188118811,14,1.0,88.11881188118811
Candidate_051,52.0401,"Administrative Assistant and Secretarial Science, General.",44.59320306209296,3,1,45.41176470588235,53.51184367451155,1,1.2,53.51184367451155
Candidate_051,52.0402,Executive Assistant/Executive Secretary.,44.59320306209296,3,1,45.41176470588235,53.51184367451155,2,1.2,53.51184367451155
Candidate_051,1.0106,Agricultural Business Technology/Technician.,44.18392224019827,2,4,44.25899280575539,48.602314464218104,3,1.1,48.602314464218104
Candidate_051,1.8201,"Veterinary Administrative Services, General.",44.18392224019827,2,4,44.25899280575539,48.602314464218104,4,1.1,48.602314464218104
Candidate_051,1.8202,Veterinary Office Management/Administration.,44.18392224019827,2,4,44.25899280575539,48.602314464218104,5,1.1,48.602314464218104
Candidate_051,1.8203,Veterinary Reception/Receptionist.,44.18392224019827,2,4,44.25899280575539,48.602314464218104,6,1.1,48.602314464218104
Candidate_051,1.8204,Veterinary Administrative/Executive Assistant and Veterinary Secretary.,44.18392224019827,2,4,44.25899280575539,48.602314464218104,7,1.1,48.602314464218104
Candidate_051,51.0705,Medical Office Management/Administration.,44.18392224019827,2,4,44.25899280575539,48.602314464218104,8,1.1,48.602314464218104
Candidate_051,51.0711,Medical/Health Management and Clinical Assistant/Specialist.,44.18392224019827,2,4,44.25899280575539,48.602314464218104,9,1.1,48.602314464218104
Candidate_051,51.0712,Medical Reception/Receptionist.,44.18392224019827,2,4,44.25899280575539,48.602314464218104,10,1.1,48.602314464218104
Candidate_051,52.0204,Office Management and Supervision.,44.18392224019827,2,4,44.25899280575539,48.602314464218104,11,1.1,48.602314464218104
Candidate_051,52.0207,Customer Service Management.,44.18392224019827,2,4,44.25899280575539,48.602314464218104,12,1.1,48.602314464218104
Candidate_051,52.0208,E-Commerce/Electronic Commerce.,44.18392224019827,2,4,44.25899280575539,48.602314464218104,13,1.1,48.602314464218104
Candidate_051,11.0102,Artificial Intelligence.,45.40488431876607,1,2,45.40488431876607,45.40488431876607,14,1.0,45.40488431876607
Candidate_051,11.0103,Information Technology.,45.40488431876607,1,2,45.40488431876607,45.40488431876607,15,1.0,45.40488431876607
Candidate_051,11.0104,Informatics.,45.40488431876607,1,2,45.40488431876607,45.40488431876607,16,1.0,45.40488431876607
Candidate_051,11.0201,"Computer Programming/Programmer, General.",45.40488431876607,1,2,45.40488431876607,45.40488431876607,17,1.0,45.40488431876607
Candidate_051,11.0202,"Computer Programming, Specific Applications.",45.40488431876607,1,2,45.40488431876607,45.40488431876607,18,1.0,45.40488431876607
Candidate_051,11.0203,"Computer Programming, Vendor/Product Certification.",45.40488431876607,1,2,45.40488431876607,45.40488431876607,19,1.0,45.40488431876607
Candidate_051,11.0204,Computer Game Programming.,45.40488431876607,1,2,45.40488431876607,45.40488431876607,20,1.0,45.40488431876607
Candidate_051,11.0205,"Computer Programming, Specific Platforms.",45.40488431876607,1,2,45.40488431876607,45.40488431876607,21,1.0,45.40488431876607
Candidate_051,11.0401,Information Science/Studies.,45.40488431876607,1,2,45.40488431876607,45.40488431876607,22,1.0,45.40488431876607
Candidate_051,11.0701,Computer Science.,45.40488431876607,1,2,45.40488431876607,45.40488431876607,23,1.0,45.40488431876607
Candidate_051,11.0804,"Modeling, Virtual Environments and Simulation.",45.40488431876607,1,2,45.40488431876607,45.40488431876607,24,1.0,45.40488431876607
Candidate_051,11.0902,Cloud Computing.,45.40488431876607,1,2,45.40488431876607,45.40488431876607,25,1.0,45.40488431876607
Candidate_051,14.0901,"Computer Engineering, General.",45.40488431876607,1,2,45.40488431876607,45.40488431876607,26,1.0,45.40488431876607
Candidate_051,14.0903,Computer Software Engineering.,45.40488431876607,1,2,45.40488431876607,45.40488431876607,27,1.0,45.40488431876607
Candidate_051,15.1204,Computer Software Technology/Technician.,45.40488431876607,1,2,45.40488431876607,45.40488431876607,28,1.0,45.40488431876607
Candidate_051,30.0801,Mathematics and Computer Science.,45.40488431876607,1,2,45.40488431876607,45.40488431876607,29,1.0,45.40488431876607
Candidate_051,30.1601,Accounting and Computer Science.,45.40488431876607,1,2,45.40488431876607,45.40488431876607,30,1.0,45.40488431876607
Candidate_051,30.3901,Economics and Computer Science.,45.40488431876607,1,2,45.40488431876607,45.40488431876607,31,1.0,45.40488431876607
Candidate_051,30.4801,Linguistics and Computer Science.,45.40488431876607,1,2,45.40488431876607,45.40488431876607,32,1.0,45.40488431876607
Candidate_051,30.7001,"Data Science, General.",45.40488431876607,1,2,45.40488431876607,45.40488431876607,33,1.0,45.40488431876607
Candidate_051,49.0205,Truck and Bus Driver/Commercial Vehicle Operator and Instructor.,44.55445544554455,1,3,44.55445544554455,44.55445544554455,34,1.0,44.55445544554455
Candidate_052,11.0103,Information Technology.,78.33970092920366,2,1,79.11311053984575,86.17367102212403,1,1.1,86.17367102212403
Candidate_052,11.0104,Informatics.,78.33970092920366,2,1,79.11311053984575,86.17367102212403,2,1.1,86.17367102212403
Candidate_052,11.0201,"Computer Programming/Programmer, General.",78.33970092920366,2,1,79.11311053984575,86.17367102212403,3,1.1,86.17367102212403
Candidate_052,11.0202,"Computer Programming, Specific Applications.",78.33970092920366,2,1,79.11311053984575,86.17367102212403,4,1.1,86.17367102212403
Candidate_052,11.0203,"Computer Programming, Vendor/Product Certification.",78.33970092920366,2,1,79.11311053984575,86.17367102212403,5,1.1,86.17367102212403
Candidate_052,11.0204,Computer Game Programming.,78.33970092920366,2,1,79.11311053984575,86.17367102212403,6,1.1,86.17367102212403
Candidate_052,11.0205,"Computer Programming, Specific Platforms.",78.33970092920366,2,1,79.11311053984575,86.17367102212403,7,1.1,86.17367102212403
Candidate_052,11.0701,Computer Science.,78.33970092920366,2,1,79.11311053984575,86.17367102212403,8,1.1,86.17367102212403
Candidate_052,14.0901,"Computer Engineering, General.",78.33970092920366,2,1,79.11311053984575,86.17367102212403,9,1.1,86.17367102212403
Candidate_052,14.0903,Computer Software Engineering.,78.33970092920366,2,1,79.11311053984575,86.17367102212403,10,1.1,86.17367102212403
Candidate_052,15.1204,Computer Software Technology/Technician.,78.33970092920366,2,1,79.11311053984575,86.17367102212403,11,1.1,86.17367102212403
Candidate_052,11.0102,Artificial Intelligence.,79.11311053984575,1,1,79.11311053984575,79.11311053984575,12,1.0,79.11311053984575
Candidate_052,11.0401,Information Science/Studies.,79.11311053984575,1,1,79.11311053984575,79.11311053984575,13,1.0,79.11311053984575
Candidate_052,11.0804,"Modeling, Virtual Environments and Simulation.",79.11311053984575,1,1,79.11311053984575,79.11311053984575,14,1.0,79.11311053984575
Candidate_052,11.0902,Cloud Computing.,79.11311053984575,1,1,79.11311053984575,79.11311053984575,15,1.0,79.11311053984575
Candidate_052,30.0801,Mathematics and Computer Science.,79.11311053984575,1,1,79.11311053984575,79.11311053984575,16,1.0,79.11311053984575
Candidate_052,30.1601,Accounting and Computer Science.,79.11311053984575,1,1,79.11311053984575,79.11311053984575,17,1.0,79.11311053984575
Candidate_052,30.3901,Economics and Computer Science.,79.11311053984575,1,1,79.11311053984575,79.11311053984575,18,1.0,79.11311053984575
Candidate_052,30.4801,Linguistics and Computer Science.,79.11311053984575,1,1,79.11311053984575,79.11311053984575,19,1.0,79.11311053984575
Candidate_052,30.7001,"Data Science, General.",79.11311053984575,1,1,79.11311053984575,79.11311053984575,20,1.0,79.11311053984575
Candidate_052,13.0201,Bilingual and Multilingual Education.,77.70345596432553,1,2,77.70345596432553,77.70345596432553,21,1.0,77.70345596432553
Candidate_052,13.1203,Junior High/Intermediate/Middle School Education and Teaching.,77.70345596432553,1,2,77.70345596432553,77.70345596432553,22,1.0,77.70345596432553
Candidate_052,13.1205,Secondary Education and Teaching.,77.70345596432553,1,2,77.70345596432553,77.70345596432553,23,1.0,77.70345596432553
Candidate_052,13.1206,"Teacher Education, Multiple Levels.",77.70345596432553,1,2,77.70345596432553,77.70345596432553,24,1.0,77.70345596432553
Candidate_052,13.1207,Montessori Teacher Education.,77.70345596432553,1,2,77.70345596432553,77.70345596432553,25,1.0,77.70345596432553
Candidate_052,13.1208,Waldorf/Steiner Teacher Education.,77.70345596432553,1,2,77.70345596432553,77.70345596432553,26,1.0,77.70345596432553
Candidate_052,13.1211,Online Educator/Online Teaching.,77.70345596432553,1,2,77.70345596432553,77.70345596432553,27,1.0,77.70345596432553
Candidate_052,13.1212,International Teaching and Learning.,77.70345596432553,1,2,77.70345596432553,77.70345596432553,28,1.0,77.70345596432553
Candidate_052,13.1213,"Science, Technology, Engineering, and Mathematics (STEM) Educational Methods.",77.70345596432553,1,2,77.70345596432553,77.70345596432553,29,1.0,77.70345596432553
Candidate_052,13.1302,Art Teacher Education.,77.70345596432553,1,2,77.70345596432553,77.70345596432553,30,1.0,77.70345596432553
Candidate_052,13.1304,Driver and Safety Teacher Education.,77.70345596432553,1,2,77.70345596432553,77.70345596432553,31,1.0,77.70345596432553
Candidate_052,13.1305,English/Language Arts Teacher Education.,77.70345596432553,1,2,77.70345596432553,77.70345596432553,32,1.0,77.70345596432553
Candidate_052,13.1306,Foreign Language Teacher  Education.,77.70345596432553,1,2,77.70345596432553,77.70345596432553,33,1.0,77.70345596432553
Candidate_052,13.1307,Health Teacher Education.,77.70345596432553,1,2,77.70345596432553,77.70345596432553,34,1.0,77.70345596432553
Candidate_052,13.1308,Family and Consumer Sciences/Home Economics Teacher Education.,77.70345596432553,1,2,77.70345596432553,77.70345596432553,35,1.0,77.70345596432553
Candidate_052,13.1309,Technology Teacher Education/Industrial Arts Teacher Education.,77.70345596432553,1,2,77.70345596432553,77.70345596432553,36,1.0,77.70345596432553
Candidate_052,13.1311,Mathematics Teacher Education.,77.70345596432553,1,2,77.70345596432553,77.70345596432553,37,1.0,77.70345596432553
Candidate_052,13.1312,Music Teacher Education.,77.70345596432553,1,2,77.70345596432553,77.70345596432553,38,1.0,77.70345596432553
Candidate_052,13.1314,Physical Education Teaching and Coaching.,77.70345596432553,1,2,77.70345596432553,77.70345596432553,39,1.0,77.70345596432553
Candidate_052,13.1315,Reading Teacher Education.,77.70345596432553,1,2,77.70345596432553,77.70345596432553,40,1.0,77.70345596432553
Candidate_052,13.1316,Science Teacher Education/General Science Teacher Education.,77.70345596432553,1,2,77.70345596432553,77.70345596432553,41,1.0,77.70345596432553
Candidate_052,13.1317,Social Science Teacher Education.,77.70345596432553,1,2,77.70345596432553,77.70345596432553,42,1.0,77.70345596432553
Candidate_052,13.1318,Social Studies Teacher Education.,77.70345596432553,1,2,77.70345596432553,77.70345596432553,43,1.0,77.70345596432553
Candidate_052,13.1321,Computer Teacher Education.,77.70345596432553,1,2,77.70345596432553,77.70345596432553,44,1.0,77.70345596432553
Candidate_052,13.1322,Biology Teacher Education.,77.70345596432553,1,2,77.70345596432553,77.70345596432553,45,1.0,77.70345596432553
Candidate_052,13.1323,Chemistry Teacher Education.,77.70345596432553,1,2,77.70345596432553,77.70345596432553,46,1.0,77.70345596432553
Candidate_052,13.1324,Drama and Dance Teacher Education.,77.70345596432553,1,2,77.70345596432553,77.70345596432553,47,1.0,77.70345596432553
Candidate_052,13.1325,French Language Teacher Education.,77.70345596432553,1,2,77.70345596432553,77.70345596432553,48,1.0,77.70345596432553
Candidate_052,13.1326,German Language Teacher Education.,77.70345596432553,1,2,77.70345596432553,77.70345596432553,49,1.0,77.70345596432553
Candidate_052,13.1328,History Teacher Education.,77.70345596432553,1,2,77.70345596432553,77.70345596432553,50,1.0,77.70345596432553
Candidate_052,13.1329,Physics Teacher Education.,77.70345596432553,1,2,77.70345596432553,77.70345596432553,51,1.0,77.70345596432553
Candidate_052,13.133,Spanish Language Teacher Education.,77.70345596432553,1,2,77.70345596432553,77.70345596432553,52,1.0,77.70345596432553
Candidate_052,13.1331,Speech Teacher Education.,77.70345596432553,1,2,77.70345596432553,77.70345596432553,53,1.0,77.70345596432553
Candidate_052,13.1332,Geography Teacher Education.,77.70345596432553,1,2,77.70345596432553,77.70345596432553,54,1.0,77.70345596432553
Candidate_052,13.1333,Latin Teacher Education.,77.70345596432553,1,2,77.70345596432553,77.70345596432553,55,1.0,77.70345596432553
Candidate_052,13.1335,Psychology Teacher Education.,77.70345596432553,1,2,77.70345596432553,77.70345596432553,56,1.0,77.70345596432553
Candidate_052,13.1337,Earth Science Teacher Education.,77.70345596432553,1,2,77.70345596432553,77.70345596432553,57,1.0,77.70345596432553
Candidate_052,13.1338,Environmental Education.,77.70345596432553,1,2,77.70345596432553,77.70345596432553,58,1.0,77.70345596432553
Candidate_052,13.1339,Communication Arts and Literature Teacher Education.,77.70345596432553,1,2,77.70345596432553,77.70345596432553,59,1.0,77.70345596432553
Candidate_052,13.1401,Teaching English as a Second or Foreign Language/ESL Language Instructor.,77.70345596432553,1,2,77.70345596432553,77.70345596432553,60,1.0,77.70345596432553
Candidate_052,13.1402,Teaching French as a Second or Foreign Language.,77.70345596432553,1,2,77.70345596432553,77.70345596432553,61,1.0,77.70345596432553
Candidate_052,13.1499,"Teaching English or French as a Second or Foreign Language, Other.",77.70345596432553,1,2,77.70345596432553,77.70345596432553,62,1.0,77.70345596432553
Candidate_052,16.0101,"Foreign Languages and Literatures, General.",77.70345596432553,1,2,77.70345596432553,77.70345596432553,63,1.0,77.70345596432553
Candidate_052,16.03,"East Asian Languages, Literatures, and Linguistics, General.",77.70345596432553,1,2,77.70345596432553,77.70345596432553,64,1.0,77.70345596432553
Candidate_052,16.0301,Chinese Language and Literature.,77.70345596432553,1,2,77.70345596432553,77.70345596432553,65,1.0,77.70345596432553
Candidate_052,16.0302,Japanese Language and Literature.,77.70345596432553,1,2,77.70345596432553,77.70345596432553,66,1.0,77.70345596432553
Candidate_052,16.0303,Korean Language and Literature.,77.70345596432553,1,2,77.70345596432553,77.70345596432553,67,1.0,77.70345596432553
Candidate_052,16.0399,"East Asian Languages, Literatures, and Linguistics, Other.",77.70345596432553,1,2,77.70345596432553,77.70345596432553,68,1.0,77.70345596432553
Candidate_052,16.0402,Russian Language and Literature.,77.70345596432553,1,2,77.70345596432553,77.70345596432553,69,1.0,77.70345596432553
Candidate_052,16.05,"Germanic Languages, Literatures, and Linguistics, General.",77.70345596432553,1,2,77.70345596432553,77.70345596432553,70,1.0,77.70345596432553
Candidate_052,16.0501,German Language and Literature.,77.70345596432553,1,2,77.70345596432553,77.70345596432553,71,1.0,77.70345596432553
Candidate_052,16.0599,"Germanic Languages, Literatures, and Linguistics, Other.",77.70345596432553,1,2,77.70345596432553,77.70345596432553,72,1.0,77.70345596432553
Candidate_052,16.09,"Romance Languages, Literatures, and Linguistics, General.",77.70345596432553,1,2,77.70345596432553,77.70345596432553,73,1.0,77.70345596432553
Candidate_052,16.0901,French Language and Literature.,77.70345596432553,1,2,77.70345596432553,77.70345596432553,74,1.0,77.70345596432553
Candidate_052,16.0902,Italian Language and Literature.,77.70345596432553,1,2,77.70345596432553,77.70345596432553,75,1.0,77.70345596432553
Candidate_052,16.0905,Spanish Language and Literature.,77.70345596432553,1,2,77.70345596432553,77.70345596432553,76,1.0,77.70345596432553
Candidate_052,16.0999,"Romance Languages, Literatures, and Linguistics, Other.",77.70345596432553,1,2,77.70345596432553,77.70345596432553,77,1.0,77.70345596432553
Candidate_052,16.1001,"American Indian/Native American Languages, Literatures, and Linguistics.",77.70345596432553,1,2,77.70345596432553,77.70345596432553,78,1.0,77.70345596432553
Candidate_052,16.1101,Arabic Language and Literature.,77.70345596432553,1,2,77.70345596432553,77.70345596432553,79,1.0,77.70345596432553
Candidate_052,16.1102,Hebrew Language and Literature.,77.70345596432553,1,2,77.70345596432553,77.70345596432553,80,1.0,77.70345596432553
Candidate_052,16.12,"Classics and Classical Languages, Literatures, and Linguistics, General.",77.70345596432553,1,2,77.70345596432553,77.70345596432553,81,1.0,77.70345596432553
Candidate_052,16.1202,Ancient/Classical Greek Language and Literature.,77.70345596432553,1,2,77.70345596432553,77.70345596432553,82,1.0,77.70345596432553
Candidate_052,16.1203,Latin Language and Literature.,77.70345596432553,1,2,77.70345596432553,77.70345596432553,83,1.0,77.70345596432553
Candidate_052,16.1299,"Classics and Classical Languages, Literatures, and Linguistics, Other.",77.70345596432553,1,2,77.70345596432553,77.70345596432553,84,1.0,77.70345596432553
Candidate_052,16.1409,Hawaiian Language and Literature.,77.70345596432553,1,2,77.70345596432553,77.70345596432553,85,1.0,77.70345596432553
Candidate_052,16.1499,"Southeast Asian and Australasian/Pacific Languages, Literatures, and Linguistics, Other.",77.70345596432553,1,2,77.70345596432553,77.70345596432553,86,1.0,77.70345596432553
Candidate_052,16.1601,American Sign Language (ASL).,77.70345596432553,1,2,77.70345596432553,77.70345596432553,87,1.0,77.70345596432553
Candidate_052,16.1602,Linguistics of ASL and Other Sign Languages.,77.70345596432553,1,2,77.70345596432553,77.70345596432553,88,1.0,77.70345596432553
Candidate_052,16.9999,"Foreign Languages, Literatures, and Linguistics, Other.",77.70345596432553,1,2,77.70345596432553,77.70345596432553,89,1.0,77.70345596432553
Candidate_052,19.0101,"Family and Consumer Sciences/Human Sciences, General.",77.70345596432553,1,2,77.70345596432553,77.70345596432553,90,1.0,77.70345596432553
Candidate_052,23.0101,"English Language and Literature, General.",77.70345596432553,1,2,77.70345596432553,77.70345596432553,91,1.0,77.70345596432553
Candidate_052,26.0101,"Biology/Biological Sciences, General.",77.70345596432553,1,2,77.70345596432553,77.70345596432553,92,1.0,77.70345596432553
Candidate_052,27.0101,"Mathematics, General.",77.70345596432553,1,2,77.70345596432553,77.70345596432553,93,1.0,77.70345596432553
Candidate_052,30.0101,Biological and Physical Sciences.,77.70345596432553,1,2,77.70345596432553,77.70345596432553,94,1.0,77.70345596432553
Candidate_052,30.3601,Cultural Studies and Comparative Literature.,77.70345596432553,1,2,77.70345596432553,77.70345596432553,95,1.0,77.70345596432553
Candidate_052,30.3801,Earth Systems Science.,77.70345596432553,1,2,77.70345596432553,77.70345596432553,96,1.0,77.70345596432553
Candidate_052,30.4101,Environmental Geosciences.,77.70345596432553,1,2,77.70345596432553,77.70345596432553,97,1.0,77.70345596432553
Candidate_052,30.4501,History and Language/Literature.,77.70345596432553,1,2,77.70345596432553,77.70345596432553,98,1.0,77.70345596432553
Candidate_052,40.0101,"Physical Sciences, General.",77.70345596432553,1,2,77.70345596432553,77.70345596432553,99,1.0,77.70345596432553
Candidate_052,40.0501,"Chemistry, General.",77.70345596432553,1,2,77.70345596432553,77.70345596432553,100,1.0,77.70345596432553
Candidate_052,40.0801,"Physics, General.",77.70345596432553,1,2,77.70345596432553,77.70345596432553,101,1.0,77.70345596432553
Candidate_052,45.0101,"Social Sciences, General.",77.70345596432553,1,2,77.70345596432553,77.70345596432553,102,1.0,77.70345596432553
Candidate_052,45.0199,"Social Sciences, Other.",77.70345596432553,1,2,77.70345596432553,77.70345596432553,103,1.0,77.70345596432553
Candidate_052,45.0601,"Economics, General.",77.70345596432553,1,2,77.70345596432553,77.70345596432553,104,1.0,77.70345596432553
Candidate_052,45.1001,"Political Science and Government, General.",77.70345596432553,1,2,77.70345596432553,77.70345596432553,105,1.0,77.70345596432553
Candidate_052,45.1002,American Government and Politics (United States).,77.70345596432553,1,2,77.70345596432553,77.70345596432553,106,1.0,77.70345596432553
Candidate_052,45.1003,Canadian Government and Politics.,77.70345596432553,1,2,77.70345596432553,77.70345596432553,107,1.0,77.70345596432553
Candidate_052,45.1099,"Political Science and Government, Other.",77.70345596432553,1,2,77.70345596432553,77.70345596432553,108,1.0,77.70345596432553
Candidate_052,50.0701,"Art/Art Studies, General.",77.70345596432553,1,2,77.70345596432553,77.70345596432553,109,1.0,77.70345596432553
Candidate_052,50.0901,"Music, General.",77.70345596432553,1,2,77.70345596432553,77.70345596432553,110,1.0,77.70345596432553
Candidate_052,54.0101,"History, General.",77.70345596432553,1,2,77.70345596432553,77.70345596432553,111,1.0,77.70345596432553
Candidate_052,54.0102,American  History (United States).,77.70345596432553,1,2,77.70345596432553,77.70345596432553,112,1.0,77.70345596432553
Candidate_052,11.0101,"Computer and Information Sciences, General.",77.56629131856157,1,3,77.56629131856157,77.56629131856157,113,1.0,77.56629131856157
Candidate_052,11.0501,Computer Systems Analysis/Analyst.,77.56629131856157,1,3,77.56629131856157,77.56629131856157,114,1.0,77.56629131856157
Candidate_052,11.0901,Computer Systems Networking and Telecommunications.,77.56629131856157,1,3,77.56629131856157,77.56629131856157,115,1.0,77.56629131856157
Candidate_052,11.1001,Network and System Administration/Administrator.,77.56629131856157,1,3,77.56629131856157,77.56629131856157,116,1.0,77.56629131856157
Candidate_052,11.1002,"System, Networking, and LAN/WAN Management/Manager.",77.56629131856157,1,3,77.56629131856157,77.56629131856157,117,1.0,77.56629131856157
Candidate_052,11.1003,Computer and Information Systems Security/Auditing/Information Assurance.,77.56629131856157,1,3,77.56629131856157,77.56629131856157,118,1.0,77.56629131856157
Candidate_052,11.1005,Information Technology Project Management.,77.56629131856157,1,3,77.56629131856157,77.56629131856157,119,1.0,77.56629131856157
Candidate_052,15.1201,Computer Engineering Technology/Technician.,77.56629131856157,1,3,77.56629131856157,77.56629131856157,120,1.0,77.56629131856157
Candidate_052,15.1202,Computer/Computer Systems Technology/Technician.,77.56629131856157,1,3,77.56629131856157,77.56629131856157,121,1.0,77.56629131856157
Candidate_052,43.0403,Cyber/Computer Forensics and Counterterrorism.,77.56629131856157,1,3,77.56629131856157,77.56629131856157,122,1.0,77.56629131856157
Candidate_052,51.0723,Healthcare Information Privacy Assurance and Security.,77.56629131856157,1,3,77.56629131856157,77.56629131856157,123,1.0,77.56629131856157
Candidate_052,52.0302,Accounting Technology/Technician and Bookkeeping.,77.44334277620398,1,4,77.44334277620398,77.44334277620398,124,1.0,77.44334277620398
Candidate_052,51.3901,Licensed Practical/Vocational Nurse Training.,77.43530095958127,1,5,77.43530095958127,77.43530095958127,125,1.0,77.43530095958127
Candidate_052,51.3999,"Practical Nursing, Vocational Nursing and Nursing Assistants, Other.",77.43530095958127,1,5,77.43530095958127,77.43530095958127,126,1.0,77.43530095958127
Candidate_053,1.0106,Agricultural Business Technology/Technician.,52.25259887783553,2,4,52.332535885167474,57.47785876561909,1,1.1,57.47785876561909
Candidate_053,1.8201,"Veterinary Administrative Services, General.",52.25259887783553,2,4,52.332535885167474,57.47785876561909,2,1.1,57.47785876561909
Candidate_053,1.8202,Veterinary Office Management/Administration.,52.25259887783553,2,4,52.332535885167474,57.47785876561909,3,1.1,57.47785876561909
Candidate_053,1.8203,Veterinary Reception/Receptionist.,52.25259887783553,2,4,52.332535885167474,57.47785876561909,4,1.1,57.47785876561909
Candidate_053,1.8204,Veterinary Administrative/Executive Assistant and Veterinary Secretary.,52.25259887783553,2,4,52.332535885167474,57.47785876561909,5,1.1,57.47785876561909
Candidate_053,51.0705,Medical Office Management/Administration.,52.25259887783553,2,4,52.332535885167474,57.47785876561909,6,1.1,57.47785876561909
Candidate_053,51.0711,Medical/Health Management and Clinical Assistant/Specialist.,52.25259887783553,2,4,52.332535885167474,57.47785876561909,7,1.1,57.47785876561909
Candidate_053,51.0712,Medical Reception/Receptionist.,52.25259887783553,2,4,52.332535885167474,57.47785876561909,8,1.1,57.47785876561909
Candidate_053,52.0204,Office Management and Supervision.,52.25259887783553,2,4,52.332535885167474,57.47785876561909,9,1.1,57.47785876561909
Candidate_053,52.0207,Customer Service Management.,52.25259887783553,2,4,52.332535885167474,57.47785876561909,10,1.1,57.47785876561909
Candidate_053,52.0208,E-Commerce/Electronic Commerce.,52.25259887783553,2,4,52.332535885167474,57.47785876561909,11,1.1,57.47785876561909
Candidate_053,52.0401,"Administrative Assistant and Secretarial Science, General.",52.25259887783553,2,4,52.332535885167474,57.47785876561909,12,1.1,57.47785876561909
Candidate_053,52.0402,Executive Assistant/Executive Secretary.,52.25259887783553,2,4,52.332535885167474,57.47785876561909,13,1.1,57.47785876561909
Candidate_053,52.0302,Accounting Technology/Technician and Bookkeeping.,55.77195467422096,1,1,55.77195467422096,55.77195467422096,14,1.0,55.77195467422096
Candidate_053,11.0102,Artificial Intelligence.,54.24164524421594,1,2,54.24164524421594,54.24164524421594,15,1.0,54.24164524421594
Candidate_053,11.0103,Information Technology.,54.24164524421594,1,2,54.24164524421594,54.24164524421594,16,1.0,54.24164524421594
Candidate_053,11.0104,Informatics.,54.24164524421594,1,2,54.24164524421594,54.24164524421594,17,1.0,54.24164524421594
Candidate_053,11.0201,"Computer Programming/Programmer, General.",54.24164524421594,1,2,54.24164524421594,54.24164524421594,18,1.0,54.24164524421594
Candidate_053,11.0202,"Computer Programming, Specific Applications.",54.24164524421594,1,2,54.24164524421594,54.24164524421594,19,1.0,54.24164524421594
Candidate_053,11.0203,"Computer Programming, Vendor/Product Certification.",54.24164524421594,1,2,54.24164524421594,54.24164524421594,20,1.0,54.24164524421594
Candidate_053,11.0204,Computer Game Programming.,54.24164524421594,1,2,54.24164524421594,54.24164524421594,21,1.0,54.24164524421594
Candidate_053,11.0205,"Computer Programming, Specific Platforms.",54.24164524421594,1,2,54.24164524421594,54.24164524421594,22,1.0,54.24164524421594
Candidate_053,11.0401,Information Science/Studies.,54.24164524421594,1,2,54.24164524421594,54.24164524421594,23,1.0,54.24164524421594
Candidate_053,11.0701,Computer Science.,54.24164524421594,1,2,54.24164524421594,54.24164524421594,24,1.0,54.24164524421594
Candidate_053,11.0804,"Modeling, Virtual Environments and Simulation.",54.24164524421594,1,2,54.24164524421594,54.24164524421594,25,1.0,54.24164524421594
Candidate_053,11.0902,Cloud Computing.,54.24164524421594,1,2,54.24164524421594,54.24164524421594,26,1.0,54.24164524421594
Candidate_053,14.0901,"Computer Engineering, General.",54.24164524421594,1,2,54.24164524421594,54.24164524421594,27,1.0,54.24164524421594
Candidate_053,14.0903,Computer Software Engineering.,54.24164524421594,1,2,54.24164524421594,54.24164524421594,28,1.0,54.24164524421594
Candidate_053,15.1204,Computer Software Technology/Technician.,54.24164524421594,1,2,54.24164524421594,54.24164524421594,29,1.0,54.24164524421594
Candidate_053,30.0801,Mathematics and Computer Science.,54.24164524421594,1,2,54.24164524421594,54.24164524421594,30,1.0,54.24164524421594
Candidate_053,30.1601,Accounting and Computer Science.,54.24164524421594,1,2,54.24164524421594,54.24164524421594,31,1.0,54.24164524421594
Candidate_053,30.3901,Economics and Computer Science.,54.24164524421594,1,2,54.24164524421594,54.24164524421594,32,1.0,54.24164524421594
Candidate_053,30.4801,Linguistics and Computer Science.,54.24164524421594,1,2,54.24164524421594,54.24164524421594,33,1.0,54.24164524421594
Candidate_053,30.7001,"Data Science, General.",54.24164524421594,1,2,54.24164524421594,54.24164524421594,34,1.0,54.24164524421594
Candidate_053,49.0205,Truck and Bus Driver/Commercial Vehicle Operator and Instructor.,52.47524752475247,1,3,52.47524752475247,52.47524752475247,35,1.0,52.47524752475247
Candidate_054,52.0401,"Administrative Assistant and Secretarial Science, General.",96.88047881022914,2,1,97.12230215827337,100.0,1,1.1,100.0
Candidate_054,52.0402,Executive Assistant/Executive Secretary.,96.88047881022914,2,1,97.12230215827337,100.0,2,1.1,100.0
Candidate_054,1.0106,Agricultural Business Technology/Technician.,97.12230215827337,1,1,97.12230215827337,97.12230215827337,3,1.0,97.12230215827337
Candidate_054,1.8201,"Veterinary Administrative Services, General.",97.12230215827337,1,1,97.12230215827337,97.12230215827337,4,1.0,97.12230215827337
Candidate_054,1.8202,Veterinary Office Management/Administration.,97.12230215827337,1,1,97.12230215827337,97.12230215827337,5,1.0,97.12230215827337
Candidate_054,1.8203,Veterinary Reception/Receptionist.,97.12230215827337,1,1,97.12230215827337,97.12230215827337,6,1.0,97.12230215827337
Candidate_054,1.8204,Veterinary Administrative/Executive Assistant and Veterinary Secretary.,97.12230215827337,1,1,97.12230215827337,97.12230215827337,7,1.0,97.12230215827337
Candidate_054,51.0705,Medical Office Management/Administration.,97.12230215827337,1,1,97.12230215827337,97.12230215827337,8,1.0,97.12230215827337
Candidate_054,51.0711,Medical/Health Management and Clinical Assistant/Specialist.,97.12230215827337,1,1,97.12230215827337,97.12230215827337,9,1.0,97.12230215827337
Candidate_054,51.0712,Medical Reception/Receptionist.,97.12230215827337,1,1,97.12230215827337,97.12230215827337,10,1.0,97.12230215827337
Candidate_054,52.0204,Office Management and Supervision.,97.12230215827337,1,1,97.12230215827337,97.12230215827337,11,1.0,97.12230215827337
Candidate_054,52.0207,Customer Service Management.,97.12230215827337,1,1,97.12230215827337,97.12230215827337,12,1.0,97.12230215827337
Candidate_054,52.0208,E-Commerce/Electronic Commerce.,97.12230215827337,1,1,97.12230215827337,97.12230215827337,13,1.0,97.12230215827337
Candidate_054,12.05,"Cooking and Related Culinary Arts, General.",96.77419354838712,1,2,96.77419354838712,96.77419354838712,14,1.0,96.77419354838712
Candidate_054,12.0503,Culinary Arts/Chef Training.,96.77419354838712,1,2,96.77419354838712,96.77419354838712,15,1.0,96.77419354838712
Candidate_054,12.0504,"Restaurant, Culinary, and Catering Management/Manager.",96.77419354838712,1,2,96.77419354838712,96.77419354838712,16,1.0,96.77419354838712
Candidate_054,12.0507,"Food Service, Waiter/Waitress, and Dining Room Management/Manager.",96.77419354838712,1,2,96.77419354838712,96.77419354838712,17,1.0,96.77419354838712
Candidate_054,19.0505,Foodservice Systems Administration/Management.,96.77419354838712,1,2,96.77419354838712,96.77419354838712,18,1.0,96.77419354838712
Candidate_055,1.0106,Agricultural Business Technology/Technician.,65.33036728511928,2,1,66.18705035971223,71.86340401363121,1,1.1,71.86340401363121
Candidate_055,1.8201,"Veterinary Administrative Services, General.",65.33036728511928,2,1,66.18705035971223,71.86340401363121,2,1.1,71.86340401363121
Candidate_055,1.8202,Veterinary Office Management/Administration.,65.33036728511928,2,1,66.18705035971223,71.86340401363121,3,1.1,71.86340401363121
Candidate_055,1.8203,Veterinary Reception/Receptionist.,65.33036728511928,2,1,66.18705035971223,71.86340401363121,4,1.1,71.86340401363121
Candidate_055,1.8204,Veterinary Administrative/Executive Assistant and Veterinary Secretary.,65.33036728511928,2,1,66.18705035971223,71.86340401363121,5,1.1,71.86340401363121
Candidate_055,51.0705,Medical Office Management/Administration.,65.33036728511928,2,1,66.18705035971223,71.86340401363121,6,1.1,71.86340401363121
Candidate_055,51.0711,Medical/Health Management and Clinical Assistant/Specialist.,65.33036728511928,2,1,66.18705035971223,71.86340401363121,7,1.1,71.86340401363121
Candidate_055,51.0712,Medical Reception/Receptionist.,65.33036728511928,2,1,66.18705035971223,71.86340401363121,8,1.1,71.86340401363121
Candidate_055,52.0204,Office Management and Supervision.,65.33036728511928,2,1,66.18705035971223,71.86340401363121,9,1.1,71.86340401363121
Candidate_055,52.0207,Customer Service Management.,65.33036728511928,2,1,66.18705035971223,71.86340401363121,10,1.1,71.86340401363121
Candidate_055,52.0208,E-Commerce/Electronic Commerce.,65.33036728511928,2,1,66.18705035971223,71.86340401363121,11,1.1,71.86340401363121
Candidate_055,52.0401,"Administrative Assistant and Secretarial Science, General.",65.33036728511928,2,1,66.18705035971223,71.86340401363121,12,1.1,71.86340401363121
Candidate_055,52.0402,Executive Assistant/Executive Secretary.,65.33036728511928,2,1,66.18705035971223,71.86340401363121,13,1.1,71.86340401363121
Candidate_055,49.0205,Truck and Bus Driver/Commercial Vehicle Operator and Instructor.,64.83168316831683,1,2,64.83168316831683,64.83168316831683,14,1.0,64.83168316831683
Candidate_055,13.0201,Bilingual and Multilingual Education.,64.4648829431438,1,4,64.4648829431438,64.4648829431438,15,1.0,64.4648829431438
Candidate_055,13.1203,Junior High/Intermediate/Middle School Education and Teaching.,64.4648829431438,1,4,64.4648829431438,64.4648829431438,16,1.0,64.4648829431438
Candidate_055,13.1205,Secondary Education and Teaching.,64.4648829431438,1,4,64.4648829431438,64.4648829431438,17,1.0,64.4648829431438
Candidate_055,13.1206,"Teacher Education, Multiple Levels.",64.4648829431438,1,4,64.4648829431438,64.4648829431438,18,1.0,64.4648829431438
Candidate_055,13.1207,Montessori Teacher Education.,64.4648829431438,1,4,64.4648829431438,64.4648829431438,19,1.0,64.4648829431438
Candidate_055,13.1208,Waldorf/Steiner Teacher Education.,64.4648829431438,1,4,64.4648829431438,64.4648829431438,20,1.0,64.4648829431438
Candidate_055,13.1211,Online Educator/Online Teaching.,64.4648829431438,1,4,64.4648829431438,64.4648829431438,21,1.0,64.4648829431438
Candidate_055,13.1212,International Teaching and Learning.,64.4648829431438,1,4,64.4648829431438,64.4648829431438,22,1.0,64.4648829431438
Candidate_055,13.1213,"Science, Technology, Engineering, and Mathematics (STEM) Educational Methods.",64.4648829431438,1,4,64.4648829431438,64.4648829431438,23,1.0,64.4648829431438
Candidate_055,13.1302,Art Teacher Education.,64.4648829431438,1,4,64.4648829431438,64.4648829431438,24,1.0,64.4648829431438
Candidate_055,13.1304,Driver and Safety Teacher Education.,64.4648829431438,1,4,64.4648829431438,64.4648829431438,25,1.0,64.4648829431438
Candidate_055,13.1305,English/Language Arts Teacher Education.,64.4648829431438,1,4,64.4648829431438,64.4648829431438,26,1.0,64.4648829431438
Candidate_055,13.1306,Foreign Language Teacher  Education.,64.4648829431438,1,4,64.4648829431438,64.4648829431438,27,1.0,64.4648829431438
Candidate_055,13.1307,Health Teacher Education.,64.4648829431438,1,4,64.4648829431438,64.4648829431438,28,1.0,64.4648829431438
Candidate_055,13.1308,Family and Consumer Sciences/Home Economics Teacher Education.,64.4648829431438,1,4,64.4648829431438,64.4648829431438,29,1.0,64.4648829431438
Candidate_055,13.1309,Technology Teacher Education/Industrial Arts Teacher Education.,64.4648829431438,1,4,64.4648829431438,64.4648829431438,30,1.0,64.4648829431438
Candidate_055,13.1311,Mathematics Teacher Education.,64.4648829431438,1,4,64.4648829431438,64.4648829431438,31,1.0,64.4648829431438
Candidate_055,13.1312,Music Teacher Education.,64.4648829431438,1,4,64.4648829431438,64.4648829431438,32,1.0,64.4648829431438
Candidate_055,13.1314,Physical Education Teaching and Coaching.,64.4648829431438,1,4,64.4648829431438,64.4648829431438,33,1.0,64.4648829431438
Candidate_055,13.1315,Reading Teacher Education.,64.4648829431438,1,4,64.4648829431438,64.4648829431438,34,1.0,64.4648829431438
Candidate_055,13.1316,Science Teacher Education/General Science Teacher Education.,64.4648829431438,1,4,64.4648829431438,64.4648829431438,35,1.0,64.4648829431438
Candidate_055,13.1317,Social Science Teacher Education.,64.4648829431438,1,4,64.4648829431438,64.4648829431438,36,1.0,64.4648829431438
Candidate_055,13.1318,Social Studies Teacher Education.,64.4648829431438,1,4,64.4648829431438,64.4648829431438,37,1.0,64.4648829431438
Candidate_055,13.1321,Computer Teacher Education.,64.4648829431438,1,4,64.4648829431438,64.4648829431438,38,1.0,64.4648829431438
Candidate_055,13.1322,Biology Teacher Education.,64.4648829431438,1,4,64.4648829431438,64.4648829431438,39,1.0,64.4648829431438
Candidate_055,13.1323,Chemistry Teacher Education.,64.4648829431438,1,4,64.4648829431438,64.4648829431438,40,1.0,64.4648829431438
Candidate_055,13.1324,Drama and Dance Teacher Education.,64.4648829431438,1,4,64.4648829431438,64.4648829431438,41,1.0,64.4648829431438
Candidate_055,13.1325,French Language Teacher Education.,64.4648829431438,1,4,64.4648829431438,64.4648829431438,42,1.0,64.4648829431438
Candidate_055,13.1326,German Language Teacher Education.,64.4648829431438,1,4,64.4648829431438,64.4648829431438,43,1.0,64.4648829431438
Candidate_055,13.1328,History Teacher Education.,64.4648829431438,1,4,64.4648829431438,64.4648829431438,44,1.0,64.4648829431438
Candidate_055,13.1329,Physics Teacher Education.,64.4648829431438,1,4,64.4648829431438,64.4648829431438,45,1.0,64.4648829431438
Candidate_055,13.133,Spanish Language Teacher Education.,64.4648829431438,1,4,64.4648829431438,64.4648829431438,46,1.0,64.4648829431438
Candidate_055,13.1331,Speech Teacher Education.,64.4648829431438,1,4,64.4648829431438,64.4648829431438,47,1.0,64.4648829431438
Candidate_055,13.1332,Geography Teacher Education.,64.4648829431438,1,4,64.4648829431438,64.4648829431438,48,1.0,64.4648829431438
Candidate_055,13.1333,Latin Teacher Education.,64.4648829431438,1,4,64.4648829431438,64.4648829431438,49,1.0,64.4648829431438
Candidate_055,13.1335,Psychology Teacher Education.,64.4648829431438,1,4,64.4648829431438,64.4648829431438,50,1.0,64.4648829431438
Candidate_055,13.1337,Earth Science Teacher Education.,64.4648829431438,1,4,64.4648829431438,64.4648829431438,51,1.0,64.4648829431438
Candidate_055,13.1338,Environmental Education.,64.4648829431438,1,4,64.4648829431438,64.4648829431438,52,1.0,64.4648829431438
Candidate_055,13.1339,Communication Arts and Literature Teacher Education.,64.4648829431438,1,4,64.4648829431438,64.4648829431438,53,1.0,64.4648829431438
Candidate_055,13.1401,Teaching English as a Second or Foreign Language/ESL Language Instructor.,64.4648829431438,1,4,64.4648829431438,64.4648829431438,54,1.0,64.4648829431438
Candidate_055,13.1402,Teaching French as a Second or Foreign Language.,64.4648829431438,1,4,64.4648829431438,64.4648829431438,55,1.0,64.4648829431438
Candidate_055,13.1499,"Teaching English or French as a Second or Foreign Language, Other.",64.4648829431438,1,4,64.4648829431438,64.4648829431438,56,1.0,64.4648829431438
Candidate_055,16.0101,"Foreign Languages and Literatures, General.",64.4648829431438,1,4,64.4648829431438,64.4648829431438,57,1.0,64.4648829431438
Candidate_055,16.03,"East Asian Languages, Literatures, and Linguistics, General.",64.4648829431438,1,4,64.4648829431438,64.4648829431438,58,1.0,64.4648829431438
Candidate_055,16.0301,Chinese Language and Literature.,64.4648829431438,1,4,64.4648829431438,64.4648829431438,59,1.0,64.4648829431438
Candidate_055,16.0302,Japanese Language and Literature.,64.4648829431438,1,4,64.4648829431438,64.4648829431438,60,1.0,64.4648829431438
Candidate_055,16.0303,Korean Language and Literature.,64.4648829431438,1,4,64.4648829431438,64.4648829431438,61,1.0,64.4648829431438
Candidate_055,16.0399,"East Asian Languages, Literatures, and Linguistics, Other.",64.4648829431438,1,4,64.4648829431438,64.4648829431438,62,1.0,64.4648829431438
Candidate_055,16.0402,Russian Language and Literature.,64.4648829431438,1,4,64.4648829431438,64.4648829431438,63,1.0,64.4648829431438
Candidate_055,16.05,"Germanic Languages, Literatures, and Linguistics, General.",64.4648829431438,1,4,64.4648829431438,64.4648829431438,64,1.0,64.4648829431438
Candidate_055,16.0501,German Language and Literature.,64.4648829431438,1,4,64.4648829431438,64.4648829431438,65,1.0,64.4648829431438
Candidate_055,16.0599,"Germanic Languages, Literatures, and Linguistics, Other.",64.4648829431438,1,4,64.4648829431438,64.4648829431438,66,1.0,64.4648829431438
Candidate_055,16.09,"Romance Languages, Literatures, and Linguistics, General.",64.4648829431438,1,4,64.4648829431438,64.4648829431438,67,1.0,64.4648829431438
Candidate_055,16.0901,French Language and Literature.,64.4648829431438,1,4,64.4648829431438,64.4648829431438,68,1.0,64.4648829431438
Candidate_055,16.0902,Italian Language and Literature.,64.4648829431438,1,4,64.4648829431438,64.4648829431438,69,1.0,64.4648829431438
Candidate_055,16.0905,Spanish Language and Literature.,64.4648829431438,1,4,64.4648829431438,64.4648829431438,70,1.0,64.4648829431438
Candidate_055,16.0999,"Romance Languages, Literatures, and Linguistics, Other.",64.4648829431438,1,4,64.4648829431438,64.4648829431438,71,1.0,64.4648829431438
Candidate_055,16.1001,"American Indian/Native American Languages, Literatures, and Linguistics.",64.4648829431438,1,4,64.4648829431438,64.4648829431438,72,1.0,64.4648829431438
Candidate_055,16.1101,Arabic Language and Literature.,64.4648829431438,1,4,64.4648829431438,64.4648829431438,73,1.0,64.4648829431438
Candidate_055,16.1102,Hebrew Language and Literature.,64.4648829431438,1,4,64.4648829431438,64.4648829431438,74,1.0,64.4648829431438
Candidate_055,16.12,"Classics and Classical Languages, Literatures, and Linguistics, General.",64.4648829431438,1,4,64.4648829431438,64.4648829431438,75,1.0,64.4648829431438
Candidate_055,16.1202,Ancient/Classical Greek Language and Literature.,64.4648829431438,1,4,64.4648829431438,64.4648829431438,76,1.0,64.4648829431438
Candidate_055,16.1203,Latin Language and Literature.,64.4648829431438,1,4,64.4648829431438,64.4648829431438,77,1.0,64.4648829431438
Candidate_055,16.1299,"Classics and Classical Languages, Literatures, and Linguistics, Other.",64.4648829431438,1,4,64.4648829431438,64.4648829431438,78,1.0,64.4648829431438
Candidate_055,16.1409,Hawaiian Language and Literature.,64.4648829431438,1,4,64.4648829431438,64.4648829431438,79,1.0,64.4648829431438
Candidate_055,16.1499,"Southeast Asian and Australasian/Pacific Languages, Literatures, and Linguistics, Other.",64.4648829431438,1,4,64.4648829431438,64.4648829431438,80,1.0,64.4648829431438
Candidate_055,16.1601,American Sign Language (ASL).,64.4648829431438,1,4,64.4648829431438,64.4648829431438,81,1.0,64.4648829431438
Candidate_055,16.1602,Linguistics of ASL and Other Sign Languages.,64.4648829431438,1,4,64.4648829431438,64.4648829431438,82,1.0,64.4648829431438
Candidate_055,16.9999,"Foreign Languages, Literatures, and Linguistics, Other.",64.4648829431438,1,4,64.4648829431438,64.4648829431438,83,1.0,64.4648829431438
Candidate_055,19.0101,"Family and Consumer Sciences/Human Sciences, General.",64.4648829431438,1,4,64.4648829431438,64.4648829431438,84,1.0,64.4648829431438
Candidate_055,23.0101,"English Language and Literature, General.",64.4648829431438,1,4,64.4648829431438,64.4648829431438,85,1.0,64.4648829431438
Candidate_055,26.0101,"Biology/Biological Sciences, General.",64.4648829431438,1,4,64.4648829431438,64.4648829431438,86,1.0,64.4648829431438
Candidate_055,27.0101,"Mathematics, General.",64.4648829431438,1,4,64.4648829431438,64.4648829431438,87,1.0,64.4648829431438
Candidate_055,30.0101,Biological and Physical Sciences.,64.4648829431438,1,4,64.4648829431438,64.4648829431438,88,1.0,64.4648829431438
Candidate_055,30.3601,Cultural Studies and Comparative Literature.,64.4648829431438,1,4,64.4648829431438,64.4648829431438,89,1.0,64.4648829431438
Candidate_055,30.3801,Earth Systems Science.,64.4648829431438,1,4,64.4648829431438,64.4648829431438,90,1.0,64.4648829431438
Candidate_055,30.4101,Environmental Geosciences.,64.4648829431438,1,4,64.4648829431438,64.4648829431438,91,1.0,64.4648829431438
Candidate_055,30.4501,History and Language/Literature.,64.4648829431438,1,4,64.4648829431438,64.4648829431438,92,1.0,64.4648829431438
Candidate_055,40.0101,"Physical Sciences, General.",64.4648829431438,1,4,64.4648829431438,64.4648829431438,93,1.0,64.4648829431438
Candidate_055,40.0501,"Chemistry, General.",64.4648829431438,1,4,64.4648829431438,64.4648829431438,94,1.0,64.4648829431438
Candidate_055,40.0801,"Physics, General.",64.4648829431438,1,4,64.4648829431438,64.4648829431438,95,1.0,64.4648829431438
Candidate_055,45.0101,"Social Sciences, General.",64.4648829431438,1,4,64.4648829431438,64.4648829431438,96,1.0,64.4648829431438
Candidate_055,45.0199,"Social Sciences, Other.",64.4648829431438,1,4,64.4648829431438,64.4648829431438,97,1.0,64.4648829431438
Candidate_055,45.0601,"Economics, General.",64.4648829431438,1,4,64.4648829431438,64.4648829431438,98,1.0,64.4648829431438
Candidate_055,45.1001,"Political Science and Government, General.",64.4648829431438,1,4,64.4648829431438,64.4648829431438,99,1.0,64.4648829431438
Candidate_055,45.1002,American Government and Politics (United States).,64.4648829431438,1,4,64.4648829431438,64.4648829431438,100,1.0,64.4648829431438
Candidate_055,45.1003,Canadian Government and Politics.,64.4648829431438,1,4,64.4648829431438,64.4648829431438,101,1.0,64.4648829431438
Candidate_055,45.1099,"Political Science and Government, Other.",64.4648829431438,1,4,64.4648829431438,64.4648829431438,102,1.0,64.4648829431438
Candidate_055,50.0701,"Art/Art Studies, General.",64.4648829431438,1,4,64.4648829431438,64.4648829431438,103,1.0,64.4648829431438
Candidate_055,50.0901,"Music, General.",64.4648829431438,1,4,64.4648829431438,64.4648829431438,104,1.0,64.4648829431438
Candidate_055,54.0101,"History, General.",64.4648829431438,1,4,64.4648829431438,64.4648829431438,105,1.0,64.4648829431438
Candidate_055,54.0102,American  History (United States).,64.4648829431438,1,4,64.4648829431438,64.4648829431438,106,1.0,64.4648829431438
Candidate_055,11.0102,Artificial Intelligence.,63.46401028277635,1,5,63.46401028277635,63.46401028277635,107,1.0,63.46401028277635
Candidate_055,11.0103,Information Technology.,63.46401028277635,1,5,63.46401028277635,63.46401028277635,108,1.0,63.46401028277635
Candidate_055,11.0104,Informatics.,63.46401028277635,1,5,63.46401028277635,63.46401028277635,109,1.0,63.46401028277635
Candidate_055,11.0201,"Computer Programming/Programmer, General.",63.46401028277635,1,5,63.46401028277635,63.46401028277635,110,1.0,63.46401028277635
Candidate_055,11.0202,"Computer Programming, Specific Applications.",63.46401028277635,1,5,63.46401028277635,63.46401028277635,111,1.0,63.46401028277635
Candidate_055,11.0203,"Computer Programming, Vendor/Product Certification.",63.46401028277635,1,5,63.46401028277635,63.46401028277635,112,1.0,63.46401028277635
Candidate_055,11.0204,Computer Game Programming.,63.46401028277635,1,5,63.46401028277635,63.46401028277635,113,1.0,63.46401028277635
Candidate_055,11.0205,"Computer Programming, Specific Platforms.",63.46401028277635,1,5,63.46401028277635,63.46401028277635,114,1.0,63.46401028277635
Candidate_055,11.0401,Information Science/Studies.,63.46401028277635,1,5,63.46401028277635,63.46401028277635,115,1.0,63.46401028277635
Candidate_055,11.0701,Computer Science.,63.46401028277635,1,5,63.46401028277635,63.46401028277635,116,1.0,63.46401028277635
Candidate_055,11.0804,"Modeling, Virtual Environments and Simulation.",63.46401028277635,1,5,63.46401028277635,63.46401028277635,117,1.0,63.46401028277635
Candidate_055,11.0902,Cloud Computing.,63.46401028277635,1,5,63.46401028277635,63.46401028277635,118,1.0,63.46401028277635
Candidate_055,14.0901,"Computer Engineering, General.",63.46401028277635,1,5,63.46401028277635,63.46401028277635,119,1.0,63.46401028277635
Candidate_055,14.0903,Computer Software Engineering.,63.46401028277635,1,5,63.46401028277635,63.46401028277635,120,1.0,63.46401028277635
Candidate_055,15.1204,Computer Software Technology/Technician.,63.46401028277635,1,5,63.46401028277635,63.46401028277635,121,1.0,63.46401028277635
Candidate_055,30.0801,Mathematics and Computer Science.,63.46401028277635,1,5,63.46401028277635,63.46401028277635,122,1.0,63.46401028277635
Candidate_055,30.1601,Accounting and Computer Science.,63.46401028277635,1,5,63.46401028277635,63.46401028277635,123,1.0,63.46401028277635
Candidate_055,30.3901,Economics and Computer Science.,63.46401028277635,1,5,63.46401028277635,63.46401028277635,124,1.0,63.46401028277635
Candidate_055,30.4801,Linguistics and Computer Science.,63.46401028277635,1,5,63.46401028277635,63.46401028277635,125,1.0,63.46401028277635
Candidate_055,30.7001,"Data Science, General.",63.46401028277635,1,5,63.46401028277635,63.46401028277635,126,1.0,63.46401028277635
Candidate_056,52.0401,"Administrative Assistant and Secretarial Science, General.",89.1141009431207,3,1,89.91596638655463,100.0,1,1.2,100.0
Candidate_056,52.0402,Executive Assistant/Executive Secretary.,89.1141009431207,3,1,89.91596638655463,100.0,2,1.2,100.0
Candidate_056,1.0106,Agricultural Business Technology/Technician.,88.71316822140375,2,2,89.20863309352518,97.58448504354413,3,1.1,97.58448504354413
Candidate_056,1.8201,"Veterinary Administrative Services, General.",88.71316822140375,2,2,89.20863309352518,97.58448504354413,4,1.1,97.58448504354413
Candidate_056,1.8202,Veterinary Office Management/Administration.,88.71316822140375,2,2,89.20863309352518,97.58448504354413,5,1.1,97.58448504354413
Candidate_056,1.8203,Veterinary Reception/Receptionist.,88.71316822140375,2,2,89.20863309352518,97.58448504354413,6,1.1,97.58448504354413
Candidate_056,1.8204,Veterinary Administrative/Executive Assistant and Veterinary Secretary.,88.71316822140375,2,2,89.20863309352518,97.58448504354413,7,1.1,97.58448504354413
Candidate_056,51.0705,Medical Office Management/Administration.,88.71316822140375,2,2,89.20863309352518,97.58448504354413,8,1.1,97.58448504354413
Candidate_056,51.0711,Medical/Health Management and Clinical Assistant/Specialist.,88.71316822140375,2,2,89.20863309352518,97.58448504354413,9,1.1,97.58448504354413
Candidate_056,51.0712,Medical Reception/Receptionist.,88.71316822140375,2,2,89.20863309352518,97.58448504354413,10,1.1,97.58448504354413
Candidate_056,52.0204,Office Management and Supervision.,88.71316822140375,2,2,89.20863309352518,97.58448504354413,11,1.1,97.58448504354413
Candidate_056,52.0207,Customer Service Management.,88.71316822140375,2,2,89.20863309352518,97.58448504354413,12,1.1,97.58448504354413
Candidate_056,52.0208,E-Commerce/Electronic Commerce.,88.71316822140375,2,2,89.20863309352518,97.58448504354413,13,1.1,97.58448504354413
Candidate_056,49.0205,Truck and Bus Driver/Commercial Vehicle Operator and Instructor.,88.11881188118811,1,4,88.11881188118811,88.11881188118811,14,1.0,88.11881188118811
Candidate_057,11.0103,Information Technology.,90.09458716221704,2,1,90.35989717223649,99.10404587843875,1,1.1,99.10404587843875
Candidate_057,11.0104,Informatics.,90.09458716221704,2,1,90.35989717223649,99.10404587843875,2,1.1,99.10404587843875
Candidate_057,11.0201,"Computer Programming/Programmer, General.",90.09458716221704,2,1,90.35989717223649,99.10404587843875,3,1.1,99.10404587843875
Candidate_057,11.0202,"Computer Programming, Specific Applications.",90.09458716221704,2,1,90.35989717223649,99.10404587843875,4,1.1,99.10404587843875
Candidate_057,11.0203,"Computer Programming, Vendor/Product Certification.",90.09458716221704,2,1,90.35989717223649,99.10404587843875,5,1.1,99.10404587843875
Candidate_057,11.0204,Computer Game Programming.,90.09458716221704,2,1,90.35989717223649,99.10404587843875,6,1.1,99.10404587843875
Candidate_057,11.0205,"Computer Programming, Specific Platforms.",90.09458716221704,2,1,90.35989717223649,99.10404587843875,7,1.1,99.10404587843875
Candidate_057,11.0701,Computer Science.,90.09458716221704,2,1,90.35989717223649,99.10404587843875,8,1.1,99.10404587843875
Candidate_057,14.0901,"Computer Engineering, General.",90.09458716221704,2,1,90.35989717223649,99.10404587843875,9,1.1,99.10404587843875
Candidate_057,14.0903,Computer Software Engineering.,90.09458716221704,2,1,90.35989717223649,99.10404587843875,10,1.1,99.10404587843875
Candidate_057,15.1204,Computer Software Technology/Technician.,90.09458716221704,2,1,90.35989717223649,99.10404587843875,11,1.1,99.10404587843875
Candidate_057,11.0102,Artificial Intelligence.,90.35989717223649,1,1,90.35989717223649,90.35989717223649,12,1.0,90.35989717223649
Candidate_057,11.0401,Information Science/Studies.,90.35989717223649,1,1,90.35989717223649,90.35989717223649,13,1.0,90.35989717223649
Candidate_057,11.0804,"Modeling, Virtual Environments and Simulation.",90.35989717223649,1,1,90.35989717223649,90.35989717223649,14,1.0,90.35989717223649
Candidate_057,11.0902,Cloud Computing.,90.35989717223649,1,1,90.35989717223649,90.35989717223649,15,1.0,90.35989717223649
Candidate_057,30.0801,Mathematics and Computer Science.,90.35989717223649,1,1,90.35989717223649,90.35989717223649,16,1.0,90.35989717223649
Candidate_057,30.1601,Accounting and Computer Science.,90.35989717223649,1,1,90.35989717223649,90.35989717223649,17,1.0,90.35989717223649
Candidate_057,30.3901,Economics and Computer Science.,90.35989717223649,1,1,90.35989717223649,90.35989717223649,18,1.0,90.35989717223649
Candidate_057,30.4801,Linguistics and Computer Science.,90.35989717223649,1,1,90.35989717223649,90.35989717223649,19,1.0,90.35989717223649
Candidate_057,30.7001,"Data Science, General.",90.35989717223649,1,1,90.35989717223649,90.35989717223649,20,1.0,90.35989717223649
Candidate_057,11.0101,"Computer and Information Sciences, General.",89.82927715219759,1,2,89.82927715219759,89.82927715219759,21,1.0,89.82927715219759
Candidate_057,11.0501,Computer Systems Analysis/Analyst.,89.82927715219759,1,2,89.82927715219759,89.82927715219759,22,1.0,89.82927715219759
Candidate_057,11.0901,Computer Systems Networking and Telecommunications.,89.82927715219759,1,2,89.82927715219759,89.82927715219759,23,1.0,89.82927715219759
Candidate_057,11.1001,Network and System Administration/Administrator.,89.82927715219759,1,2,89.82927715219759,89.82927715219759,24,1.0,89.82927715219759
Candidate_057,11.1002,"System, Networking, and LAN/WAN Management/Manager.",89.82927715219759,1,2,89.82927715219759,89.82927715219759,25,1.0,89.82927715219759
Candidate_057,11.1003,Computer and Information Systems Security/Auditing/Information Assurance.,89.82927715219759,1,2,89.82927715219759,89.82927715219759,26,1.0,89.82927715219759
Candidate_057,11.1005,Information Technology Project Management.,89.82927715219759,1,2,89.82927715219759,89.82927715219759,27,1.0,89.82927715219759
Candidate_057,15.1201,Computer Engineering Technology/Technician.,89.82927715219759,1,2,89.82927715219759,89.82927715219759,28,1.0,89.82927715219759
Candidate_057,15.1202,Computer/Computer Systems Technology/Technician.,89.82927715219759,1,2,89.82927715219759,89.82927715219759,29,1.0,89.82927715219759
Candidate_057,43.0403,Cyber/Computer Forensics and Counterterrorism.,89.82927715219759,1,2,89.82927715219759,89.82927715219759,30,1.0,89.82927715219759
Candidate_057,51.0723,Healthcare Information Privacy Assurance and Security.,89.82927715219759,1,2,89.82927715219759,89.82927715219759,31,1.0,89.82927715219759
Candidate_057,52.0401,"Administrative Assistant and Secretarial Science, General.",89.5126050420168,1,4,89.5126050420168,89.5126050420168,32,1.0,89.5126050420168
Candidate_057,52.0402,Executive Assistant/Executive Secretary.,89.5126050420168,1,4,89.5126050420168,89.5126050420168,33,1.0,89.5126050420168
Candidate_058,52.0401,"Administrative Assistant and Secretarial Science, General.",78.23272783003945,3,1,79.42857142857143,93.87927339604734,1,1.2,93.87927339604734
Candidate_058,52.0402,Executive Assistant/Executive Secretary.,78.23272783003945,3,1,79.42857142857143,93.87927339604734,2,1.2,93.87927339604734
Candidate_058,1.0106,Agricultural Business Technology/Technician.,77.63480603077346,2,2,77.6978417266187,85.39828663385082,3,1.1,85.39828663385082
Candidate_058,1.8201,"Veterinary Administrative Services, General.",77.63480603077346,2,2,77.6978417266187,85.39828663385082,4,1.1,85.39828663385082
Candidate_058,1.8202,Veterinary Office Management/Administration.,77.63480603077346,2,2,77.6978417266187,85.39828663385082,5,1.1,85.39828663385082
Candidate_058,1.8203,Veterinary Reception/Receptionist.,77.63480603077346,2,2,77.6978417266187,85.39828663385082,6,1.1,85.39828663385082
Candidate_058,1.8204,Veterinary Administrative/Executive Assistant and Veterinary Secretary.,77.63480603077346,2,2,77.6978417266187,85.39828663385082,7,1.1,85.39828663385082
Candidate_058,51.0705,Medical Office Management/Administration.,77.63480603077346,2,2,77.6978417266187,85.39828663385082,8,1.1,85.39828663385082
Candidate_058,51.0711,Medical/Health Management and Clinical Assistant/Specialist.,77.63480603077346,2,2,77.6978417266187,85.39828663385082,9,1.1,85.39828663385082
Candidate_058,51.0712,Medical Reception/Receptionist.,77.63480603077346,2,2,77.6978417266187,85.39828663385082,10,1.1,85.39828663385082
Candidate_058,52.0204,Office Management and Supervision.,77.63480603077346,2,2,77.6978417266187,85.39828663385082,11,1.1,85.39828663385082
Candidate_058,52.0207,Customer Service Management.,77.63480603077346,2,2,77.6978417266187,85.39828663385082,12,1.1,85.39828663385082
Candidate_058,52.0208,E-Commerce/Electronic Commerce.,77.63480603077346,2,2,77.6978417266187,85.39828663385082,13,1.1,85.39828663385082
Candidate_059,11.0103,Information Technology.,68.43428809142071,2,1,69.47300771208226,75.2777169005628,1,1.1,75.2777169005628
Candidate_059,11.0104,Informatics.,68.43428809142071,2,1,69.47300771208226,75.2777169005628,2,1.1,75.2777169005628
Candidate_059,11.0201,"Computer Programming/Programmer, General.",68.43428809142071,2,1,69.47300771208226,75.2777169005628,3,1.1,75.2777169005628
Candidate_059,11.0202,"Computer Programming, Specific Applications.",68.43428809142071,2,1,69.47300771208226,75.2777169005628,4,1.1,75.2777169005628
Candidate_059,11.0203,"Computer Programming, Vendor/Product Certification.",68.43428809142071,2,1,69.47300771208226,75.2777169005628,5,1.1,75.2777169005628
Candidate_059,11.0204,Computer Game Programming.,68.43428809142071,2,1,69.47300771208226,75.2777169005628,6,1.1,75.2777169005628
Candidate_059,11.0205,"Computer Programming, Specific Platforms.",68.43428809142071,2,1,69.47300771208226,75.2777169005628,7,1.1,75.2777169005628
Candidate_059,11.0701,Computer Science.,68.43428809142071,2,1,69.47300771208226,75.2777169005628,8,1.1,75.2777169005628
Candidate_059,14.0901,"Computer Engineering, General.",68.43428809142071,2,1,69.47300771208226,75.2777169005628,9,1.1,75.2777169005628
Candidate_059,14.0903,Computer Software Engineering.,68.43428809142071,2,1,69.47300771208226,75.2777169005628,10,1.1,75.2777169005628
Candidate_059,15.1204,Computer Software Technology/Technician.,68.43428809142071,2,1,69.47300771208226,75.2777169005628,11,1.1,75.2777169005628
Candidate_059,11.0102,Artificial Intelligence.,69.47300771208226,1,1,69.47300771208226,69.47300771208226,12,1.0,69.47300771208226
Candidate_059,11.0401,Information Science/Studies.,69.47300771208226,1,1,69.47300771208226,69.47300771208226,13,1.0,69.47300771208226
Candidate_059,11.0804,"Modeling, Virtual Environments and Simulation.",69.47300771208226,1,1,69.47300771208226,69.47300771208226,14,1.0,69.47300771208226
Candidate_059,11.0902,Cloud Computing.,69.47300771208226,1,1,69.47300771208226,69.47300771208226,15,1.0,69.47300771208226
Candidate_059,30.0801,Mathematics and Computer Science.,69.47300771208226,1,1,69.47300771208226,69.47300771208226,16,1.0,69.47300771208226
Candidate_059,30.1601,Accounting and Computer Science.,69.47300771208226,1,1,69.47300771208226,69.47300771208226,17,1.0,69.47300771208226
Candidate_059,30.3901,Economics and Computer Science.,69.47300771208226,1,1,69.47300771208226,69.47300771208226,18,1.0,69.47300771208226
Candidate_059,30.4801,Linguistics and Computer Science.,69.47300771208226,1,1,69.47300771208226,69.47300771208226,19,1.0,69.47300771208226
Candidate_059,30.7001,"Data Science, General.",69.47300771208226,1,1,69.47300771208226,69.47300771208226,20,1.0,69.47300771208226
Candidate_059,11.0101,"Computer and Information Sciences, General.",67.39556847075916,1,2,67.39556847075916,67.39556847075916,21,1.0,67.39556847075916
Candidate_059,11.0501,Computer Systems Analysis/Analyst.,67.39556847075916,1,2,67.39556847075916,67.39556847075916,22,1.0,67.39556847075916
Candidate_059,11.0901,Computer Systems Networking and Telecommunications.,67.39556847075916,1,2,67.39556847075916,67.39556847075916,23,1.0,67.39556847075916
Candidate_059,11.1001,Network and System Administration/Administrator.,67.39556847075916,1,2,67.39556847075916,67.39556847075916,24,1.0,67.39556847075916
Candidate_059,11.1002,"System, Networking, and LAN/WAN Management/Manager.",67.39556847075916,1,2,67.39556847075916,67.39556847075916,25,1.0,67.39556847075916
Candidate_059,11.1003,Computer and Information Systems Security/Auditing/Information Assurance.,67.39556847075916,1,2,67.39556847075916,67.39556847075916,26,1.0,67.39556847075916
Candidate_059,11.1005,Information Technology Project Management.,67.39556847075916,1,2,67.39556847075916,67.39556847075916,27,1.0,67.39556847075916
Candidate_059,15.1201,Computer Engineering Technology/Technician.,67.39556847075916,1,2,67.39556847075916,67.39556847075916,28,1.0,67.39556847075916
Candidate_059,15.1202,Computer/Computer Systems Technology/Technician.,67.39556847075916,1,2,67.39556847075916,67.39556847075916,29,1.0,67.39556847075916
Candidate_059,43.0403,Cyber/Computer Forensics and Counterterrorism.,67.39556847075916,1,2,67.39556847075916,67.39556847075916,30,1.0,67.39556847075916
Candidate_059,51.0723,Healthcare Information Privacy Assurance and Security.,67.39556847075916,1,2,67.39556847075916,67.39556847075916,31,1.0,67.39556847075916
Candidate_059,13.0201,Bilingual and Multilingual Education.,66.88963210702342,1,3,66.88963210702342,66.88963210702342,32,1.0,66.88963210702342
Candidate_059,13.1203,Junior High/Intermediate/Middle School Education and Teaching.,66.88963210702342,1,3,66.88963210702342,66.88963210702342,33,1.0,66.88963210702342
Candidate_059,13.1205,Secondary Education and Teaching.,66.88963210702342,1,3,66.88963210702342,66.88963210702342,34,1.0,66.88963210702342
Candidate_059,13.1206,"Teacher Education, Multiple Levels.",66.88963210702342,1,3,66.88963210702342,66.88963210702342,35,1.0,66.88963210702342
Candidate_059,13.1207,Montessori Teacher Education.,66.88963210702342,1,3,66.88963210702342,66.88963210702342,36,1.0,66.88963210702342
Candidate_059,13.1208,Waldorf/Steiner Teacher Education.,66.88963210702342,1,3,66.88963210702342,66.88963210702342,37,1.0,66.88963210702342
Candidate_059,13.1211,Online Educator/Online Teaching.,66.88963210702342,1,3,66.88963210702342,66.88963210702342,38,1.0,66.88963210702342
Candidate_059,13.1212,International Teaching and Learning.,66.88963210702342,1,3,66.88963210702342,66.88963210702342,39,1.0,66.88963210702342
Candidate_059,13.1213,"Science, Technology, Engineering, and Mathematics (STEM) Educational Methods.",66.88963210702342,1,3,66.88963210702342,66.88963210702342,40,1.0,66.88963210702342
Candidate_059,13.1302,Art Teacher Education.,66.88963210702342,1,3,66.88963210702342,66.88963210702342,41,1.0,66.88963210702342
Candidate_059,13.1304,Driver and Safety Teacher Education.,66.88963210702342,1,3,66.88963210702342,66.88963210702342,42,1.0,66.88963210702342
Candidate_059,13.1305,English/Language Arts Teacher Education.,66.88963210702342,1,3,66.88963210702342,66.88963210702342,43,1.0,66.88963210702342
Candidate_059,13.1306,Foreign Language Teacher  Education.,66.88963210702342,1,3,66.88963210702342,66.88963210702342,44,1.0,66.88963210702342
Candidate_059,13.1307,Health Teacher Education.,66.88963210702342,1,3,66.88963210702342,66.88963210702342,45,1.0,66.88963210702342
Candidate_059,13.1308,Family and Consumer Sciences/Home Economics Teacher Education.,66.88963210702342,1,3,66.88963210702342,66.88963210702342,46,1.0,66.88963210702342
Candidate_059,13.1309,Technology Teacher Education/Industrial Arts Teacher Education.,66.88963210702342,1,3,66.88963210702342,66.88963210702342,47,1.0,66.88963210702342
Candidate_059,13.1311,Mathematics Teacher Education.,66.88963210702342,1,3,66.88963210702342,66.88963210702342,48,1.0,66.88963210702342
Candidate_059,13.1312,Music Teacher Education.,66.88963210702342,1,3,66.88963210702342,66.88963210702342,49,1.0,66.88963210702342
Candidate_059,13.1314,Physical Education Teaching and Coaching.,66.88963210702342,1,3,66.88963210702342,66.88963210702342,50,1.0,66.88963210702342
Candidate_059,13.1315,Reading Teacher Education.,66.88963210702342,1,3,66.88963210702342,66.88963210702342,51,1.0,66.88963210702342
Candidate_059,13.1316,Science Teacher Education/General Science Teacher Education.,66.88963210702342,1,3,66.88963210702342,66.88963210702342,52,1.0,66.88963210702342
Candidate_059,13.1317,Social Science Teacher Education.,66.88963210702342,1,3,66.88963210702342,66.88963210702342,53,1.0,66.88963210702342
Candidate_059,13.1318,Social Studies Teacher Education.,66.88963210702342,1,3,66.88963210702342,66.88963210702342,54,1.0,66.88963210702342
Candidate_059,13.1321,Computer Teacher Education.,66.88963210702342,1,3,66.88963210702342,66.88963210702342,55,1.0,66.88963210702342
Candidate_059,13.1322,Biology Teacher Education.,66.88963210702342,1,3,66.88963210702342,66.88963210702342,56,1.0,66.88963210702342
Candidate_059,13.1323,Chemistry Teacher Education.,66.88963210702342,1,3,66.88963210702342,66.88963210702342,57,1.0,66.88963210702342
Candidate_059,13.1324,Drama and Dance Teacher Education.,66.88963210702342,1,3,66.88963210702342,66.88963210702342,58,1.0,66.88963210702342
Candidate_059,13.1325,French Language Teacher Education.,66.88963210702342,1,3,66.88963210702342,66.88963210702342,59,1.0,66.88963210702342
Candidate_059,13.1326,German Language Teacher Education.,66.88963210702342,1,3,66.88963210702342,66.88963210702342,60,1.0,66.88963210702342
Candidate_059,13.1328,History Teacher Education.,66.88963210702342,1,3,66.88963210702342,66.88963210702342,61,1.0,66.88963210702342
Candidate_059,13.1329,Physics Teacher Education.,66.88963210702342,1,3,66.88963210702342,66.88963210702342,62,1.0,66.88963210702342
Candidate_059,13.133,Spanish Language Teacher Education.,66.88963210702342,1,3,66.88963210702342,66.88963210702342,63,1.0,66.88963210702342
Candidate_059,13.1331,Speech Teacher Education.,66.88963210702342,1,3,66.88963210702342,66.88963210702342,64,1.0,66.88963210702342
Candidate_059,13.1332,Geography Teacher Education.,66.88963210702342,1,3,66.88963210702342,66.88963210702342,65,1.0,66.88963210702342
Candidate_059,13.1333,Latin Teacher Education.,66.88963210702342,1,3,66.88963210702342,66.88963210702342,66,1.0,66.88963210702342
Candidate_059,13.1335,Psychology Teacher Education.,66.88963210702342,1,3,66.88963210702342,66.88963210702342,67,1.0,66.88963210702342
Candidate_059,13.1337,Earth Science Teacher Education.,66.88963210702342,1,3,66.88963210702342,66.88963210702342,68,1.0,66.88963210702342
Candidate_059,13.1338,Environmental Education.,66.88963210702342,1,3,66.88963210702342,66.88963210702342,69,1.0,66.88963210702342
Candidate_059,13.1339,Communication Arts and Literature Teacher Education.,66.88963210702342,1,3,66.88963210702342,66.88963210702342,70,1.0,66.88963210702342
Candidate_059,13.1401,Teaching English as a Second or Foreign Language/ESL Language Instructor.,66.88963210702342,1,3,66.88963210702342,66.88963210702342,71,1.0,66.88963210702342
Candidate_059,13.1402,Teaching French as a Second or Foreign Language.,66.88963210702342,1,3,66.88963210702342,66.88963210702342,72,1.0,66.88963210702342
Candidate_059,13.1499,"Teaching English or French as a Second or Foreign Language, Other.",66.88963210702342,1,3,66.88963210702342,66.88963210702342,73,1.0,66.88963210702342
Candidate_059,16.0101,"Foreign Languages and Literatures, General.",66.88963210702342,1,3,66.88963210702342,66.88963210702342,74,1.0,66.88963210702342
Candidate_059,16.03,"East Asian Languages, Literatures, and Linguistics, General.",66.88963210702342,1,3,66.88963210702342,66.88963210702342,75,1.0,66.88963210702342
Candidate_059,16.0301,Chinese Language and Literature.,66.88963210702342,1,3,66.88963210702342,66.88963210702342,76,1.0,66.88963210702342
Candidate_059,16.0302,Japanese Language and Literature.,66.88963210702342,1,3,66.88963210702342,66.88963210702342,77,1.0,66.88963210702342
Candidate_059,16.0303,Korean Language and Literature.,66.88963210702342,1,3,66.88963210702342,66.88963210702342,78,1.0,66.88963210702342
Candidate_059,16.0399,"East Asian Languages, Literatures, and Linguistics, Other.",66.88963210702342,1,3,66.88963210702342,66.88963210702342,79,1.0,66.88963210702342
Candidate_059,16.0402,Russian Language and Literature.,66.88963210702342,1,3,66.88963210702342,66.88963210702342,80,1.0,66.88963210702342
Candidate_059,16.05,"Germanic Languages, Literatures, and Linguistics, General.",66.88963210702342,1,3,66.88963210702342,66.88963210702342,81,1.0,66.88963210702342
Candidate_059,16.0501,German Language and Literature.,66.88963210702342,1,3,66.88963210702342,66.88963210702342,82,1.0,66.88963210702342
Candidate_059,16.0599,"Germanic Languages, Literatures, and Linguistics, Other.",66.88963210702342,1,3,66.88963210702342,66.88963210702342,83,1.0,66.88963210702342
Candidate_059,16.09,"Romance Languages, Literatures, and Linguistics, General.",66.88963210702342,1,3,66.88963210702342,66.88963210702342,84,1.0,66.88963210702342
Candidate_059,16.0901,French Language and Literature.,66.88963210702342,1,3,66.88963210702342,66.88963210702342,85,1.0,66.88963210702342
Candidate_059,16.0902,Italian Language and Literature.,66.88963210702342,1,3,66.88963210702342,66.88963210702342,86,1.0,66.88963210702342
Candidate_059,16.0905,Spanish Language and Literature.,66.88963210702342,1,3,66.88963210702342,66.88963210702342,87,1.0,66.88963210702342
Candidate_059,16.0999,"Romance Languages, Literatures, and Linguistics, Other.",66.88963210702342,1,3,66.88963210702342,66.88963210702342,88,1.0,66.88963210702342
Candidate_059,16.1001,"American Indian/Native American Languages, Literatures, and Linguistics.",66.88963210702342,1,3,66.88963210702342,66.88963210702342,89,1.0,66.88963210702342
Candidate_059,16.1101,Arabic Language and Literature.,66.88963210702342,1,3,66.88963210702342,66.88963210702342,90,1.0,66.88963210702342
Candidate_059,16.1102,Hebrew Language and Literature.,66.88963210702342,1,3,66.88963210702342,66.88963210702342,91,1.0,66.88963210702342
Candidate_059,16.12,"Classics and Classical Languages, Literatures, and Linguistics, General.",66.88963210702342,1,3,66.88963210702342,66.88963210702342,92,1.0,66.88963210702342
Candidate_059,16.1202,Ancient/Classical Greek Language and Literature.,66.88963210702342,1,3,66.88963210702342,66.88963210702342,93,1.0,66.88963210702342
Candidate_059,16.1203,Latin Language and Literature.,66.88963210702342,1,3,66.88963210702342,66.88963210702342,94,1.0,66.88963210702342
Candidate_059,16.1299,"Classics and Classical Languages, Literatures, and Linguistics, Other.",66.88963210702342,1,3,66.88963210702342,66.88963210702342,95,1.0,66.88963210702342
Candidate_059,16.1409,Hawaiian Language and Literature.,66.88963210702342,1,3,66.88963210702342,66.88963210702342,96,1.0,66.88963210702342
Candidate_059,16.1499,"Southeast Asian and Australasian/Pacific Languages, Literatures, and Linguistics, Other.",66.88963210702342,1,3,66.88963210702342,66.88963210702342,97,1.0,66.88963210702342
Candidate_059,16.1601,American Sign Language (ASL).,66.88963210702342,1,3,66.88963210702342,66.88963210702342,98,1.0,66.88963210702342
Candidate_059,16.1602,Linguistics of ASL and Other Sign Languages.,66.88963210702342,1,3,66.88963210702342,66.88963210702342,99,1.0,66.88963210702342
Candidate_059,16.9999,"Foreign Languages, Literatures, and Linguistics, Other.",66.88963210702342,1,3,66.88963210702342,66.88963210702342,100,1.0,66.88963210702342
Candidate_059,19.0101,"Family and Consumer Sciences/Human Sciences, General.",66.88963210702342,1,3,66.88963210702342,66.88963210702342,101,1.0,66.88963210702342
Candidate_059,23.0101,"English Language and Literature, General.",66.88963210702342,1,3,66.88963210702342,66.88963210702342,102,1.0,66.88963210702342
Candidate_059,26.0101,"Biology/Biological Sciences, General.",66.88963210702342,1,3,66.88963210702342,66.88963210702342,103,1.0,66.88963210702342
Candidate_059,27.0101,"Mathematics, General.",66.88963210702342,1,3,66.88963210702342,66.88963210702342,104,1.0,66.88963210702342
Candidate_059,30.0101,Biological and Physical Sciences.,66.88963210702342,1,3,66.88963210702342,66.88963210702342,105,1.0,66.88963210702342
Candidate_059,30.3601,Cultural Studies and Comparative Literature.,66.88963210702342,1,3,66.88963210702342,66.88963210702342,106,1.0,66.88963210702342
Candidate_059,30.3801,Earth Systems Science.,66.88963210702342,1,3,66.88963210702342,66.88963210702342,107,1.0,66.88963210702342
Candidate_059,30.4101,Environmental Geosciences.,66.88963210702342,1,3,66.88963210702342,66.88963210702342,108,1.0,66.88963210702342
Candidate_059,30.4501,History and Language/Literature.,66.88963210702342,1,3,66.88963210702342,66.88963210702342,109,1.0,66.88963210702342
Candidate_059,40.0101,"Physical Sciences, General.",66.88963210702342,1,3,66.88963210702342,66.88963210702342,110,1.0,66.88963210702342
Candidate_059,40.0501,"Chemistry, General.",66.88963210702342,1,3,66.88963210702342,66.88963210702342,111,1.0,66.88963210702342
Candidate_059,40.0801,"Physics, General.",66.88963210702342,1,3,66.88963210702342,66.88963210702342,112,1.0,66.88963210702342
Candidate_059,45.0101,"Social Sciences, General.",66.88963210702342,1,3,66.88963210702342,66.88963210702342,113,1.0,66.88963210702342
Candidate_059,45.0199,"Social Sciences, Other.",66.88963210702342,1,3,66.88963210702342,66.88963210702342,114,1.0,66.88963210702342
Candidate_059,45.0601,"Economics, General.",66.88963210702342,1,3,66.88963210702342,66.88963210702342,115,1.0,66.88963210702342
Candidate_059,45.1001,"Political Science and Government, General.",66.88963210702342,1,3,66.88963210702342,66.88963210702342,116,1.0,66.88963210702342
Candidate_059,45.1002,American Government and Politics (United States).,66.88963210702342,1,3,66.88963210702342,66.88963210702342,117,1.0,66.88963210702342
Candidate_059,45.1003,Canadian Government and Politics.,66.88963210702342,1,3,66.88963210702342,66.88963210702342,118,1.0,66.88963210702342
Candidate_059,45.1099,"Political Science and Government, Other.",66.88963210702342,1,3,66.88963210702342,66.88963210702342,119,1.0,66.88963210702342
Candidate_059,50.0701,"Art/Art Studies, General.",66.88963210702342,1,3,66.88963210702342,66.88963210702342,120,1.0,66.88963210702342
Candidate_059,50.0901,"Music, General.",66.88963210702342,1,3,66.88963210702342,66.88963210702342,121,1.0,66.88963210702342
Candidate_059,54.0101,"History, General.",66.88963210702342,1,3,66.88963210702342,66.88963210702342,122,1.0,66.88963210702342
Candidate_059,54.0102,American  History (United States).,66.88963210702342,1,3,66.88963210702342,66.88963210702342,123,1.0,66.88963210702342
Candidate_059,52.0302,Accounting Technology/Technician and Bookkeeping.,66.8201133144476,1,4,66.8201133144476,66.8201133144476,124,1.0,66.8201133144476
Candidate_059,51.3901,Licensed Practical/Vocational Nurse Training.,66.1529514393719,1,5,66.1529514393719,66.1529514393719,125,1.0,66.1529514393719
Candidate_059,51.3999,"Practical Nursing, Vocational Nursing and Nursing Assistants, Other.",66.1529514393719,1,5,66.1529514393719,66.1529514393719,126,1.0,66.1529514393719
Candidate_060,11.0103,Information Technology.,57.89836303840541,2,1,59.029562982005146,63.68819934224595,1,1.1,63.68819934224595
Candidate_060,11.0104,Informatics.,57.89836303840541,2,1,59.029562982005146,63.68819934224595,2,1.1,63.68819934224595
Candidate_060,11.0201,"Computer Programming/Programmer, General.",57.89836303840541,2,1,59.029562982005146,63.68819934224595,3,1.1,63.68819934224595
Candidate_060,11.0202,"Computer Programming, Specific Applications.",57.89836303840541,2,1,59.029562982005146,63.68819934224595,4,1.1,63.68819934224595
Candidate_060,11.0203,"Computer Programming, Vendor/Product Certification.",57.89836303840541,2,1,59.029562982005146,63.68819934224595,5,1.1,63.68819934224595
Candidate_060,11.0204,Computer Game Programming.,57.89836303840541,2,1,59.029562982005146,63.68819934224595,6,1.1,63.68819934224595
Candidate_060,11.0205,"Computer Programming, Specific Platforms.",57.89836303840541,2,1,59.029562982005146,63.68819934224595,7,1.1,63.68819934224595
Candidate_060,11.0701,Computer Science.,57.89836303840541,2,1,59.029562982005146,63.68819934224595,8,1.1,63.68819934224595
Candidate_060,14.0901,"Computer Engineering, General.",57.89836303840541,2,1,59.029562982005146,63.68819934224595,9,1.1,63.68819934224595
Candidate_060,14.0903,Computer Software Engineering.,57.89836303840541,2,1,59.029562982005146,63.68819934224595,10,1.1,63.68819934224595
Candidate_060,15.1204,Computer Software Technology/Technician.,57.89836303840541,2,1,59.029562982005146,63.68819934224595,11,1.1,63.68819934224595
Candidate_060,11.0102,Artificial Intelligence.,59.029562982005146,1,1,59.029562982005146,59.029562982005146,12,1.0,59.029562982005146
Candidate_060,11.0401,Information Science/Studies.,59.029562982005146,1,1,59.029562982005146,59.029562982005146,13,1.0,59.029562982005146
Candidate_060,11.0804,"Modeling, Virtual Environments and Simulation.",59.029562982005146,1,1,59.029562982005146,59.029562982005146,14,1.0,59.029562982005146
Candidate_060,11.0902,Cloud Computing.,59.029562982005146,1,1,59.029562982005146,59.029562982005146,15,1.0,59.029562982005146
Candidate_060,30.0801,Mathematics and Computer Science.,59.029562982005146,1,1,59.029562982005146,59.029562982005146,16,1.0,59.029562982005146
Candidate_060,30.1601,Accounting and Computer Science.,59.029562982005146,1,1,59.029562982005146,59.029562982005146,17,1.0,59.029562982005146
Candidate_060,30.3901,Economics and Computer Science.,59.029562982005146,1,1,59.029562982005146,59.029562982005146,18,1.0,59.029562982005146
Candidate_060,30.4801,Linguistics and Computer Science.,59.029562982005146,1,1,59.029562982005146,59.029562982005146,19,1.0,59.029562982005146
Candidate_060,30.7001,"Data Science, General.",59.029562982005146,1,1,59.029562982005146,59.029562982005146,20,1.0,59.029562982005146
Candidate_060,13.0201,Bilingual and Multilingual Education.,56.800445930880706,1,2,56.800445930880706,56.800445930880706,21,1.0,56.800445930880706
Candidate_060,13.1203,Junior High/Intermediate/Middle School Education and Teaching.,56.800445930880706,1,2,56.800445930880706,56.800445930880706,22,1.0,56.800445930880706
Candidate_060,13.1205,Secondary Education and Teaching.,56.800445930880706,1,2,56.800445930880706,56.800445930880706,23,1.0,56.800445930880706
Candidate_060,13.1206,"Teacher Education, Multiple Levels.",56.800445930880706,1,2,56.800445930880706,56.800445930880706,24,1.0,56.800445930880706
Candidate_060,13.1207,Montessori Teacher Education.,56.800445930880706,1,2,56.800445930880706,56.800445930880706,25,1.0,56.800445930880706
Candidate_060,13.1208,Waldorf/Steiner Teacher Education.,56.800445930880706,1,2,56.800445930880706,56.800445930880706,26,1.0,56.800445930880706
Candidate_060,13.1211,Online Educator/Online Teaching.,56.800445930880706,1,2,56.800445930880706,56.800445930880706,27,1.0,56.800445930880706
Candidate_060,13.1212,International Teaching and Learning.,56.800445930880706,1,2,56.800445930880706,56.800445930880706,28,1.0,56.800445930880706
Candidate_060,13.1213,"Science, Technology, Engineering, and Mathematics (STEM) Educational Methods.",56.800445930880706,1,2,56.800445930880706,56.800445930880706,29,1.0,56.800445930880706
Candidate_060,13.1302,Art Teacher Education.,56.800445930880706,1,2,56.800445930880706,56.800445930880706,30,1.0,56.800445930880706
Candidate_060,13.1304,Driver and Safety Teacher Education.,56.800445930880706,1,2,56.800445930880706,56.800445930880706,31,1.0,56.800445930880706
Candidate_060,13.1305,English/Language Arts Teacher Education.,56.800445930880706,1,2,56.800445930880706,56.800445930880706,32,1.0,56.800445930880706
Candidate_060,13.1306,Foreign Language Teacher  Education.,56.800445930880706,1,2,56.800445930880706,56.800445930880706,33,1.0,56.800445930880706
Candidate_060,13.1307,Health Teacher Education.,56.800445930880706,1,2,56.800445930880706,56.800445930880706,34,1.0,56.800445930880706
Candidate_060,13.1308,Family and Consumer Sciences/Home Economics Teacher Education.,56.800445930880706,1,2,56.800445930880706,56.800445930880706,35,1.0,56.800445930880706
Candidate_060,13.1309,Technology Teacher Education/Industrial Arts Teacher Education.,56.800445930880706,1,2,56.800445930880706,56.800445930880706,36,1.0,56.800445930880706
Candidate_060,13.1311,Mathematics Teacher Education.,56.800445930880706,1,2,56.800445930880706,56.800445930880706,37,1.0,56.800445930880706
Candidate_060,13.1312,Music Teacher Education.,56.800445930880706,1,2,56.800445930880706,56.800445930880706,38,1.0,56.800445930880706
Candidate_060,13.1314,Physical Education Teaching and Coaching.,56.800445930880706,1,2,56.800445930880706,56.800445930880706,39,1.0,56.800445930880706
Candidate_060,13.1315,Reading Teacher Education.,56.800445930880706,1,2,56.800445930880706,56.800445930880706,40,1.0,56.800445930880706
Candidate_060,13.1316,Science Teacher Education/General Science Teacher Education.,56.800445930880706,1,2,56.800445930880706,56.800445930880706,41,1.0,56.800445930880706
Candidate_060,13.1317,Social Science Teacher Education.,56.800445930880706,1,2,56.800445930880706,56.800445930880706,42,1.0,56.800445930880706
Candidate_060,13.1318,Social Studies Teacher Education.,56.800445930880706,1,2,56.800445930880706,56.800445930880706,43,1.0,56.800445930880706
Candidate_060,13.1321,Computer Teacher Education.,56.800445930880706,1,2,56.800445930880706,56.800445930880706,44,1.0,56.800445930880706
Candidate_060,13.1322,Biology Teacher Education.,56.800445930880706,1,2,56.800445930880706,56.800445930880706,45,1.0,56.800445930880706
Candidate_060,13.1323,Chemistry Teacher Education.,56.800445930880706,1,2,56.800445930880706,56.800445930880706,46,1.0,56.800445930880706
Candidate_060,13.1324,Drama and Dance Teacher Education.,56.800445930880706,1,2,56.800445930880706,56.800445930880706,47,1.0,56.800445930880706
Candidate_060,13.1325,French Language Teacher Education.,56.800445930880706,1,2,56.800445930880706,56.800445930880706,48,1.0,56.800445930880706
Candidate_060,13.1326,German Language Teacher Education.,56.800445930880706,1,2,56.800445930880706,56.800445930880706,49,1.0,56.800445930880706
Candidate_060,13.1328,History Teacher Education.,56.800445930880706,1,2,56.800445930880706,56.800445930880706,50,1.0,56.800445930880706
Candidate_060,13.1329,Physics Teacher Education.,56.800445930880706,1,2,56.800445930880706,56.800445930880706,51,1.0,56.800445930880706
Candidate_060,13.133,Spanish Language Teacher Education.,56.800445930880706,1,2,56.800445930880706,56.800445930880706,52,1.0,56.800445930880706
Candidate_060,13.1331,Speech Teacher Education.,56.800445930880706,1,2,56.800445930880706,56.800445930880706,53,1.0,56.800445930880706
Candidate_060,13.1332,Geography Teacher Education.,56.800445930880706,1,2,56.800445930880706,56.800445930880706,54,1.0,56.800445930880706
Candidate_060,13.1333,Latin Teacher Education.,56.800445930880706,1,2,56.800445930880706,56.800445930880706,55,1.0,56.800445930880706
Candidate_060,13.1335,Psychology Teacher Education.,56.800445930880706,1,2,56.800445930880706,56.800445930880706,56,1.0,56.800445930880706
Candidate_060,13.1337,Earth Science Teacher Education.,56.800445930880706,1,2,56.800445930880706,56.800445930880706,57,1.0,56.800445930880706
Candidate_060,13.1338,Environmental Education.,56.800445930880706,1,2,56.800445930880706,56.800445930880706,58,1.0,56.800445930880706
Candidate_060,13.1339,Communication Arts and Literature Teacher Education.,56.800445930880706,1,2,56.800445930880706,56.800445930880706,59,1.0,56.800445930880706
Candidate_060,13.1401,Teaching English as a Second or Foreign Language/ESL Language Instructor.,56.800445930880706,1,2,56.800445930880706,56.800445930880706,60,1.0,56.800445930880706
Candidate_060,13.1402,Teaching French as a Second or Foreign Language.,56.800445930880706,1,2,56.800445930880706,56.800445930880706,61,1.0,56.800445930880706
Candidate_060,13.1499,"Teaching English or French as a Second or Foreign Language, Other.",56.800445930880706,1,2,56.800445930880706,56.800445930880706,62,1.0,56.800445930880706
Candidate_060,16.0101,"Foreign Languages and Literatures, General.",56.800445930880706,1,2,56.800445930880706,56.800445930880706,63,1.0,56.800445930880706
Candidate_060,16.03,"East Asian Languages, Literatures, and Linguistics, General.",56.800445930880706,1,2,56.800445930880706,56.800445930880706,64,1.0,56.800445930880706
Candidate_060,16.0301,Chinese Language and Literature.,56.800445930880706,1,2,56.800445930880706,56.800445930880706,65,1.0,56.800445930880706
Candidate_060,16.0302,Japanese Language and Literature.,56.800445930880706,1,2,56.800445930880706,56.800445930880706,66,1.0,56.800445930880706
Candidate_060,16.0303,Korean Language and Literature.,56.800445930880706,1,2,56.800445930880706,56.800445930880706,67,1.0,56.800445930880706
Candidate_060,16.0399,"East Asian Languages, Literatures, and Linguistics, Other.",56.800445930880706,1,2,56.800445930880706,56.800445930880706,68,1.0,56.800445930880706
Candidate_060,16.0402,Russian Language and Literature.,56.800445930880706,1,2,56.800445930880706,56.800445930880706,69,1.0,56.800445930880706
Candidate_060,16.05,"Germanic Languages, Literatures, and Linguistics, General.",56.800445930880706,1,2,56.800445930880706,56.800445930880706,70,1.0,56.800445930880706
Candidate_060,16.0501,German Language and Literature.,56.800445930880706,1,2,56.800445930880706,56.800445930880706,71,1.0,56.800445930880706
Candidate_060,16.0599,"Germanic Languages, Literatures, and Linguistics, Other.",56.800445930880706,1,2,56.800445930880706,56.800445930880706,72,1.0,56.800445930880706
Candidate_060,16.09,"Romance Languages, Literatures, and Linguistics, General.",56.800445930880706,1,2,56.800445930880706,56.800445930880706,73,1.0,56.800445930880706
Candidate_060,16.0901,French Language and Literature.,56.800445930880706,1,2,56.800445930880706,56.800445930880706,74,1.0,56.800445930880706
Candidate_060,16.0902,Italian Language and Literature.,56.800445930880706,1,2,56.800445930880706,56.800445930880706,75,1.0,56.800445930880706
Candidate_060,16.0905,Spanish Language and Literature.,56.800445930880706,1,2,56.800445930880706,56.800445930880706,76,1.0,56.800445930880706
Candidate_060,16.0999,"Romance Languages, Literatures, and Linguistics, Other.",56.800445930880706,1,2,56.800445930880706,56.800445930880706,77,1.0,56.800445930880706
Candidate_060,16.1001,"American Indian/Native American Languages, Literatures, and Linguistics.",56.800445930880706,1,2,56.800445930880706,56.800445930880706,78,1.0,56.800445930880706
Candidate_060,16.1101,Arabic Language and Literature.,56.800445930880706,1,2,56.800445930880706,56.800445930880706,79,1.0,56.800445930880706
Candidate_060,16.1102,Hebrew Language and Literature.,56.800445930880706,1,2,56.800445930880706,56.800445930880706,80,1.0,56.800445930880706
Candidate_060,16.12,"Classics and Classical Languages, Literatures, and Linguistics, General.",56.800445930880706,1,2,56.800445930880706,56.800445930880706,81,1.0,56.800445930880706
Candidate_060,16.1202,Ancient/Classical Greek Language and Literature.,56.800445930880706,1,2,56.800445930880706,56.800445930880706,82,1.0,56.800445930880706
Candidate_060,16.1203,Latin Language and Literature.,56.800445930880706,1,2,56.800445930880706,56.800445930880706,83,1.0,56.800445930880706
Candidate_060,16.1299,"Classics and Classical Languages, Literatures, and Linguistics, Other.",56.800445930880706,1,2,56.800445930880706,56.800445930880706,84,1.0,56.800445930880706
Candidate_060,16.1409,Hawaiian Language and Literature.,56.800445930880706,1,2,56.800445930880706,56.800445930880706,85,1.0,56.800445930880706
Candidate_060,16.1499,"Southeast Asian and Australasian/Pacific Languages, Literatures, and Linguistics, Other.",56.800445930880706,1,2,56.800445930880706,56.800445930880706,86,1.0,56.800445930880706
Candidate_060,16.1601,American Sign Language (ASL).,56.800445930880706,1,2,56.800445930880706,56.800445930880706,87,1.0,56.800445930880706
Candidate_060,16.1602,Linguistics of ASL and Other Sign Languages.,56.800445930880706,1,2,56.800445930880706,56.800445930880706,88,1.0,56.800445930880706
Candidate_060,16.9999,"Foreign Languages, Literatures, and Linguistics, Other.",56.800445930880706,1,2,56.800445930880706,56.800445930880706,89,1.0,56.800445930880706
Candidate_060,19.0101,"Family and Consumer Sciences/Human Sciences, General.",56.800445930880706,1,2,56.800445930880706,56.800445930880706,90,1.0,56.800445930880706
Candidate_060,23.0101,"English Language and Literature, General.",56.800445930880706,1,2,56.800445930880706,56.800445930880706,91,1.0,56.800445930880706
Candidate_060,26.0101,"Biology/Biological Sciences, General.",56.800445930880706,1,2,56.800445930880706,56.800445930880706,92,1.0,56.800445930880706
Candidate_060,27.0101,"Mathematics, General.",56.800445930880706,1,2,56.800445930880706,56.800445930880706,93,1.0,56.800445930880706
Candidate_060,30.0101,Biological and Physical Sciences.,56.800445930880706,1,2,56.800445930880706,56.800445930880706,94,1.0,56.800445930880706
Candidate_060,30.3601,Cultural Studies and Comparative Literature.,56.800445930880706,1,2,56.800445930880706,56.800445930880706,95,1.0,56.800445930880706
Candidate_060,30.3801,Earth Systems Science.,56.800445930880706,1,2,56.800445930880706,56.800445930880706,96,1.0,56.800445930880706
Candidate_060,30.4101,Environmental Geosciences.,56.800445930880706,1,2,56.800445930880706,56.800445930880706,97,1.0,56.800445930880706
Candidate_060,30.4501,History and Language/Literature.,56.800445930880706,1,2,56.800445930880706,56.800445930880706,98,1.0,56.800445930880706
Candidate_060,40.0101,"Physical Sciences, General.",56.800445930880706,1,2,56.800445930880706,56.800445930880706,99,1.0,56.800445930880706
Candidate_060,40.0501,"Chemistry, General.",56.800445930880706,1,2,56.800445930880706,56.800445930880706,100,1.0,56.800445930880706
Candidate_060,40.0801,"Physics, General.",56.800445930880706,1,2,56.800445930880706,56.800445930880706,101,1.0,56.800445930880706
Candidate_060,45.0101,"Social Sciences, General.",56.800445930880706,1,2,56.800445930880706,56.800445930880706,102,1.0,56.800445930880706
Candidate_060,45.0199,"Social Sciences, Other.",56.800445930880706,1,2,56.800445930880706,56.800445930880706,103,1.0,56.800445930880706
Candidate_060,45.0601,"Economics, General.",56.800445930880706,1,2,56.800445930880706,56.800445930880706,104,1.0,56.800445930880706
Candidate_060,45.1001,"Political Science and Government, General.",56.800445930880706,1,2,56.800445930880706,56.800445930880706,105,1.0,56.800445930880706
Candidate_060,45.1002,American Government and Politics (United States).,56.800445930880706,1,2,56.800445930880706,56.800445930880706,106,1.0,56.800445930880706
Candidate_060,45.1003,Canadian Government and Politics.,56.800445930880706,1,2,56.800445930880706,56.800445930880706,107,1.0,56.800445930880706
Candidate_060,45.1099,"Political Science and Government, Other.",56.800445930880706,1,2,56.800445930880706,56.800445930880706,108,1.0,56.800445930880706
Candidate_060,50.0701,"Art/Art Studies, General.",56.800445930880706,1,2,56.800445930880706,56.800445930880706,109,1.0,56.800445930880706
Candidate_060,50.0901,"Music, General.",56.800445930880706,1,2,56.800445930880706,56.800445930880706,110,1.0,56.800445930880706
Candidate_060,54.0101,"History, General.",56.800445930880706,1,2,56.800445930880706,56.800445930880706,111,1.0,56.800445930880706
Candidate_060,54.0102,American  History (United States).,56.800445930880706,1,2,56.800445930880706,56.800445930880706,112,1.0,56.800445930880706
Candidate_060,11.0101,"Computer and Information Sciences, General.",56.76716309480566,1,3,56.76716309480566,56.76716309480566,113,1.0,56.76716309480566
Candidate_060,11.0501,Computer Systems Analysis/Analyst.,56.76716309480566,1,3,56.76716309480566,56.76716309480566,114,1.0,56.76716309480566
Candidate_060,11.0901,Computer Systems Networking and Telecommunications.,56.76716309480566,1,3,56.76716309480566,56.76716309480566,115,1.0,56.76716309480566
Candidate_060,11.1001,Network and System Administration/Administrator.,56.76716309480566,1,3,56.76716309480566,56.76716309480566,116,1.0,56.76716309480566
Candidate_060,11.1002,"System, Networking, and LAN/WAN Management/Manager.",56.76716309480566,1,3,56.76716309480566,56.76716309480566,117,1.0,56.76716309480566
Candidate_060,11.1003,Computer and Information Systems Security/Auditing/Information Assurance.,56.76716309480566,1,3,56.76716309480566,56.76716309480566,118,1.0,56.76716309480566
Candidate_060,11.1005,Information Technology Project Management.,56.76716309480566,1,3,56.76716309480566,56.76716309480566,119,1.0,56.76716309480566
Candidate_060,15.1201,Computer Engineering Technology/Technician.,56.76716309480566,1,3,56.76716309480566,56.76716309480566,120,1.0,56.76716309480566
Candidate_060,15.1202,Computer/Computer Systems Technology/Technician.,56.76716309480566,1,3,56.76716309480566,56.76716309480566,121,1.0,56.76716309480566
Candidate_060,43.0403,Cyber/Computer Forensics and Counterterrorism.,56.76716309480566,1,3,56.76716309480566,56.76716309480566,122,1.0,56.76716309480566
Candidate_060,51.0723,Healthcare Information Privacy Assurance and Security.,56.76716309480566,1,3,56.76716309480566,56.76716309480566,123,1.0,56.76716309480566
Candidate_060,51.3901,Licensed Practical/Vocational Nurse Training.,56.702529805175914,1,4,56.702529805175914,56.702529805175914,124,1.0,56.702529805175914
Candidate_060,51.3999,"Practical Nursing, Vocational Nursing and Nursing Assistants, Other.",56.702529805175914,1,4,56.702529805175914,56.702529805175914,125,1.0,56.702529805175914
Candidate_060,52.0302,Accounting Technology/Technician and Bookkeeping.,55.77195467422096,1,5,55.77195467422096,55.77195467422096,126,1.0,55.77195467422096
Candidate_061,12.05,"Cooking and Related Culinary Arts, General.",100.00000000000003,1,1,100.00000000000003,100.0,1,1.0,100.0
Candidate_061,12.0503,Culinary Arts/Chef Training.,100.00000000000003,1,1,100.00000000000003,100.0,2,1.0,100.0
Candidate_061,12.0504,"Restaurant, Culinary, and Catering Management/Manager.",100.00000000000003,1,1,100.00000000000003,100.0,3,1.0,100.0
Candidate_061,12.0507,"Food Service, Waiter/Waitress, and Dining Room Management/Manager.",100.00000000000003,1,1,100.00000000000003,100.0,4,1.0,100.0
Candidate_061,19.0505,Foodservice Systems Administration/Management.,100.00000000000003,1,1,100.00000000000003,100.0,5,1.0,100.0
Candidate_061,52.0401,"Administrative Assistant and Secretarial Science, General.",100.00000000000003,1,1,100.00000000000003,100.0,6,1.0,100.0
Candidate_061,52.0402,Executive Assistant/Executive Secretary.,100.00000000000003,1,1,100.00000000000003,100.0,7,1.0,100.0
Candidate_061,49.0205,Truck and Bus Driver/Commercial Vehicle Operator and Instructor.,100.0,1,2,100.0,100.0,8,1.0,100.0
Candidate_061,51.2601,Health Aide.,100.0,1,2,100.0,100.0,9,1.0,100.0
Candidate_061,51.3902,Nursing Assistant/Aide and Patient Care Assistant/Aide.,100.0,1,2,100.0,100.0,10,1.0,100.0
Candidate_061,51.3999,"Practical Nursing, Vocational Nursing and Nursing Assistants, Other.",100.0,1,2,100.0,100.0,11,1.0,100.0
Candidate_061,52.0302,Accounting Technology/Technician and Bookkeeping.,100.0,1,2,100.0,100.0,12,1.0,100.0
Candidate_062,52.0401,"Administrative Assistant and Secretarial Science, General.",89.1141009431207,3,1,89.91596638655463,100.0,1,1.2,100.0
Candidate_062,52.0402,Executive Assistant/Executive Secretary.,89.1141009431207,3,1,89.91596638655463,100.0,2,1.2,100.0
Candidate_062,1.0106,Agricultural Business Technology/Technician.,88.71316822140375,2,2,89.20863309352518,97.58448504354413,3,1.1,97.58448504354413
Candidate_062,1.8201,"Veterinary Administrative Services, General.",88.71316822140375,2,2,89.20863309352518,97.58448504354413,4,1.1,97.58448504354413
Candidate_062,1.8202,Veterinary Office Management/Administration.,88.71316822140375,2,2,89.20863309352518,97.58448504354413,5,1.1,97.58448504354413
Candidate_062,1.8203,Veterinary Reception/Receptionist.,88.71316822140375,2,2,89.20863309352518,97.58448504354413,6,1.1,97.58448504354413
Candidate_062,1.8204,Veterinary Administrative/Executive Assistant and Veterinary Secretary.,88.71316822140375,2,2,89.20863309352518,97.58448504354413,7,1.1,97.58448504354413
Candidate_062,51.0705,Medical Office Management/Administration.,88.71316822140375,2,2,89.20863309352518,97.58448504354413,8,1.1,97.58448504354413
Candidate_062,51.0711,Medical/Health Management and Clinical Assistant/Specialist.,88.71316822140375,2,2,89.20863309352518,97.58448504354413,9,1.1,97.58448504354413
Candidate_062,51.0712,Medical Reception/Receptionist.,88.71316822140375,2,2,89.20863309352518,97.58448504354413,10,1.1,97.58448504354413
Candidate_062,52.0204,Office Management and Supervision.,88.71316822140375,2,2,89.20863309352518,97.58448504354413,11,1.1,97.58448504354413
Candidate_062,52.0207,Customer Service Management.,88.71316822140375,2,2,89.20863309352518,97.58448504354413,12,1.1,97.58448504354413
Candidate_062,52.0208,E-Commerce/Electronic Commerce.,88.71316822140375,2,2,89.20863309352518,97.58448504354413,13,1.1,97.58448504354413
Candidate_062,49.0205,Truck and Bus Driver/Commercial Vehicle Operator and Instructor.,88.11881188118811,1,4,88.11881188118811,88.11881188118811,14,1.0,88.11881188118811
Candidate_063,52.0401,"Administrative Assistant and Secretarial Science, General.",78.23272783003945,3,1,79.42857142857143,93.87927339604734,1,1.2,93.87927339604734
Candidate_063,52.0402,Executive Assistant/Executive Secretary.,78.23272783003945,3,1,79.42857142857143,93.87927339604734,2,1.2,93.87927339604734
Candidate_063,1.0106,Agricultural Business Technology/Technician.,77.63480603077346,2,2,77.6978417266187,85.39828663385082,3,1.1,85.39828663385082
Candidate_063,1.8201,"Veterinary Administrative Services, General.",77.63480603077346,2,2,77.6978417266187,85.39828663385082,4,1.1,85.39828663385082
Candidate_063,1.8202,Veterinary Office Management/Administration.,77.63480603077346,2,2,77.6978417266187,85.39828663385082,5,1.1,85.39828663385082
Candidate_063,1.8203,Veterinary Reception/Receptionist.,77.63480603077346,2,2,77.6978417266187,85.39828663385082,6,1.1,85.39828663385082
Candidate_063,1.8204,Veterinary Administrative/Executive Assistant and Veterinary Secretary.,77.63480603077346,2,2,77.6978417266187,85.39828663385082,7,1.1,85.39828663385082
Candidate_063,51.0705,Medical Office Management/Administration.,77.63480603077346,2,2,77.6978417266187,85.39828663385082,8,1.1,85.39828663385082
Candidate_063,51.0711,Medical/Health Management and Clinical Assistant/Specialist.,77.63480603077346,2,2,77.6978417266187,85.39828663385082,9,1.1,85.39828663385082
Candidate_063,51.0712,Medical Reception/Receptionist.,77.63480603077346,2,2,77.6978417266187,85.39828663385082,10,1.1,85.39828663385082
Candidate_063,52.0204,Office Management and Supervision.,77.63480603077346,2,2,77.6978417266187,85.39828663385082,11,1.1,85.39828663385082
Candidate_063,52.0207,Customer Service Management.,77.63480603077346,2,2,77.6978417266187,85.39828663385082,12,1.1,85.39828663385082
Candidate_063,52.0208,E-Commerce/Electronic Commerce.,77.63480603077346,2,2,77.6978417266187,85.39828663385082,13,1.1,85.39828663385082
